排名,商品ID,所属店铺,商品标题,1.8米起步最低价(元),SKU款型名称,平台加补后到手价(元),优惠前原价(元),价格标签,1.8米直达链接
1,20719504509,moonlightfamily旗舰店,月光之家乳胶床垫家用独立弹簧软垫儿童黄麻棕硬护腰席梦思1.8米,1268.2,风尚A 偏硬【固边防塌加固独立袋弹簧】2cm黄麻 21cm,1268.2,1867,平台加补后,https://detail.tmall.com/item.htm?b_s_f=sycm&b_spm=a21ag.29085015&id=20719504509
1,20719504509,moonlightfamily旗舰店,月光之家乳胶床垫家用独立弹簧软垫儿童黄麻棕硬护腰席梦思1.8米,1268.2,风尚B 适中【固边防塌加固独立袋弹簧】2cm乳胶 22cm,1268.2,1867,平台加补后,https://detail.tmall.com/item.htm?b_s_f=sycm&b_spm=a21ag.29085015&id=20719504509
1,20719504509,moonlightfamily旗舰店,月光之家乳胶床垫家用独立弹簧软垫儿童黄麻棕硬护腰席梦思1.8米,1268.2,风尚C 双面【固边防塌加固独立袋弹簧】2cm乳胶+2cm黄麻 24cm,1348.95,1974,平台加补后,https://detail.tmall.com/item.htm?b_s_f=sycm&b_spm=a21ag.29085015&id=20719504509
1,20719504509,moonlightfamily旗舰店,月光之家乳胶床垫家用独立弹簧软垫儿童黄麻棕硬护腰席梦思1.8米,1268.2,风尚D 偏软【固边防塌加固独立袋弹簧】3cm乳胶 24cm,1348.95,1974,平台加补后,https://detail.tmall.com/item.htm?b_s_f=sycm&b_spm=a21ag.29085015&id=20719504509
1,20719504509,moonlightfamily旗舰店,月光之家乳胶床垫家用独立弹簧软垫儿童黄麻棕硬护腰席梦思1.8米,1268.2,风尚E 双面【固边防塌加固独立袋弹簧】3cm乳胶+2cm黄麻 25cm,1398.25,2097,平台加补后,https://detail.tmall.com/item.htm?b_s_f=sycm&b_spm=a21ag.29085015&id=20719504509
1,20719504509,moonlightfamily旗舰店,月光之家乳胶床垫家用独立弹簧软垫儿童黄麻棕硬护腰席梦思1.8米,1268.2,轻奢D 双面【升级腰臀12圈加固+双钢加固防塌】2cm乳胶+2cm黄麻 24cm 店长主推,1498.55,2231,平台加补后,https://detail.tmall.com/item.htm?b_s_f=sycm&b_spm=a21ag.29085015&id=20719504509
1,20719504509,moonlightfamily旗舰店,月光之家乳胶床垫家用独立弹簧软垫儿童黄麻棕硬护腰席梦思1.8米,1268.2,轻奢F 偏软【升级腰臀12圈加固+双钢加固防塌】2cm乳胶+2cm记忆棉 24cm,1498.55,2231,平台加补后,https://detail.tmall.com/item.htm?b_s_f=sycm&b_spm=a21ag.29085015&id=20719504509
1,20719504509,moonlightfamily旗舰店,月光之家乳胶床垫家用独立弹簧软垫儿童黄麻棕硬护腰席梦思1.8米,1268.2,轻奢E 适中【升级腰臀12圈加固+双钢加固防塌】2cm乳胶 22cm,1438.2,2151,平台加补后,https://detail.tmall.com/item.htm?b_s_f=sycm&b_spm=a21ag.29085015&id=20719504509
1,20719504509,moonlightfamily旗舰店,月光之家乳胶床垫家用独立弹簧软垫儿童黄麻棕硬护腰席梦思1.8米,1268.2,轻奢G 偏硬【升级腰臀12圈加固+双钢加固防塌】2cm黄麻 22cm,1438.2,2151,平台加补后,https://detail.tmall.com/item.htm?b_s_f=sycm&b_spm=a21ag.29085015&id=20719504509
1,20719504509,moonlightfamily旗舰店,月光之家乳胶床垫家用独立弹簧软垫儿童黄麻棕硬护腰席梦思1.8米,1268.2,卷包E 适中【升级腰臀12圈加固+压缩专用弹簧】2cm乳胶 22cm,1438.2,2151,平台加补后,https://detail.tmall.com/item.htm?b_s_f=sycm&b_spm=a21ag.29085015&id=20719504509
1,20719504509,moonlightfamily旗舰店,月光之家乳胶床垫家用独立弹簧软垫儿童黄麻棕硬护腰席梦思1.8米,1268.2,全拆尊耀G【偏硬护脊 2cm无胶黄麻】腰不好人群 22cm,1498.55,2231,平台加补后,https://detail.tmall.com/item.htm?b_s_f=sycm&b_spm=a21ag.29085015&id=20719504509
1,20719504509,moonlightfamily旗舰店,月光之家乳胶床垫家用独立弹簧软垫儿童黄麻棕硬护腰席梦思1.8米,1268.2,全拆尊耀H【软硬适中 2cm天然乳胶】青少年人群 22cm,1498.55,2231,平台加补后,https://detail.tmall.com/item.htm?b_s_f=sycm&b_spm=a21ag.29085015&id=20719504509
1,20719504509,moonlightfamily旗舰店,月光之家乳胶床垫家用独立弹簧软垫儿童黄麻棕硬护腰席梦思1.8米,1268.2,全拆尊耀A【2种软硬可调 适中/微硬】青年和夫妻首选 22cm,1548.7,2298,平台加补后,https://detail.tmall.com/item.htm?b_s_f=sycm&b_spm=a21ag.29085015&id=20719504509
1,20719504509,moonlightfamily旗舰店,月光之家乳胶床垫家用独立弹簧软垫儿童黄麻棕硬护腰席梦思1.8米,1268.2,全拆尊耀B【2种软硬可调 偏软/适中】柔软且兼顾护腰 22cm,1648.15,2431,平台加补后,https://detail.tmall.com/item.htm?b_s_f=sycm&b_spm=a21ag.29085015&id=20719504509
1,20719504509,moonlightfamily旗舰店,月光之家乳胶床垫家用独立弹簧软垫儿童黄麻棕硬护腰席梦思1.8米,1268.2,全拆尊耀C【2种软硬可调 微硬/偏硬】怕热易出汗人群 22cm,1648.15,2431,平台加补后,https://detail.tmall.com/item.htm?b_s_f=sycm&b_spm=a21ag.29085015&id=20719504509
1,20719504509,moonlightfamily旗舰店,月光之家乳胶床垫家用独立弹簧软垫儿童黄麻棕硬护腰席梦思1.8米,1268.2,全拆尊耀D【2种软硬可调 微硬/偏硬】儿童和中老年人 22cm,1698.3,2498,平台加补后,https://detail.tmall.com/item.htm?b_s_f=sycm&b_spm=a21ag.29085015&id=20719504509
1,20719504509,moonlightfamily旗舰店,月光之家乳胶床垫家用独立弹簧软垫儿童黄麻棕硬护腰席梦思1.8米,1268.2,全拆尊耀E【4种软硬可调 偏软/微软/适中/微硬】全家适用 24cm,1748.45,2565,平台加补后,https://detail.tmall.com/item.htm?b_s_f=sycm&b_spm=a21ag.29085015&id=20719504509
1,20719504509,moonlightfamily旗舰店,月光之家乳胶床垫家用独立弹簧软垫儿童黄麻棕硬护腰席梦思1.8米,1268.2,全拆尊耀F【5种软硬可调 偏软/微软/适中/微硬/偏硬】闭眼选 26cm,1848.75,2699,平台加补后,https://detail.tmall.com/item.htm?b_s_f=sycm&b_spm=a21ag.29085015&id=20719504509
1,20719504509,moonlightfamily旗舰店,月光之家乳胶床垫家用独立弹簧软垫儿童黄麻棕硬护腰席梦思1.8米,1268.2,胖人H 软硬双面【大体重专用弹簧 推荐＞180斤】24cm,1698.3,2498,平台加补后,https://detail.tmall.com/item.htm?b_s_f=sycm&b_spm=a21ag.29085015&id=20719504509
2,676435752637,睡眠骑士床垫企业店,睡眠骑士梦舒乳胶五星级酒店床垫席梦思记忆棉加厚30cm厚家用软垫,1229.1,五星G 适中单面【2cm乳胶+酒店专利弹簧】22cm,1236.75,1858,平台加补后,https://detail.tmall.com/item.htm?b_s_f=sycm&b_spm=a21ag.29085015&id=676435752637
2,676435752637,睡眠骑士床垫企业店,睡眠骑士梦舒乳胶五星级酒店床垫席梦思记忆棉加厚30cm厚家用软垫,1229.1,五星H 适中/偏硬双面【2cm乳胶+酒店专利弹簧+2cm黄麻】24cm,1296.25,1938,平台加补后,https://detail.tmall.com/item.htm?b_s_f=sycm&b_spm=a21ag.29085015&id=676435752637
2,676435752637,睡眠骑士床垫企业店,睡眠骑士梦舒乳胶五星级酒店床垫席梦思记忆棉加厚30cm厚家用软垫,1229.1,五星A 偏软单面【3cm乳胶+酒店专利弹簧】24cm 店长主推,1379.55,2118,平台加补后,https://detail.tmall.com/item.htm?b_s_f=sycm&b_spm=a21ag.29085015&id=676435752637
2,676435752637,睡眠骑士床垫企业店,睡眠骑士梦舒乳胶五星级酒店床垫席梦思记忆棉加厚30cm厚家用软垫,1229.1,五星B 偏软/偏硬双面【3cm乳胶+酒店专利弹簧+2cm黄麻】26cm,1469.65,2238,平台加补后,https://detail.tmall.com/item.htm?b_s_f=sycm&b_spm=a21ag.29085015&id=676435752637
2,676435752637,睡眠骑士床垫企业店,睡眠骑士梦舒乳胶五星级酒店床垫席梦思记忆棉加厚30cm厚家用软垫,1229.1,豪华C 柔软单面【5cm乳胶+酒店专利弹簧】26cm,1522.35,2308,平台加补后,https://detail.tmall.com/item.htm?b_s_f=sycm&b_spm=a21ag.29085015&id=676435752637
2,676435752637,睡眠骑士床垫企业店,睡眠骑士梦舒乳胶五星级酒店床垫席梦思记忆棉加厚30cm厚家用软垫,1229.1,豪华D 柔软/偏硬双面【5cm乳胶+酒店专利弹簧+2cm黄麻】28cm,1603.95,2418,平台加补后,https://detail.tmall.com/item.htm?b_s_f=sycm&b_spm=a21ag.29085015&id=676435752637
2,676435752637,睡眠骑士床垫企业店,睡眠骑士梦舒乳胶五星级酒店床垫席梦思记忆棉加厚30cm厚家用软垫,1229.1,总统E 超软单面【2cm记忆棉+5cm乳胶+酒店专利弹簧】28cm,1701.7,2548,平台加补后,https://detail.tmall.com/item.htm?b_s_f=sycm&b_spm=a21ag.29085015&id=676435752637
2,676435752637,睡眠骑士床垫企业店,睡眠骑士梦舒乳胶五星级酒店床垫席梦思记忆棉加厚30cm厚家用软垫,1229.1,总统F 超软/偏硬双面【2cm记忆棉+5cm乳胶+酒店专利弹簧+2cm黄麻】30cm,1798.6,2678,平台加补后,https://detail.tmall.com/item.htm?b_s_f=sycm&b_spm=a21ag.29085015&id=676435752637
2,676435752637,睡眠骑士床垫企业店,睡眠骑士梦舒乳胶五星级酒店床垫席梦思记忆棉加厚30cm厚家用软垫,1229.1,护脊J 偏硬单面【2cm黄麻+酒店专利弹簧】22cm,1229.1,1848,平台加补后,https://detail.tmall.com/item.htm?b_s_f=sycm&b_spm=a21ag.29085015&id=676435752637
2,676435752637,睡眠骑士床垫企业店,睡眠骑士梦舒乳胶五星级酒店床垫席梦思记忆棉加厚30cm厚家用软垫,1229.1,护脊K 中硬单面【乳胶+2cm黄麻+酒店专利弹簧】23cm,1326,1978,平台加补后,https://detail.tmall.com/item.htm?b_s_f=sycm&b_spm=a21ag.29085015&id=676435752637
2,676435752637,睡眠骑士床垫企业店,睡眠骑士梦舒乳胶五星级酒店床垫席梦思记忆棉加厚30cm厚家用软垫,1229.1,呼呼pro加厚B【软硬适中-透气】厚22cm,1394.85,2138,平台加补后,https://detail.tmall.com/item.htm?b_s_f=sycm&b_spm=a21ag.29085015&id=676435752637
2,676435752637,睡眠骑士床垫企业店,睡眠骑士梦舒乳胶五星级酒店床垫席梦思记忆棉加厚30cm厚家用软垫,1229.1,呼呼pro加厚C【适中偏硬-透气】厚24cm,1491.75,2268,平台加补后,https://detail.tmall.com/item.htm?b_s_f=sycm&b_spm=a21ag.29085015&id=676435752637
2,676435752637,睡眠骑士床垫企业店,睡眠骑士梦舒乳胶五星级酒店床垫席梦思记忆棉加厚30cm厚家用软垫,1229.1,透气G 适中单面【2cm乳胶+2cm透气3D+酒店专利弹簧】24cm,1296.25,1938,平台加补后,https://detail.tmall.com/item.htm?b_s_f=sycm&b_spm=a21ag.29085015&id=676435752637
2,676435752637,睡眠骑士床垫企业店,睡眠骑士梦舒乳胶五星级酒店床垫席梦思记忆棉加厚30cm厚家用软垫,1229.1,透气A 偏软单面【3cm乳胶+2cm透气3D+酒店专利弹簧】26cm,1469.65,2238,平台加补后,https://detail.tmall.com/item.htm?b_s_f=sycm&b_spm=a21ag.29085015&id=676435752637
2,676435752637,睡眠骑士床垫企业店,睡眠骑士梦舒乳胶五星级酒店床垫席梦思记忆棉加厚30cm厚家用软垫,1229.1,透气C 柔软单面【5cm乳胶+2cm透气3D+酒店专利弹簧】28cm,1603.95,2418,平台加补后,https://detail.tmall.com/item.htm?b_s_f=sycm&b_spm=a21ag.29085015&id=676435752637
2,676435752637,睡眠骑士床垫企业店,睡眠骑士梦舒乳胶五星级酒店床垫席梦思记忆棉加厚30cm厚家用软垫,1229.1,透气E 超软单面【2cm记忆棉+5cm乳胶+2cm透气3D+酒店专利弹簧】30cm,1798.6,2678,平台加补后,https://detail.tmall.com/item.htm?b_s_f=sycm&b_spm=a21ag.29085015&id=676435752637
3,746683178170,yarges悠梦思旗舰店,悠梦思乳胶床垫独立弹簧1.5米1.8五星酒店席梦思软硬两用厚款定制,682.55,经济A≈20cm【防塌邦尼尔弹簧】 适中睡感 万人加购,682.55,958,平台加补后,https://detail.tmall.com/item.htm?b_s_f=sycm&b_spm=a21ag.29085015&id=746683178170
3,746683178170,yarges悠梦思旗舰店,悠梦思乳胶床垫独立弹簧1.5米1.8五星酒店席梦思软硬两用厚款定制,682.55,经济B≈22cm【防塌邦尼尔弹簧】 偏硬睡感,757.35,1058,平台加补后,https://detail.tmall.com/item.htm?b_s_f=sycm&b_spm=a21ag.29085015&id=746683178170
3,746683178170,yarges悠梦思旗舰店,悠梦思乳胶床垫独立弹簧1.5米1.8五星酒店席梦思软硬两用厚款定制,682.55,经济C≈22cm【防塌邦尼尔弹簧】 稍软睡感,757.35,1058,平台加补后,https://detail.tmall.com/item.htm?b_s_f=sycm&b_spm=a21ag.29085015&id=746683178170
3,746683178170,yarges悠梦思旗舰店,悠梦思乳胶床垫独立弹簧1.5米1.8五星酒店席梦思软硬两用厚款定制,682.55,经济D≈24cm【防塌邦尼尔弹簧】 两面可用,824.5,1148,平台加补后,https://detail.tmall.com/item.htm?b_s_f=sycm&b_spm=a21ag.29085015&id=746683178170
3,746683178170,yarges悠梦思旗舰店,悠梦思乳胶床垫独立弹簧1.5米1.8五星酒店席梦思软硬两用厚款定制,682.55,舒睡A≈20cm【防塌护脊独立弹簧】 适中护脊,764.15,1068,平台加补后,https://detail.tmall.com/item.htm?b_s_f=sycm&b_spm=a21ag.29085015&id=746683178170
3,746683178170,yarges悠梦思旗舰店,悠梦思乳胶床垫独立弹簧1.5米1.8五星酒店席梦思软硬两用厚款定制,682.55,舒睡B≈22cm【防塌护脊独立弹簧】 偏硬护脊,832.15,1158,平台加补后,https://detail.tmall.com/item.htm?b_s_f=sycm&b_spm=a21ag.29085015&id=746683178170
3,746683178170,yarges悠梦思旗舰店,悠梦思乳胶床垫独立弹簧1.5米1.8五星酒店席梦思软硬两用厚款定制,682.55,舒睡Bpro≈23cm【3cm黄麻+双线防塌独立弹簧】 偏硬护脊 店长主推,906.95,1258,平台加补后,https://detail.tmall.com/item.htm?b_s_f=sycm&b_spm=a21ag.29085015&id=746683178170
3,746683178170,yarges悠梦思旗舰店,悠梦思乳胶床垫独立弹簧1.5米1.8五星酒店席梦思软硬两用厚款定制,682.55,舒睡C≈22cm【防塌护脊独立弹簧】 适中偏软,832.15,1158,平台加补后,https://detail.tmall.com/item.htm?b_s_f=sycm&b_spm=a21ag.29085015&id=746683178170
3,746683178170,yarges悠梦思旗舰店,悠梦思乳胶床垫独立弹簧1.5米1.8五星酒店席梦思软硬两用厚款定制,682.55,舒睡Cpro≈23cm【3cm乳胶+双线防塌独立弹簧】 适中偏软,906.95,1258,平台加补后,https://detail.tmall.com/item.htm?b_s_f=sycm&b_spm=a21ag.29085015&id=746683178170
3,746683178170,yarges悠梦思旗舰店,悠梦思乳胶床垫独立弹簧1.5米1.8五星酒店席梦思软硬两用厚款定制,682.55,舒睡D≈24cm【防塌护脊独立弹簧】 两面可用,861.9,1198,平台加补后,https://detail.tmall.com/item.htm?b_s_f=sycm&b_spm=a21ag.29085015&id=746683178170
3,746683178170,yarges悠梦思旗舰店,悠梦思乳胶床垫独立弹簧1.5米1.8五星酒店席梦思软硬两用厚款定制,682.55,舒睡Epro≈23cm【3cm记忆棉+双线防塌独立弹簧】 适中贴合,906.95,1258,平台加补后,https://detail.tmall.com/item.htm?b_s_f=sycm&b_spm=a21ag.29085015&id=746683178170
3,746683178170,yarges悠梦思旗舰店,悠梦思乳胶床垫独立弹簧1.5米1.8五星酒店席梦思软硬两用厚款定制,682.55,升级A≈22cm【防塌九区独立袋弹簧】 静音稍软,958.8,1328,平台加补后,https://detail.tmall.com/item.htm?b_s_f=sycm&b_spm=a21ag.29085015&id=746683178170
3,746683178170,yarges悠梦思旗舰店,悠梦思乳胶床垫独立弹簧1.5米1.8五星酒店席梦思软硬两用厚款定制,682.55,升级Apro≈23cm【3cm乳胶+专利防塌独立袋弹簧】 静音稍软,1033.6,1428,平台加补后,https://detail.tmall.com/item.htm?b_s_f=sycm&b_spm=a21ag.29085015&id=746683178170
3,746683178170,yarges悠梦思旗舰店,悠梦思乳胶床垫独立弹簧1.5米1.8五星酒店席梦思软硬两用厚款定制,682.55,升级B≈22cm【防塌九区独立袋弹簧】 静音偏硬,958.8,1328,平台加补后,https://detail.tmall.com/item.htm?b_s_f=sycm&b_spm=a21ag.29085015&id=746683178170
3,746683178170,yarges悠梦思旗舰店,悠梦思乳胶床垫独立弹簧1.5米1.8五星酒店席梦思软硬两用厚款定制,682.55,升级Bpro≈23cm【3cm黄麻+专利防塌独立袋弹簧】 静音偏硬,1033.6,1428,平台加补后,https://detail.tmall.com/item.htm?b_s_f=sycm&b_spm=a21ag.29085015&id=746683178170
3,746683178170,yarges悠梦思旗舰店,悠梦思乳胶床垫独立弹簧1.5米1.8五星酒店席梦思软硬两用厚款定制,682.55,升级C≈24cm【防塌九区独立袋弹簧】 软硬两用,1003.85,1388,平台加补后,https://detail.tmall.com/item.htm?b_s_f=sycm&b_spm=a21ag.29085015&id=746683178170
3,746683178170,yarges悠梦思旗舰店,悠梦思乳胶床垫独立弹簧1.5米1.8五星酒店席梦思软硬两用厚款定制,682.55,升级Dpro≈23cm【3cm记忆棉+专利防塌独立袋弹簧】 静音贴合,1033.6,1428,平台加补后,https://detail.tmall.com/item.htm?b_s_f=sycm&b_spm=a21ag.29085015&id=746683178170
3,746683178170,yarges悠梦思旗舰店,悠梦思乳胶床垫独立弹簧1.5米1.8五星酒店席梦思软硬两用厚款定制,682.55,轻奢A≈22cm【专利防塌独立袋弹簧】 适中偏硬,1078.65,1488,平台加补后,https://detail.tmall.com/item.htm?b_s_f=sycm&b_spm=a21ag.29085015&id=746683178170
3,746683178170,yarges悠梦思旗舰店,悠梦思乳胶床垫独立弹簧1.5米1.8五星酒店席梦思软硬两用厚款定制,682.55,轻奢B≈22cm【专利防塌独立袋弹簧】 适中偏软,1078.65,1488,平台加补后,https://detail.tmall.com/item.htm?b_s_f=sycm&b_spm=a21ag.29085015&id=746683178170
4,45590433293,铂马仕旗舰店,铂马仕独立弹簧床垫乳胶席梦思软垫椰棕垫护脊偏硬家用双人1.8米,1048.05,护脊2.0A【22cm/护脊释压 适中睡感】2cm乳胶,1077.8,1498,平台加补后,https://detail.tmall.com/item.htm?b_s_f=sycm&b_spm=a21ag.29085015&id=45590433293
4,45590433293,铂马仕旗舰店,铂马仕独立弹簧床垫乳胶席梦思软垫椰棕垫护脊偏硬家用双人1.8米,1048.05,护脊2.0B【22cm/推荐 偏硬护脊】2cm黄麻 万人加购,1048.05,1458,平台加补后,https://detail.tmall.com/item.htm?b_s_f=sycm&b_spm=a21ag.29085015&id=45590433293
4,45590433293,铂马仕旗舰店,铂马仕独立弹簧床垫乳胶席梦思软垫椰棕垫护脊偏硬家用双人1.8米,1048.05,护脊2.0C【24cm/软硬两面睡】2cm乳胶+2cm黄麻,1127.1,1598,平台加补后,https://detail.tmall.com/item.htm?b_s_f=sycm&b_spm=a21ag.29085015&id=45590433293
4,45590433293,铂马仕旗舰店,铂马仕独立弹簧床垫乳胶席梦思软垫椰棕垫护脊偏硬家用双人1.8米,1048.05,舒脊2.0A【22cm/柔软适中】2cm乳胶,1253.75,1768,平台加补后,https://detail.tmall.com/item.htm?b_s_f=sycm&b_spm=a21ag.29085015&id=45590433293
4,45590433293,铂马仕旗舰店,铂马仕独立弹簧床垫乳胶席梦思软垫椰棕垫护脊偏硬家用双人1.8米,1048.05,舒脊2.0B【22cm/中硬睡感】2cm黄麻,1224,1728,平台加补后,https://detail.tmall.com/item.htm?b_s_f=sycm&b_spm=a21ag.29085015&id=45590433293
4,45590433293,铂马仕旗舰店,铂马仕独立弹簧床垫乳胶席梦思软垫椰棕垫护脊偏硬家用双人1.8米,1048.05,舒脊2.0C【24cm/软硬双面睡】2cm乳胶+黄麻,1343.85,1888,平台加补后,https://detail.tmall.com/item.htm?b_s_f=sycm&b_spm=a21ag.29085015&id=45590433293
4,45590433293,铂马仕旗舰店,铂马仕独立弹簧床垫乳胶席梦思软垫椰棕垫护脊偏硬家用双人1.8米,1048.05,舒脊2.0D（热销)【24cm/柔软舒适】3cm乳胶,1343.85,1888,平台加补后,https://detail.tmall.com/item.htm?b_s_f=sycm&b_spm=a21ag.29085015&id=45590433293
4,45590433293,铂马仕旗舰店,铂马仕独立弹簧床垫乳胶席梦思软垫椰棕垫护脊偏硬家用双人1.8米,1048.05,舒脊2.0E【26cm/柔软双面】3cm乳胶+黄麻,1426.3,1998,平台加补后,https://detail.tmall.com/item.htm?b_s_f=sycm&b_spm=a21ag.29085015&id=45590433293
4,45590433293,铂马仕旗舰店,铂马仕独立弹簧床垫乳胶席梦思软垫椰棕垫护脊偏硬家用双人1.8米,1048.05,旗舰透气2.0A 23cm【1886颗专利小弹簧】2cm乳胶+8CC 3D 适中 店长主推,1426.3,1998,平台加补后,https://detail.tmall.com/item.htm?b_s_f=sycm&b_spm=a21ag.29085015&id=45590433293
4,45590433293,铂马仕旗舰店,铂马仕独立弹簧床垫乳胶席梦思软垫椰棕垫护脊偏硬家用双人1.8米,1048.05,旗舰透气2.0B 25cm【1886颗专利小弹簧】2cm乳胶+8CC3D+黄麻 双面,1484.1,2098,平台加补后,https://detail.tmall.com/item.htm?b_s_f=sycm&b_spm=a21ag.29085015&id=45590433293
4,45590433293,铂马仕旗舰店,铂马仕独立弹簧床垫乳胶席梦思软垫椰棕垫护脊偏硬家用双人1.8米,1048.05,旗舰透气2.0C(护脊)24cm【1886颗专利小弹簧】2cm乳胶+黄麻,1476.45,2088,平台加补后,https://detail.tmall.com/item.htm?b_s_f=sycm&b_spm=a21ag.29085015&id=45590433293
4,45590433293,铂马仕旗舰店,铂马仕独立弹簧床垫乳胶席梦思软垫椰棕垫护脊偏硬家用双人1.8米,1048.05,旗舰透气2.0D 23cm【1886颗专利小弹簧】2cm 3D芯 适中,1403.35,1968,平台加补后,https://detail.tmall.com/item.htm?b_s_f=sycm&b_spm=a21ag.29085015&id=45590433293
4,45590433293,铂马仕旗舰店,铂马仕独立弹簧床垫乳胶席梦思软垫椰棕垫护脊偏硬家用双人1.8米,1048.05,旗舰透气2.0E(荐) 25cm【1886颗专利小弹簧】2cm 3D芯+黄麻 偏硬,1476.45,2088,平台加补后,https://detail.tmall.com/item.htm?b_s_f=sycm&b_spm=a21ag.29085015&id=45590433293
4,45590433293,铂马仕旗舰店,铂马仕独立弹簧床垫乳胶席梦思软垫椰棕垫护脊偏硬家用双人1.8米,1048.05,奢睡2.0A 26cm【2cm乳胶+气泡簧+2cm记忆棉+1886颗专利小弹簧】 超柔软软,1648.15,2318,平台加补后,https://detail.tmall.com/item.htm?b_s_f=sycm&b_spm=a21ag.29085015&id=45590433293
4,45590433293,铂马仕旗舰店,铂马仕独立弹簧床垫乳胶席梦思软垫椰棕垫护脊偏硬家用双人1.8米,1048.05,奢睡2.0B 28cm【2cm乳胶+气泡簧+2cm记忆棉+1886颗专利小弹簧】S黄麻 超软双面睡,1722.95,2418,平台加补后,https://detail.tmall.com/item.htm?b_s_f=sycm&b_spm=a21ag.29085015&id=45590433293
4,45590433293,铂马仕旗舰店,铂马仕独立弹簧床垫乳胶席梦思软垫椰棕垫护脊偏硬家用双人1.8米,1048.05,奢睡2.0C 26cm【护脊3垫层-双簧舒压+S黄麻】柔韧护脊,1648.15,2318,平台加补后,https://detail.tmall.com/item.htm?b_s_f=sycm&b_spm=a21ag.29085015&id=45590433293
4,45590433293,铂马仕旗舰店,铂马仕独立弹簧床垫乳胶席梦思软垫椰棕垫护脊偏硬家用双人1.8米,1048.05,奢睡2.0D 26cm 推荐【护脊3垫层-双簧舒压+透气3D芯】护脊透气,1678.75,2358,平台加补后,https://detail.tmall.com/item.htm?b_s_f=sycm&b_spm=a21ag.29085015&id=45590433293
5,25956076042,moonlightfamily旗舰店,月光之家乳胶床垫超薄款家庭用15cm软硬独立弹簧席梦思10厘米1.8m,1268.2,舒豆A款=10cm【适中】2cm乳胶+迷你独立袋,1298.8,1907,平台加补后,https://detail.tmall.com/item.htm?b_s_f=sycm&b_spm=a21ag.29085015&id=25956076042
5,25956076042,moonlightfamily旗舰店,月光之家乳胶床垫超薄款家庭用15cm软硬独立弹簧席梦思10厘米1.8m,1268.2,舒豆B款=12cm【适中】2cm乳胶+迷你独立袋,1328.55,1947,平台加补后,https://detail.tmall.com/item.htm?b_s_f=sycm&b_spm=a21ag.29085015&id=25956076042
5,25956076042,moonlightfamily旗舰店,月光之家乳胶床垫超薄款家庭用15cm软硬独立弹簧席梦思10厘米1.8m,1268.2,舒豆C款=15cm【正面适中/反面偏硬】反面升级无胶黄麻 店长主推,1398.25,2097,平台加补后,https://detail.tmall.com/item.htm?b_s_f=sycm&b_spm=a21ag.29085015&id=25956076042
5,25956076042,moonlightfamily旗舰店,月光之家乳胶床垫超薄款家庭用15cm软硬独立弹簧席梦思10厘米1.8m,1268.2,舒豆D款=20cm【正面适中/反面偏硬】反面升级无胶黄麻,1468.8,2191,平台加补后,https://detail.tmall.com/item.htm?b_s_f=sycm&b_spm=a21ag.29085015&id=25956076042
5,25956076042,moonlightfamily旗舰店,月光之家乳胶床垫超薄款家庭用15cm软硬独立弹簧席梦思10厘米1.8m,1268.2,硬豆A款=10cm【偏硬】无胶黄麻+迷你独立袋,1268.2,1866,平台加补后,https://detail.tmall.com/item.htm?b_s_f=sycm&b_spm=a21ag.29085015&id=25956076042
5,25956076042,moonlightfamily旗舰店,月光之家乳胶床垫超薄款家庭用15cm软硬独立弹簧席梦思10厘米1.8m,1268.2,硬豆B款=12cm【偏硬】无胶黄麻+迷你独立袋,1298.8,1907,平台加补后,https://detail.tmall.com/item.htm?b_s_f=sycm&b_spm=a21ag.29085015&id=25956076042
5,25956076042,moonlightfamily旗舰店,月光之家乳胶床垫超薄款家庭用15cm软硬独立弹簧席梦思10厘米1.8m,1268.2,硬豆C款=15cm【偏硬】无胶黄麻+迷你独立袋,1328.55,1947,平台加补后,https://detail.tmall.com/item.htm?b_s_f=sycm&b_spm=a21ag.29085015&id=25956076042
5,25956076042,moonlightfamily旗舰店,月光之家乳胶床垫超薄款家庭用15cm软硬独立弹簧席梦思10厘米1.8m,1268.2,硬豆D款=20cm【偏硬】无胶黄麻+迷你独立袋,1398.25,2097,平台加补后,https://detail.tmall.com/item.htm?b_s_f=sycm&b_spm=a21ag.29085015&id=25956076042
5,25956076042,moonlightfamily旗舰店,月光之家乳胶床垫超薄款家庭用15cm软硬独立弹簧席梦思10厘米1.8m,1268.2,软豆A款=12cm【偏软】5cm乳胶+云感独立袋,1518.1,2257,平台加补后,https://detail.tmall.com/item.htm?b_s_f=sycm&b_spm=a21ag.29085015&id=25956076042
5,25956076042,moonlightfamily旗舰店,月光之家乳胶床垫超薄款家庭用15cm软硬独立弹簧席梦思10厘米1.8m,1268.2,软豆B款=15cm【偏软】5cm乳胶+云感独立袋,1568.25,2324,平台加补后,https://detail.tmall.com/item.htm?b_s_f=sycm&b_spm=a21ag.29085015&id=25956076042
5,25956076042,moonlightfamily旗舰店,月光之家乳胶床垫超薄款家庭用15cm软硬独立弹簧席梦思10厘米1.8m,1268.2,软豆C款=15cm【正面偏软/反面适中】反面升级记忆棉,1618.4,2391,平台加补后,https://detail.tmall.com/item.htm?b_s_f=sycm&b_spm=a21ag.29085015&id=25956076042
5,25956076042,moonlightfamily旗舰店,月光之家乳胶床垫超薄款家庭用15cm软硬独立弹簧席梦思10厘米1.8m,1268.2,软豆D款=20cm【正面偏软/反面适中】反面升级记忆棉,1668.55,2458,平台加补后,https://detail.tmall.com/item.htm?b_s_f=sycm&b_spm=a21ag.29085015&id=25956076042
6,783167304430,麻师傅家具旗舰店,麻师傅全拆薄S形天然黄麻床垫1.8米家用10cm儿童老人护脊加硬椰棕,555.05,A6cm偏硬=3cm高密双S形黄麻+A类华夫格驱螨面料 千人加购,555.05,743,平台加补后,https://detail.tmall.com/item.htm?b_s_f=sycm&b_spm=a21ag.29085015&id=783167304430
6,783167304430,麻师傅家具旗舰店,麻师傅全拆薄S形天然黄麻床垫1.8米家用10cm儿童老人护脊加硬椰棕,555.05,A8cm偏硬=5cm高密双S形黄麻+A类华夫格驱螨面料,711.45,952,平台加补后,https://detail.tmall.com/item.htm?b_s_f=sycm&b_spm=a21ag.29085015&id=783167304430
6,783167304430,麻师傅家具旗舰店,麻师傅全拆薄S形天然黄麻床垫1.8米家用10cm儿童老人护脊加硬椰棕,555.05,A10cm偏硬=7cm高密双S形黄麻+A类华夫格驱螨面料,838.95,1122,平台加补后,https://detail.tmall.com/item.htm?b_s_f=sycm&b_spm=a21ag.29085015&id=783167304430
6,783167304430,麻师傅家具旗舰店,麻师傅全拆薄S形天然黄麻床垫1.8米家用10cm儿童老人护脊加硬椰棕,555.05,A12cm偏硬=10cm高密双S形黄麻+A类华夫格驱螨面料,985.15,1318,平台加补后,https://detail.tmall.com/item.htm?b_s_f=sycm&b_spm=a21ag.29085015&id=783167304430
6,783167304430,麻师傅家具旗舰店,麻师傅全拆薄S形天然黄麻床垫1.8米家用10cm儿童老人护脊加硬椰棕,555.05,"B款不可拆,请拍B8~B20",747.15,999,平台加补后,https://detail.tmall.com/item.htm?b_s_f=sycm&b_spm=a21ag.29085015&id=783167304430
6,783167304430,麻师傅家具旗舰店,麻师傅全拆薄S形天然黄麻床垫1.8米家用10cm儿童老人护脊加硬椰棕,555.05,B8cm适中=3cm高密双S形黄麻+2cm乳胶+A类华夫格驱螨面料,799.85,1070,平台加补后,https://detail.tmall.com/item.htm?b_s_f=sycm&b_spm=a21ag.29085015&id=783167304430
6,783167304430,麻师傅家具旗舰店,麻师傅全拆薄S形天然黄麻床垫1.8米家用10cm儿童老人护脊加硬椰棕,555.05,B10cm适中=5cm高密双S形黄麻+2cm乳胶+A类华夫格驱螨面料,936.7,1253,平台加补后,https://detail.tmall.com/item.htm?b_s_f=sycm&b_spm=a21ag.29085015&id=783167304430
6,783167304430,麻师傅家具旗舰店,麻师傅全拆薄S形天然黄麻床垫1.8米家用10cm儿童老人护脊加硬椰棕,555.05,B12cm适中=7cm高密双S形黄麻+2cm乳胶+A类华夫格驱螨面料,1093.1,1462,平台加补后,https://detail.tmall.com/item.htm?b_s_f=sycm&b_spm=a21ag.29085015&id=783167304430
6,783167304430,麻师傅家具旗舰店,麻师傅全拆薄S形天然黄麻床垫1.8米家用10cm儿童老人护脊加硬椰棕,555.05,B15cm适中=10cm高密双S形黄麻+2cm乳胶+A类华夫格驱螨面料,1337.9,1789,平台加补后,https://detail.tmall.com/item.htm?b_s_f=sycm&b_spm=a21ag.29085015&id=783167304430
6,783167304430,麻师傅家具旗舰店,麻师傅全拆薄S形天然黄麻床垫1.8米家用10cm儿童老人护脊加硬椰棕,555.05,B20cm适中=15cm高密双S形黄麻+2cm乳胶+A类华夫格驱螨面料,1631.15,2181,平台加补后,https://detail.tmall.com/item.htm?b_s_f=sycm&b_spm=a21ag.29085015&id=783167304430
6,783167304430,麻师傅家具旗舰店,麻师傅全拆薄S形天然黄麻床垫1.8米家用10cm儿童老人护脊加硬椰棕,555.05,C款不可拆，请拍C8~C20,747.15,999,平台加补后,https://detail.tmall.com/item.htm?b_s_f=sycm&b_spm=a21ag.29085015&id=783167304430
6,783167304430,麻师傅家具旗舰店,麻师傅全拆薄S形天然黄麻床垫1.8米家用10cm儿童老人护脊加硬椰棕,555.05,C8cm适中硬=3cm高密双S形黄麻+2cm3D+A类华夫格驱螨面料,799.85,1070,平台加补后,https://detail.tmall.com/item.htm?b_s_f=sycm&b_spm=a21ag.29085015&id=783167304430
6,783167304430,麻师傅家具旗舰店,麻师傅全拆薄S形天然黄麻床垫1.8米家用10cm儿童老人护脊加硬椰棕,555.05,C10cm适中硬=5cm高密双S形黄麻+2cm3D+A类华夫格驱螨面料,936.7,1253,平台加补后,https://detail.tmall.com/item.htm?b_s_f=sycm&b_spm=a21ag.29085015&id=783167304430
6,783167304430,麻师傅家具旗舰店,麻师傅全拆薄S形天然黄麻床垫1.8米家用10cm儿童老人护脊加硬椰棕,555.05,C12cm适中硬=7cm高密双S形黄麻+2cm3D+A类华夫格驱螨面料,1093.1,1462,平台加补后,https://detail.tmall.com/item.htm?b_s_f=sycm&b_spm=a21ag.29085015&id=783167304430
6,783167304430,麻师傅家具旗舰店,麻师傅全拆薄S形天然黄麻床垫1.8米家用10cm儿童老人护脊加硬椰棕,555.05,C15cm适中硬=10cm高密双S形黄麻+2cm3D+A类华夫格驱螨面料,1337.9,1789,平台加补后,https://detail.tmall.com/item.htm?b_s_f=sycm&b_spm=a21ag.29085015&id=783167304430
6,783167304430,麻师傅家具旗舰店,麻师傅全拆薄S形天然黄麻床垫1.8米家用10cm儿童老人护脊加硬椰棕,555.05,C20cm适中硬=15cm高密双S形黄麻+2cm3D+A类华夫格驱螨面料,1631.15,2181,平台加补后,https://detail.tmall.com/item.htm?b_s_f=sycm&b_spm=a21ag.29085015&id=783167304430
6,783167304430,麻师傅家具旗舰店,麻师傅全拆薄S形天然黄麻床垫1.8米家用10cm儿童老人护脊加硬椰棕,555.05,H款不可拆，请拍H8~H20,747.15,999,平台加补后,https://detail.tmall.com/item.htm?b_s_f=sycm&b_spm=a21ag.29085015&id=783167304430
6,783167304430,麻师傅家具旗舰店,麻师傅全拆薄S形天然黄麻床垫1.8米家用10cm儿童老人护脊加硬椰棕,555.05,H8cm适中=3cm高密双S形黄麻+2cm记忆棉+A类华夫格驱螨面料,799.85,1070,平台加补后,https://detail.tmall.com/item.htm?b_s_f=sycm&b_spm=a21ag.29085015&id=783167304430
6,783167304430,麻师傅家具旗舰店,麻师傅全拆薄S形天然黄麻床垫1.8米家用10cm儿童老人护脊加硬椰棕,555.05,H10cm适中=5cm高密双S形黄麻+2cm记忆棉+A类华夫格驱螨面料,936.7,1253,平台加补后,https://detail.tmall.com/item.htm?b_s_f=sycm&b_spm=a21ag.29085015&id=783167304430
6,783167304430,麻师傅家具旗舰店,麻师傅全拆薄S形天然黄麻床垫1.8米家用10cm儿童老人护脊加硬椰棕,555.05,H12cm适中=7cm高密双S形黄麻+2cm记忆棉+A类华夫格驱螨面料,1093.1,1462,平台加补后,https://detail.tmall.com/item.htm?b_s_f=sycm&b_spm=a21ag.29085015&id=783167304430
6,783167304430,麻师傅家具旗舰店,麻师傅全拆薄S形天然黄麻床垫1.8米家用10cm儿童老人护脊加硬椰棕,555.05,H15cm适中=10cm高密双S形黄麻+2cm记忆棉+A类华夫格驱螨面料,1337.9,1789,平台加补后,https://detail.tmall.com/item.htm?b_s_f=sycm&b_spm=a21ag.29085015&id=783167304430
6,783167304430,麻师傅家具旗舰店,麻师傅全拆薄S形天然黄麻床垫1.8米家用10cm儿童老人护脊加硬椰棕,555.05,H20cm适中=15cm高密双S形黄麻+2cm记忆棉+A类华夫格驱螨面料,1631.15,2181,平台加补后,https://detail.tmall.com/item.htm?b_s_f=sycm&b_spm=a21ag.29085015&id=783167304430
6,783167304430,麻师傅家具旗舰店,麻师傅全拆薄S形天然黄麻床垫1.8米家用10cm儿童老人护脊加硬椰棕,555.05,D款可全拆，请拍D6~D12,747.15,999,平台加补后,https://detail.tmall.com/item.htm?b_s_f=sycm&b_spm=a21ag.29085015&id=783167304430
6,783167304430,麻师傅家具旗舰店,麻师傅全拆薄S形天然黄麻床垫1.8米家用10cm儿童老人护脊加硬椰棕,555.05,全拆D6cm偏硬=3cm高密双S形黄麻+A类华夫格驱螨面料,613.7,821,平台加补后,https://detail.tmall.com/item.htm?b_s_f=sycm&b_spm=a21ag.29085015&id=783167304430
6,783167304430,麻师傅家具旗舰店,麻师傅全拆薄S形天然黄麻床垫1.8米家用10cm儿童老人护脊加硬椰棕,555.05,全拆D8cm偏硬=5cm高密双S形黄麻+A类华夫格驱螨面料,750.55,1004,平台加补后,https://detail.tmall.com/item.htm?b_s_f=sycm&b_spm=a21ag.29085015&id=783167304430
6,783167304430,麻师傅家具旗舰店,麻师傅全拆薄S形天然黄麻床垫1.8米家用10cm儿童老人护脊加硬椰棕,555.05,全拆D10cm偏硬=7cm高密双S形黄麻+A类华夫格驱螨面料,878.05,1174,平台加补后,https://detail.tmall.com/item.htm?b_s_f=sycm&b_spm=a21ag.29085015&id=783167304430
6,783167304430,麻师傅家具旗舰店,麻师傅全拆薄S形天然黄麻床垫1.8米家用10cm儿童老人护脊加硬椰棕,555.05,全拆D12cm偏硬=10cm高密双S形黄麻+A类华夫格驱螨面料,1024.25,1370,平台加补后,https://detail.tmall.com/item.htm?b_s_f=sycm&b_spm=a21ag.29085015&id=783167304430
6,783167304430,麻师傅家具旗舰店,麻师傅全拆薄S形天然黄麻床垫1.8米家用10cm儿童老人护脊加硬椰棕,555.05,E款可全拆，请拍E8~E20,747.15,999,平台加补后,https://detail.tmall.com/item.htm?b_s_f=sycm&b_spm=a21ag.29085015&id=783167304430
6,783167304430,麻师傅家具旗舰店,麻师傅全拆薄S形天然黄麻床垫1.8米家用10cm儿童老人护脊加硬椰棕,555.05,全拆E8cm适中=3cm高密双S形黄麻+2cm乳胶+A类华夫格驱螨面料,848.3,1135,平台加补后,https://detail.tmall.com/item.htm?b_s_f=sycm&b_spm=a21ag.29085015&id=783167304430
6,783167304430,麻师傅家具旗舰店,麻师傅全拆薄S形天然黄麻床垫1.8米家用10cm儿童老人护脊加硬椰棕,555.05,全拆E10cm适中=5cm高密双S形黄麻+2cm乳胶+A类华夫格驱螨面料,985.15,1318,平台加补后,https://detail.tmall.com/item.htm?b_s_f=sycm&b_spm=a21ag.29085015&id=783167304430
6,783167304430,麻师傅家具旗舰店,麻师傅全拆薄S形天然黄麻床垫1.8米家用10cm儿童老人护脊加硬椰棕,555.05,全拆E12cm适中=7cm高密双S形黄麻+2cm乳胶+A类华夫格驱螨面料,1141.55,1527,平台加补后,https://detail.tmall.com/item.htm?b_s_f=sycm&b_spm=a21ag.29085015&id=783167304430
6,783167304430,麻师傅家具旗舰店,麻师傅全拆薄S形天然黄麻床垫1.8米家用10cm儿童老人护脊加硬椰棕,555.05,全拆E15cm适中=10cm高密双S形黄麻+2cm乳胶+A类华夫格驱螨面料,1386.35,1854,平台加补后,https://detail.tmall.com/item.htm?b_s_f=sycm&b_spm=a21ag.29085015&id=783167304430
6,783167304430,麻师傅家具旗舰店,麻师傅全拆薄S形天然黄麻床垫1.8米家用10cm儿童老人护脊加硬椰棕,555.05,全拆E20cm适中=15cm高密双S形黄麻+2cm乳胶+A类华夫格驱螨面料,1679.6,2246,平台加补后,https://detail.tmall.com/item.htm?b_s_f=sycm&b_spm=a21ag.29085015&id=783167304430
6,783167304430,麻师傅家具旗舰店,麻师傅全拆薄S形天然黄麻床垫1.8米家用10cm儿童老人护脊加硬椰棕,555.05,F款可全拆，请拍F8~F20,747.15,999,平台加补后,https://detail.tmall.com/item.htm?b_s_f=sycm&b_spm=a21ag.29085015&id=783167304430
6,783167304430,麻师傅家具旗舰店,麻师傅全拆薄S形天然黄麻床垫1.8米家用10cm儿童老人护脊加硬椰棕,555.05,全拆F8cm适中硬=3cm高密双S形黄麻+2cm3D+A类华夫格驱螨面料,848.3,1135,平台加补后,https://detail.tmall.com/item.htm?b_s_f=sycm&b_spm=a21ag.29085015&id=783167304430
6,783167304430,麻师傅家具旗舰店,麻师傅全拆薄S形天然黄麻床垫1.8米家用10cm儿童老人护脊加硬椰棕,555.05,全拆F10cm适中硬=5cm高密双S形黄麻+2cm3D+A类华夫格驱螨面料,985.15,1318,平台加补后,https://detail.tmall.com/item.htm?b_s_f=sycm&b_spm=a21ag.29085015&id=783167304430
6,783167304430,麻师傅家具旗舰店,麻师傅全拆薄S形天然黄麻床垫1.8米家用10cm儿童老人护脊加硬椰棕,555.05,全拆F12cm适中硬=7cm高密双S形黄麻+2cm3D+A类华夫格驱螨面料,1141.55,1527,平台加补后,https://detail.tmall.com/item.htm?b_s_f=sycm&b_spm=a21ag.29085015&id=783167304430
6,783167304430,麻师傅家具旗舰店,麻师傅全拆薄S形天然黄麻床垫1.8米家用10cm儿童老人护脊加硬椰棕,555.05,全拆F15cm适中硬=10cm高密双S形黄麻+2cm3D+A类华夫格驱螨面料,1386.35,1854,平台加补后,https://detail.tmall.com/item.htm?b_s_f=sycm&b_spm=a21ag.29085015&id=783167304430
6,783167304430,麻师傅家具旗舰店,麻师傅全拆薄S形天然黄麻床垫1.8米家用10cm儿童老人护脊加硬椰棕,555.05,全拆F20cm适中硬=15cm高密双S形黄麻+2cm3D+A类华夫格驱螨面料,1679.6,2246,平台加补后,https://detail.tmall.com/item.htm?b_s_f=sycm&b_spm=a21ag.29085015&id=783167304430
6,783167304430,麻师傅家具旗舰店,麻师傅全拆薄S形天然黄麻床垫1.8米家用10cm儿童老人护脊加硬椰棕,555.05,G款可全拆，请拍G8~G20,747.15,999,平台加补后,https://detail.tmall.com/item.htm?b_s_f=sycm&b_spm=a21ag.29085015&id=783167304430
6,783167304430,麻师傅家具旗舰店,麻师傅全拆薄S形天然黄麻床垫1.8米家用10cm儿童老人护脊加硬椰棕,555.05,全拆G8cm适中=3cm高密双S形黄麻+2cm记忆棉+A类华夫格驱螨面料,848.3,1135,平台加补后,https://detail.tmall.com/item.htm?b_s_f=sycm&b_spm=a21ag.29085015&id=783167304430
6,783167304430,麻师傅家具旗舰店,麻师傅全拆薄S形天然黄麻床垫1.8米家用10cm儿童老人护脊加硬椰棕,555.05,全拆G10cm适中=5cm高密双S形黄麻+2cm记忆棉+A类华夫格驱螨面料,985.15,1318,平台加补后,https://detail.tmall.com/item.htm?b_s_f=sycm&b_spm=a21ag.29085015&id=783167304430
6,783167304430,麻师傅家具旗舰店,麻师傅全拆薄S形天然黄麻床垫1.8米家用10cm儿童老人护脊加硬椰棕,555.05,全拆G12cm适中=7cm高密双S形黄麻+2cm记忆棉+A类华夫格驱螨面料,1141.55,1527,平台加补后,https://detail.tmall.com/item.htm?b_s_f=sycm&b_spm=a21ag.29085015&id=783167304430
6,783167304430,麻师傅家具旗舰店,麻师傅全拆薄S形天然黄麻床垫1.8米家用10cm儿童老人护脊加硬椰棕,555.05,全拆G15cm适中=10cm高密双S形黄麻+2cm记忆棉+A类华夫格驱螨面料,1386.35,1854,平台加补后,https://detail.tmall.com/item.htm?b_s_f=sycm&b_spm=a21ag.29085015&id=783167304430
6,783167304430,麻师傅家具旗舰店,麻师傅全拆薄S形天然黄麻床垫1.8米家用10cm儿童老人护脊加硬椰棕,555.05,全拆G20cm适中=15cm高密双S形黄麻+2cm记忆棉+A类华夫格驱螨面料,1679.6,2246,平台加补后,https://detail.tmall.com/item.htm?b_s_f=sycm&b_spm=a21ag.29085015&id=783167304430
7,15290005941,moonlightfamily旗舰店,月光之家天然黄麻床垫子家用儿童硬薄全拆乳胶椰棕1.8m榻榻米定制,698.7,硬麻A款= 5cm【软床垫加硬神器】2cm无胶S型黄麻 千人加购,698.7,935,平台加补后,https://detail.tmall.com/item.htm?b_s_f=sycm&b_spm=a21ag.29085015&id=15290005941
7,15290005941,moonlightfamily旗舰店,月光之家天然黄麻床垫子家用儿童硬薄全拆乳胶椰棕1.8m榻榻米定制,698.7,硬麻B款= 6cm【偏硬护脊】3cm无胶S型黄麻,798.15,1068,平台加补后,https://detail.tmall.com/item.htm?b_s_f=sycm&b_spm=a21ag.29085015&id=15290005941
7,15290005941,moonlightfamily旗舰店,月光之家天然黄麻床垫子家用儿童硬薄全拆乳胶椰棕1.8m榻榻米定制,698.7,硬麻C款= 8cm【偏硬护脊】5cm无胶S型黄麻,898.45,1327,平台加补后,https://detail.tmall.com/item.htm?b_s_f=sycm&b_spm=a21ag.29085015&id=15290005941
7,15290005941,moonlightfamily旗舰店,月光之家天然黄麻床垫子家用儿童硬薄全拆乳胶椰棕1.8m榻榻米定制,698.7,硬麻D款=10cm【偏硬护脊】7cm无胶S型黄麻,998.75,1461,平台加补后,https://detail.tmall.com/item.htm?b_s_f=sycm&b_spm=a21ag.29085015&id=15290005941
7,15290005941,moonlightfamily旗舰店,月光之家天然黄麻床垫子家用儿童硬薄全拆乳胶椰棕1.8m榻榻米定制,698.7,硬麻E款=12cm【偏硬护脊】9cm无胶S型黄麻,1098.2,1639,平台加补后,https://detail.tmall.com/item.htm?b_s_f=sycm&b_spm=a21ag.29085015&id=15290005941
7,15290005941,moonlightfamily旗舰店,月光之家天然黄麻床垫子家用儿童硬薄全拆乳胶椰棕1.8m榻榻米定制,698.7,硬麻F款=15cm【偏硬护脊】12cm无胶S型黄麻,1298.8,1907,平台加补后,https://detail.tmall.com/item.htm?b_s_f=sycm&b_spm=a21ag.29085015&id=15290005941
7,15290005941,moonlightfamily旗舰店,月光之家天然黄麻床垫子家用儿童硬薄全拆乳胶椰棕1.8m榻榻米定制,698.7,硬麻G款=18cm【偏硬护脊】15cm无胶S型黄麻,1498.55,2231,平台加补后,https://detail.tmall.com/item.htm?b_s_f=sycm&b_spm=a21ag.29085015&id=15290005941
7,15290005941,moonlightfamily旗舰店,月光之家天然黄麻床垫子家用儿童硬薄全拆乳胶椰棕1.8m榻榻米定制,698.7,舒麻A款= 8cm【2种软硬可调 适中+偏硬】2cm乳胶+3cm黄麻,998.75,1461,平台加补后,https://detail.tmall.com/item.htm?b_s_f=sycm&b_spm=a21ag.29085015&id=15290005941
7,15290005941,moonlightfamily旗舰店,月光之家天然黄麻床垫子家用儿童硬薄全拆乳胶椰棕1.8m榻榻米定制,698.7,舒麻B款=10cm【2种软硬可调 适中+偏硬】2cm乳胶+5cm黄麻 店长主推,1098.2,1639,平台加补后,https://detail.tmall.com/item.htm?b_s_f=sycm&b_spm=a21ag.29085015&id=15290005941
7,15290005941,moonlightfamily旗舰店,月光之家天然黄麻床垫子家用儿童硬薄全拆乳胶椰棕1.8m榻榻米定制,698.7,舒麻C款=12cm【2种软硬可调 适中+偏硬】2cm乳胶+7cm黄麻,1198.5,1773,平台加补后,https://detail.tmall.com/item.htm?b_s_f=sycm&b_spm=a21ag.29085015&id=15290005941
7,15290005941,moonlightfamily旗舰店,月光之家天然黄麻床垫子家用儿童硬薄全拆乳胶椰棕1.8m榻榻米定制,698.7,舒麻D款=15cm【2种软硬可调 适中+偏硬】2cm乳胶+10cm黄麻,1398.25,2097,平台加补后,https://detail.tmall.com/item.htm?b_s_f=sycm&b_spm=a21ag.29085015&id=15290005941
7,15290005941,moonlightfamily旗舰店,月光之家天然黄麻床垫子家用儿童硬薄全拆乳胶椰棕1.8m榻榻米定制,698.7,舒麻E款=20cm【2种软硬可调 适中+偏硬】2cm乳胶+15cm黄麻,1598.85,2365,平台加补后,https://detail.tmall.com/item.htm?b_s_f=sycm&b_spm=a21ag.29085015&id=15290005941
7,15290005941,moonlightfamily旗舰店,月光之家天然黄麻床垫子家用儿童硬薄全拆乳胶椰棕1.8m榻榻米定制,698.7,透麻A款= 8cm【2种软硬可调 适中+偏硬】2cm空气蜂窝+3cm黄麻,998.75,1461,平台加补后,https://detail.tmall.com/item.htm?b_s_f=sycm&b_spm=a21ag.29085015&id=15290005941
7,15290005941,moonlightfamily旗舰店,月光之家天然黄麻床垫子家用儿童硬薄全拆乳胶椰棕1.8m榻榻米定制,698.7,透麻B款=10cm【2种软硬可调 适中+偏硬】2cm空气蜂窝+5cm黄麻,1098.2,1639,平台加补后,https://detail.tmall.com/item.htm?b_s_f=sycm&b_spm=a21ag.29085015&id=15290005941
7,15290005941,moonlightfamily旗舰店,月光之家天然黄麻床垫子家用儿童硬薄全拆乳胶椰棕1.8m榻榻米定制,698.7,透麻C款=12cm【2种软硬可调 适中+偏硬】2cm空气蜂窝+7cm黄麻,1198.5,1773,平台加补后,https://detail.tmall.com/item.htm?b_s_f=sycm&b_spm=a21ag.29085015&id=15290005941
7,15290005941,moonlightfamily旗舰店,月光之家天然黄麻床垫子家用儿童硬薄全拆乳胶椰棕1.8m榻榻米定制,698.7,透麻D款=15cm【2种软硬可调 适中+偏硬】2cm空气蜂窝+10cm黄麻,1398.25,2097,平台加补后,https://detail.tmall.com/item.htm?b_s_f=sycm&b_spm=a21ag.29085015&id=15290005941
7,15290005941,moonlightfamily旗舰店,月光之家天然黄麻床垫子家用儿童硬薄全拆乳胶椰棕1.8m榻榻米定制,698.7,透麻E款=20cm【2种软硬可调 适中+偏硬】2cm空气蜂窝+15cm黄麻,1598.85,2365,平台加补后,https://detail.tmall.com/item.htm?b_s_f=sycm&b_spm=a21ag.29085015&id=15290005941
7,15290005941,moonlightfamily旗舰店,月光之家天然黄麻床垫子家用儿童硬薄全拆乳胶椰棕1.8m榻榻米定制,698.7,全家桶A款=10cm【3种软硬可调 微软+适中+偏硬】2cm空气蜂窝+2cm乳胶+3cm黄麻,1198.5,1773,平台加补后,https://detail.tmall.com/item.htm?b_s_f=sycm&b_spm=a21ag.29085015&id=15290005941
7,15290005941,moonlightfamily旗舰店,月光之家天然黄麻床垫子家用儿童硬薄全拆乳胶椰棕1.8m榻榻米定制,698.7,全家桶B款=12cm【3种软硬可调 微软+适中+偏硬】2cm空气蜂窝+2cm乳胶+5cm黄麻,1298.8,1907,平台加补后,https://detail.tmall.com/item.htm?b_s_f=sycm&b_spm=a21ag.29085015&id=15290005941
7,15290005941,moonlightfamily旗舰店,月光之家天然黄麻床垫子家用儿童硬薄全拆乳胶椰棕1.8m榻榻米定制,698.7,全家桶C款=16cm【3种软硬可调 微软+适中+偏硬】2cm空气蜂窝+2cm乳胶+9cm黄麻,1498.55,2231,平台加补后,https://detail.tmall.com/item.htm?b_s_f=sycm&b_spm=a21ag.29085015&id=15290005941
7,15290005941,moonlightfamily旗舰店,月光之家天然黄麻床垫子家用儿童硬薄全拆乳胶椰棕1.8m榻榻米定制,698.7,全家桶D款=22cm【3种软硬可调 微软+适中+偏硬】2cm空气蜂窝+2cm乳胶+15cm黄麻,1698.3,2498,平台加补后,https://detail.tmall.com/item.htm?b_s_f=sycm&b_spm=a21ag.29085015&id=15290005941
8,650423226539,派乐熊儿童床垫品牌店,派乐熊儿童专用床垫护脊0胶弹簧偏硬席梦思青少年家用甲醛无超标,1030.2,偏硬B款20CM=【防螨黄麻】+双线加固独立弹簧,1030.2,1378,平台加补后,https://detail.tmall.com/item.htm?b_s_f=sycm&b_spm=a21ag.29085015&id=650423226539
8,650423226539,派乐熊儿童床垫品牌店,派乐熊儿童专用床垫护脊0胶弹簧偏硬席梦思青少年家用甲醛无超标,1030.2,偏硬B款15CM=【防螨黄麻】+双线加固独立弹簧,1030.2,1378,平台加补后,https://detail.tmall.com/item.htm?b_s_f=sycm&b_spm=a21ag.29085015&id=650423226539
8,650423226539,派乐熊儿童床垫品牌店,派乐熊儿童专用床垫护脊0胶弹簧偏硬席梦思青少年家用甲醛无超标,1030.2,适中A款22CM=【乳胶+黄麻】+双线加固独立弹簧,1059.95,1418,平台加补后,https://detail.tmall.com/item.htm?b_s_f=sycm&b_spm=a21ag.29085015&id=650423226539
8,650423226539,派乐熊儿童床垫品牌店,派乐熊儿童专用床垫护脊0胶弹簧偏硬席梦思青少年家用甲醛无超标,1030.2,适中A款20CM=【乳胶+黄麻】+双线加固独立弹簧,1059.95,1418,平台加补后,https://detail.tmall.com/item.htm?b_s_f=sycm&b_spm=a21ag.29085015&id=650423226539
8,650423226539,派乐熊儿童床垫品牌店,派乐熊儿童专用床垫护脊0胶弹簧偏硬席梦思青少年家用甲醛无超标,1030.2,适中A款15CM=【乳胶+黄麻】+双线加固独立弹簧,1059.95,1418,平台加补后,https://detail.tmall.com/item.htm?b_s_f=sycm&b_spm=a21ag.29085015&id=650423226539
8,650423226539,派乐熊儿童床垫品牌店,派乐熊儿童专用床垫护脊0胶弹簧偏硬席梦思青少年家用甲醛无超标,1030.2,适中H款22CM=【记忆棉+黄麻】+双线加固独立弹簧 千人加购,1105,1478,平台加补后,https://detail.tmall.com/item.htm?b_s_f=sycm&b_spm=a21ag.29085015&id=650423226539
8,650423226539,派乐熊儿童床垫品牌店,派乐熊儿童专用床垫护脊0胶弹簧偏硬席梦思青少年家用甲醛无超标,1030.2,适中H款20CM=【记忆棉+黄麻】+双线加固独立弹簧,1105,1478,平台加补后,https://detail.tmall.com/item.htm?b_s_f=sycm&b_spm=a21ag.29085015&id=650423226539
8,650423226539,派乐熊儿童床垫品牌店,派乐熊儿童专用床垫护脊0胶弹簧偏硬席梦思青少年家用甲醛无超标,1030.2,适中H款15CM=【记忆棉+黄麻】+双线加固独立弹簧,1105,1478,平台加补后,https://detail.tmall.com/item.htm?b_s_f=sycm&b_spm=a21ag.29085015&id=650423226539
8,650423226539,派乐熊儿童床垫品牌店,派乐熊儿童专用床垫护脊0胶弹簧偏硬席梦思青少年家用甲醛无超标,1030.2,双面C款22CM=【乳胶+黄麻】+双线加固独立弹簧,1059.95,1418,平台加补后,https://detail.tmall.com/item.htm?b_s_f=sycm&b_spm=a21ag.29085015&id=650423226539
8,650423226539,派乐熊儿童床垫品牌店,派乐熊儿童专用床垫护脊0胶弹簧偏硬席梦思青少年家用甲醛无超标,1030.2,双面C款20CM=【乳胶+黄麻】+双线加固独立弹簧,1059.95,1418,平台加补后,https://detail.tmall.com/item.htm?b_s_f=sycm&b_spm=a21ag.29085015&id=650423226539
8,650423226539,派乐熊儿童床垫品牌店,派乐熊儿童专用床垫护脊0胶弹簧偏硬席梦思青少年家用甲醛无超标,1030.2,双面C款15CM=【乳胶+黄麻】+双线加固独立弹簧,1059.95,1418,平台加补后,https://detail.tmall.com/item.htm?b_s_f=sycm&b_spm=a21ag.29085015&id=650423226539
8,650423226539,派乐熊儿童床垫品牌店,派乐熊儿童专用床垫护脊0胶弹簧偏硬席梦思青少年家用甲醛无超标,1030.2,双面E款22CM=【记忆棉+黄麻】+双线加固独立弹簧 店长主推,1105,1478,平台加补后,https://detail.tmall.com/item.htm?b_s_f=sycm&b_spm=a21ag.29085015&id=650423226539
8,650423226539,派乐熊儿童床垫品牌店,派乐熊儿童专用床垫护脊0胶弹簧偏硬席梦思青少年家用甲醛无超标,1030.2,双面E款20CM=【记忆棉+黄麻】+双线加固独立弹簧,1105,1478,平台加补后,https://detail.tmall.com/item.htm?b_s_f=sycm&b_spm=a21ag.29085015&id=650423226539
8,650423226539,派乐熊儿童床垫品牌店,派乐熊儿童专用床垫护脊0胶弹簧偏硬席梦思青少年家用甲醛无超标,1030.2,双面E款15CM=【记忆棉+黄麻】+双线加固独立弹簧,1105,1478,平台加补后,https://detail.tmall.com/item.htm?b_s_f=sycm&b_spm=a21ag.29085015&id=650423226539
8,650423226539,派乐熊儿童床垫品牌店,派乐熊儿童专用床垫护脊0胶弹簧偏硬席梦思青少年家用甲醛无超标,1030.2,升级J款23CM=【乳胶+3D+黄麻】+双线独立弹簧,1122,1500,平台加补后,https://detail.tmall.com/item.htm?b_s_f=sycm&b_spm=a21ag.29085015&id=650423226539
8,650423226539,派乐熊儿童床垫品牌店,派乐熊儿童专用床垫护脊0胶弹簧偏硬席梦思青少年家用甲醛无超标,1030.2,升级J款21CM=【乳胶+3D+黄麻】+双线独立弹簧,1122,1500,平台加补后,https://detail.tmall.com/item.htm?b_s_f=sycm&b_spm=a21ag.29085015&id=650423226539
8,650423226539,派乐熊儿童床垫品牌店,派乐熊儿童专用床垫护脊0胶弹簧偏硬席梦思青少年家用甲醛无超标,1030.2,升级J款16CM=【乳胶+3D+黄麻】+双线独立弹簧,1122,1500,平台加补后,https://detail.tmall.com/item.htm?b_s_f=sycm&b_spm=a21ag.29085015&id=650423226539
8,650423226539,派乐熊儿童床垫品牌店,派乐熊儿童专用床垫护脊0胶弹簧偏硬席梦思青少年家用甲醛无超标,1030.2,升级K款23CM=【记忆棉+3D+黄麻】+双线独立弹簧,1171.3,1566,平台加补后,https://detail.tmall.com/item.htm?b_s_f=sycm&b_spm=a21ag.29085015&id=650423226539
8,650423226539,派乐熊儿童床垫品牌店,派乐熊儿童专用床垫护脊0胶弹簧偏硬席梦思青少年家用甲醛无超标,1030.2,升级K款21CM=【记忆棉+3D+黄麻】+双线独立弹簧,1171.3,1566,平台加补后,https://detail.tmall.com/item.htm?b_s_f=sycm&b_spm=a21ag.29085015&id=650423226539
8,650423226539,派乐熊儿童床垫品牌店,派乐熊儿童专用床垫护脊0胶弹簧偏硬席梦思青少年家用甲醛无超标,1030.2,升级K款16CM=【记忆棉+3D+黄麻】+双线独立弹簧,1171.3,1566,平台加补后,https://detail.tmall.com/item.htm?b_s_f=sycm&b_spm=a21ag.29085015&id=650423226539
9,40640084764,铂马仕旗舰店,儿童护脊黄麻乳胶床垫家用环保席梦思高低床天然椰棕垫1.2m折叠,591.6,护脊A【6cm】A类棉麻面料+3cmS黄麻,591.6,849,平台加补后,https://detail.tmall.com/item.htm?b_s_f=sycm&b_spm=a21ag.29085015&id=40640084764
9,40640084764,铂马仕旗舰店,儿童护脊黄麻乳胶床垫家用环保席梦思高低床天然椰棕垫1.2m折叠,591.6,护脊A【8cm】A类棉麻面料+5cmS黄麻,703.8,999,平台加补后,https://detail.tmall.com/item.htm?b_s_f=sycm&b_spm=a21ag.29085015&id=40640084764
9,40640084764,铂马仕旗舰店,儿童护脊黄麻乳胶床垫家用环保席梦思高低床天然椰棕垫1.2m折叠,591.6,护脊A【10cm】A类棉麻面料+7cmS黄麻,804.95,1149,平台加补后,https://detail.tmall.com/item.htm?b_s_f=sycm&b_spm=a21ag.29085015&id=40640084764
9,40640084764,铂马仕旗舰店,儿童护脊黄麻乳胶床垫家用环保席梦思高低床天然椰棕垫1.2m折叠,591.6,护脊A【13cm】A类棉麻面料+10cmS黄麻,969,1399,平台加补后,https://detail.tmall.com/item.htm?b_s_f=sycm&b_spm=a21ag.29085015&id=40640084764
9,40640084764,铂马仕旗舰店,儿童护脊黄麻乳胶床垫家用环保席梦思高低床天然椰棕垫1.2m折叠,591.6,护脊A【18cm】A类棉麻面料+15cmS黄麻,1233.35,1799,平台加补后,https://detail.tmall.com/item.htm?b_s_f=sycm&b_spm=a21ag.29085015&id=40640084764
9,40640084764,铂马仕旗舰店,儿童护脊黄麻乳胶床垫家用环保席梦思高低床天然椰棕垫1.2m折叠,591.6,防螨B【8cm】A类棉麻面料+2cm乳胶+3cmS黄麻,696.15,989,平台加补后,https://detail.tmall.com/item.htm?b_s_f=sycm&b_spm=a21ag.29085015&id=40640084764
9,40640084764,铂马仕旗舰店,儿童护脊黄麻乳胶床垫家用环保席梦思高低床天然椰棕垫1.2m折叠,591.6,防螨B【10cm】A类棉麻面料+2cm乳胶+5cmS黄麻,797.3,1139,平台加补后,https://detail.tmall.com/item.htm?b_s_f=sycm&b_spm=a21ag.29085015&id=40640084764
9,40640084764,铂马仕旗舰店,儿童护脊黄麻乳胶床垫家用环保席梦思高低床天然椰棕垫1.2m折叠,591.6,防螨B【12cm】A类棉麻面料+2cm乳胶+7cmS黄麻,889.95,1289,平台加补后,https://detail.tmall.com/item.htm?b_s_f=sycm&b_spm=a21ag.29085015&id=40640084764
9,40640084764,铂马仕旗舰店,儿童护脊黄麻乳胶床垫家用环保席梦思高低床天然椰棕垫1.2m折叠,591.6,防螨B【15cm】A类棉麻面料+2cm乳胶+10cmS黄麻,1045.5,1539,平台加补后,https://detail.tmall.com/item.htm?b_s_f=sycm&b_spm=a21ag.29085015&id=40640084764
9,40640084764,铂马仕旗舰店,儿童护脊黄麻乳胶床垫家用环保席梦思高低床天然椰棕垫1.2m折叠,591.6,防螨B【20cm】A类棉麻面料+2cm乳胶+15cmS黄麻,1426.3,2089,平台加补后,https://detail.tmall.com/item.htm?b_s_f=sycm&b_spm=a21ag.29085015&id=40640084764
9,40640084764,铂马仕旗舰店,儿童护脊黄麻乳胶床垫家用环保席梦思高低床天然椰棕垫1.2m折叠,591.6,透气C【8cm】A类棉麻面料+2cm 3D透气芯+3cmS黄麻,696.15,989,平台加补后,https://detail.tmall.com/item.htm?b_s_f=sycm&b_spm=a21ag.29085015&id=40640084764
9,40640084764,铂马仕旗舰店,儿童护脊黄麻乳胶床垫家用环保席梦思高低床天然椰棕垫1.2m折叠,591.6,透气C【10cm】A类棉麻面料+2cm 3D透气芯+5cmS黄麻,797.3,1139,平台加补后,https://detail.tmall.com/item.htm?b_s_f=sycm&b_spm=a21ag.29085015&id=40640084764
9,40640084764,铂马仕旗舰店,儿童护脊黄麻乳胶床垫家用环保席梦思高低床天然椰棕垫1.2m折叠,591.6,透气C【12cm】A类棉麻面料+2cm 3D透气芯+7cmS黄麻,889.95,1289,平台加补后,https://detail.tmall.com/item.htm?b_s_f=sycm&b_spm=a21ag.29085015&id=40640084764
9,40640084764,铂马仕旗舰店,儿童护脊黄麻乳胶床垫家用环保席梦思高低床天然椰棕垫1.2m折叠,591.6,透气C【15cm】A类棉麻面料+2cm 3D透气芯+10cmS黄麻,1045.5,1539,平台加补后,https://detail.tmall.com/item.htm?b_s_f=sycm&b_spm=a21ag.29085015&id=40640084764
9,40640084764,铂马仕旗舰店,儿童护脊黄麻乳胶床垫家用环保席梦思高低床天然椰棕垫1.2m折叠,591.6,透气C【20cm】A类棉麻面料+2cm 3D透气芯+15cmS黄麻,1426.3,2089,平台加补后,https://detail.tmall.com/item.htm?b_s_f=sycm&b_spm=a21ag.29085015&id=40640084764
9,40640084764,铂马仕旗舰店,儿童护脊黄麻乳胶床垫家用环保席梦思高低床天然椰棕垫1.2m折叠,591.6,全拆护脊A【6cm】A类棉麻面料+3cmS黄麻,591.6,849,平台加补后,https://detail.tmall.com/item.htm?b_s_f=sycm&b_spm=a21ag.29085015&id=40640084764
9,40640084764,铂马仕旗舰店,儿童护脊黄麻乳胶床垫家用环保席梦思高低床天然椰棕垫1.2m折叠,591.6,全拆护脊A【8cm】A类棉麻面料+5cmS黄麻,703.8,999,平台加补后,https://detail.tmall.com/item.htm?b_s_f=sycm&b_spm=a21ag.29085015&id=40640084764
9,40640084764,铂马仕旗舰店,儿童护脊黄麻乳胶床垫家用环保席梦思高低床天然椰棕垫1.2m折叠,591.6,全拆护脊A【10cm】A类棉麻面料+7cmS黄麻,804.95,1149,平台加补后,https://detail.tmall.com/item.htm?b_s_f=sycm&b_spm=a21ag.29085015&id=40640084764
9,40640084764,铂马仕旗舰店,儿童护脊黄麻乳胶床垫家用环保席梦思高低床天然椰棕垫1.2m折叠,591.6,全拆护脊A【13cm】A类棉麻面料+10cmS黄麻,969,1399,平台加补后,https://detail.tmall.com/item.htm?b_s_f=sycm&b_spm=a21ag.29085015&id=40640084764
9,40640084764,铂马仕旗舰店,儿童护脊黄麻乳胶床垫家用环保席梦思高低床天然椰棕垫1.2m折叠,591.6,全拆护脊A【18cm】A类棉麻面料+15cmS黄麻,1233.35,1799,平台加补后,https://detail.tmall.com/item.htm?b_s_f=sycm&b_spm=a21ag.29085015&id=40640084764
9,40640084764,铂马仕旗舰店,儿童护脊黄麻乳胶床垫家用环保席梦思高低床天然椰棕垫1.2m折叠,591.6,全拆防螨B【8cm】A类棉麻面料+2cm乳胶+3cmS黄麻,696.15,989,平台加补后,https://detail.tmall.com/item.htm?b_s_f=sycm&b_spm=a21ag.29085015&id=40640084764
9,40640084764,铂马仕旗舰店,儿童护脊黄麻乳胶床垫家用环保席梦思高低床天然椰棕垫1.2m折叠,591.6,全拆防螨B【10cm】A类棉麻面料+2cm乳胶+5cmS黄麻,797.3,1139,平台加补后,https://detail.tmall.com/item.htm?b_s_f=sycm&b_spm=a21ag.29085015&id=40640084764
9,40640084764,铂马仕旗舰店,儿童护脊黄麻乳胶床垫家用环保席梦思高低床天然椰棕垫1.2m折叠,591.6,全拆防螨B【12cm】A类棉麻面料+2cm乳胶+7cmS黄麻,889.95,1289,平台加补后,https://detail.tmall.com/item.htm?b_s_f=sycm&b_spm=a21ag.29085015&id=40640084764
9,40640084764,铂马仕旗舰店,儿童护脊黄麻乳胶床垫家用环保席梦思高低床天然椰棕垫1.2m折叠,591.6,全拆防螨B【15cm】A类棉麻面料+2cm乳胶+10cmS黄麻,1045.5,1539,平台加补后,https://detail.tmall.com/item.htm?b_s_f=sycm&b_spm=a21ag.29085015&id=40640084764
9,40640084764,铂马仕旗舰店,儿童护脊黄麻乳胶床垫家用环保席梦思高低床天然椰棕垫1.2m折叠,591.6,全拆防螨B【20cm】A类棉麻面料+2cm乳胶+15cmS黄麻,1426.3,2089,平台加补后,https://detail.tmall.com/item.htm?b_s_f=sycm&b_spm=a21ag.29085015&id=40640084764
9,40640084764,铂马仕旗舰店,儿童护脊黄麻乳胶床垫家用环保席梦思高低床天然椰棕垫1.2m折叠,591.6,全拆透气C【8cm】A类棉麻面料+2cm 3D透气芯+3cmS黄麻,696.15,989,平台加补后,https://detail.tmall.com/item.htm?b_s_f=sycm&b_spm=a21ag.29085015&id=40640084764
9,40640084764,铂马仕旗舰店,儿童护脊黄麻乳胶床垫家用环保席梦思高低床天然椰棕垫1.2m折叠,591.6,全拆透气C【10cm】A类棉麻面料+2cm 3D透气芯+5cmS黄麻,797.3,1139,平台加补后,https://detail.tmall.com/item.htm?b_s_f=sycm&b_spm=a21ag.29085015&id=40640084764
9,40640084764,铂马仕旗舰店,儿童护脊黄麻乳胶床垫家用环保席梦思高低床天然椰棕垫1.2m折叠,591.6,全拆透气C【12cm】A类棉麻面料+2cm 3D透气芯+7cmS黄麻,889.95,1289,平台加补后,https://detail.tmall.com/item.htm?b_s_f=sycm&b_spm=a21ag.29085015&id=40640084764
9,40640084764,铂马仕旗舰店,儿童护脊黄麻乳胶床垫家用环保席梦思高低床天然椰棕垫1.2m折叠,591.6,全拆透气C【15cm】A类棉麻面料+2cm 3D透气芯+10cmS黄麻,1045.5,1539,平台加补后,https://detail.tmall.com/item.htm?b_s_f=sycm&b_spm=a21ag.29085015&id=40640084764
9,40640084764,铂马仕旗舰店,儿童护脊黄麻乳胶床垫家用环保席梦思高低床天然椰棕垫1.2m折叠,591.6,全拆透气C【20cm】A类棉麻面料+2cm 3D透气芯+15cmS黄麻,1426.3,2089,平台加补后,https://detail.tmall.com/item.htm?b_s_f=sycm&b_spm=a21ag.29085015&id=40640084764
10,691510768993,睡眠骑士床垫企业店,睡眠骑士乳胶床垫五星级酒店薄款独立弹簧10cm席梦思15cm家用公分,1229.1,五星G款 9cm【2cm乳胶+酒店专利弹簧】适中单面,1236.75,1858,平台加补后,https://detail.tmall.com/item.htm?b_s_f=sycm&b_spm=a21ag.29085015&id=691510768993
10,691510768993,睡眠骑士床垫企业店,睡眠骑士乳胶床垫五星级酒店薄款独立弹簧10cm席梦思15cm家用公分,1229.1,五星H款11cm【2cm乳胶+酒店专利弹簧+2cm黄麻】适中/偏硬双面,1296.25,1938,平台加补后,https://detail.tmall.com/item.htm?b_s_f=sycm&b_spm=a21ag.29085015&id=691510768993
10,691510768993,睡眠骑士床垫企业店,睡眠骑士乳胶床垫五星级酒店薄款独立弹簧10cm席梦思15cm家用公分,1229.1,五星A款10cm【3cm乳胶+酒店专利弹簧】偏软单面 店长主推,1379.55,2118,平台加补后,https://detail.tmall.com/item.htm?b_s_f=sycm&b_spm=a21ag.29085015&id=691510768993
10,691510768993,睡眠骑士床垫企业店,睡眠骑士乳胶床垫五星级酒店薄款独立弹簧10cm席梦思15cm家用公分,1229.1,五星B款12cm【3cm乳胶+酒店专利弹簧+2cm黄麻】偏软/偏硬双面,1469.65,2238,平台加补后,https://detail.tmall.com/item.htm?b_s_f=sycm&b_spm=a21ag.29085015&id=691510768993
10,691510768993,睡眠骑士床垫企业店,睡眠骑士乳胶床垫五星级酒店薄款独立弹簧10cm席梦思15cm家用公分,1229.1,豪华C款12cm【5cm乳胶+酒店专利弹簧】柔软单面,1522.35,2308,平台加补后,https://detail.tmall.com/item.htm?b_s_f=sycm&b_spm=a21ag.29085015&id=691510768993
10,691510768993,睡眠骑士床垫企业店,睡眠骑士乳胶床垫五星级酒店薄款独立弹簧10cm席梦思15cm家用公分,1229.1,豪华D款15cm【5cm乳胶+酒店专利弹簧+2cm黄麻】柔软/偏硬双面,1603.95,2418,平台加补后,https://detail.tmall.com/item.htm?b_s_f=sycm&b_spm=a21ag.29085015&id=691510768993
10,691510768993,睡眠骑士床垫企业店,睡眠骑士乳胶床垫五星级酒店薄款独立弹簧10cm席梦思15cm家用公分,1229.1,总统E款15cm【2cm记忆棉+5cm乳胶+酒店专利弹簧】超软单面,1701.7,2548,平台加补后,https://detail.tmall.com/item.htm?b_s_f=sycm&b_spm=a21ag.29085015&id=691510768993
10,691510768993,睡眠骑士床垫企业店,睡眠骑士乳胶床垫五星级酒店薄款独立弹簧10cm席梦思15cm家用公分,1229.1,总统F款17cm【2cm记忆棉+5cm乳胶+酒店专利弹簧+2cm黄麻】超软/偏硬双面,1798.6,2678,平台加补后,https://detail.tmall.com/item.htm?b_s_f=sycm&b_spm=a21ag.29085015&id=691510768993
10,691510768993,睡眠骑士床垫企业店,睡眠骑士乳胶床垫五星级酒店薄款独立弹簧10cm席梦思15cm家用公分,1229.1,护脊J款10cm【2cm黄麻+酒店专利弹簧】偏硬单面,1229.1,1848,平台加补后,https://detail.tmall.com/item.htm?b_s_f=sycm&b_spm=a21ag.29085015&id=691510768993
10,691510768993,睡眠骑士床垫企业店,睡眠骑士乳胶床垫五星级酒店薄款独立弹簧10cm席梦思15cm家用公分,1229.1,护脊K款11cm【乳胶+2cm黄麻+酒店专利弹簧】适中单面,1326,1978,平台加补后,https://detail.tmall.com/item.htm?b_s_f=sycm&b_spm=a21ag.29085015&id=691510768993
11,728968513494,派乐熊旗舰店,派乐熊全拆儿童床垫护脊加密弹簧青少年学生家用席梦思0胶水工艺,1088,全拆A20cm【2cm黄麻+酷布独立袋弹簧】,1088,1467,平台加补后,https://detail.tmall.com/item.htm?b_s_f=sycm&b_spm=a21ag.29085015&id=728968513494
11,728968513494,派乐熊旗舰店,派乐熊全拆儿童床垫护脊加密弹簧青少年学生家用席梦思0胶水工艺,1088,全拆B20cm【2cm乳胶+酷布独立袋弹簧】,1088,1467,平台加补后,https://detail.tmall.com/item.htm?b_s_f=sycm&b_spm=a21ag.29085015&id=728968513494
11,728968513494,派乐熊旗舰店,派乐熊全拆儿童床垫护脊加密弹簧青少年学生家用席梦思0胶水工艺,1088,全拆C20cm【2cm记忆棉+酷布独立袋弹簧】,1188.3,1601,平台加补后,https://detail.tmall.com/item.htm?b_s_f=sycm&b_spm=a21ag.29085015&id=728968513494
11,728968513494,派乐熊旗舰店,派乐熊全拆儿童床垫护脊加密弹簧青少年学生家用席梦思0胶水工艺,1088,全拆D20cm【2cm透气3D+酷布独立袋弹簧】,1188.3,1601,平台加补后,https://detail.tmall.com/item.htm?b_s_f=sycm&b_spm=a21ag.29085015&id=728968513494
11,728968513494,派乐熊旗舰店,派乐熊全拆儿童床垫护脊加密弹簧青少年学生家用席梦思0胶水工艺,1088,全拆E22cm【2cm乳胶+2cm黄麻+酷布独立袋弹簧】,1188.3,1601,平台加补后,https://detail.tmall.com/item.htm?b_s_f=sycm&b_spm=a21ag.29085015&id=728968513494
11,728968513494,派乐熊旗舰店,派乐熊全拆儿童床垫护脊加密弹簧青少年学生家用席梦思0胶水工艺,1088,全拆F22cm【2cm记忆棉+2cm黄麻+酷布独立袋弹簧】,1288.6,1735,平台加补后,https://detail.tmall.com/item.htm?b_s_f=sycm&b_spm=a21ag.29085015&id=728968513494
11,728968513494,派乐熊旗舰店,派乐熊全拆儿童床垫护脊加密弹簧青少年学生家用席梦思0胶水工艺,1088,全拆G22cm【2cm透气3D+2cm黄麻+酷布独立袋弹簧】 千人加购,1288.6,1735,平台加补后,https://detail.tmall.com/item.htm?b_s_f=sycm&b_spm=a21ag.29085015&id=728968513494
11,728968513494,派乐熊旗舰店,派乐熊全拆儿童床垫护脊加密弹簧青少年学生家用席梦思0胶水工艺,1088,全拆H22cm【2cm透气3D+2cm乳胶+酷布独立袋弹簧】,1288.6,1735,平台加补后,https://detail.tmall.com/item.htm?b_s_f=sycm&b_spm=a21ag.29085015&id=728968513494
11,728968513494,派乐熊旗舰店,派乐熊全拆儿童床垫护脊加密弹簧青少年学生家用席梦思0胶水工艺,1088,全拆I22cm【2cm透气3D+2cm记忆棉+酷布独立袋弹簧】,1388.05,1868,平台加补后,https://detail.tmall.com/item.htm?b_s_f=sycm&b_spm=a21ag.29085015&id=728968513494
11,728968513494,派乐熊旗舰店,派乐熊全拆儿童床垫护脊加密弹簧青少年学生家用席梦思0胶水工艺,1088,升级全拆J20cm【2160颗专利小弹簧+2cm黄麻】,1188.3,1601,平台加补后,https://detail.tmall.com/item.htm?b_s_f=sycm&b_spm=a21ag.29085015&id=728968513494
11,728968513494,派乐熊旗舰店,派乐熊全拆儿童床垫护脊加密弹簧青少年学生家用席梦思0胶水工艺,1088,升级全拆K20cm【2160颗专利小弹簧+2cm乳胶】,1188.3,1601,平台加补后,https://detail.tmall.com/item.htm?b_s_f=sycm&b_spm=a21ag.29085015&id=728968513494
11,728968513494,派乐熊旗舰店,派乐熊全拆儿童床垫护脊加密弹簧青少年学生家用席梦思0胶水工艺,1088,升级全拆L20cm【2160颗专利小弹簧+2cm记忆棉】,1288.6,1735,平台加补后,https://detail.tmall.com/item.htm?b_s_f=sycm&b_spm=a21ag.29085015&id=728968513494
11,728968513494,派乐熊旗舰店,派乐熊全拆儿童床垫护脊加密弹簧青少年学生家用席梦思0胶水工艺,1088,升级全拆M20cm【2160颗专利小弹簧+2cm透气3D】,1288.6,1735,平台加补后,https://detail.tmall.com/item.htm?b_s_f=sycm&b_spm=a21ag.29085015&id=728968513494
11,728968513494,派乐熊旗舰店,派乐熊全拆儿童床垫护脊加密弹簧青少年学生家用席梦思0胶水工艺,1088,升级全拆N22cm【2160颗专利小弹簧+2cm乳胶+2cm黄麻】,1288.6,1735,平台加补后,https://detail.tmall.com/item.htm?b_s_f=sycm&b_spm=a21ag.29085015&id=728968513494
11,728968513494,派乐熊旗舰店,派乐熊全拆儿童床垫护脊加密弹簧青少年学生家用席梦思0胶水工艺,1088,升级全拆O22cm【2160颗专利小弹簧+2cm记忆棉+2cm黄麻】,1388.05,1868,平台加补后,https://detail.tmall.com/item.htm?b_s_f=sycm&b_spm=a21ag.29085015&id=728968513494
11,728968513494,派乐熊旗舰店,派乐熊全拆儿童床垫护脊加密弹簧青少年学生家用席梦思0胶水工艺,1088,升级全拆P22cm【2160颗专利小弹簧+2cm透气3D+2cm黄麻】,1388.05,1868,平台加补后,https://detail.tmall.com/item.htm?b_s_f=sycm&b_spm=a21ag.29085015&id=728968513494
11,728968513494,派乐熊旗舰店,派乐熊全拆儿童床垫护脊加密弹簧青少年学生家用席梦思0胶水工艺,1088,升级全拆Q22cm【2160颗专利小弹簧+2cm透气3D+2cm乳胶】,1388.05,1868,平台加补后,https://detail.tmall.com/item.htm?b_s_f=sycm&b_spm=a21ag.29085015&id=728968513494
11,728968513494,派乐熊旗舰店,派乐熊全拆儿童床垫护脊加密弹簧青少年学生家用席梦思0胶水工艺,1088,升级全拆R22cm【2160颗专利小弹簧+2cm透气3D+2cm记忆棉】,1488.35,2002,平台加补后,https://detail.tmall.com/item.htm?b_s_f=sycm&b_spm=a21ag.29085015&id=728968513494
12,893138674729,麻师傅家具旗舰店,麻师傅天然S形黄麻床垫叠加软床专用加硬神器儿童老人护腰脊椰棕,565.25,星空灰 A高硬3.6cm厚=3cm双S形黄麻+双层6D面料（全拆可机洗）,565.25,756,平台加补后,https://detail.tmall.com/item.htm?b_s_f=sycm&b_spm=a21ag.29085015&id=893138674729
12,893138674729,麻师傅家具旗舰店,麻师傅天然S形黄麻床垫叠加软床专用加硬神器儿童老人护腰脊椰棕,565.25,星空灰 A高硬5.6cm厚=5cm双S形黄麻+双层6D面料（全拆可机洗）,691.9,926,平台加补后,https://detail.tmall.com/item.htm?b_s_f=sycm&b_spm=a21ag.29085015&id=893138674729
12,893138674729,麻师傅家具旗舰店,麻师傅天然S形黄麻床垫叠加软床专用加硬神器儿童老人护腰脊椰棕,565.25,星空灰 A高硬7.6cm厚=7cm双S形黄麻+双层6D面料（全拆可机洗）,838.95,1122,平台加补后,https://detail.tmall.com/item.htm?b_s_f=sycm&b_spm=a21ag.29085015&id=893138674729
12,893138674729,麻师傅家具旗舰店,麻师傅天然S形黄麻床垫叠加软床专用加硬神器儿童老人护腰脊椰棕,565.25,星空灰 B中硬4.6cm厚=1cm乳胶+3cm双S形黄麻+双层6D面料（全拆可机洗） 千人加购,653.65,874,平台加补后,https://detail.tmall.com/item.htm?b_s_f=sycm&b_spm=a21ag.29085015&id=893138674729
12,893138674729,麻师傅家具旗舰店,麻师傅天然S形黄麻床垫叠加软床专用加硬神器儿童老人护腰脊椰棕,565.25,星空灰 B中硬6.6cm厚=1cm乳胶+5cm双S形黄麻+双层6D面料（全拆可机洗）,780.3,1044,平台加补后,https://detail.tmall.com/item.htm?b_s_f=sycm&b_spm=a21ag.29085015&id=893138674729
12,893138674729,麻师傅家具旗舰店,麻师傅天然S形黄麻床垫叠加软床专用加硬神器儿童老人护腰脊椰棕,565.25,星空灰 B中硬8.6cm厚=1cm乳胶+7cm双S形黄麻+双层6D面料（全拆可机洗）,927.35,1240,平台加补后,https://detail.tmall.com/item.htm?b_s_f=sycm&b_spm=a21ag.29085015&id=893138674729
12,893138674729,麻师傅家具旗舰店,麻师傅天然S形黄麻床垫叠加软床专用加硬神器儿童老人护腰脊椰棕,565.25,星空灰 C适中硬5.6cm厚=2cm乳胶+3cm双S形黄麻+双层6D面料（全拆可机洗）,731,978,平台加补后,https://detail.tmall.com/item.htm?b_s_f=sycm&b_spm=a21ag.29085015&id=893138674729
12,893138674729,麻师傅家具旗舰店,麻师傅天然S形黄麻床垫叠加软床专用加硬神器儿童老人护腰脊椰棕,565.25,星空灰 C适中硬7.6cm厚=2cm乳胶+5cm双S形黄麻+双层6D面料（全拆可机洗）,858.5,1148,平台加补后,https://detail.tmall.com/item.htm?b_s_f=sycm&b_spm=a21ag.29085015&id=893138674729
12,893138674729,麻师傅家具旗舰店,麻师傅天然S形黄麻床垫叠加软床专用加硬神器儿童老人护腰脊椰棕,565.25,星空灰 D偏硬5.6cm厚=2cm3D+3cm双S形黄麻+双层6D面料（全拆可机洗）,731,978,平台加补后,https://detail.tmall.com/item.htm?b_s_f=sycm&b_spm=a21ag.29085015&id=893138674729
12,893138674729,麻师傅家具旗舰店,麻师傅天然S形黄麻床垫叠加软床专用加硬神器儿童老人护腰脊椰棕,565.25,星空灰 D偏硬7.6cm厚=2cm3D+5cm双S形黄麻+双层6D面料（全拆可机洗）,858.5,1148,平台加补后,https://detail.tmall.com/item.htm?b_s_f=sycm&b_spm=a21ag.29085015&id=893138674729
12,893138674729,麻师傅家具旗舰店,麻师傅天然S形黄麻床垫叠加软床专用加硬神器儿童老人护腰脊椰棕,565.25,星空灰 E适中硬5.6cm厚=2cm记忆棉+3cm双S形黄麻+双层6D面料（全拆可机洗）,731,978,平台加补后,https://detail.tmall.com/item.htm?b_s_f=sycm&b_spm=a21ag.29085015&id=893138674729
12,893138674729,麻师傅家具旗舰店,麻师傅天然S形黄麻床垫叠加软床专用加硬神器儿童老人护腰脊椰棕,565.25,星空灰 E适中硬7.6cm厚=2cm记忆棉+5cm双S形黄麻+双层6D面料（全拆可机洗）,858.5,1148,平台加补后,https://detail.tmall.com/item.htm?b_s_f=sycm&b_spm=a21ag.29085015&id=893138674729
13,521995661165,moonlightfamily旗舰店,月光之家五星级酒店乳胶床垫家庭用超软独立弹簧席梦思1.8米加厚,1458.6,A款【22cm厚】3cm乳胶+腰臀加固独立袋,1458.6,2178,平台加补后,https://detail.tmall.com/item.htm?b_s_f=sycm&b_spm=a21ag.29085015&id=521995661165
13,521995661165,moonlightfamily旗舰店,月光之家五星级酒店乳胶床垫家庭用超软独立弹簧席梦思1.8米加厚,1458.6,B款【24cm厚】3cm乳胶+腰臀加固独立袋+黄麻 双面,1558.9,2312,平台加补后,https://detail.tmall.com/item.htm?b_s_f=sycm&b_spm=a21ag.29085015&id=521995661165
13,521995661165,moonlightfamily旗舰店,月光之家五星级酒店乳胶床垫家庭用超软独立弹簧席梦思1.8米加厚,1458.6,C款【25cm厚】3cm乳胶+迷你气泡簧+腰臀加固独立袋+记忆棉 双面,1658.35,2445,平台加补后,https://detail.tmall.com/item.htm?b_s_f=sycm&b_spm=a21ag.29085015&id=521995661165
13,521995661165,moonlightfamily旗舰店,月光之家五星级酒店乳胶床垫家庭用超软独立弹簧席梦思1.8米加厚,1458.6,D款【22cm厚】5cm乳胶+腰臀加固独立袋,1558.9,2312,平台加补后,https://detail.tmall.com/item.htm?b_s_f=sycm&b_spm=a21ag.29085015&id=521995661165
13,521995661165,moonlightfamily旗舰店,月光之家五星级酒店乳胶床垫家庭用超软独立弹簧席梦思1.8米加厚,1458.6,E款【25cm厚】5cm乳胶+腰臀加固独立袋+记忆棉 双面 店长主推,1618.4,2392,平台加补后,https://detail.tmall.com/item.htm?b_s_f=sycm&b_spm=a21ag.29085015&id=521995661165
13,521995661165,moonlightfamily旗舰店,月光之家五星级酒店乳胶床垫家庭用超软独立弹簧席梦思1.8米加厚,1458.6,F款【25cm厚】5cm乳胶+迷你气泡簧+腰臀加固独立袋,1688.1,2485,平台加补后,https://detail.tmall.com/item.htm?b_s_f=sycm&b_spm=a21ag.29085015&id=521995661165
13,521995661165,moonlightfamily旗舰店,月光之家五星级酒店乳胶床垫家庭用超软独立弹簧席梦思1.8米加厚,1458.6,G款【27cm厚】5cm乳胶+迷你气泡簧+腰臀加固独立袋+记忆棉 双面,1738.25,2552,平台加补后,https://detail.tmall.com/item.htm?b_s_f=sycm&b_spm=a21ag.29085015&id=521995661165
13,521995661165,moonlightfamily旗舰店,月光之家五星级酒店乳胶床垫家庭用超软独立弹簧席梦思1.8米加厚,1458.6,H款【30cm厚】5cm乳胶+迷你气泡簧+腰臀加固独立袋+记忆棉 双面,1788.4,2619,平台加补后,https://detail.tmall.com/item.htm?b_s_f=sycm&b_spm=a21ag.29085015&id=521995661165
14,871914448139,PARELER BEAR旗舰店,派乐熊儿童专用床垫加密独立袋弹簧青少年偏硬护脊席梦思学生家用,849.15,偏硬O20cm:【防螨黄麻】+迷你扣加固弹簧,849.15,1147,平台加补后,https://detail.tmall.com/item.htm?b_s_f=sycm&b_spm=a21ag.29085015&id=871914448139
14,871914448139,PARELER BEAR旗舰店,派乐熊儿童专用床垫加密独立袋弹簧青少年偏硬护脊席梦思学生家用,849.15,适中P22cm:【乳胶+黄麻】+迷你扣加固弹簧,889.1,1200,平台加补后,https://detail.tmall.com/item.htm?b_s_f=sycm&b_spm=a21ag.29085015&id=871914448139
14,871914448139,PARELER BEAR旗舰店,派乐熊儿童专用床垫加密独立袋弹簧青少年偏硬护脊席梦思学生家用,849.15,适中Q22cm:【记忆棉+黄麻】+迷你扣加固弹簧,988.55,1334,平台加补后,https://detail.tmall.com/item.htm?b_s_f=sycm&b_spm=a21ag.29085015&id=871914448139
14,871914448139,PARELER BEAR旗舰店,派乐熊儿童专用床垫加密独立袋弹簧青少年偏硬护脊席梦思学生家用,849.15,适中R22cm:【透气3D+黄麻】+迷你扣加固弹簧,988.55,1334,平台加补后,https://detail.tmall.com/item.htm?b_s_f=sycm&b_spm=a21ag.29085015&id=871914448139
14,871914448139,PARELER BEAR旗舰店,派乐熊儿童专用床垫加密独立袋弹簧青少年偏硬护脊席梦思学生家用,849.15,偏硬A20cm:【防螨黄麻】+加密独立袋弹簧,889.1,1200,平台加补后,https://detail.tmall.com/item.htm?b_s_f=sycm&b_spm=a21ag.29085015&id=871914448139
14,871914448139,PARELER BEAR旗舰店,派乐熊儿童专用床垫加密独立袋弹簧青少年偏硬护脊席梦思学生家用,849.15,适中B22cm:【乳胶+黄麻】+加密独立袋弹簧,988.55,1334,平台加补后,https://detail.tmall.com/item.htm?b_s_f=sycm&b_spm=a21ag.29085015&id=871914448139
14,871914448139,PARELER BEAR旗舰店,派乐熊儿童专用床垫加密独立袋弹簧青少年偏硬护脊席梦思学生家用,849.15,双面C22cm:【乳胶+黄麻】+加密独立袋弹簧,988.55,1334,平台加补后,https://detail.tmall.com/item.htm?b_s_f=sycm&b_spm=a21ag.29085015&id=871914448139
14,871914448139,PARELER BEAR旗舰店,派乐熊儿童专用床垫加密独立袋弹簧青少年偏硬护脊席梦思学生家用,849.15,适中D22cm:【记忆棉+黄麻】+加密独立袋弹簧,1088,1467,平台加补后,https://detail.tmall.com/item.htm?b_s_f=sycm&b_spm=a21ag.29085015&id=871914448139
14,871914448139,PARELER BEAR旗舰店,派乐熊儿童专用床垫加密独立袋弹簧青少年偏硬护脊席梦思学生家用,849.15,双面E22cm:【记忆棉+黄麻】+加密独立袋弹簧,1088,1467,平台加补后,https://detail.tmall.com/item.htm?b_s_f=sycm&b_spm=a21ag.29085015&id=871914448139
14,871914448139,PARELER BEAR旗舰店,派乐熊儿童专用床垫加密独立袋弹簧青少年偏硬护脊席梦思学生家用,849.15,适中F22cm:【透气3D+黄麻】+加密独立袋弹簧,1088,1467,平台加补后,https://detail.tmall.com/item.htm?b_s_f=sycm&b_spm=a21ag.29085015&id=871914448139
14,871914448139,PARELER BEAR旗舰店,派乐熊儿童专用床垫加密独立袋弹簧青少年偏硬护脊席梦思学生家用,849.15,双面G22cm:【透气3D+黄麻】+加密独立袋弹簧,1088,1467,平台加补后,https://detail.tmall.com/item.htm?b_s_f=sycm&b_spm=a21ag.29085015&id=871914448139
14,871914448139,PARELER BEAR旗舰店,派乐熊儿童专用床垫加密独立袋弹簧青少年偏硬护脊席梦思学生家用,849.15,升级H20cm:【2160颗专利小弹簧】+防螨黄麻丨偏硬睡感,988.55,1334,平台加补后,https://detail.tmall.com/item.htm?b_s_f=sycm&b_spm=a21ag.29085015&id=871914448139
14,871914448139,PARELER BEAR旗舰店,派乐熊儿童专用床垫加密独立袋弹簧青少年偏硬护脊席梦思学生家用,849.15,升级I22cm:【2160颗专利小弹簧】+乳胶+黄麻丨适中睡感,1088,1467,平台加补后,https://detail.tmall.com/item.htm?b_s_f=sycm&b_spm=a21ag.29085015&id=871914448139
14,871914448139,PARELER BEAR旗舰店,派乐熊儿童专用床垫加密独立袋弹簧青少年偏硬护脊席梦思学生家用,849.15,升级J22cm:【2160颗专利小弹簧】+乳胶+黄麻丨双面睡感,1088,1467,平台加补后,https://detail.tmall.com/item.htm?b_s_f=sycm&b_spm=a21ag.29085015&id=871914448139
14,871914448139,PARELER BEAR旗舰店,派乐熊儿童专用床垫加密独立袋弹簧青少年偏硬护脊席梦思学生家用,849.15,升级K22cm:【2160颗专利小弹簧】+记忆棉+黄麻丨适中睡感,1188.3,1601,平台加补后,https://detail.tmall.com/item.htm?b_s_f=sycm&b_spm=a21ag.29085015&id=871914448139
14,871914448139,PARELER BEAR旗舰店,派乐熊儿童专用床垫加密独立袋弹簧青少年偏硬护脊席梦思学生家用,849.15,升级L22cm:【2160颗专利小弹簧】+记忆棉+黄麻丨双面睡感,1188.3,1601,平台加补后,https://detail.tmall.com/item.htm?b_s_f=sycm&b_spm=a21ag.29085015&id=871914448139
14,871914448139,PARELER BEAR旗舰店,派乐熊儿童专用床垫加密独立袋弹簧青少年偏硬护脊席梦思学生家用,849.15,升级M22cm:【2160颗专利小弹簧】+透气3D+黄麻丨适中睡感,1188.3,1601,平台加补后,https://detail.tmall.com/item.htm?b_s_f=sycm&b_spm=a21ag.29085015&id=871914448139
14,871914448139,PARELER BEAR旗舰店,派乐熊儿童专用床垫加密独立袋弹簧青少年偏硬护脊席梦思学生家用,849.15,升级N22cm:【2160颗专利小弹簧】+透气3D+黄麻丨双面睡感,1188.3,1601,平台加补后,https://detail.tmall.com/item.htm?b_s_f=sycm&b_spm=a21ag.29085015&id=871914448139
15,866382200003,甜蜜睡眠旗舰店,甜蜜睡眠床垫马尾毛手工拉扣席梦思独立袋装弹簧乳胶护脊卧室家用,2168.35,经济-适中A款≈22cm【腰背承托 支撑更到位】mini气泡弹簧 千人加购,2168.35,3538,平台加补后,https://detail.tmall.com/item.htm?b_s_f=sycm&b_spm=a21ag.29085015&id=866382200003
15,866382200003,甜蜜睡眠旗舰店,甜蜜睡眠床垫马尾毛手工拉扣席梦思独立袋装弹簧乳胶护脊卧室家用,2168.35,经济-微硬B款≈22cm【腰背承托 支撑更到位】天然乳胶层,2168.35,3538,平台加补后,https://detail.tmall.com/item.htm?b_s_f=sycm&b_spm=a21ag.29085015&id=866382200003
15,866382200003,甜蜜睡眠旗舰店,甜蜜睡眠床垫马尾毛手工拉扣席梦思独立袋装弹簧乳胶护脊卧室家用,2168.35,经济-偏硬C款≈22cm【腰背承托 支撑更到位】透气3D层,2168.35,3538,平台加补后,https://detail.tmall.com/item.htm?b_s_f=sycm&b_spm=a21ag.29085015&id=866382200003
15,866382200003,甜蜜睡眠旗舰店,甜蜜睡眠床垫马尾毛手工拉扣席梦思独立袋装弹簧乳胶护脊卧室家用,2168.35,舒适-偏软D款≈24cm【高性价比 排湿透气缓冲】排湿羊毛层+mini气泡簧,2377.45,3838,平台加补后,https://detail.tmall.com/item.htm?b_s_f=sycm&b_spm=a21ag.29085015&id=866382200003
15,866382200003,甜蜜睡眠旗舰店,甜蜜睡眠床垫马尾毛手工拉扣席梦思独立袋装弹簧乳胶护脊卧室家用,2168.35,舒适-适中E款≈24cm【高性价比 排湿透气缓冲】排湿羊毛层+天然乳胶,2377.45,3838,平台加补后,https://detail.tmall.com/item.htm?b_s_f=sycm&b_spm=a21ag.29085015&id=866382200003
15,866382200003,甜蜜睡眠旗舰店,甜蜜睡眠床垫马尾毛手工拉扣席梦思独立袋装弹簧乳胶护脊卧室家用,2168.35,舒适-微硬F款≈24cm【高性价比 排湿透气缓冲】排湿羊毛层+透气3D,2377.45,3838,平台加补后,https://detail.tmall.com/item.htm?b_s_f=sycm&b_spm=a21ag.29085015&id=866382200003
15,866382200003,甜蜜睡眠旗舰店,甜蜜睡眠床垫马尾毛手工拉扣席梦思独立袋装弹簧乳胶护脊卧室家用,2168.35,升级-偏软G款≈24cm【大众优选 护脊释压兼顾】舒弹马尾毛+mini气泡簧,2585.7,4138,平台加补后,https://detail.tmall.com/item.htm?b_s_f=sycm&b_spm=a21ag.29085015&id=866382200003
15,866382200003,甜蜜睡眠旗舰店,甜蜜睡眠床垫马尾毛手工拉扣席梦思独立袋装弹簧乳胶护脊卧室家用,2168.35,店长推荐♥升级-适中H款≈24cm【大众优选 护脊释压兼顾】舒弹马尾毛+天然乳胶 店长主推,2585.7,4138,平台加补后,https://detail.tmall.com/item.htm?b_s_f=sycm&b_spm=a21ag.29085015&id=866382200003
15,866382200003,甜蜜睡眠旗舰店,甜蜜睡眠床垫马尾毛手工拉扣席梦思独立袋装弹簧乳胶护脊卧室家用,2168.35,升级-微硬J款≈24cm【大众优选 护脊释压兼顾】舒弹马尾毛+透气3D,2585.7,4138,平台加补后,https://detail.tmall.com/item.htm?b_s_f=sycm&b_spm=a21ag.29085015&id=866382200003
15,866382200003,甜蜜睡眠旗舰店,甜蜜睡眠床垫马尾毛手工拉扣席梦思独立袋装弹簧乳胶护脊卧室家用,2168.35,豪华-超软K款≈26cm【星级酒店感 包裹贴合舒适】双层mini气泡簧+舒弹马尾毛,2793.95,4438,平台加补后,https://detail.tmall.com/item.htm?b_s_f=sycm&b_spm=a21ag.29085015&id=866382200003
15,866382200003,甜蜜睡眠旗舰店,甜蜜睡眠床垫马尾毛手工拉扣席梦思独立袋装弹簧乳胶护脊卧室家用,2168.35,豪华-偏软L款≈26cm【星级酒店感 包裹贴合舒适】天然乳胶+mini簧+舒弹马尾毛,2793.95,4438,平台加补后,https://detail.tmall.com/item.htm?b_s_f=sycm&b_spm=a21ag.29085015&id=866382200003
15,866382200003,甜蜜睡眠旗舰店,甜蜜睡眠床垫马尾毛手工拉扣席梦思独立袋装弹簧乳胶护脊卧室家用,2168.35,豪华-适中M款≈26cm【星级酒店感 包裹贴合舒适】透气3D+mini簧+舒弹马尾毛,2793.95,4438,平台加补后,https://detail.tmall.com/item.htm?b_s_f=sycm&b_spm=a21ag.29085015&id=866382200003
16,616295938570,睡眠骑士床垫企业店,睡眠骑士乳胶超软席梦思床垫独立弹簧30cm加厚五星级酒店软垫2米,1229.1,五星G【2cm乳胶+五星专利弹簧】22cm适中,1236.75,1858,平台加补后,https://detail.tmall.com/item.htm?b_s_f=sycm&b_spm=a21ag.29085015&id=616295938570
16,616295938570,睡眠骑士床垫企业店,睡眠骑士乳胶超软席梦思床垫独立弹簧30cm加厚五星级酒店软垫2米,1229.1,五星H【2cm乳胶+五星专利弹簧】24cm双面 千人加购,1296.25,1938,平台加补后,https://detail.tmall.com/item.htm?b_s_f=sycm&b_spm=a21ag.29085015&id=616295938570
16,616295938570,睡眠骑士床垫企业店,睡眠骑士乳胶超软席梦思床垫独立弹簧30cm加厚五星级酒店软垫2米,1229.1,五星A【3cm乳胶+五星专利弹簧】24cm适中 店长主推,1379.55,2118,平台加补后,https://detail.tmall.com/item.htm?b_s_f=sycm&b_spm=a21ag.29085015&id=616295938570
16,616295938570,睡眠骑士床垫企业店,睡眠骑士乳胶超软席梦思床垫独立弹簧30cm加厚五星级酒店软垫2米,1229.1,五星B【3cm乳胶+五星专利弹簧】26cm双面,1469.65,2238,平台加补后,https://detail.tmall.com/item.htm?b_s_f=sycm&b_spm=a21ag.29085015&id=616295938570
16,616295938570,睡眠骑士床垫企业店,睡眠骑士乳胶超软席梦思床垫独立弹簧30cm加厚五星级酒店软垫2米,1229.1,豪华C【5cm乳胶+五星专利弹簧】26cm柔软,1522.35,2308,平台加补后,https://detail.tmall.com/item.htm?b_s_f=sycm&b_spm=a21ag.29085015&id=616295938570
16,616295938570,睡眠骑士床垫企业店,睡眠骑士乳胶超软席梦思床垫独立弹簧30cm加厚五星级酒店软垫2米,1229.1,豪华D【5cm乳胶+五星专利弹簧】28cm双面,1603.95,2418,平台加补后,https://detail.tmall.com/item.htm?b_s_f=sycm&b_spm=a21ag.29085015&id=616295938570
16,616295938570,睡眠骑士床垫企业店,睡眠骑士乳胶超软席梦思床垫独立弹簧30cm加厚五星级酒店软垫2米,1229.1,总统E【2cm记忆棉+5cm乳胶+五星专利弹簧】28cm超软,1701.7,2548,平台加补后,https://detail.tmall.com/item.htm?b_s_f=sycm&b_spm=a21ag.29085015&id=616295938570
16,616295938570,睡眠骑士床垫企业店,睡眠骑士乳胶超软席梦思床垫独立弹簧30cm加厚五星级酒店软垫2米,1229.1,总统F【2cm记忆棉+5cm乳胶+五星专利弹簧】30cm双面,1798.6,2678,平台加补后,https://detail.tmall.com/item.htm?b_s_f=sycm&b_spm=a21ag.29085015&id=616295938570
16,616295938570,睡眠骑士床垫企业店,睡眠骑士乳胶超软席梦思床垫独立弹簧30cm加厚五星级酒店软垫2米,1229.1,护脊J【2cm黄麻+五星专利弹簧】22cm偏硬,1229.1,1848,平台加补后,https://detail.tmall.com/item.htm?b_s_f=sycm&b_spm=a21ag.29085015&id=616295938570
16,616295938570,睡眠骑士床垫企业店,睡眠骑士乳胶超软席梦思床垫独立弹簧30cm加厚五星级酒店软垫2米,1229.1,护脊K【乳胶+2cm黄麻+五星专利弹簧】23cm中硬,1326,1978,平台加补后,https://detail.tmall.com/item.htm?b_s_f=sycm&b_spm=a21ag.29085015&id=616295938570
16,616295938570,睡眠骑士床垫企业店,睡眠骑士乳胶超软席梦思床垫独立弹簧30cm加厚五星级酒店软垫2米,1229.1,呼呼pro加厚B【软硬适中-透气】厚22cm,1394.85,2138,平台加补后,https://detail.tmall.com/item.htm?b_s_f=sycm&b_spm=a21ag.29085015&id=616295938570
16,616295938570,睡眠骑士床垫企业店,睡眠骑士乳胶超软席梦思床垫独立弹簧30cm加厚五星级酒店软垫2米,1229.1,呼呼pro加厚C【适中偏硬-透气】厚24cm,1491.75,2268,平台加补后,https://detail.tmall.com/item.htm?b_s_f=sycm&b_spm=a21ag.29085015&id=616295938570
17,685270598397,睡眠骑士床垫企业店,睡眠骑士五星酒店席梦思款床垫15cm厚乳胶记忆棉家用软垫20cm双面,1229.1,五星G【2cm乳胶+五星专利弹簧】15cm适中 千人加购,1236.75,1858,平台加补后,https://detail.tmall.com/item.htm?b_s_f=sycm&b_spm=a21ag.29085015&id=685270598397
17,685270598397,睡眠骑士床垫企业店,睡眠骑士五星酒店席梦思款床垫15cm厚乳胶记忆棉家用软垫20cm双面,1229.1,五星H【2cm乳胶+五星专利弹簧】17cm双面,1296.25,1938,平台加补后,https://detail.tmall.com/item.htm?b_s_f=sycm&b_spm=a21ag.29085015&id=685270598397
17,685270598397,睡眠骑士床垫企业店,睡眠骑士五星酒店席梦思款床垫15cm厚乳胶记忆棉家用软垫20cm双面,1229.1,五星A【3cm乳胶+五星专利弹簧】16cm柔软 店长主推,1379.55,2118,平台加补后,https://detail.tmall.com/item.htm?b_s_f=sycm&b_spm=a21ag.29085015&id=685270598397
17,685270598397,睡眠骑士床垫企业店,睡眠骑士五星酒店席梦思款床垫15cm厚乳胶记忆棉家用软垫20cm双面,1229.1,五星B【3cm乳胶+五星专利弹簧】20cm双面,1469.65,2238,平台加补后,https://detail.tmall.com/item.htm?b_s_f=sycm&b_spm=a21ag.29085015&id=685270598397
17,685270598397,睡眠骑士床垫企业店,睡眠骑士五星酒店席梦思款床垫15cm厚乳胶记忆棉家用软垫20cm双面,1229.1,豪华C【5cm乳胶+五星专利弹簧】20cm柔软,1522.35,2308,平台加补后,https://detail.tmall.com/item.htm?b_s_f=sycm&b_spm=a21ag.29085015&id=685270598397
17,685270598397,睡眠骑士床垫企业店,睡眠骑士五星酒店席梦思款床垫15cm厚乳胶记忆棉家用软垫20cm双面,1229.1,豪华D【5cm乳胶+五星专利弹簧】22cm双面,1603.95,2418,平台加补后,https://detail.tmall.com/item.htm?b_s_f=sycm&b_spm=a21ag.29085015&id=685270598397
17,685270598397,睡眠骑士床垫企业店,睡眠骑士五星酒店席梦思款床垫15cm厚乳胶记忆棉家用软垫20cm双面,1229.1,总统E【2cm记忆棉+5cm乳胶+五星专利弹簧】22cm超软,1701.7,2548,平台加补后,https://detail.tmall.com/item.htm?b_s_f=sycm&b_spm=a21ag.29085015&id=685270598397
17,685270598397,睡眠骑士床垫企业店,睡眠骑士五星酒店席梦思款床垫15cm厚乳胶记忆棉家用软垫20cm双面,1229.1,总统F【2cm记忆棉+5cm乳胶+五星专利弹簧】24cm双面,1798.6,2678,平台加补后,https://detail.tmall.com/item.htm?b_s_f=sycm&b_spm=a21ag.29085015&id=685270598397
17,685270598397,睡眠骑士床垫企业店,睡眠骑士五星酒店席梦思款床垫15cm厚乳胶记忆棉家用软垫20cm双面,1229.1,护脊J【2cm黄麻+五星专利弹簧】15cm偏硬,1229.1,1848,平台加补后,https://detail.tmall.com/item.htm?b_s_f=sycm&b_spm=a21ag.29085015&id=685270598397
17,685270598397,睡眠骑士床垫企业店,睡眠骑士五星酒店席梦思款床垫15cm厚乳胶记忆棉家用软垫20cm双面,1229.1,护脊K【乳胶+2cm黄麻+五星专利弹簧】16cm适中,1326,1978,平台加补后,https://detail.tmall.com/item.htm?b_s_f=sycm&b_spm=a21ag.29085015&id=685270598397
17,685270598397,睡眠骑士床垫企业店,睡眠骑士五星酒店席梦思款床垫15cm厚乳胶记忆棉家用软垫20cm双面,1229.1,呼呼pro中厚B【软硬适中-透气】厚15cm,1394.85,2138,平台加补后,https://detail.tmall.com/item.htm?b_s_f=sycm&b_spm=a21ag.29085015&id=685270598397
17,685270598397,睡眠骑士床垫企业店,睡眠骑士五星酒店席梦思款床垫15cm厚乳胶记忆棉家用软垫20cm双面,1229.1,呼呼pro中厚C【适中偏硬-透气】厚17cm,1491.75,2268,平台加补后,https://detail.tmall.com/item.htm?b_s_f=sycm&b_spm=a21ag.29085015&id=685270598397
18,788140809544,麻师傅家具旗舰店,15公分薄独立袋弹簧床垫家用10cm12含乳胶黄麻儿童榻榻米席梦思,571.2,护脊A8cm偏硬|加密护脊弹簧+天丝面料,629,842,平台加补后,https://detail.tmall.com/item.htm?b_s_f=sycm&b_spm=a21ag.29085015&id=788140809544
18,788140809544,麻师傅家具旗舰店,15公分薄独立袋弹簧床垫家用10cm12含乳胶黄麻儿童榻榻米席梦思,571.2,护脊A10cm偏硬|2cm黄麻+加密护脊弹簧+天丝面料,688.5,921,平台加补后,https://detail.tmall.com/item.htm?b_s_f=sycm&b_spm=a21ag.29085015&id=788140809544
18,788140809544,麻师傅家具旗舰店,15公分薄独立袋弹簧床垫家用10cm12含乳胶黄麻儿童榻榻米席梦思,571.2,护脊B10cm适中|2cm乳胶+加密护脊弹簧+天丝面料,717.4,960,平台加补后,https://detail.tmall.com/item.htm?b_s_f=sycm&b_spm=a21ag.29085015&id=788140809544
18,788140809544,麻师傅家具旗舰店,15公分薄独立袋弹簧床垫家用10cm12含乳胶黄麻儿童榻榻米席梦思,571.2,护脊C10cm适中|2cm记忆棉+加密护脊弹簧+天丝面料,727.6,973,平台加补后,https://detail.tmall.com/item.htm?b_s_f=sycm&b_spm=a21ag.29085015&id=788140809544
18,788140809544,麻师傅家具旗舰店,15公分薄独立袋弹簧床垫家用10cm12含乳胶黄麻儿童榻榻米席梦思,571.2,护脊A12cm适中|2cm乳胶+2cm黄麻+加密护脊弹簧+天丝面料,756.5,1012,平台加补后,https://detail.tmall.com/item.htm?b_s_f=sycm&b_spm=a21ag.29085015&id=788140809544
18,788140809544,麻师傅家具旗舰店,15公分薄独立袋弹簧床垫家用10cm12含乳胶黄麻儿童榻榻米席梦思,571.2,护脊B12cm适中|2cm记忆棉+2cm黄麻+加密护脊弹簧+天丝面料,766.7,1025,平台加补后,https://detail.tmall.com/item.htm?b_s_f=sycm&b_spm=a21ag.29085015&id=788140809544
18,788140809544,麻师傅家具旗舰店,15公分薄独立袋弹簧床垫家用10cm12含乳胶黄麻儿童榻榻米席梦思,571.2,护脊A15cm适中|2cm乳胶+2cm黄麻+加密护脊弹簧+天丝面料 近期热销,785.4,1051,平台加补后,https://detail.tmall.com/item.htm?b_s_f=sycm&b_spm=a21ag.29085015&id=788140809544
18,788140809544,麻师傅家具旗舰店,15公分薄独立袋弹簧床垫家用10cm12含乳胶黄麻儿童榻榻米席梦思,571.2,护脊B15cm适中|2cm记忆棉+2cm黄麻+加密护脊弹簧+天丝面料,796.45,1065,平台加补后,https://detail.tmall.com/item.htm?b_s_f=sycm&b_spm=a21ag.29085015&id=788140809544
18,788140809544,麻师傅家具旗舰店,15公分薄独立袋弹簧床垫家用10cm12含乳胶黄麻儿童榻榻米席梦思,571.2,以下为升级928根加密独立袋系列,2243.15,2999,平台加补后,https://detail.tmall.com/item.htm?b_s_f=sycm&b_spm=a21ag.29085015&id=788140809544
18,788140809544,麻师傅家具旗舰店,15公分薄独立袋弹簧床垫家用10cm12含乳胶黄麻儿童榻榻米席梦思,571.2,升级A10cm适中|环保棉+928根加密小袋簧+天丝面料,717.4,960,平台加补后,https://detail.tmall.com/item.htm?b_s_f=sycm&b_spm=a21ag.29085015&id=788140809544
18,788140809544,麻师傅家具旗舰店,15公分薄独立袋弹簧床垫家用10cm12含乳胶黄麻儿童榻榻米席梦思,571.2,升级B10cm适中硬|2cm3D+928根加密小袋簧+天丝面料,854.25,1143,平台加补后,https://detail.tmall.com/item.htm?b_s_f=sycm&b_spm=a21ag.29085015&id=788140809544
18,788140809544,麻师傅家具旗舰店,15公分薄独立袋弹簧床垫家用10cm12含乳胶黄麻儿童榻榻米席梦思,571.2,升级C10cm偏硬|2cm黄麻+928根加密小袋簧+天丝面料,785.4,1051,平台加补后,https://detail.tmall.com/item.htm?b_s_f=sycm&b_spm=a21ag.29085015&id=788140809544
18,788140809544,麻师傅家具旗舰店,15公分薄独立袋弹簧床垫家用10cm12含乳胶黄麻儿童榻榻米席梦思,571.2,升级D10cm适中软|2cm乳胶+928根加密小袋簧+天丝面料,816,1091,平台加补后,https://detail.tmall.com/item.htm?b_s_f=sycm&b_spm=a21ag.29085015&id=788140809544
18,788140809544,麻师傅家具旗舰店,15公分薄独立袋弹簧床垫家用10cm12含乳胶黄麻儿童榻榻米席梦思,571.2,升级E10cm适中软|2cm记忆棉+928根加密小袋簧+天丝面料,825.35,1104,平台加补后,https://detail.tmall.com/item.htm?b_s_f=sycm&b_spm=a21ag.29085015&id=788140809544
18,788140809544,麻师傅家具旗舰店,15公分薄独立袋弹簧床垫家用10cm12含乳胶黄麻儿童榻榻米席梦思,571.2,以下为升级12cm厚度,571.2,764,平台加补后,https://detail.tmall.com/item.htm?b_s_f=sycm&b_spm=a21ag.29085015&id=788140809544
18,788140809544,麻师傅家具旗舰店,15公分薄独立袋弹簧床垫家用10cm12含乳胶黄麻儿童榻榻米席梦思,571.2,升级A12cm偏硬|2cm3D+2cm黄麻+928根加密小袋簧+天丝面料,912.9,1221,平台加补后,https://detail.tmall.com/item.htm?b_s_f=sycm&b_spm=a21ag.29085015&id=788140809544
18,788140809544,麻师傅家具旗舰店,15公分薄独立袋弹簧床垫家用10cm12含乳胶黄麻儿童榻榻米席梦思,571.2,升级B12cm适中偏硬|2cm乳胶+2cm黄麻+928根加密小袋簧+天丝面料,844.9,1130,平台加补后,https://detail.tmall.com/item.htm?b_s_f=sycm&b_spm=a21ag.29085015&id=788140809544
18,788140809544,麻师傅家具旗舰店,15公分薄独立袋弹簧床垫家用10cm12含乳胶黄麻儿童榻榻米席梦思,571.2,升级C12cm适中偏硬|2cm记忆棉+2cm黄麻+928根加密小袋簧+天丝面料,854.25,1143,平台加补后,https://detail.tmall.com/item.htm?b_s_f=sycm&b_spm=a21ag.29085015&id=788140809544
18,788140809544,麻师傅家具旗舰店,15公分薄独立袋弹簧床垫家用10cm12含乳胶黄麻儿童榻榻米席梦思,571.2,升级D12cm软硬适中|2cm乳胶+2cm3D+928根加密小袋簧+天丝面料,884,1182,平台加补后,https://detail.tmall.com/item.htm?b_s_f=sycm&b_spm=a21ag.29085015&id=788140809544
18,788140809544,麻师傅家具旗舰店,15公分薄独立袋弹簧床垫家用10cm12含乳胶黄麻儿童榻榻米席梦思,571.2,升级E12cm软硬适中|2cm记忆棉+2cm3D+928根加密小袋簧+天丝面料,893.35,1195,平台加补后,https://detail.tmall.com/item.htm?b_s_f=sycm&b_spm=a21ag.29085015&id=788140809544
18,788140809544,麻师傅家具旗舰店,15公分薄独立袋弹簧床垫家用10cm12含乳胶黄麻儿童榻榻米席梦思,571.2,以下为升级15cm厚,2243.15,2999,平台加补后,https://detail.tmall.com/item.htm?b_s_f=sycm&b_spm=a21ag.29085015&id=788140809544
18,788140809544,麻师傅家具旗舰店,15公分薄独立袋弹簧床垫家用10cm12含乳胶黄麻儿童榻榻米席梦思,571.2,升级A15cm偏硬|2cm3D+2cm黄麻+928根加密小袋簧+天丝面料,952.85,1274,平台加补后,https://detail.tmall.com/item.htm?b_s_f=sycm&b_spm=a21ag.29085015&id=788140809544
18,788140809544,麻师傅家具旗舰店,15公分薄独立袋弹簧床垫家用10cm12含乳胶黄麻儿童榻榻米席梦思,571.2,升级B15cm适中偏硬|2cm乳胶+2cm黄麻+928根加密小袋簧+天丝面料,884,1182,平台加补后,https://detail.tmall.com/item.htm?b_s_f=sycm&b_spm=a21ag.29085015&id=788140809544
18,788140809544,麻师傅家具旗舰店,15公分薄独立袋弹簧床垫家用10cm12含乳胶黄麻儿童榻榻米席梦思,571.2,升级C15cm适中偏硬|2cm记忆棉+2cm黄麻+928根加密小袋簧+天丝面料,893.35,1195,平台加补后,https://detail.tmall.com/item.htm?b_s_f=sycm&b_spm=a21ag.29085015&id=788140809544
18,788140809544,麻师傅家具旗舰店,15公分薄独立袋弹簧床垫家用10cm12含乳胶黄麻儿童榻榻米席梦思,571.2,升级D15cm软硬适中|2cm乳胶+2cm3D+928根加密小袋簧+天丝面料,922.25,1234,平台加补后,https://detail.tmall.com/item.htm?b_s_f=sycm&b_spm=a21ag.29085015&id=788140809544
18,788140809544,麻师傅家具旗舰店,15公分薄独立袋弹簧床垫家用10cm12含乳胶黄麻儿童榻榻米席梦思,571.2,升级E15cm软硬适中|2cm记忆棉+2cm3D+928根加密小袋簧+天丝面料,922.25,1234,平台加补后,https://detail.tmall.com/item.htm?b_s_f=sycm&b_spm=a21ag.29085015&id=788140809544
19,639619273082,睡眠骑士床垫企业店,【睡眠骑士呼呼】儿童床垫 青少年S黄麻榻榻米硬垫乳胶护脊上下铺,941.8,内材：S黄麻⬇️偏硬护脊,1363.4,2198,平台加补后,https://detail.tmall.com/item.htm?b_s_f=sycm&b_spm=a21ag.29085015&id=639619273082
19,639619273082,睡眠骑士床垫企业店,【睡眠骑士呼呼】儿童床垫 青少年S黄麻榻榻米硬垫乳胶护脊上下铺,941.8,呼呼 6cm【全拆0胶】偏硬护脊 蓝色A,941.8,1498,平台加补后,https://detail.tmall.com/item.htm?b_s_f=sycm&b_spm=a21ag.29085015&id=639619273082
19,639619273082,睡眠骑士床垫企业店,【睡眠骑士呼呼】儿童床垫 青少年S黄麻榻榻米硬垫乳胶护脊上下铺,941.8,呼呼 8cm【全拆0胶】偏硬护脊 蓝色A,965.6,1598,平台加补后,https://detail.tmall.com/item.htm?b_s_f=sycm&b_spm=a21ag.29085015&id=639619273082
19,639619273082,睡眠骑士床垫企业店,【睡眠骑士呼呼】儿童床垫 青少年S黄麻榻榻米硬垫乳胶护脊上下铺,941.8,呼呼 10cm【全拆0胶】偏硬护脊 蓝色A,1040.4,1698,平台加补后,https://detail.tmall.com/item.htm?b_s_f=sycm&b_spm=a21ag.29085015&id=639619273082
19,639619273082,睡眠骑士床垫企业店,【睡眠骑士呼呼】儿童床垫 青少年S黄麻榻榻米硬垫乳胶护脊上下铺,941.8,内材：2cm天然乳胶+S黄麻⬇️软硬适中,1363.4,2198,平台加补后,https://detail.tmall.com/item.htm?b_s_f=sycm&b_spm=a21ag.29085015&id=639619273082
19,639619273082,睡眠骑士床垫企业店,【睡眠骑士呼呼】儿童床垫 青少年S黄麻榻榻米硬垫乳胶护脊上下铺,941.8,呼呼 8cm【全拆0胶】舒适护脊 蓝色B,1115.2,1798,平台加补后,https://detail.tmall.com/item.htm?b_s_f=sycm&b_spm=a21ag.29085015&id=639619273082
19,639619273082,睡眠骑士床垫企业店,【睡眠骑士呼呼】儿童床垫 青少年S黄麻榻榻米硬垫乳胶护脊上下铺,941.8,呼呼 10cm【全拆0胶】舒适护脊 蓝色B,1190,1898,平台加补后,https://detail.tmall.com/item.htm?b_s_f=sycm&b_spm=a21ag.29085015&id=639619273082
19,639619273082,睡眠骑士床垫企业店,【睡眠骑士呼呼】儿童床垫 青少年S黄麻榻榻米硬垫乳胶护脊上下铺,941.8,呼呼 12cm【全拆0胶】舒适护脊 蓝色B,1264.8,1998,平台加补后,https://detail.tmall.com/item.htm?b_s_f=sycm&b_spm=a21ag.29085015&id=639619273082
19,639619273082,睡眠骑士床垫企业店,【睡眠骑士呼呼】儿童床垫 青少年S黄麻榻榻米硬垫乳胶护脊上下铺,941.8,呼呼 15cm【全拆0胶】舒适护脊 蓝色B,1363.4,2198,平台加补后,https://detail.tmall.com/item.htm?b_s_f=sycm&b_spm=a21ag.29085015&id=639619273082
19,639619273082,睡眠骑士床垫企业店,【睡眠骑士呼呼】儿童床垫 青少年S黄麻榻榻米硬垫乳胶护脊上下铺,941.8,呼呼 8cm【全拆0胶】舒适护脊 粉色B,1115.2,1798,平台加补后,https://detail.tmall.com/item.htm?b_s_f=sycm&b_spm=a21ag.29085015&id=639619273082
19,639619273082,睡眠骑士床垫企业店,【睡眠骑士呼呼】儿童床垫 青少年S黄麻榻榻米硬垫乳胶护脊上下铺,941.8,呼呼 10cm【全拆0胶】舒适护脊 粉色B,1190,1898,平台加补后,https://detail.tmall.com/item.htm?b_s_f=sycm&b_spm=a21ag.29085015&id=639619273082
19,639619273082,睡眠骑士床垫企业店,【睡眠骑士呼呼】儿童床垫 青少年S黄麻榻榻米硬垫乳胶护脊上下铺,941.8,呼呼 12cm【全拆0胶】舒适护脊 粉色B,1264.8,1998,平台加补后,https://detail.tmall.com/item.htm?b_s_f=sycm&b_spm=a21ag.29085015&id=639619273082
19,639619273082,睡眠骑士床垫企业店,【睡眠骑士呼呼】儿童床垫 青少年S黄麻榻榻米硬垫乳胶护脊上下铺,941.8,呼呼 15cm【全拆0胶】舒适护脊 粉色B,1363.4,2198,平台加补后,https://detail.tmall.com/item.htm?b_s_f=sycm&b_spm=a21ag.29085015&id=639619273082
19,639619273082,睡眠骑士床垫企业店,【睡眠骑士呼呼】儿童床垫 青少年S黄麻榻榻米硬垫乳胶护脊上下铺,941.8,内材：2cm空气纤维+S黄麻⬇️适中透气,1363.4,2198,平台加补后,https://detail.tmall.com/item.htm?b_s_f=sycm&b_spm=a21ag.29085015&id=639619273082
19,639619273082,睡眠骑士床垫企业店,【睡眠骑士呼呼】儿童床垫 青少年S黄麻榻榻米硬垫乳胶护脊上下铺,941.8,呼呼 8cm【全拆0胶】透气护脊 蓝色D,1115.2,1798,平台加补后,https://detail.tmall.com/item.htm?b_s_f=sycm&b_spm=a21ag.29085015&id=639619273082
19,639619273082,睡眠骑士床垫企业店,【睡眠骑士呼呼】儿童床垫 青少年S黄麻榻榻米硬垫乳胶护脊上下铺,941.8,呼呼 10cm【全拆0胶】透气护脊 蓝色D,1190,1898,平台加补后,https://detail.tmall.com/item.htm?b_s_f=sycm&b_spm=a21ag.29085015&id=639619273082
19,639619273082,睡眠骑士床垫企业店,【睡眠骑士呼呼】儿童床垫 青少年S黄麻榻榻米硬垫乳胶护脊上下铺,941.8,呼呼 12cm【全拆0胶】透气护脊 蓝色D,1264.8,1998,平台加补后,https://detail.tmall.com/item.htm?b_s_f=sycm&b_spm=a21ag.29085015&id=639619273082
19,639619273082,睡眠骑士床垫企业店,【睡眠骑士呼呼】儿童床垫 青少年S黄麻榻榻米硬垫乳胶护脊上下铺,941.8,呼呼 15cm【全拆0胶】透气护脊 蓝色D,1363.4,2198,平台加补后,https://detail.tmall.com/item.htm?b_s_f=sycm&b_spm=a21ag.29085015&id=639619273082
19,639619273082,睡眠骑士床垫企业店,【睡眠骑士呼呼】儿童床垫 青少年S黄麻榻榻米硬垫乳胶护脊上下铺,941.8,呼呼 8cm【全拆0胶】透气护脊 粉色D,1115.2,1798,平台加补后,https://detail.tmall.com/item.htm?b_s_f=sycm&b_spm=a21ag.29085015&id=639619273082
19,639619273082,睡眠骑士床垫企业店,【睡眠骑士呼呼】儿童床垫 青少年S黄麻榻榻米硬垫乳胶护脊上下铺,941.8,呼呼 10cm【全拆0胶】透气护脊 粉色D,1190,1898,平台加补后,https://detail.tmall.com/item.htm?b_s_f=sycm&b_spm=a21ag.29085015&id=639619273082
19,639619273082,睡眠骑士床垫企业店,【睡眠骑士呼呼】儿童床垫 青少年S黄麻榻榻米硬垫乳胶护脊上下铺,941.8,呼呼 12cm【全拆0胶】透气护脊 粉色D,1264.8,1998,平台加补后,https://detail.tmall.com/item.htm?b_s_f=sycm&b_spm=a21ag.29085015&id=639619273082
19,639619273082,睡眠骑士床垫企业店,【睡眠骑士呼呼】儿童床垫 青少年S黄麻榻榻米硬垫乳胶护脊上下铺,941.8,呼呼 15cm【全拆0胶】透气护脊 粉色D,1363.4,2198,平台加补后,https://detail.tmall.com/item.htm?b_s_f=sycm&b_spm=a21ag.29085015&id=639619273082
20,1025218536548,PARELER BEAR旗舰店,派乐熊儿童全拆S形黄麻床垫学生宿舍上下铺加硬护脊青少年榻榻米,537.2,偏硬E6CM厚=3cm高密S形黄麻+A类亚麻面料,537.2,719,平台加补后,https://detail.tmall.com/item.htm?b_s_f=sycm&b_spm=a21ag.29085015&id=1025218536548
20,1025218536548,PARELER BEAR旗舰店,派乐熊儿童全拆S形黄麻床垫学生宿舍上下铺加硬护脊青少年榻榻米,537.2,偏硬E8CM厚=5cm高密S形黄麻+A类亚麻面料,636.65,852,平台加补后,https://detail.tmall.com/item.htm?b_s_f=sycm&b_spm=a21ag.29085015&id=1025218536548
20,1025218536548,PARELER BEAR旗舰店,派乐熊儿童全拆S形黄麻床垫学生宿舍上下铺加硬护脊青少年榻榻米,537.2,偏硬E10CM厚=7cm高密S形黄麻+A类亚麻面料,736.95,986,平台加补后,https://detail.tmall.com/item.htm?b_s_f=sycm&b_spm=a21ag.29085015&id=1025218536548
20,1025218536548,PARELER BEAR旗舰店,派乐熊儿童全拆S形黄麻床垫学生宿舍上下铺加硬护脊青少年榻榻米,537.2,偏硬E13CM厚=10cm高密S形黄麻+A类亚麻面料,837.25,1120,平台加补后,https://detail.tmall.com/item.htm?b_s_f=sycm&b_spm=a21ag.29085015&id=1025218536548
20,1025218536548,PARELER BEAR旗舰店,派乐熊儿童全拆S形黄麻床垫学生宿舍上下铺加硬护脊青少年榻榻米,537.2,适中F8CM厚=2cm脱敏乳胶+3cm高密S形黄麻,636.65,852,平台加补后,https://detail.tmall.com/item.htm?b_s_f=sycm&b_spm=a21ag.29085015&id=1025218536548
20,1025218536548,PARELER BEAR旗舰店,派乐熊儿童全拆S形黄麻床垫学生宿舍上下铺加硬护脊青少年榻榻米,537.2,适中F10CM厚=2cm脱敏乳胶+5cm高密S形黄麻,736.95,986,平台加补后,https://detail.tmall.com/item.htm?b_s_f=sycm&b_spm=a21ag.29085015&id=1025218536548
20,1025218536548,PARELER BEAR旗舰店,派乐熊儿童全拆S形黄麻床垫学生宿舍上下铺加硬护脊青少年榻榻米,537.2,适中F12CM厚=2cm脱敏乳胶+7cm高密S形黄麻,837.25,1120,平台加补后,https://detail.tmall.com/item.htm?b_s_f=sycm&b_spm=a21ag.29085015&id=1025218536548
20,1025218536548,PARELER BEAR旗舰店,派乐熊儿童全拆S形黄麻床垫学生宿舍上下铺加硬护脊青少年榻榻米,537.2,适中F15CM厚=2cm脱敏乳胶+10cm高密S形黄麻,937.55,1254,平台加补后,https://detail.tmall.com/item.htm?b_s_f=sycm&b_spm=a21ag.29085015&id=1025218536548
20,1025218536548,PARELER BEAR旗舰店,派乐熊儿童全拆S形黄麻床垫学生宿舍上下铺加硬护脊青少年榻榻米,537.2,适中G8CM厚=2cm记忆棉+3cm高密S形黄麻,636.65,852,平台加补后,https://detail.tmall.com/item.htm?b_s_f=sycm&b_spm=a21ag.29085015&id=1025218536548
20,1025218536548,PARELER BEAR旗舰店,派乐熊儿童全拆S形黄麻床垫学生宿舍上下铺加硬护脊青少年榻榻米,537.2,适中G10CM厚=2cm记忆棉+5cm高密S形黄麻,736.95,986,平台加补后,https://detail.tmall.com/item.htm?b_s_f=sycm&b_spm=a21ag.29085015&id=1025218536548
20,1025218536548,PARELER BEAR旗舰店,派乐熊儿童全拆S形黄麻床垫学生宿舍上下铺加硬护脊青少年榻榻米,537.2,适中G12CM厚=2cm记忆棉+7cm高密S形黄麻,837.25,1120,平台加补后,https://detail.tmall.com/item.htm?b_s_f=sycm&b_spm=a21ag.29085015&id=1025218536548
20,1025218536548,PARELER BEAR旗舰店,派乐熊儿童全拆S形黄麻床垫学生宿舍上下铺加硬护脊青少年榻榻米,537.2,适中G15CM厚=2cm记忆棉+10cm高密S形黄麻,937.55,1254,平台加补后,https://detail.tmall.com/item.htm?b_s_f=sycm&b_spm=a21ag.29085015&id=1025218536548
20,1025218536548,PARELER BEAR旗舰店,派乐熊儿童全拆S形黄麻床垫学生宿舍上下铺加硬护脊青少年榻榻米,537.2,适中硬H8CM厚=2cm3D空气纤维+3cm高密S形黄麻,636.65,852,平台加补后,https://detail.tmall.com/item.htm?b_s_f=sycm&b_spm=a21ag.29085015&id=1025218536548
20,1025218536548,PARELER BEAR旗舰店,派乐熊儿童全拆S形黄麻床垫学生宿舍上下铺加硬护脊青少年榻榻米,537.2,适中硬H10CM厚=2cm3D空气纤维+5cm高密S形黄麻,736.95,986,平台加补后,https://detail.tmall.com/item.htm?b_s_f=sycm&b_spm=a21ag.29085015&id=1025218536548
20,1025218536548,PARELER BEAR旗舰店,派乐熊儿童全拆S形黄麻床垫学生宿舍上下铺加硬护脊青少年榻榻米,537.2,适中硬H12CM厚=2cm3D空气纤维+7cm高密S形黄麻,837.25,1120,平台加补后,https://detail.tmall.com/item.htm?b_s_f=sycm&b_spm=a21ag.29085015&id=1025218536548
20,1025218536548,PARELER BEAR旗舰店,派乐熊儿童全拆S形黄麻床垫学生宿舍上下铺加硬护脊青少年榻榻米,537.2,适中硬H15CM=2cm3D空气纤维+10cm高密S形黄麻,937.55,1254,平台加补后,https://detail.tmall.com/item.htm?b_s_f=sycm&b_spm=a21ag.29085015&id=1025218536548
20,1025218536548,PARELER BEAR旗舰店,派乐熊儿童全拆S形黄麻床垫学生宿舍上下铺加硬护脊青少年榻榻米,537.2,全拆A6cm【3cmS黄麻+A类亚麻面料】,583.95,781,平台加补后,https://detail.tmall.com/item.htm?b_s_f=sycm&b_spm=a21ag.29085015&id=1025218536548
20,1025218536548,PARELER BEAR旗舰店,派乐熊儿童全拆S形黄麻床垫学生宿舍上下铺加硬护脊青少年榻榻米,537.2,全拆A8cm【5cmS黄麻+A类亚麻面料】,681.7,912,平台加补后,https://detail.tmall.com/item.htm?b_s_f=sycm&b_spm=a21ag.29085015&id=1025218536548
20,1025218536548,PARELER BEAR旗舰店,派乐熊儿童全拆S形黄麻床垫学生宿舍上下铺加硬护脊青少年榻榻米,537.2,全拆A10cm【7cmS黄麻+A类亚麻面料】,779.45,1043,平台加补后,https://detail.tmall.com/item.htm?b_s_f=sycm&b_spm=a21ag.29085015&id=1025218536548
20,1025218536548,PARELER BEAR旗舰店,派乐熊儿童全拆S形黄麻床垫学生宿舍上下铺加硬护脊青少年榻榻米,537.2,全拆A13cm【10cmS黄麻+A类亚麻面料】,878.05,1174,平台加补后,https://detail.tmall.com/item.htm?b_s_f=sycm&b_spm=a21ag.29085015&id=1025218536548
20,1025218536548,PARELER BEAR旗舰店,派乐熊儿童全拆S形黄麻床垫学生宿舍上下铺加硬护脊青少年榻榻米,537.2,全拆B8cm【2cm脱敏乳胶+3cmS黄麻+A类亚麻面料】,681.7,912,平台加补后,https://detail.tmall.com/item.htm?b_s_f=sycm&b_spm=a21ag.29085015&id=1025218536548
20,1025218536548,PARELER BEAR旗舰店,派乐熊儿童全拆S形黄麻床垫学生宿舍上下铺加硬护脊青少年榻榻米,537.2,全拆B10cm【2cm脱敏乳胶+5cmS黄麻+A类亚麻面料】,779.45,1043,平台加补后,https://detail.tmall.com/item.htm?b_s_f=sycm&b_spm=a21ag.29085015&id=1025218536548
20,1025218536548,PARELER BEAR旗舰店,派乐熊儿童全拆S形黄麻床垫学生宿舍上下铺加硬护脊青少年榻榻米,537.2,全拆B12cm【2cm脱敏乳胶+7cmS黄麻+A类亚麻面料】,877.2,1173,平台加补后,https://detail.tmall.com/item.htm?b_s_f=sycm&b_spm=a21ag.29085015&id=1025218536548
20,1025218536548,PARELER BEAR旗舰店,派乐熊儿童全拆S形黄麻床垫学生宿舍上下铺加硬护脊青少年榻榻米,537.2,全拆B15cm【2cm脱敏乳胶+10cmS黄麻+A类亚麻面料】,974.95,1304,平台加补后,https://detail.tmall.com/item.htm?b_s_f=sycm&b_spm=a21ag.29085015&id=1025218536548
20,1025218536548,PARELER BEAR旗舰店,派乐熊儿童全拆S形黄麻床垫学生宿舍上下铺加硬护脊青少年榻榻米,537.2,全拆C8cm【2cm记忆棉+3cmS黄麻+A类亚麻面料】,681.7,912,平台加补后,https://detail.tmall.com/item.htm?b_s_f=sycm&b_spm=a21ag.29085015&id=1025218536548
20,1025218536548,PARELER BEAR旗舰店,派乐熊儿童全拆S形黄麻床垫学生宿舍上下铺加硬护脊青少年榻榻米,537.2,全拆C10cm【2cm记忆棉+5cmS黄麻+A类亚麻面料】,779.45,1043,平台加补后,https://detail.tmall.com/item.htm?b_s_f=sycm&b_spm=a21ag.29085015&id=1025218536548
20,1025218536548,PARELER BEAR旗舰店,派乐熊儿童全拆S形黄麻床垫学生宿舍上下铺加硬护脊青少年榻榻米,537.2,全拆C12cm【2cm记忆棉+7cmS黄麻+A类亚麻面料】,877.2,1173,平台加补后,https://detail.tmall.com/item.htm?b_s_f=sycm&b_spm=a21ag.29085015&id=1025218536548
20,1025218536548,PARELER BEAR旗舰店,派乐熊儿童全拆S形黄麻床垫学生宿舍上下铺加硬护脊青少年榻榻米,537.2,全拆C15cm【2cm记忆棉+10cmS黄麻+A类亚麻面料】,974.95,1304,平台加补后,https://detail.tmall.com/item.htm?b_s_f=sycm&b_spm=a21ag.29085015&id=1025218536548
20,1025218536548,PARELER BEAR旗舰店,派乐熊儿童全拆S形黄麻床垫学生宿舍上下铺加硬护脊青少年榻榻米,537.2,全拆D8cm【2cm透气3D+3cmS黄麻+A类亚麻面料】,681.7,912,平台加补后,https://detail.tmall.com/item.htm?b_s_f=sycm&b_spm=a21ag.29085015&id=1025218536548
20,1025218536548,PARELER BEAR旗舰店,派乐熊儿童全拆S形黄麻床垫学生宿舍上下铺加硬护脊青少年榻榻米,537.2,全拆D10cm【2cm透气3D+5cmS黄麻+A类亚麻面料】,779.45,1043,平台加补后,https://detail.tmall.com/item.htm?b_s_f=sycm&b_spm=a21ag.29085015&id=1025218536548
20,1025218536548,PARELER BEAR旗舰店,派乐熊儿童全拆S形黄麻床垫学生宿舍上下铺加硬护脊青少年榻榻米,537.2,全拆D12cm【2cm透气3D+7cmS黄麻+A类亚麻面料】,877.2,1173,平台加补后,https://detail.tmall.com/item.htm?b_s_f=sycm&b_spm=a21ag.29085015&id=1025218536548
20,1025218536548,PARELER BEAR旗舰店,派乐熊儿童全拆S形黄麻床垫学生宿舍上下铺加硬护脊青少年榻榻米,537.2,全拆D15cm【2cm透气3D+10cmS黄麻+A类亚麻面料】,974.95,1304,平台加补后,https://detail.tmall.com/item.htm?b_s_f=sycm&b_spm=a21ag.29085015&id=1025218536548
21,1046478563403,moonlightfamily旗舰店,月光之家全拆家庭用床垫薄款独立弹簧乳胶记忆棉黄麻席梦思1.8米,1318.35,A款=12cm【偏硬】2cm天然无胶黄麻,1318.35,1933,平台加补后,https://detail.tmall.com/item.htm?b_s_f=sycm&b_spm=a21ag.29085015&id=1046478563403
21,1046478563403,moonlightfamily旗舰店,月光之家全拆家庭用床垫薄款独立弹簧乳胶记忆棉黄麻席梦思1.8米,1318.35,B款=12cm【适中】2cm天然乳胶,1318.35,1933,平台加补后,https://detail.tmall.com/item.htm?b_s_f=sycm&b_spm=a21ag.29085015&id=1046478563403
21,1046478563403,moonlightfamily旗舰店,月光之家全拆家庭用床垫薄款独立弹簧乳胶记忆棉黄麻席梦思1.8米,1318.35,C款=12cm【偏软】2cm冰丝凝胶记忆棉,1318.35,1933,平台加补后,https://detail.tmall.com/item.htm?b_s_f=sycm&b_spm=a21ag.29085015&id=1046478563403
21,1046478563403,moonlightfamily旗舰店,月光之家全拆家庭用床垫薄款独立弹簧乳胶记忆棉黄麻席梦思1.8米,1318.35,D款=15cm【3种调节 偏硬/微硬/适中】2cm3D材质+2cm黄麻 近期热销,1468.8,2191,平台加补后,https://detail.tmall.com/item.htm?b_s_f=sycm&b_spm=a21ag.29085015&id=1046478563403
21,1046478563403,moonlightfamily旗舰店,月光之家全拆家庭用床垫薄款独立弹簧乳胶记忆棉黄麻席梦思1.8米,1318.35,E款=15cm【3种调节 微硬/适中/微软】2cm乳胶+2cm小蓝垫 店长主推,1468.8,2191,平台加补后,https://detail.tmall.com/item.htm?b_s_f=sycm&b_spm=a21ag.29085015&id=1046478563403
21,1046478563403,moonlightfamily旗舰店,月光之家全拆家庭用床垫薄款独立弹簧乳胶记忆棉黄麻席梦思1.8米,1318.35,F款=15cm【3种调节 适中/微软/偏软】2cm乳胶+2cm记忆棉,1468.8,2191,平台加补后,https://detail.tmall.com/item.htm?b_s_f=sycm&b_spm=a21ag.29085015&id=1046478563403
21,1046478563403,moonlightfamily旗舰店,月光之家全拆家庭用床垫薄款独立弹簧乳胶记忆棉黄麻席梦思1.8米,1318.35,G款=20cm【5种调节 偏硬/微硬/适中/微软/偏软】2cm乳胶+2cm记忆棉+2cm黄麻,1668.55,2458,平台加补后,https://detail.tmall.com/item.htm?b_s_f=sycm&b_spm=a21ag.29085015&id=1046478563403
22,730136503602,派乐熊旗舰店,派乐熊儿童全拆S形黄麻床垫学生宿舍上下铺加硬护脊青少年榻榻米,537.2,★【不可拆款式】↓↓↓↓↓↓,937.55,1254,平台加补后,https://detail.tmall.com/item.htm?b_s_f=sycm&b_spm=a21ag.29085015&id=730136503602
22,730136503602,派乐熊旗舰店,派乐熊儿童全拆S形黄麻床垫学生宿舍上下铺加硬护脊青少年榻榻米,537.2,偏硬E6CM厚=3cm高密S形黄麻+A类亲肤面料,537.2,719,平台加补后,https://detail.tmall.com/item.htm?b_s_f=sycm&b_spm=a21ag.29085015&id=730136503602
22,730136503602,派乐熊旗舰店,派乐熊儿童全拆S形黄麻床垫学生宿舍上下铺加硬护脊青少年榻榻米,537.2,偏硬E8CM厚=5cm高密S形黄麻+A类亲肤面料,636.65,852,平台加补后,https://detail.tmall.com/item.htm?b_s_f=sycm&b_spm=a21ag.29085015&id=730136503602
22,730136503602,派乐熊旗舰店,派乐熊儿童全拆S形黄麻床垫学生宿舍上下铺加硬护脊青少年榻榻米,537.2,偏硬E10CM厚=7cm高密S形黄麻+A类亲肤面料,736.95,986,平台加补后,https://detail.tmall.com/item.htm?b_s_f=sycm&b_spm=a21ag.29085015&id=730136503602
22,730136503602,派乐熊旗舰店,派乐熊儿童全拆S形黄麻床垫学生宿舍上下铺加硬护脊青少年榻榻米,537.2,偏硬E13CM厚=10cm高密S形黄麻+A类亲肤面料,837.25,1120,平台加补后,https://detail.tmall.com/item.htm?b_s_f=sycm&b_spm=a21ag.29085015&id=730136503602
22,730136503602,派乐熊旗舰店,派乐熊儿童全拆S形黄麻床垫学生宿舍上下铺加硬护脊青少年榻榻米,537.2,适中F8CM厚=2cm脱敏乳胶+3cm高密S形黄麻 近期热销,636.65,852,平台加补后,https://detail.tmall.com/item.htm?b_s_f=sycm&b_spm=a21ag.29085015&id=730136503602
22,730136503602,派乐熊旗舰店,派乐熊儿童全拆S形黄麻床垫学生宿舍上下铺加硬护脊青少年榻榻米,537.2,适中F10CM厚=2cm脱敏乳胶+5cm高密S形黄麻,736.95,986,平台加补后,https://detail.tmall.com/item.htm?b_s_f=sycm&b_spm=a21ag.29085015&id=730136503602
22,730136503602,派乐熊旗舰店,派乐熊儿童全拆S形黄麻床垫学生宿舍上下铺加硬护脊青少年榻榻米,537.2,适中F12CM厚=2cm脱敏乳胶+7cm高密S形黄麻,837.25,1120,平台加补后,https://detail.tmall.com/item.htm?b_s_f=sycm&b_spm=a21ag.29085015&id=730136503602
22,730136503602,派乐熊旗舰店,派乐熊儿童全拆S形黄麻床垫学生宿舍上下铺加硬护脊青少年榻榻米,537.2,适中F15CM厚=2cm脱敏乳胶+10cm高密S形黄麻,937.55,1254,平台加补后,https://detail.tmall.com/item.htm?b_s_f=sycm&b_spm=a21ag.29085015&id=730136503602
22,730136503602,派乐熊旗舰店,派乐熊儿童全拆S形黄麻床垫学生宿舍上下铺加硬护脊青少年榻榻米,537.2,适中G8CM厚=2cm记忆棉+3cm高密S形黄麻,636.65,852,平台加补后,https://detail.tmall.com/item.htm?b_s_f=sycm&b_spm=a21ag.29085015&id=730136503602
22,730136503602,派乐熊旗舰店,派乐熊儿童全拆S形黄麻床垫学生宿舍上下铺加硬护脊青少年榻榻米,537.2,适中G10CM厚=2cm记忆棉+5cm高密S形黄麻,736.95,986,平台加补后,https://detail.tmall.com/item.htm?b_s_f=sycm&b_spm=a21ag.29085015&id=730136503602
22,730136503602,派乐熊旗舰店,派乐熊儿童全拆S形黄麻床垫学生宿舍上下铺加硬护脊青少年榻榻米,537.2,适中G12CM厚=2cm记忆棉+7cm高密S形黄麻,837.25,1120,平台加补后,https://detail.tmall.com/item.htm?b_s_f=sycm&b_spm=a21ag.29085015&id=730136503602
22,730136503602,派乐熊旗舰店,派乐熊儿童全拆S形黄麻床垫学生宿舍上下铺加硬护脊青少年榻榻米,537.2,适中G15CM厚=2cm记忆棉+10cm高密S形黄麻,937.55,1254,平台加补后,https://detail.tmall.com/item.htm?b_s_f=sycm&b_spm=a21ag.29085015&id=730136503602
22,730136503602,派乐熊旗舰店,派乐熊儿童全拆S形黄麻床垫学生宿舍上下铺加硬护脊青少年榻榻米,537.2,适中硬H8CM厚=2cm3D空气纤维+3cm高密S形黄麻,636.65,852,平台加补后,https://detail.tmall.com/item.htm?b_s_f=sycm&b_spm=a21ag.29085015&id=730136503602
22,730136503602,派乐熊旗舰店,派乐熊儿童全拆S形黄麻床垫学生宿舍上下铺加硬护脊青少年榻榻米,537.2,适中硬H10CM厚=2cm3D空气纤维+5cm高密S形黄麻,736.95,986,平台加补后,https://detail.tmall.com/item.htm?b_s_f=sycm&b_spm=a21ag.29085015&id=730136503602
22,730136503602,派乐熊旗舰店,派乐熊儿童全拆S形黄麻床垫学生宿舍上下铺加硬护脊青少年榻榻米,537.2,适中硬H12CM厚=2cm3D空气纤维+7cm高密S形黄麻,837.25,1120,平台加补后,https://detail.tmall.com/item.htm?b_s_f=sycm&b_spm=a21ag.29085015&id=730136503602
22,730136503602,派乐熊旗舰店,派乐熊儿童全拆S形黄麻床垫学生宿舍上下铺加硬护脊青少年榻榻米,537.2,适中硬H15CM=2cm3D空气纤维+10cm高密S形黄麻,937.55,1254,平台加补后,https://detail.tmall.com/item.htm?b_s_f=sycm&b_spm=a21ag.29085015&id=730136503602
22,730136503602,派乐熊旗舰店,派乐熊儿童全拆S形黄麻床垫学生宿舍上下铺加硬护脊青少年榻榻米,537.2,★【全拆款式】↓↓↓↓↓↓,997.05,1334,平台加补后,https://detail.tmall.com/item.htm?b_s_f=sycm&b_spm=a21ag.29085015&id=730136503602
22,730136503602,派乐熊旗舰店,派乐熊儿童全拆S形黄麻床垫学生宿舍上下铺加硬护脊青少年榻榻米,537.2,全拆A6CM厚=3cm高密S黄麻+A类亲肤面料,597.55,799,平台加补后,https://detail.tmall.com/item.htm?b_s_f=sycm&b_spm=a21ag.29085015&id=730136503602
22,730136503602,派乐熊旗舰店,派乐熊儿童全拆S形黄麻床垫学生宿舍上下铺加硬护脊青少年榻榻米,537.2,全拆A8CM厚=5cm高密S黄麻+A类亲肤面料,697.85,933,平台加补后,https://detail.tmall.com/item.htm?b_s_f=sycm&b_spm=a21ag.29085015&id=730136503602
22,730136503602,派乐熊旗舰店,派乐熊儿童全拆S形黄麻床垫学生宿舍上下铺加硬护脊青少年榻榻米,537.2,全拆A10CM厚=7cm高密S黄麻+A类亲肤面料,797.3,1066,平台加补后,https://detail.tmall.com/item.htm?b_s_f=sycm&b_spm=a21ag.29085015&id=730136503602
22,730136503602,派乐熊旗舰店,派乐熊儿童全拆S形黄麻床垫学生宿舍上下铺加硬护脊青少年榻榻米,537.2,全拆A13CM厚=10cm高密S形黄麻+A类亲肤面料,897.6,1200,平台加补后,https://detail.tmall.com/item.htm?b_s_f=sycm&b_spm=a21ag.29085015&id=730136503602
22,730136503602,派乐熊旗舰店,派乐熊儿童全拆S形黄麻床垫学生宿舍上下铺加硬护脊青少年榻榻米,537.2,全拆B8CM厚=2cm脱敏乳胶+3cm高密S黄麻+A类亲肤面料,697.85,933,平台加补后,https://detail.tmall.com/item.htm?b_s_f=sycm&b_spm=a21ag.29085015&id=730136503602
22,730136503602,派乐熊旗舰店,派乐熊儿童全拆S形黄麻床垫学生宿舍上下铺加硬护脊青少年榻榻米,537.2,全拆B10CM厚=2cm脱敏乳胶+5cm高密S黄麻+A类亲肤面料,797.3,1066,平台加补后,https://detail.tmall.com/item.htm?b_s_f=sycm&b_spm=a21ag.29085015&id=730136503602
22,730136503602,派乐熊旗舰店,派乐熊儿童全拆S形黄麻床垫学生宿舍上下铺加硬护脊青少年榻榻米,537.2,全拆B12CM厚=2cm脱敏乳胶+7cm高密S黄麻+A类亲肤面料,897.6,1200,平台加补后,https://detail.tmall.com/item.htm?b_s_f=sycm&b_spm=a21ag.29085015&id=730136503602
22,730136503602,派乐熊旗舰店,派乐熊儿童全拆S形黄麻床垫学生宿舍上下铺加硬护脊青少年榻榻米,537.2,全拆B15CM厚=2cm脱敏乳胶+10cm高密S形黄麻+A类亲肤面料,997.05,1334,平台加补后,https://detail.tmall.com/item.htm?b_s_f=sycm&b_spm=a21ag.29085015&id=730136503602
22,730136503602,派乐熊旗舰店,派乐熊儿童全拆S形黄麻床垫学生宿舍上下铺加硬护脊青少年榻榻米,537.2,全拆C8CM厚=2cm记忆棉+3cm高密S黄麻+A类亲肤面料,697.85,933,平台加补后,https://detail.tmall.com/item.htm?b_s_f=sycm&b_spm=a21ag.29085015&id=730136503602
22,730136503602,派乐熊旗舰店,派乐熊儿童全拆S形黄麻床垫学生宿舍上下铺加硬护脊青少年榻榻米,537.2,全拆C10CM厚=2cm记忆棉+5cm高密S黄麻+A类亲肤面料,797.3,1066,平台加补后,https://detail.tmall.com/item.htm?b_s_f=sycm&b_spm=a21ag.29085015&id=730136503602
22,730136503602,派乐熊旗舰店,派乐熊儿童全拆S形黄麻床垫学生宿舍上下铺加硬护脊青少年榻榻米,537.2,全拆C12CM厚=2cm记忆棉+7cm高密S黄麻+A类亲肤面料,897.6,1200,平台加补后,https://detail.tmall.com/item.htm?b_s_f=sycm&b_spm=a21ag.29085015&id=730136503602
22,730136503602,派乐熊旗舰店,派乐熊儿童全拆S形黄麻床垫学生宿舍上下铺加硬护脊青少年榻榻米,537.2,全拆C15CM厚=2cm记忆棉+10cm高密S形黄麻+A类亲肤面料,997.05,1334,平台加补后,https://detail.tmall.com/item.htm?b_s_f=sycm&b_spm=a21ag.29085015&id=730136503602
22,730136503602,派乐熊旗舰店,派乐熊儿童全拆S形黄麻床垫学生宿舍上下铺加硬护脊青少年榻榻米,537.2,全拆D8CM厚=2cm3D空气纤维+3cm高密S黄麻+A类亲肤面料,697.85,933,平台加补后,https://detail.tmall.com/item.htm?b_s_f=sycm&b_spm=a21ag.29085015&id=730136503602
22,730136503602,派乐熊旗舰店,派乐熊儿童全拆S形黄麻床垫学生宿舍上下铺加硬护脊青少年榻榻米,537.2,全拆D10CM厚=2cm3D空气纤维+5cm高密S黄麻+A类亲肤面料,797.3,1066,平台加补后,https://detail.tmall.com/item.htm?b_s_f=sycm&b_spm=a21ag.29085015&id=730136503602
22,730136503602,派乐熊旗舰店,派乐熊儿童全拆S形黄麻床垫学生宿舍上下铺加硬护脊青少年榻榻米,537.2,全拆D12CM厚=2cm3D空气纤维+7cm高密S黄麻+A类亲肤面料,897.6,1200,平台加补后,https://detail.tmall.com/item.htm?b_s_f=sycm&b_spm=a21ag.29085015&id=730136503602
22,730136503602,派乐熊旗舰店,派乐熊儿童全拆S形黄麻床垫学生宿舍上下铺加硬护脊青少年榻榻米,537.2,全拆D15CM厚=2cm3D空气纤维+10cm高密S形黄麻+A类亲肤面料,997.05,1334,平台加补后,https://detail.tmall.com/item.htm?b_s_f=sycm&b_spm=a21ag.29085015&id=730136503602
23,693457489039,派乐熊儿童床垫品牌店,派乐熊儿童全拆S形黄麻床垫学生宿舍上下铺加硬护脊青少年榻榻米,537.2,★【不可拆款式】↓↓↓↓↓↓,937.55,1254,平台加补后,https://detail.tmall.com/item.htm?b_s_f=sycm&b_spm=a21ag.29085015&id=693457489039
23,693457489039,派乐熊儿童床垫品牌店,派乐熊儿童全拆S形黄麻床垫学生宿舍上下铺加硬护脊青少年榻榻米,537.2,偏硬E6CM厚=3cm高密S形黄麻+A类亲肤面料,537.2,719,平台加补后,https://detail.tmall.com/item.htm?b_s_f=sycm&b_spm=a21ag.29085015&id=693457489039
23,693457489039,派乐熊儿童床垫品牌店,派乐熊儿童全拆S形黄麻床垫学生宿舍上下铺加硬护脊青少年榻榻米,537.2,偏硬E8CM厚=5cm高密S形黄麻+A类亲肤面料,636.65,852,平台加补后,https://detail.tmall.com/item.htm?b_s_f=sycm&b_spm=a21ag.29085015&id=693457489039
23,693457489039,派乐熊儿童床垫品牌店,派乐熊儿童全拆S形黄麻床垫学生宿舍上下铺加硬护脊青少年榻榻米,537.2,偏硬E10CM厚=7cm高密S形黄麻+A类亲肤面料,736.95,986,平台加补后,https://detail.tmall.com/item.htm?b_s_f=sycm&b_spm=a21ag.29085015&id=693457489039
23,693457489039,派乐熊儿童床垫品牌店,派乐熊儿童全拆S形黄麻床垫学生宿舍上下铺加硬护脊青少年榻榻米,537.2,偏硬E13CM厚=10cm高密S形黄麻+A类亲肤面料,837.25,1120,平台加补后,https://detail.tmall.com/item.htm?b_s_f=sycm&b_spm=a21ag.29085015&id=693457489039
23,693457489039,派乐熊儿童床垫品牌店,派乐熊儿童全拆S形黄麻床垫学生宿舍上下铺加硬护脊青少年榻榻米,537.2,适中F8CM厚=2cm脱敏乳胶+3cm高密S形黄麻 近期热销,636.65,852,平台加补后,https://detail.tmall.com/item.htm?b_s_f=sycm&b_spm=a21ag.29085015&id=693457489039
23,693457489039,派乐熊儿童床垫品牌店,派乐熊儿童全拆S形黄麻床垫学生宿舍上下铺加硬护脊青少年榻榻米,537.2,适中F10CM厚=2cm脱敏乳胶+5cm高密S形黄麻,736.95,986,平台加补后,https://detail.tmall.com/item.htm?b_s_f=sycm&b_spm=a21ag.29085015&id=693457489039
23,693457489039,派乐熊儿童床垫品牌店,派乐熊儿童全拆S形黄麻床垫学生宿舍上下铺加硬护脊青少年榻榻米,537.2,适中F12CM厚=2cm脱敏乳胶+7cm高密S形黄麻,837.25,1120,平台加补后,https://detail.tmall.com/item.htm?b_s_f=sycm&b_spm=a21ag.29085015&id=693457489039
23,693457489039,派乐熊儿童床垫品牌店,派乐熊儿童全拆S形黄麻床垫学生宿舍上下铺加硬护脊青少年榻榻米,537.2,适中F15CM厚=2cm脱敏乳胶+10cm高密S形黄麻,937.55,1254,平台加补后,https://detail.tmall.com/item.htm?b_s_f=sycm&b_spm=a21ag.29085015&id=693457489039
23,693457489039,派乐熊儿童床垫品牌店,派乐熊儿童全拆S形黄麻床垫学生宿舍上下铺加硬护脊青少年榻榻米,537.2,适中G8CM厚=2cm记忆棉+3cm高密S形黄麻,636.65,852,平台加补后,https://detail.tmall.com/item.htm?b_s_f=sycm&b_spm=a21ag.29085015&id=693457489039
23,693457489039,派乐熊儿童床垫品牌店,派乐熊儿童全拆S形黄麻床垫学生宿舍上下铺加硬护脊青少年榻榻米,537.2,适中G10CM厚=2cm记忆棉+5cm高密S形黄麻,736.95,986,平台加补后,https://detail.tmall.com/item.htm?b_s_f=sycm&b_spm=a21ag.29085015&id=693457489039
23,693457489039,派乐熊儿童床垫品牌店,派乐熊儿童全拆S形黄麻床垫学生宿舍上下铺加硬护脊青少年榻榻米,537.2,适中G12CM厚=2cm记忆棉+7cm高密S形黄麻,837.25,1120,平台加补后,https://detail.tmall.com/item.htm?b_s_f=sycm&b_spm=a21ag.29085015&id=693457489039
23,693457489039,派乐熊儿童床垫品牌店,派乐熊儿童全拆S形黄麻床垫学生宿舍上下铺加硬护脊青少年榻榻米,537.2,适中G15CM厚=2cm记忆棉+10cm高密S形黄麻,937.55,1254,平台加补后,https://detail.tmall.com/item.htm?b_s_f=sycm&b_spm=a21ag.29085015&id=693457489039
23,693457489039,派乐熊儿童床垫品牌店,派乐熊儿童全拆S形黄麻床垫学生宿舍上下铺加硬护脊青少年榻榻米,537.2,适中硬H8CM厚=2cm3D空气纤维+3cm高密S形黄麻,636.65,852,平台加补后,https://detail.tmall.com/item.htm?b_s_f=sycm&b_spm=a21ag.29085015&id=693457489039
23,693457489039,派乐熊儿童床垫品牌店,派乐熊儿童全拆S形黄麻床垫学生宿舍上下铺加硬护脊青少年榻榻米,537.2,适中硬H10CM厚=2cm3D空气纤维+5cm高密S形黄麻,736.95,986,平台加补后,https://detail.tmall.com/item.htm?b_s_f=sycm&b_spm=a21ag.29085015&id=693457489039
23,693457489039,派乐熊儿童床垫品牌店,派乐熊儿童全拆S形黄麻床垫学生宿舍上下铺加硬护脊青少年榻榻米,537.2,适中硬H12CM厚=2cm3D空气纤维+7cm高密S形黄麻,837.25,1120,平台加补后,https://detail.tmall.com/item.htm?b_s_f=sycm&b_spm=a21ag.29085015&id=693457489039
23,693457489039,派乐熊儿童床垫品牌店,派乐熊儿童全拆S形黄麻床垫学生宿舍上下铺加硬护脊青少年榻榻米,537.2,适中硬H15CM厚=2cm3D空气纤维+10cm高密S形黄麻,937.55,1254,平台加补后,https://detail.tmall.com/item.htm?b_s_f=sycm&b_spm=a21ag.29085015&id=693457489039
23,693457489039,派乐熊儿童床垫品牌店,派乐熊儿童全拆S形黄麻床垫学生宿舍上下铺加硬护脊青少年榻榻米,537.2,★【全拆款式】↓↓↓↓↓↓,997.05,1334,平台加补后,https://detail.tmall.com/item.htm?b_s_f=sycm&b_spm=a21ag.29085015&id=693457489039
23,693457489039,派乐熊儿童床垫品牌店,派乐熊儿童全拆S形黄麻床垫学生宿舍上下铺加硬护脊青少年榻榻米,537.2,全拆A6CM厚=3cm高密S黄麻+A类亲肤面料,597.55,799,平台加补后,https://detail.tmall.com/item.htm?b_s_f=sycm&b_spm=a21ag.29085015&id=693457489039
23,693457489039,派乐熊儿童床垫品牌店,派乐熊儿童全拆S形黄麻床垫学生宿舍上下铺加硬护脊青少年榻榻米,537.2,全拆A8CM厚=5cm高密S黄麻+A类亲肤面料,697.85,933,平台加补后,https://detail.tmall.com/item.htm?b_s_f=sycm&b_spm=a21ag.29085015&id=693457489039
23,693457489039,派乐熊儿童床垫品牌店,派乐熊儿童全拆S形黄麻床垫学生宿舍上下铺加硬护脊青少年榻榻米,537.2,全拆A10CM厚=7cm高密S黄麻+A类亲肤面料,797.3,1066,平台加补后,https://detail.tmall.com/item.htm?b_s_f=sycm&b_spm=a21ag.29085015&id=693457489039
23,693457489039,派乐熊儿童床垫品牌店,派乐熊儿童全拆S形黄麻床垫学生宿舍上下铺加硬护脊青少年榻榻米,537.2,全拆A13CM厚=10cm高密S形黄麻+A类亲肤面料,897.6,1200,平台加补后,https://detail.tmall.com/item.htm?b_s_f=sycm&b_spm=a21ag.29085015&id=693457489039
23,693457489039,派乐熊儿童床垫品牌店,派乐熊儿童全拆S形黄麻床垫学生宿舍上下铺加硬护脊青少年榻榻米,537.2,全拆B8CM厚=2cm脱敏乳胶+3cm高密S黄麻+A类亲肤面料,697.85,933,平台加补后,https://detail.tmall.com/item.htm?b_s_f=sycm&b_spm=a21ag.29085015&id=693457489039
23,693457489039,派乐熊儿童床垫品牌店,派乐熊儿童全拆S形黄麻床垫学生宿舍上下铺加硬护脊青少年榻榻米,537.2,全拆B10CM厚=2cm脱敏乳胶+5cm高密S黄麻+A类亲肤面料,797.3,1066,平台加补后,https://detail.tmall.com/item.htm?b_s_f=sycm&b_spm=a21ag.29085015&id=693457489039
23,693457489039,派乐熊儿童床垫品牌店,派乐熊儿童全拆S形黄麻床垫学生宿舍上下铺加硬护脊青少年榻榻米,537.2,全拆B12CM厚=2cm脱敏乳胶+7cm高密S黄麻+A类亲肤面料,897.6,1200,平台加补后,https://detail.tmall.com/item.htm?b_s_f=sycm&b_spm=a21ag.29085015&id=693457489039
23,693457489039,派乐熊儿童床垫品牌店,派乐熊儿童全拆S形黄麻床垫学生宿舍上下铺加硬护脊青少年榻榻米,537.2,全拆B15CM厚=2cm脱敏乳胶+10cm高密S形黄麻+A类亲肤面料,997.05,1334,平台加补后,https://detail.tmall.com/item.htm?b_s_f=sycm&b_spm=a21ag.29085015&id=693457489039
23,693457489039,派乐熊儿童床垫品牌店,派乐熊儿童全拆S形黄麻床垫学生宿舍上下铺加硬护脊青少年榻榻米,537.2,全拆C8CM厚=2cm记忆棉+3cm高密S黄麻+A类亲肤面料,697.85,933,平台加补后,https://detail.tmall.com/item.htm?b_s_f=sycm&b_spm=a21ag.29085015&id=693457489039
23,693457489039,派乐熊儿童床垫品牌店,派乐熊儿童全拆S形黄麻床垫学生宿舍上下铺加硬护脊青少年榻榻米,537.2,全拆C10CM厚=2cm记忆棉+5cm高密S黄麻+A类亲肤面料,797.3,1066,平台加补后,https://detail.tmall.com/item.htm?b_s_f=sycm&b_spm=a21ag.29085015&id=693457489039
23,693457489039,派乐熊儿童床垫品牌店,派乐熊儿童全拆S形黄麻床垫学生宿舍上下铺加硬护脊青少年榻榻米,537.2,全拆C12CM厚=2cm记忆棉+7cm高密S黄麻+A类亲肤面料,897.6,1200,平台加补后,https://detail.tmall.com/item.htm?b_s_f=sycm&b_spm=a21ag.29085015&id=693457489039
23,693457489039,派乐熊儿童床垫品牌店,派乐熊儿童全拆S形黄麻床垫学生宿舍上下铺加硬护脊青少年榻榻米,537.2,全拆C15CM厚=2cm记忆棉+10cm高密S形黄麻+A类亲肤面料,997.05,1334,平台加补后,https://detail.tmall.com/item.htm?b_s_f=sycm&b_spm=a21ag.29085015&id=693457489039
23,693457489039,派乐熊儿童床垫品牌店,派乐熊儿童全拆S形黄麻床垫学生宿舍上下铺加硬护脊青少年榻榻米,537.2,全拆D8CM厚=2cm3D空气纤维+3cm高密S黄麻+A类亲肤面料,697.85,933,平台加补后,https://detail.tmall.com/item.htm?b_s_f=sycm&b_spm=a21ag.29085015&id=693457489039
23,693457489039,派乐熊儿童床垫品牌店,派乐熊儿童全拆S形黄麻床垫学生宿舍上下铺加硬护脊青少年榻榻米,537.2,全拆D10CM厚=2cm3D空气纤维+5cm高密S黄麻+A类亲肤面料,797.3,1066,平台加补后,https://detail.tmall.com/item.htm?b_s_f=sycm&b_spm=a21ag.29085015&id=693457489039
23,693457489039,派乐熊儿童床垫品牌店,派乐熊儿童全拆S形黄麻床垫学生宿舍上下铺加硬护脊青少年榻榻米,537.2,全拆D12CM厚=2cm3D空气纤维+7cm高密S黄麻+A类亲肤面料,897.6,1200,平台加补后,https://detail.tmall.com/item.htm?b_s_f=sycm&b_spm=a21ag.29085015&id=693457489039
23,693457489039,派乐熊儿童床垫品牌店,派乐熊儿童全拆S形黄麻床垫学生宿舍上下铺加硬护脊青少年榻榻米,537.2,全拆D15CM厚=2cm3D空气纤维+10cm高密S形黄麻+A类亲肤面料,997.05,1334,平台加补后,https://detail.tmall.com/item.htm?b_s_f=sycm&b_spm=a21ag.29085015&id=693457489039
24,816598391499,凯菲露家具旗舰店,凯菲露乳胶床垫独立弹簧卧室家用防塌护脊黄麻硬垫22cm厚酒店睡感,702.95,坚石A款：约20cm【舒缓绵+防塌精钢邦尼尔弹簧】 【适中偏软】,702.95,1008,平台加补后,https://detail.tmall.com/item.htm?b_s_f=sycm&b_spm=a21ag.29085015&id=816598391499
24,816598391499,凯菲露家具旗舰店,凯菲露乳胶床垫独立弹簧卧室家用防塌护脊黄麻硬垫22cm厚酒店睡感,702.95,坚石B款：约22cm【舒缓绵+黄麻+防塌精钢邦尼尔弹簧】 【适中偏硬】,740.35,1058,平台加补后,https://detail.tmall.com/item.htm?b_s_f=sycm&b_spm=a21ag.29085015&id=816598391499
24,816598391499,凯菲露家具旗舰店,凯菲露乳胶床垫独立弹簧卧室家用防塌护脊黄麻硬垫22cm厚酒店睡感,702.95,坚石C款：约24cm【舒缓绵+泰国乳胶+原生黄麻+防塌精钢邦尼尔弹簧】 【柔软护脊】,815.15,1158,平台加补后,https://detail.tmall.com/item.htm?b_s_f=sycm&b_spm=a21ag.29085015&id=816598391499
24,816598391499,凯菲露家具旗舰店,凯菲露乳胶床垫独立弹簧卧室家用防塌护脊黄麻硬垫22cm厚酒店睡感,702.95,坚石升级B款：约22cm【舒缓绵+原生黄麻+防塌护脊独立弹簧】 【加硬护脊】,792.2,1128,平台加补后,https://detail.tmall.com/item.htm?b_s_f=sycm&b_spm=a21ag.29085015&id=816598391499
24,816598391499,凯菲露家具旗舰店,凯菲露乳胶床垫独立弹簧卧室家用防塌护脊黄麻硬垫22cm厚酒店睡感,702.95,坚石升级C款：约24cm【舒缓绵+泰国乳胶+原生黄麻+防塌护脊独立弹簧】 【柔软护脊】 千人加购,843.2,1298,平台加补后,https://detail.tmall.com/item.htm?b_s_f=sycm&b_spm=a21ag.29085015&id=816598391499
24,816598391499,凯菲露家具旗舰店,凯菲露乳胶床垫独立弹簧卧室家用防塌护脊黄麻硬垫22cm厚酒店睡感,702.95,坚石旗舰A款：约21cm【泰国乳胶+专利感应独立袋弹簧】 【静音舒适】,880.6,1348,平台加补后,https://detail.tmall.com/item.htm?b_s_f=sycm&b_spm=a21ag.29085015&id=816598391499
24,816598391499,凯菲露家具旗舰店,凯菲露乳胶床垫独立弹簧卧室家用防塌护脊黄麻硬垫22cm厚酒店睡感,702.95,坚石旗舰B款：约22cm【原生黄麻+专利感应独立袋弹簧】 【偏硬护脊】 店长主推,880.6,1348,平台加补后,https://detail.tmall.com/item.htm?b_s_f=sycm&b_spm=a21ag.29085015&id=816598391499
24,816598391499,凯菲露家具旗舰店,凯菲露乳胶床垫独立弹簧卧室家用防塌护脊黄麻硬垫22cm厚酒店睡感,702.95,坚石旗舰C款：约23cm【泰国乳胶+专利感应独立袋弹簧+原生黄麻】 【软硬双面】,940.1,1428,平台加补后,https://detail.tmall.com/item.htm?b_s_f=sycm&b_spm=a21ag.29085015&id=816598391499
24,816598391499,凯菲露家具旗舰店,凯菲露乳胶床垫独立弹簧卧室家用防塌护脊黄麻硬垫22cm厚酒店睡感,702.95,坚石旗舰D款：约24cm【2cm泰国乳胶+原生黄麻+专利感应独立袋弹簧】 【舒适护脊】,1030.2,1548,平台加补后,https://detail.tmall.com/item.htm?b_s_f=sycm&b_spm=a21ag.29085015&id=816598391499
24,816598391499,凯菲露家具旗舰店,凯菲露乳胶床垫独立弹簧卧室家用防塌护脊黄麻硬垫22cm厚酒店睡感,702.95,坚石旗舰E款：约24cm【2cm泰国乳胶+德国3D芯+专利感应独立袋弹簧】 【舒适透气】,1129.65,1738,平台加补后,https://detail.tmall.com/item.htm?b_s_f=sycm&b_spm=a21ag.29085015&id=816598391499
25,826409177301,睡眠骑士床垫企业店,睡眠骑士乳胶床垫硬垫30cm厚加硬独立袋弹簧五星级酒店黄麻护脊,1229.1,护脊J【2cm黄麻+五星专利弹簧】22cm偏硬,1229.1,1848,平台加补后,https://detail.tmall.com/item.htm?b_s_f=sycm&b_spm=a21ag.29085015&id=826409177301
25,826409177301,睡眠骑士床垫企业店,睡眠骑士乳胶床垫硬垫30cm厚加硬独立袋弹簧五星级酒店黄麻护脊,1229.1,护脊K【乳胶+2cm黄麻+五星专利弹簧】24cm偏硬 近期热销,1326,1978,平台加补后,https://detail.tmall.com/item.htm?b_s_f=sycm&b_spm=a21ag.29085015&id=826409177301
25,826409177301,睡眠骑士床垫企业店,睡眠骑士乳胶床垫硬垫30cm厚加硬独立袋弹簧五星级酒店黄麻护脊,1229.1,护脊M【2cm乳胶+3cmS黄麻+五星专利弹簧】26cm中硬,1439.9,2198,平台加补后,https://detail.tmall.com/item.htm?b_s_f=sycm&b_spm=a21ag.29085015&id=826409177301
25,826409177301,睡眠骑士床垫企业店,睡眠骑士乳胶床垫硬垫30cm厚加硬独立袋弹簧五星级酒店黄麻护脊,1229.1,护脊N【2cm乳胶+5cmS黄麻+五星专利弹簧】28cm中硬,1678.75,2518,平台加补后,https://detail.tmall.com/item.htm?b_s_f=sycm&b_spm=a21ag.29085015&id=826409177301
25,826409177301,睡眠骑士床垫企业店,睡眠骑士乳胶床垫硬垫30cm厚加硬独立袋弹簧五星级酒店黄麻护脊,1229.1,护脊S【2cm乳胶+2cm3D层+5cmS黄麻+五星专利弹簧】30cm中硬,1776.5,2648,平台加补后,https://detail.tmall.com/item.htm?b_s_f=sycm&b_spm=a21ag.29085015&id=826409177301
26,1060750230053,麻师傅诺隆专卖店,麻师傅中老年人护腰脊神器偏硬黄麻独立弹簧床垫家用席梦思20cm厚,779.45,A22cm=3cm黄麻+护脊精钢弹簧+亚麻面料,779.45,1043,平台加补后,https://detail.tmall.com/item.htm?b_s_f=sycm&b_spm=a21ag.29085015&id=1060750230053
26,1060750230053,麻师傅诺隆专卖店,麻师傅中老年人护腰脊神器偏硬黄麻独立弹簧床垫家用席梦思20cm厚,779.45,B24cm=2cm艾草纤维棉+3cm黄麻+护脊精钢弹簧+亚麻面料,877.2,1173,平台加补后,https://detail.tmall.com/item.htm?b_s_f=sycm&b_spm=a21ag.29085015&id=1060750230053
26,1060750230053,麻师傅诺隆专卖店,麻师傅中老年人护腰脊神器偏硬黄麻独立弹簧床垫家用席梦思20cm厚,779.45,C24cm=2cm羊毛纤维棉+3cm黄麻+护脊精钢弹簧+亚麻面料,877.2,1173,平台加补后,https://detail.tmall.com/item.htm?b_s_f=sycm&b_spm=a21ag.29085015&id=1060750230053
26,1060750230053,麻师傅诺隆专卖店,麻师傅中老年人护腰脊神器偏硬黄麻独立弹簧床垫家用席梦思20cm厚,779.45,D24cm=2cm3D+3cm黄麻+护脊精钢弹簧+亚麻面料,877.2,1173,平台加补后,https://detail.tmall.com/item.htm?b_s_f=sycm&b_spm=a21ag.29085015&id=1060750230053
26,1060750230053,麻师傅诺隆专卖店,麻师傅中老年人护腰脊神器偏硬黄麻独立弹簧床垫家用席梦思20cm厚,779.45,升级A22cm=3cm黄麻+1221根独立袋弹簧+亚麻面料 近期热销,906.95,1213,平台加补后,https://detail.tmall.com/item.htm?b_s_f=sycm&b_spm=a21ag.29085015&id=1060750230053
26,1060750230053,麻师傅诺隆专卖店,麻师傅中老年人护腰脊神器偏硬黄麻独立弹簧床垫家用席梦思20cm厚,779.45,升级B24cm=2cm艾草纤维棉+3cm黄麻+1221根独立袋弹簧+亚麻面料,974.95,1304,平台加补后,https://detail.tmall.com/item.htm?b_s_f=sycm&b_spm=a21ag.29085015&id=1060750230053
26,1060750230053,麻师傅诺隆专卖店,麻师傅中老年人护腰脊神器偏硬黄麻独立弹簧床垫家用席梦思20cm厚,779.45,升级C24cm=2cm羊毛纤维棉+3cm黄麻+1221根独立袋弹簧+亚麻面料,974.95,1304,平台加补后,https://detail.tmall.com/item.htm?b_s_f=sycm&b_spm=a21ag.29085015&id=1060750230053
26,1060750230053,麻师傅诺隆专卖店,麻师傅中老年人护腰脊神器偏硬黄麻独立弹簧床垫家用席梦思20cm厚,779.45,升级D24cm=2cm3D+3cm黄麻+1221根独立袋弹簧+亚麻面料,974.95,1304,平台加补后,https://detail.tmall.com/item.htm?b_s_f=sycm&b_spm=a21ag.29085015&id=1060750230053
27,878994904392,yarges悠梦思旗舰店,悠梦思酒店弹簧床垫15cm薄乳胶黄麻1.8席梦思家用椰棕垫子软垫,697,舒睡A款【防塌精钢独立弹簧】 适中≈12cm 近期热销,697,978,平台加补后,https://detail.tmall.com/item.htm?b_s_f=sycm&b_spm=a21ag.29085015&id=878994904392
27,878994904392,yarges悠梦思旗舰店,悠梦思酒店弹簧床垫15cm薄乳胶黄麻1.8席梦思家用椰棕垫子软垫,697,舒睡B款【防塌精钢独立弹簧】 偏硬≈14cm,779.45,1088,平台加补后,https://detail.tmall.com/item.htm?b_s_f=sycm&b_spm=a21ag.29085015&id=878994904392
27,878994904392,yarges悠梦思旗舰店,悠梦思酒店弹簧床垫15cm薄乳胶黄麻1.8席梦思家用椰棕垫子软垫,697,升级A款【防塌独立袋弹簧】 静音适中≈12cm,876.35,1218,平台加补后,https://detail.tmall.com/item.htm?b_s_f=sycm&b_spm=a21ag.29085015&id=878994904392
27,878994904392,yarges悠梦思旗舰店,悠梦思酒店弹簧床垫15cm薄乳胶黄麻1.8席梦思家用椰棕垫子软垫,697,升级B款【防塌独立袋弹簧】 静音稍软≈14cm,906.95,1258,平台加补后,https://detail.tmall.com/item.htm?b_s_f=sycm&b_spm=a21ag.29085015&id=878994904392
27,878994904392,yarges悠梦思旗舰店,悠梦思酒店弹簧床垫15cm薄乳胶黄麻1.8席梦思家用椰棕垫子软垫,697,升级B3.0款【防塌独立袋弹簧】 静音稍软≈15cm,981.75,1358,平台加补后,https://detail.tmall.com/item.htm?b_s_f=sycm&b_spm=a21ag.29085015&id=878994904392
27,878994904392,yarges悠梦思旗舰店,悠梦思酒店弹簧床垫15cm薄乳胶黄麻1.8席梦思家用椰棕垫子软垫,697,升级C款【防塌独立袋弹簧】 静音偏硬≈14cm,906.95,1258,平台加补后,https://detail.tmall.com/item.htm?b_s_f=sycm&b_spm=a21ag.29085015&id=878994904392
27,878994904392,yarges悠梦思旗舰店,悠梦思酒店弹簧床垫15cm薄乳胶黄麻1.8席梦思家用椰棕垫子软垫,697,升级C3.0款【防塌独立袋弹簧】 静音偏硬≈15cm,981.75,1358,平台加补后,https://detail.tmall.com/item.htm?b_s_f=sycm&b_spm=a21ag.29085015&id=878994904392
27,878994904392,yarges悠梦思旗舰店,悠梦思酒店弹簧床垫15cm薄乳胶黄麻1.8席梦思家用椰棕垫子软垫,697,升级D款【防塌独立袋弹簧】 软硬两用≈16cm,951.15,1318,平台加补后,https://detail.tmall.com/item.htm?b_s_f=sycm&b_spm=a21ag.29085015&id=878994904392
27,878994904392,yarges悠梦思旗舰店,悠梦思酒店弹簧床垫15cm薄乳胶黄麻1.8席梦思家用椰棕垫子软垫,697,升级E款【防塌独立袋弹簧】 静音适中≈14cm,906.95,1258,平台加补后,https://detail.tmall.com/item.htm?b_s_f=sycm&b_spm=a21ag.29085015&id=878994904392
27,878994904392,yarges悠梦思旗舰店,悠梦思酒店弹簧床垫15cm薄乳胶黄麻1.8席梦思家用椰棕垫子软垫,697,升级E3.0款【防塌独立袋弹簧 静音适中≈15cm,981.75,1358,平台加补后,https://detail.tmall.com/item.htm?b_s_f=sycm&b_spm=a21ag.29085015&id=878994904392
27,878994904392,yarges悠梦思旗舰店,悠梦思酒店弹簧床垫15cm薄乳胶黄麻1.8席梦思家用椰棕垫子软垫,697,升级F款【防塌独立袋弹簧】 适中两用≈16cm,951.15,1318,平台加补后,https://detail.tmall.com/item.htm?b_s_f=sycm&b_spm=a21ag.29085015&id=878994904392
28,640048898334,睡眠骑士床垫企业店,睡眠骑士儿童床垫0胶0甲醛护脊偏硬20cm独立袋弹簧乳胶青少年专用,1482.4,经典蓝色外观⬇️,1641.35,2468,平台加补后,https://detail.tmall.com/item.htm?b_s_f=sycm&b_spm=a21ag.29085015&id=640048898334
28,640048898334,睡眠骑士床垫企业店,睡眠骑士儿童床垫0胶0甲醛护脊偏硬20cm独立袋弹簧乳胶青少年专用,1482.4,呼呼pro加厚A【偏硬支撑-护脊】厚22cm,1482.4,2255,平台加补后,https://detail.tmall.com/item.htm?b_s_f=sycm&b_spm=a21ag.29085015&id=640048898334
28,640048898334,睡眠骑士床垫企业店,睡眠骑士儿童床垫0胶0甲醛护脊偏硬20cm独立袋弹簧乳胶青少年专用,1482.4,呼呼pro加厚B【软硬适中-透气】厚22cm,1557.2,2355,平台加补后,https://detail.tmall.com/item.htm?b_s_f=sycm&b_spm=a21ag.29085015&id=640048898334
28,640048898334,睡眠骑士床垫企业店,睡眠骑士儿童床垫0胶0甲醛护脊偏硬20cm独立袋弹簧乳胶青少年专用,1482.4,呼呼pro加厚C【适中偏硬-透气】厚24cm,1641.35,2468,平台加补后,https://detail.tmall.com/item.htm?b_s_f=sycm&b_spm=a21ag.29085015&id=640048898334
28,640048898334,睡眠骑士床垫企业店,睡眠骑士儿童床垫0胶0甲醛护脊偏硬20cm独立袋弹簧乳胶青少年专用,1482.4,呼呼pro中厚A【偏硬支撑-护脊】厚15cm,1482.4,2255,平台加补后,https://detail.tmall.com/item.htm?b_s_f=sycm&b_spm=a21ag.29085015&id=640048898334
28,640048898334,睡眠骑士床垫企业店,睡眠骑士儿童床垫0胶0甲醛护脊偏硬20cm独立袋弹簧乳胶青少年专用,1482.4,呼呼pro中厚B【软硬适中-透气】厚15cm,1557.2,2355,平台加补后,https://detail.tmall.com/item.htm?b_s_f=sycm&b_spm=a21ag.29085015&id=640048898334
28,640048898334,睡眠骑士床垫企业店,睡眠骑士儿童床垫0胶0甲醛护脊偏硬20cm独立袋弹簧乳胶青少年专用,1482.4,呼呼pro中厚C【适中偏硬-透气】厚17cm,1641.35,2468,平台加补后,https://detail.tmall.com/item.htm?b_s_f=sycm&b_spm=a21ag.29085015&id=640048898334
28,640048898334,睡眠骑士床垫企业店,睡眠骑士儿童床垫0胶0甲醛护脊偏硬20cm独立袋弹簧乳胶青少年专用,1482.4,呼呼pro薄款A【偏硬支撑-护脊】厚10cm,1482.4,2255,平台加补后,https://detail.tmall.com/item.htm?b_s_f=sycm&b_spm=a21ag.29085015&id=640048898334
28,640048898334,睡眠骑士床垫企业店,睡眠骑士儿童床垫0胶0甲醛护脊偏硬20cm独立袋弹簧乳胶青少年专用,1482.4,呼呼pro薄款B【软硬适中-透气】厚10cm,1557.2,2355,平台加补后,https://detail.tmall.com/item.htm?b_s_f=sycm&b_spm=a21ag.29085015&id=640048898334
28,640048898334,睡眠骑士床垫企业店,睡眠骑士儿童床垫0胶0甲醛护脊偏硬20cm独立袋弹簧乳胶青少年专用,1482.4,呼呼pro薄款C【适中偏硬-透气】厚12cm,1641.35,2468,平台加补后,https://detail.tmall.com/item.htm?b_s_f=sycm&b_spm=a21ag.29085015&id=640048898334
28,640048898334,睡眠骑士床垫企业店,睡眠骑士儿童床垫0胶0甲醛护脊偏硬20cm独立袋弹簧乳胶青少年专用,1482.4,新款粉色外观⬇️,1641.35,2468,平台加补后,https://detail.tmall.com/item.htm?b_s_f=sycm&b_spm=a21ag.29085015&id=640048898334
28,640048898334,睡眠骑士床垫企业店,睡眠骑士儿童床垫0胶0甲醛护脊偏硬20cm独立袋弹簧乳胶青少年专用,1482.4,呼呼pro加厚E【偏硬支撑-护脊】厚22cm,1482.4,2255,平台加补后,https://detail.tmall.com/item.htm?b_s_f=sycm&b_spm=a21ag.29085015&id=640048898334
28,640048898334,睡眠骑士床垫企业店,睡眠骑士儿童床垫0胶0甲醛护脊偏硬20cm独立袋弹簧乳胶青少年专用,1482.4,呼呼pro加厚F【软硬适中-透气】厚22cm,1557.2,2355,平台加补后,https://detail.tmall.com/item.htm?b_s_f=sycm&b_spm=a21ag.29085015&id=640048898334
28,640048898334,睡眠骑士床垫企业店,睡眠骑士儿童床垫0胶0甲醛护脊偏硬20cm独立袋弹簧乳胶青少年专用,1482.4,呼呼pro加厚G【适中偏硬-透气】厚24cm,1641.35,2468,平台加补后,https://detail.tmall.com/item.htm?b_s_f=sycm&b_spm=a21ag.29085015&id=640048898334
28,640048898334,睡眠骑士床垫企业店,睡眠骑士儿童床垫0胶0甲醛护脊偏硬20cm独立袋弹簧乳胶青少年专用,1482.4,呼呼pro中厚E【偏硬支撑-护脊】厚15cm,1482.4,2255,平台加补后,https://detail.tmall.com/item.htm?b_s_f=sycm&b_spm=a21ag.29085015&id=640048898334
28,640048898334,睡眠骑士床垫企业店,睡眠骑士儿童床垫0胶0甲醛护脊偏硬20cm独立袋弹簧乳胶青少年专用,1482.4,呼呼pro中厚F【软硬适中-透气】厚15cm,1557.2,2355,平台加补后,https://detail.tmall.com/item.htm?b_s_f=sycm&b_spm=a21ag.29085015&id=640048898334
28,640048898334,睡眠骑士床垫企业店,睡眠骑士儿童床垫0胶0甲醛护脊偏硬20cm独立袋弹簧乳胶青少年专用,1482.4,呼呼pro中厚G【适中偏硬-透气】厚17cm,1641.35,2468,平台加补后,https://detail.tmall.com/item.htm?b_s_f=sycm&b_spm=a21ag.29085015&id=640048898334
28,640048898334,睡眠骑士床垫企业店,睡眠骑士儿童床垫0胶0甲醛护脊偏硬20cm独立袋弹簧乳胶青少年专用,1482.4,呼呼pro薄款E【偏硬支撑-护脊】厚10cm,1482.4,2255,平台加补后,https://detail.tmall.com/item.htm?b_s_f=sycm&b_spm=a21ag.29085015&id=640048898334
28,640048898334,睡眠骑士床垫企业店,睡眠骑士儿童床垫0胶0甲醛护脊偏硬20cm独立袋弹簧乳胶青少年专用,1482.4,呼呼pro薄款F【软硬适中-透气】厚10cm,1557.2,2355,平台加补后,https://detail.tmall.com/item.htm?b_s_f=sycm&b_spm=a21ag.29085015&id=640048898334
28,640048898334,睡眠骑士床垫企业店,睡眠骑士儿童床垫0胶0甲醛护脊偏硬20cm独立袋弹簧乳胶青少年专用,1482.4,呼呼pro薄款G【适中偏硬-透气】厚12cm,1641.35,2468,平台加补后,https://detail.tmall.com/item.htm?b_s_f=sycm&b_spm=a21ag.29085015&id=640048898334
29,721092643270,睡眠骑士床垫企业店,睡眠骑士记忆棉床垫五星级酒店床垫卧室加厚乳胶30cm厚家用软垫,1311.55,五星G【2cm记忆棉+五星专利弹簧】22cm适中 近期热销,1311.55,1958,平台加补后,https://detail.tmall.com/item.htm?b_s_f=sycm&b_spm=a21ag.29085015&id=721092643270
29,721092643270,睡眠骑士床垫企业店,睡眠骑士记忆棉床垫五星级酒店床垫卧室加厚乳胶30cm厚家用软垫,1311.55,五星H【2cm记忆棉+五星专利弹簧】24cm双面,1320.05,2038,平台加补后,https://detail.tmall.com/item.htm?b_s_f=sycm&b_spm=a21ag.29085015&id=721092643270
29,721092643270,睡眠骑士床垫企业店,睡眠骑士记忆棉床垫五星级酒店床垫卧室加厚乳胶30cm厚家用软垫,1311.55,五星A【3cm记忆棉+五星专利弹簧】24cm适中 店长主推,1402.5,2148,平台加补后,https://detail.tmall.com/item.htm?b_s_f=sycm&b_spm=a21ag.29085015&id=721092643270
29,721092643270,睡眠骑士床垫企业店,睡眠骑士记忆棉床垫五星级酒店床垫卧室加厚乳胶30cm厚家用软垫,1311.55,五星B【3cm记忆棉+五星专利弹簧】26cm双面,1544.45,2338,平台加补后,https://detail.tmall.com/item.htm?b_s_f=sycm&b_spm=a21ag.29085015&id=721092643270
29,721092643270,睡眠骑士床垫企业店,睡眠骑士记忆棉床垫五星级酒店床垫卧室加厚乳胶30cm厚家用软垫,1311.55,豪华C【5cm记忆棉+五星专利弹簧】26cm柔软,1597.15,2408,平台加补后,https://detail.tmall.com/item.htm?b_s_f=sycm&b_spm=a21ag.29085015&id=721092643270
29,721092643270,睡眠骑士床垫企业店,睡眠骑士记忆棉床垫五星级酒店床垫卧室加厚乳胶30cm厚家用软垫,1311.55,豪华D【5cm记忆棉+五星专利弹簧】28cm双面,1678.75,2518,平台加补后,https://detail.tmall.com/item.htm?b_s_f=sycm&b_spm=a21ag.29085015&id=721092643270
29,721092643270,睡眠骑士床垫企业店,睡眠骑士记忆棉床垫五星级酒店床垫卧室加厚乳胶30cm厚家用软垫,1311.55,总统E【3cm按摩记忆棉+5cm记忆棉+五星专利弹簧】28cm超软,1776.5,2648,平台加补后,https://detail.tmall.com/item.htm?b_s_f=sycm&b_spm=a21ag.29085015&id=721092643270
29,721092643270,睡眠骑士床垫企业店,睡眠骑士记忆棉床垫五星级酒店床垫卧室加厚乳胶30cm厚家用软垫,1311.55,总统F【3cm按摩记忆棉+5cm记忆棉+五星专利弹簧】30cm双面,1873.4,2778,平台加补后,https://detail.tmall.com/item.htm?b_s_f=sycm&b_spm=a21ag.29085015&id=721092643270
30,1051956336669,麻师傅舒梦专卖店,麻师傅全拆席梦思床垫酷布独立袋弹簧酒店记忆棉乳胶软硬可调家用,578.85,偏硬A20cm【黄麻+加固独立弹簧】 近期热销,578.85,786,平台加补后,https://detail.tmall.com/item.htm?b_s_f=sycm&b_spm=a21ag.29085015&id=1051956336669
30,1051956336669,麻师傅舒梦专卖店,麻师傅全拆席梦思床垫酷布独立袋弹簧酒店记忆棉乳胶软硬可调家用,578.85,适中B22cm【乳胶+黄麻+加固独立弹簧】,678.3,919,平台加补后,https://detail.tmall.com/item.htm?b_s_f=sycm&b_spm=a21ag.29085015&id=1051956336669
30,1051956336669,麻师傅舒梦专卖店,麻师傅全拆席梦思床垫酷布独立袋弹簧酒店记忆棉乳胶软硬可调家用,578.85,适中C22cm【记忆棉+黄麻+加固独立弹簧】,778.6,1053,平台加补后,https://detail.tmall.com/item.htm?b_s_f=sycm&b_spm=a21ag.29085015&id=1051956336669
30,1051956336669,麻师傅舒梦专卖店,麻师傅全拆席梦思床垫酷布独立袋弹簧酒店记忆棉乳胶软硬可调家用,578.85,适中D22cm【透气3D+黄麻+加固独立弹簧】,778.6,1053,平台加补后,https://detail.tmall.com/item.htm?b_s_f=sycm&b_spm=a21ag.29085015&id=1051956336669
30,1051956336669,麻师傅舒梦专卖店,麻师傅全拆席梦思床垫酷布独立袋弹簧酒店记忆棉乳胶软硬可调家用,578.85,偏硬E20cm【黄麻+独立袋弹簧】,678.3,919,平台加补后,https://detail.tmall.com/item.htm?b_s_f=sycm&b_spm=a21ag.29085015&id=1051956336669
30,1051956336669,麻师傅舒梦专卖店,麻师傅全拆席梦思床垫酷布独立袋弹簧酒店记忆棉乳胶软硬可调家用,578.85,稍软Q20cm【乳胶+独立袋弹簧】,728.45,986,平台加补后,https://detail.tmall.com/item.htm?b_s_f=sycm&b_spm=a21ag.29085015&id=1051956336669
30,1051956336669,麻师傅舒梦专卖店,麻师傅全拆席梦思床垫酷布独立袋弹簧酒店记忆棉乳胶软硬可调家用,578.85,稍软R20cm【记忆棉+独立袋弹簧】,828.75,1120,平台加补后,https://detail.tmall.com/item.htm?b_s_f=sycm&b_spm=a21ag.29085015&id=1051956336669
30,1051956336669,麻师傅舒梦专卖店,麻师傅全拆席梦思床垫酷布独立袋弹簧酒店记忆棉乳胶软硬可调家用,578.85,稍软S20cm【透气3D+独立袋弹簧】,828.75,1120,平台加补后,https://detail.tmall.com/item.htm?b_s_f=sycm&b_spm=a21ag.29085015&id=1051956336669
30,1051956336669,麻师傅舒梦专卖店,麻师傅全拆席梦思床垫酷布独立袋弹簧酒店记忆棉乳胶软硬可调家用,578.85,适中F22cm【乳胶+黄麻+独立袋弹簧】,778.6,1053,平台加补后,https://detail.tmall.com/item.htm?b_s_f=sycm&b_spm=a21ag.29085015&id=1051956336669
30,1051956336669,麻师傅舒梦专卖店,麻师傅全拆席梦思床垫酷布独立袋弹簧酒店记忆棉乳胶软硬可调家用,578.85,适中G22cm【记忆棉+黄麻+独立袋弹簧】,878.9,1187,平台加补后,https://detail.tmall.com/item.htm?b_s_f=sycm&b_spm=a21ag.29085015&id=1051956336669
30,1051956336669,麻师傅舒梦专卖店,麻师傅全拆席梦思床垫酷布独立袋弹簧酒店记忆棉乳胶软硬可调家用,578.85,适中H22cm【透气3D+黄麻+独立袋弹簧】,878.9,1187,平台加补后,https://detail.tmall.com/item.htm?b_s_f=sycm&b_spm=a21ag.29085015&id=1051956336669
30,1051956336669,麻师傅舒梦专卖店,麻师傅全拆席梦思床垫酷布独立袋弹簧酒店记忆棉乳胶软硬可调家用,578.85,双面I22cm【乳胶+独立袋弹簧+黄麻】,778.6,1053,平台加补后,https://detail.tmall.com/item.htm?b_s_f=sycm&b_spm=a21ag.29085015&id=1051956336669
30,1051956336669,麻师傅舒梦专卖店,麻师傅全拆席梦思床垫酷布独立袋弹簧酒店记忆棉乳胶软硬可调家用,578.85,双面J22cm【记忆棉+独立袋弹簧+黄麻】 店长主推,878.9,1187,平台加补后,https://detail.tmall.com/item.htm?b_s_f=sycm&b_spm=a21ag.29085015&id=1051956336669
30,1051956336669,麻师傅舒梦专卖店,麻师傅全拆席梦思床垫酷布独立袋弹簧酒店记忆棉乳胶软硬可调家用,578.85,双面K22cm【透气3D+独立袋弹簧+黄麻】,878.9,1187,平台加补后,https://detail.tmall.com/item.htm?b_s_f=sycm&b_spm=a21ag.29085015&id=1051956336669
30,1051956336669,麻师傅舒梦专卖店,麻师傅全拆席梦思床垫酷布独立袋弹簧酒店记忆棉乳胶软硬可调家用,578.85,全拆L22cm【2cm乳胶+2cm黄麻+耐磨酷布袋弹簧】,988.55,1334,平台加补后,https://detail.tmall.com/item.htm?b_s_f=sycm&b_spm=a21ag.29085015&id=1051956336669
30,1051956336669,麻师傅舒梦专卖店,麻师傅全拆席梦思床垫酷布独立袋弹簧酒店记忆棉乳胶软硬可调家用,578.85,全拆M22cm【2cm记忆棉+2cm黄麻+耐磨酷布袋弹簧】,1088,1467,平台加补后,https://detail.tmall.com/item.htm?b_s_f=sycm&b_spm=a21ag.29085015&id=1051956336669
30,1051956336669,麻师傅舒梦专卖店,麻师傅全拆席梦思床垫酷布独立袋弹簧酒店记忆棉乳胶软硬可调家用,578.85,全拆N22cm【2cm透气3D+2cm黄麻+耐磨酷布袋弹簧】,1088,1467,平台加补后,https://detail.tmall.com/item.htm?b_s_f=sycm&b_spm=a21ag.29085015&id=1051956336669
30,1051956336669,麻师傅舒梦专卖店,麻师傅全拆席梦思床垫酷布独立袋弹簧酒店记忆棉乳胶软硬可调家用,578.85,全拆O22cm【2cm乳胶+2cm透气3D+耐磨酷布袋弹簧】,1088,1467,平台加补后,https://detail.tmall.com/item.htm?b_s_f=sycm&b_spm=a21ag.29085015&id=1051956336669
30,1051956336669,麻师傅舒梦专卖店,麻师傅全拆席梦思床垫酷布独立袋弹簧酒店记忆棉乳胶软硬可调家用,578.85,全拆P22cm【2cm记忆棉+2cm透气3D+耐磨酷布袋弹簧】,1088,1467,平台加补后,https://detail.tmall.com/item.htm?b_s_f=sycm&b_spm=a21ag.29085015&id=1051956336669
31,42242821658,铂马仕旗舰店,铂马仕 加厚进口乳胶床垫 超软席梦思弹簧床垫1.5m 1.8米单双人,1263.1,A款24cm|蜂巢独立袋+3cm乳胶,1337.9,1880,平台加补后,https://detail.tmall.com/item.htm?b_s_f=sycm&b_spm=a21ag.29085015&id=42242821658
31,42242821658,铂马仕旗舰店,铂马仕 加厚进口乳胶床垫 超软席梦思弹簧床垫1.5m 1.8米单双人,1263.1,B款26cm|蜂巢独立袋+3cm乳胶+黄麻,1412.7,1980,平台加补后,https://detail.tmall.com/item.htm?b_s_f=sycm&b_spm=a21ag.29085015&id=42242821658
31,42242821658,铂马仕旗舰店,铂马仕 加厚进口乳胶床垫 超软席梦思弹簧床垫1.5m 1.8米单双人,1263.1,C款22cm|蜂巢独立袋弹簧+5cm乳胶 近期热销,1470.5,2080,平台加补后,https://detail.tmall.com/item.htm?b_s_f=sycm&b_spm=a21ag.29085015&id=42242821658
31,42242821658,铂马仕旗舰店,铂马仕 加厚进口乳胶床垫 超软席梦思弹簧床垫1.5m 1.8米单双人,1263.1,D款24cm|蜂巢独立袋弹簧+5cm乳胶+黄麻,1545.3,2180,平台加补后,https://detail.tmall.com/item.htm?b_s_f=sycm&b_spm=a21ag.29085015&id=42242821658
31,42242821658,铂马仕旗舰店,铂马仕 加厚进口乳胶床垫 超软席梦思弹簧床垫1.5m 1.8米单双人,1263.1,E款加厚26cm|蜂巢独立袋+5cm乳胶,1470.5,2080,平台加补后,https://detail.tmall.com/item.htm?b_s_f=sycm&b_spm=a21ag.29085015&id=42242821658
31,42242821658,铂马仕旗舰店,铂马仕 加厚进口乳胶床垫 超软席梦思弹簧床垫1.5m 1.8米单双人,1263.1,F款加厚28cm|蜂巢独立袋弹簧+5cm乳胶+黄麻,1545.3,2180,平台加补后,https://detail.tmall.com/item.htm?b_s_f=sycm&b_spm=a21ag.29085015&id=42242821658
31,42242821658,铂马仕旗舰店,铂马仕 加厚进口乳胶床垫 超软席梦思弹簧床垫1.5m 1.8米单双人,1263.1,G款18cm|mini蜂巢独立袋簧+5cm乳胶,1470.5,2080,平台加补后,https://detail.tmall.com/item.htm?b_s_f=sycm&b_spm=a21ag.29085015&id=42242821658
31,42242821658,铂马仕旗舰店,铂马仕 加厚进口乳胶床垫 超软席梦思弹簧床垫1.5m 1.8米单双人,1263.1,H款20cm|mini蜂巢独立袋簧+5cm乳胶+黄麻,1545.3,2180,平台加补后,https://detail.tmall.com/item.htm?b_s_f=sycm&b_spm=a21ag.29085015&id=42242821658
31,42242821658,铂马仕旗舰店,铂马仕 加厚进口乳胶床垫 超软席梦思弹簧床垫1.5m 1.8米单双人,1263.1,5cm乳胶舒适加倍,1412.7,1980,平台加补后,https://detail.tmall.com/item.htm?b_s_f=sycm&b_spm=a21ag.29085015&id=42242821658
31,42242821658,铂马仕旗舰店,铂马仕 加厚进口乳胶床垫 超软席梦思弹簧床垫1.5m 1.8米单双人,1263.1,蜂巢独立袋弹簧 拒绝塌陷,1412.7,1980,平台加补后,https://detail.tmall.com/item.htm?b_s_f=sycm&b_spm=a21ag.29085015&id=42242821658
31,42242821658,铂马仕旗舰店,铂马仕 加厚进口乳胶床垫 超软席梦思弹簧床垫1.5m 1.8米单双人,1263.1,100天免费试睡,1263.1,1780,平台加补后,https://detail.tmall.com/item.htm?b_s_f=sycm&b_spm=a21ag.29085015&id=42242821658
32,837948013130,甜蜜睡眠旗舰店,甜蜜睡眠朗月床垫偏硬护脊弹簧黄麻无胶水席梦思可拆透气家用卧室,1382.95,第3代护腰护脊-A款20cm【偏硬睡感 实力承托】加硬黄麻,1382.95,2330,平台加补后,https://detail.tmall.com/item.htm?b_s_f=sycm&b_spm=a21ag.29085015&id=837948013130
32,837948013130,甜蜜睡眠旗舰店,甜蜜睡眠朗月床垫偏硬护脊弹簧黄麻无胶水席梦思可拆透气家用卧室,1382.95,第3代护腰护脊-B款22cm【适中微硬 高性价比】凝胶蓝小垫+加硬黄麻,1487.5,2480,平台加补后,https://detail.tmall.com/item.htm?b_s_f=sycm&b_spm=a21ag.29085015&id=837948013130
32,837948013130,甜蜜睡眠旗舰店,甜蜜睡眠朗月床垫偏硬护脊弹簧黄麻无胶水席梦思可拆透气家用卧室,1382.95,第3代护腰护脊-升级B款24cm【适中微软 兼顾舒适】凝胶蓝小垫+加硬黄麻+天然乳胶,1696.6,2780,平台加补后,https://detail.tmall.com/item.htm?b_s_f=sycm&b_spm=a21ag.29085015&id=837948013130
32,837948013130,甜蜜睡眠旗舰店,甜蜜睡眠朗月床垫偏硬护脊弹簧黄麻无胶水席梦思可拆透气家用卧室,1382.95,第3代护腰护脊-透气B款24cm【适中微软 透气首选】凝胶蓝小垫+加硬黄麻+透气4D纤维 店长主推,1696.6,2780,平台加补后,https://detail.tmall.com/item.htm?b_s_f=sycm&b_spm=a21ag.29085015&id=837948013130
32,837948013130,甜蜜睡眠旗舰店,甜蜜睡眠朗月床垫偏硬护脊弹簧黄麻无胶水席梦思可拆透气家用卧室,1382.95,第3代护腰护脊-C款22cm【软硬适中 Q弹不生硬】天然乳胶+加硬黄麻,1592.05,2630,平台加补后,https://detail.tmall.com/item.htm?b_s_f=sycm&b_spm=a21ag.29085015&id=837948013130
32,837948013130,甜蜜睡眠旗舰店,甜蜜睡眠朗月床垫偏硬护脊弹簧黄麻无胶水席梦思可拆透气家用卧室,1382.95,第3代护腰护脊-D款22cm【适中微硬 透气护腰】透气4D纤维+加硬黄麻 千人加购,1592.05,2630,平台加补后,https://detail.tmall.com/item.htm?b_s_f=sycm&b_spm=a21ag.29085015&id=837948013130
33,1016986066309,PARELER BEAR旗舰店,派乐熊儿童专用薄弹簧床垫10cm青少年偏硬席梦思护脊学生家用15厚,838.1,A8CM=【1054颗专利小弹簧】+防螨黄麻丨偏硬睡感 近期热销,838.1,1121,平台加补后,https://detail.tmall.com/item.htm?b_s_f=sycm&b_spm=a21ag.29085015&id=1016986066309
33,1016986066309,PARELER BEAR旗舰店,派乐熊儿童专用薄弹簧床垫10cm青少年偏硬席梦思护脊学生家用15厚,838.1,B10CM=【1054颗专利小弹簧】+脱敏乳胶+防螨黄麻丨适中睡感,935.85,1252,平台加补后,https://detail.tmall.com/item.htm?b_s_f=sycm&b_spm=a21ag.29085015&id=1016986066309
33,1016986066309,PARELER BEAR旗舰店,派乐熊儿童专用薄弹簧床垫10cm青少年偏硬席梦思护脊学生家用15厚,838.1,C10CM=【1054颗专利小弹簧】+脱敏乳胶+防螨黄麻丨双面睡感,935.85,1252,平台加补后,https://detail.tmall.com/item.htm?b_s_f=sycm&b_spm=a21ag.29085015&id=1016986066309
33,1016986066309,PARELER BEAR旗舰店,派乐熊儿童专用薄弹簧床垫10cm青少年偏硬席梦思护脊学生家用15厚,838.1,D10CM=【1054颗专利小弹簧】+凝胶记忆棉+防螨黄麻丨适中睡感,1034.45,1383,平台加补后,https://detail.tmall.com/item.htm?b_s_f=sycm&b_spm=a21ag.29085015&id=1016986066309
33,1016986066309,PARELER BEAR旗舰店,派乐熊儿童专用薄弹簧床垫10cm青少年偏硬席梦思护脊学生家用15厚,838.1,E10CM=【1054颗专利小弹簧】+凝胶记忆棉+防螨黄麻丨双面睡感,1034.45,1383,平台加补后,https://detail.tmall.com/item.htm?b_s_f=sycm&b_spm=a21ag.29085015&id=1016986066309
33,1016986066309,PARELER BEAR旗舰店,派乐熊儿童专用薄弹簧床垫10cm青少年偏硬席梦思护脊学生家用15厚,838.1,F10CM=【1054颗专利小弹簧】+3D空气纤维+防螨黄麻丨适中睡感,1034.45,1383,平台加补后,https://detail.tmall.com/item.htm?b_s_f=sycm&b_spm=a21ag.29085015&id=1016986066309
33,1016986066309,PARELER BEAR旗舰店,派乐熊儿童专用薄弹簧床垫10cm青少年偏硬席梦思护脊学生家用15厚,838.1,G10CM=【1054颗专利小弹簧】+3D空气纤维+防螨黄麻丨双面睡感,1034.45,1383,平台加补后,https://detail.tmall.com/item.htm?b_s_f=sycm&b_spm=a21ag.29085015&id=1016986066309
33,1016986066309,PARELER BEAR旗舰店,派乐熊儿童专用薄弹簧床垫10cm青少年偏硬席梦思护脊学生家用15厚,838.1,H12CM=【1054颗专利小弹簧】+防螨黄麻丨偏硬睡感,857.65,1147,平台加补后,https://detail.tmall.com/item.htm?b_s_f=sycm&b_spm=a21ag.29085015&id=1016986066309
33,1016986066309,PARELER BEAR旗舰店,派乐熊儿童专用薄弹簧床垫10cm青少年偏硬席梦思护脊学生家用15厚,838.1,I15CM=【1054颗专利小弹簧】+脱敏乳胶+防螨黄麻丨适中睡感,955.4,1278,平台加补后,https://detail.tmall.com/item.htm?b_s_f=sycm&b_spm=a21ag.29085015&id=1016986066309
33,1016986066309,PARELER BEAR旗舰店,派乐熊儿童专用薄弹簧床垫10cm青少年偏硬席梦思护脊学生家用15厚,838.1,J15CM=【1054颗专利小弹簧】+脱敏乳胶+防螨黄麻丨双面睡感,955.4,1278,平台加补后,https://detail.tmall.com/item.htm?b_s_f=sycm&b_spm=a21ag.29085015&id=1016986066309
33,1016986066309,PARELER BEAR旗舰店,派乐熊儿童专用薄弹簧床垫10cm青少年偏硬席梦思护脊学生家用15厚,838.1,K15CM=【1054颗专利小弹簧】+凝胶记忆棉+防螨黄麻丨适中睡感,1053.15,1409,平台加补后,https://detail.tmall.com/item.htm?b_s_f=sycm&b_spm=a21ag.29085015&id=1016986066309
33,1016986066309,PARELER BEAR旗舰店,派乐熊儿童专用薄弹簧床垫10cm青少年偏硬席梦思护脊学生家用15厚,838.1,L15CM=【1054颗专利小弹簧】+凝胶记忆棉+防螨黄麻丨双面睡感,1053.15,1409,平台加补后,https://detail.tmall.com/item.htm?b_s_f=sycm&b_spm=a21ag.29085015&id=1016986066309
33,1016986066309,PARELER BEAR旗舰店,派乐熊儿童专用薄弹簧床垫10cm青少年偏硬席梦思护脊学生家用15厚,838.1,M15CM=【1054颗专利小弹簧】+3D空气纤维+防螨黄麻丨适中睡感,1053.15,1409,平台加补后,https://detail.tmall.com/item.htm?b_s_f=sycm&b_spm=a21ag.29085015&id=1016986066309
33,1016986066309,PARELER BEAR旗舰店,派乐熊儿童专用薄弹簧床垫10cm青少年偏硬席梦思护脊学生家用15厚,838.1,N15CM=【1054颗专利小弹簧】+3D空气纤维+防螨黄麻丨双面睡感,1053.15,1409,平台加补后,https://detail.tmall.com/item.htm?b_s_f=sycm&b_spm=a21ag.29085015&id=1016986066309
34,786030574869,rozo家具旗舰店,ROZO华夫格席梦思护脊床垫国家补贴适中独立弹簧黄麻乳胶偏硬家用,814.3,经典护脊A款 【护脊黄麻+舒脊弹簧】偏硬21cm,814.3,1190,平台加补后,https://detail.tmall.com/item.htm?b_s_f=sycm&b_spm=a21ag.29085015&id=786030574869
34,786030574869,rozo家具旗舰店,ROZO华夫格席梦思护脊床垫国家补贴适中独立弹簧黄麻乳胶偏硬家用,814.3,经典护脊B款 【进口乳胶+护脊黄麻+舒脊弹簧】适中22cm,901.85,1307,平台加补后,https://detail.tmall.com/item.htm?b_s_f=sycm&b_spm=a21ag.29085015&id=786030574869
34,786030574869,rozo家具旗舰店,ROZO华夫格席梦思护脊床垫国家补贴适中独立弹簧黄麻乳胶偏硬家用,814.3,经典护脊C款 【云感记忆棉+护脊黄麻+舒脊弹簧】舒适22cm,901.85,1307,平台加补后,https://detail.tmall.com/item.htm?b_s_f=sycm&b_spm=a21ag.29085015&id=786030574869
34,786030574869,rozo家具旗舰店,ROZO华夫格席梦思护脊床垫国家补贴适中独立弹簧黄麻乳胶偏硬家用,814.3,旗舰静音A款 【无氧抑菌棉+防塌黄麻+护脊独立袋弹簧】静音偏硬22cm,1082.9,1549,平台加补后,https://detail.tmall.com/item.htm?b_s_f=sycm&b_spm=a21ag.29085015&id=786030574869
34,786030574869,rozo家具旗舰店,ROZO华夫格席梦思护脊床垫国家补贴适中独立弹簧黄麻乳胶偏硬家用,814.3,旗舰静音B款 【无氧抑菌棉+进口乳胶+防塌黄麻+护脊独立袋弹簧】静音适中24cm,1157.7,1649,平台加补后,https://detail.tmall.com/item.htm?b_s_f=sycm&b_spm=a21ag.29085015&id=786030574869
34,786030574869,rozo家具旗舰店,ROZO华夫格席梦思护脊床垫国家补贴适中独立弹簧黄麻乳胶偏硬家用,814.3,旗舰静音C款 【无氧抑菌棉+云感记忆棉+防塌黄麻+护脊独立袋弹簧】静音舒适24cm,1157.7,1649,平台加补后,https://detail.tmall.com/item.htm?b_s_f=sycm&b_spm=a21ag.29085015&id=786030574869
34,786030574869,rozo家具旗舰店,ROZO华夫格席梦思护脊床垫国家补贴适中独立弹簧黄麻乳胶偏硬家用,814.3,豪华可拆A款 【无氧抑菌棉+防塌黄麻+护脊独立袋弹簧】升级偏硬24cm,1232.5,1749,平台加补后,https://detail.tmall.com/item.htm?b_s_f=sycm&b_spm=a21ag.29085015&id=786030574869
34,786030574869,rozo家具旗舰店,ROZO华夫格席梦思护脊床垫国家补贴适中独立弹簧黄麻乳胶偏硬家用,814.3,豪华可拆B款 【无氧抑菌棉+进口乳胶+防塌黄麻+护脊独立袋弹簧】升级适中25cm,1344.7,1899,平台加补后,https://detail.tmall.com/item.htm?b_s_f=sycm&b_spm=a21ag.29085015&id=786030574869
34,786030574869,rozo家具旗舰店,ROZO华夫格席梦思护脊床垫国家补贴适中独立弹簧黄麻乳胶偏硬家用,814.3,豪华可拆C款 【无氧抑菌棉+云感记忆棉+防塌黄麻+护脊独立袋弹簧】升级舒适25cm,1344.7,1899,平台加补后,https://detail.tmall.com/item.htm?b_s_f=sycm&b_spm=a21ag.29085015&id=786030574869
35,908411378814,铂马仕旗舰店,铂马仕S黄麻床垫家用卧室薄儿童加硬垫可拆洗无甲醛双人椰棕乳胶,549.95,两边款护脊A6cm=华夫格纯棉面料+3cm S型护脊黄麻,549.95,798,平台加补后,https://detail.tmall.com/item.htm?b_s_f=sycm&b_spm=a21ag.29085015&id=908411378814
35,908411378814,铂马仕旗舰店,铂马仕S黄麻床垫家用卧室薄儿童加硬垫可拆洗无甲醛双人椰棕乳胶,549.95,两边款护脊B8cm=华夫格纯棉面+5cm S型护脊黄麻 千人加购,666.4,988,平台加补后,https://detail.tmall.com/item.htm?b_s_f=sycm&b_spm=a21ag.29085015&id=908411378814
35,908411378814,铂马仕旗舰店,铂马仕S黄麻床垫家用卧室薄儿童加硬垫可拆洗无甲醛双人椰棕乳胶,549.95,两边款护脊C10cm=华夫格纯棉面料+7cm S型护脊黄麻,778.6,1138,平台加补后,https://detail.tmall.com/item.htm?b_s_f=sycm&b_spm=a21ag.29085015&id=908411378814
35,908411378814,铂马仕旗舰店,铂马仕S黄麻床垫家用卧室薄儿童加硬垫可拆洗无甲醛双人椰棕乳胶,549.95,两边款护脊D13cm=华夫格纯棉面料+10cm S型护脊黄麻,889.1,1378,平台加补后,https://detail.tmall.com/item.htm?b_s_f=sycm&b_spm=a21ag.29085015&id=908411378814
35,908411378814,铂马仕旗舰店,铂马仕S黄麻床垫家用卧室薄儿童加硬垫可拆洗无甲醛双人椰棕乳胶,549.95,两边款护脊E18cm=华夫格纯棉面料+15cm S型护脊黄麻,1135.6,1778,平台加补后,https://detail.tmall.com/item.htm?b_s_f=sycm&b_spm=a21ag.29085015&id=908411378814
35,908411378814,铂马仕旗舰店,铂马仕S黄麻床垫家用卧室薄儿童加硬垫可拆洗无甲醛双人椰棕乳胶,549.95,全拆护脊A6cm=华夫格纯棉面料+3cm S型护脊黄麻 店长主推,569.5,858,平台加补后,https://detail.tmall.com/item.htm?b_s_f=sycm&b_spm=a21ag.29085015&id=908411378814
35,908411378814,铂马仕旗舰店,铂马仕S黄麻床垫家用卧室薄儿童加硬垫可拆洗无甲醛双人椰棕乳胶,549.95,全拆护脊B8cm=华夫格纯棉面+5cm S型护脊黄麻,711.45,1048,平台加补后,https://detail.tmall.com/item.htm?b_s_f=sycm&b_spm=a21ag.29085015&id=908411378814
35,908411378814,铂马仕旗舰店,铂马仕S黄麻床垫家用卧室薄儿童加硬垫可拆洗无甲醛双人椰棕乳胶,549.95,全拆护脊C10cm=华夫格纯棉面料+7cm S型护脊黄麻,823.65,1198,平台加补后,https://detail.tmall.com/item.htm?b_s_f=sycm&b_spm=a21ag.29085015&id=908411378814
35,908411378814,铂马仕旗舰店,铂马仕S黄麻床垫家用卧室薄儿童加硬垫可拆洗无甲醛双人椰棕乳胶,549.95,全拆护脊D13cm=华夫格纯棉面料+10cm S型护脊黄麻,949.45,1468,平台加补后,https://detail.tmall.com/item.htm?b_s_f=sycm&b_spm=a21ag.29085015&id=908411378814
35,908411378814,铂马仕旗舰店,铂马仕S黄麻床垫家用卧室薄儿童加硬垫可拆洗无甲醛双人椰棕乳胶,549.95,全拆护脊E18cm=华夫格纯棉面料+15cm S型护脊黄麻,1202.75,1878,平台加补后,https://detail.tmall.com/item.htm?b_s_f=sycm&b_spm=a21ag.29085015&id=908411378814
35,908411378814,铂马仕旗舰店,铂马仕S黄麻床垫家用卧室薄儿童加硬垫可拆洗无甲醛双人椰棕乳胶,549.95,全拆舒适A8cm=华夫格纯棉+2cm乳胶+3cm S型护脊黄麻,795.6,1238,平台加补后,https://detail.tmall.com/item.htm?b_s_f=sycm&b_spm=a21ag.29085015&id=908411378814
35,908411378814,铂马仕旗舰店,铂马仕S黄麻床垫家用卧室薄儿童加硬垫可拆洗无甲醛双人椰棕乳胶,549.95,全拆舒适B10cm=华夫格纯棉+2cm乳胶+5cm S型护脊黄麻,901.85,1388,平台加补后,https://detail.tmall.com/item.htm?b_s_f=sycm&b_spm=a21ag.29085015&id=908411378814
35,908411378814,铂马仕旗舰店,铂马仕S黄麻床垫家用卧室薄儿童加硬垫可拆洗无甲醛双人椰棕乳胶,549.95,全拆舒适C12cm=华夫格纯棉+2cm乳胶+7cm S型护脊黄麻,1034.45,1628,平台加补后,https://detail.tmall.com/item.htm?b_s_f=sycm&b_spm=a21ag.29085015&id=908411378814
35,908411378814,铂马仕旗舰店,铂马仕S黄麻床垫家用卧室薄儿童加硬垫可拆洗无甲醛双人椰棕乳胶,549.95,全拆舒适D15cm=华夫格纯棉+2cm乳胶+10cm S型护脊黄麻,1281.8,2018,平台加补后,https://detail.tmall.com/item.htm?b_s_f=sycm&b_spm=a21ag.29085015&id=908411378814
35,908411378814,铂马仕旗舰店,铂马仕S黄麻床垫家用卧室薄儿童加硬垫可拆洗无甲醛双人椰棕乳胶,549.95,全拆舒适E20cm=华夫格纯棉+2cm乳胶+15cm S型护脊黄麻,1490.9,2328,平台加补后,https://detail.tmall.com/item.htm?b_s_f=sycm&b_spm=a21ag.29085015&id=908411378814
35,908411378814,铂马仕旗舰店,铂马仕S黄麻床垫家用卧室薄儿童加硬垫可拆洗无甲醛双人椰棕乳胶,549.95,全拆透气A8cm=华夫格纯棉+2cm 3D芯+3cm S型护脊黄麻,795.6,1238,平台加补后,https://detail.tmall.com/item.htm?b_s_f=sycm&b_spm=a21ag.29085015&id=908411378814
35,908411378814,铂马仕旗舰店,铂马仕S黄麻床垫家用卧室薄儿童加硬垫可拆洗无甲醛双人椰棕乳胶,549.95,全拆透气B10cm=华夫格纯棉+2cm 3D芯+5cm S型护脊黄麻,901.85,1388,平台加补后,https://detail.tmall.com/item.htm?b_s_f=sycm&b_spm=a21ag.29085015&id=908411378814
35,908411378814,铂马仕旗舰店,铂马仕S黄麻床垫家用卧室薄儿童加硬垫可拆洗无甲醛双人椰棕乳胶,549.95,全拆透气C12cm=华夫格纯棉+2cm 3D芯+7cm S型护脊黄麻,1034.45,1628,平台加补后,https://detail.tmall.com/item.htm?b_s_f=sycm&b_spm=a21ag.29085015&id=908411378814
35,908411378814,铂马仕旗舰店,铂马仕S黄麻床垫家用卧室薄儿童加硬垫可拆洗无甲醛双人椰棕乳胶,549.95,全拆透气D15cm=华夫格纯棉+2cm 3D芯+10cm S型护脊黄麻,1281.8,2018,平台加补后,https://detail.tmall.com/item.htm?b_s_f=sycm&b_spm=a21ag.29085015&id=908411378814
35,908411378814,铂马仕旗舰店,铂马仕S黄麻床垫家用卧室薄儿童加硬垫可拆洗无甲醛双人椰棕乳胶,549.95,全拆透气E20cm=华夫格纯棉+2cm 3D芯+15cm S型护脊黄麻,1490.9,2328,平台加补后,https://detail.tmall.com/item.htm?b_s_f=sycm&b_spm=a21ag.29085015&id=908411378814
35,908411378814,铂马仕旗舰店,铂马仕S黄麻床垫家用卧室薄儿童加硬垫可拆洗无甲醛双人椰棕乳胶,549.95,全拆尊享A10cm=华夫格+2cm乳胶+2cm 3D芯+3cm S型护脊黄麻,870.4,1308,平台加补后,https://detail.tmall.com/item.htm?b_s_f=sycm&b_spm=a21ag.29085015&id=908411378814
35,908411378814,铂马仕旗舰店,铂马仕S黄麻床垫家用卧室薄儿童加硬垫可拆洗无甲醛双人椰棕乳胶,549.95,全拆尊享B12cm=华夫格+2cm乳胶+2cm 3D芯+5cm S型护脊黄麻,943.5,1458,平台加补后,https://detail.tmall.com/item.htm?b_s_f=sycm&b_spm=a21ag.29085015&id=908411378814
35,908411378814,铂马仕旗舰店,铂马仕S黄麻床垫家用卧室薄儿童加硬垫可拆洗无甲醛双人椰棕乳胶,549.95,全拆尊享C14cm=华夫格+2cm乳胶+2cm 3D芯+7cm S型护脊黄麻,1055.7,1658,平台加补后,https://detail.tmall.com/item.htm?b_s_f=sycm&b_spm=a21ag.29085015&id=908411378814
35,908411378814,铂马仕旗舰店,铂马仕S黄麻床垫家用卧室薄儿童加硬垫可拆洗无甲醛双人椰棕乳胶,549.95,全拆尊享D17cm=华夫格+2cm乳胶+2cm 3D芯+10cm S型护脊黄麻,1257.15,1958,平台加补后,https://detail.tmall.com/item.htm?b_s_f=sycm&b_spm=a21ag.29085015&id=908411378814
35,908411378814,铂马仕旗舰店,铂马仕S黄麻床垫家用卧室薄儿童加硬垫可拆洗无甲醛双人椰棕乳胶,549.95,全拆尊享E22cm=华夫格+2cm乳胶+2cm 3D芯+15cm S型护脊黄麻,1511.3,2358,平台加补后,https://detail.tmall.com/item.htm?b_s_f=sycm&b_spm=a21ag.29085015&id=908411378814
36,562872250776,优群家居正品商城,席梦思床垫硬垫家用软硬双面椰棕五星酒店薄款15cm厚乳胶弹簧定制,1097.35,升级A【双面26cm】4cm舒适层+高弹独立弹簧+无胶黄麻棕,1497.7,2003,平台加补后,https://detail.tmall.com/item.htm?b_s_f=sycm&b_spm=a21ag.29085015&id=562872250776
36,562872250776,优群家居正品商城,席梦思床垫硬垫家用软硬双面椰棕五星酒店薄款15cm厚乳胶弹簧定制,1097.35,升级B【单面24cm】4cm舒适层+高弹独立弹簧,1397.4,1869,平台加补后,https://detail.tmall.com/item.htm?b_s_f=sycm&b_spm=a21ag.29085015&id=562872250776
36,562872250776,优群家居正品商城,席梦思床垫硬垫家用软硬双面椰棕五星酒店薄款15cm厚乳胶弹簧定制,1097.35,基础C【单面22cm】2cm舒适层+高弹独立弹簧,1297.1,1735,平台加补后,https://detail.tmall.com/item.htm?b_s_f=sycm&b_spm=a21ag.29085015&id=562872250776
36,562872250776,优群家居正品商城,席梦思床垫硬垫家用软硬双面椰棕五星酒店薄款15cm厚乳胶弹簧定制,1097.35,基础D【单面20cm】高弹独立弹簧 近期热销,1197.65,1602,平台加补后,https://detail.tmall.com/item.htm?b_s_f=sycm&b_spm=a21ag.29085015&id=562872250776
36,562872250776,优群家居正品商城,席梦思床垫硬垫家用软硬双面椰棕五星酒店薄款15cm厚乳胶弹簧定制,1097.35,100天免费试睡 不满意 退全款,1097.35,1468,平台加补后,https://detail.tmall.com/item.htm?b_s_f=sycm&b_spm=a21ag.29085015&id=562872250776
37,1050149631481,品味布帆家居旗舰店,国家补贴品味布帆乳胶独立弹簧床垫黄麻1.8米 席梦思双人家用软硬,597.55,经典A 偏硬【黄麻+加固邦尼尔弹簧】20cm 近期热销,597.55,845,平台加补后,https://detail.tmall.com/item.htm?b_s_f=sycm&b_spm=a21ag.29085015&id=1050149631481
37,1050149631481,品味布帆家居旗舰店,国家补贴品味布帆乳胶独立弹簧床垫黄麻1.8米 席梦思双人家用软硬,597.55,经典B 微硬【乳胶+黄麻+加固邦尼尔弹簧】22cm,687.65,965,平台加补后,https://detail.tmall.com/item.htm?b_s_f=sycm&b_spm=a21ag.29085015&id=1050149631481
37,1050149631481,品味布帆家居旗舰店,国家补贴品味布帆乳胶独立弹簧床垫黄麻1.8米 席梦思双人家用软硬,597.55,经典C 双面【乳胶+加固邦尼尔弹簧+黄麻】22cm,688.5,966,平台加补后,https://detail.tmall.com/item.htm?b_s_f=sycm&b_spm=a21ag.29085015&id=1050149631481
37,1050149631481,品味布帆家居旗舰店,国家补贴品味布帆乳胶独立弹簧床垫黄麻1.8米 席梦思双人家用软硬,597.55,经典D 微硬【记忆棉+黄麻+加固邦尼尔弹簧】22cm,727.6,1019,平台加补后,https://detail.tmall.com/item.htm?b_s_f=sycm&b_spm=a21ag.29085015&id=1050149631481
37,1050149631481,品味布帆家居旗舰店,国家补贴品味布帆乳胶独立弹簧床垫黄麻1.8米 席梦思双人家用软硬,597.55,豪华A 偏硬【黄麻+轻音独立袋弹簧】22cm,748,1046,平台加补后,https://detail.tmall.com/item.htm?b_s_f=sycm&b_spm=a21ag.29085015&id=1050149631481
37,1050149631481,品味布帆家居旗舰店,国家补贴品味布帆乳胶独立弹簧床垫黄麻1.8米 席梦思双人家用软硬,597.55,豪华B 适中【乳胶+轻音独立袋弹簧】22cm,768.4,1073,平台加补后,https://detail.tmall.com/item.htm?b_s_f=sycm&b_spm=a21ag.29085015&id=1050149631481
37,1050149631481,品味布帆家居旗舰店,国家补贴品味布帆乳胶独立弹簧床垫黄麻1.8米 席梦思双人家用软硬,597.55,豪华C 适中【记忆棉+轻音独立袋弹簧】22cm,798.15,1113,平台加补后,https://detail.tmall.com/item.htm?b_s_f=sycm&b_spm=a21ag.29085015&id=1050149631481
37,1050149631481,品味布帆家居旗舰店,国家补贴品味布帆乳胶独立弹簧床垫黄麻1.8米 席梦思双人家用软硬,597.55,豪华D 微硬【乳胶+黄麻+轻音独立袋弹簧】24cm,818.55,1140,平台加补后,https://detail.tmall.com/item.htm?b_s_f=sycm&b_spm=a21ag.29085015&id=1050149631481
37,1050149631481,品味布帆家居旗舰店,国家补贴品味布帆乳胶独立弹簧床垫黄麻1.8米 席梦思双人家用软硬,597.55,豪华E 微硬【记忆棉+黄麻+轻音独立袋弹簧】24cm,848.3,1180,平台加补后,https://detail.tmall.com/item.htm?b_s_f=sycm&b_spm=a21ag.29085015&id=1050149631481
37,1050149631481,品味布帆家居旗舰店,国家补贴品味布帆乳胶独立弹簧床垫黄麻1.8米 席梦思双人家用软硬,597.55,豪华F 双面【乳胶+轻音独立袋弹簧+黄麻】24cm,818.55,1140,平台加补后,https://detail.tmall.com/item.htm?b_s_f=sycm&b_spm=a21ag.29085015&id=1050149631481
37,1050149631481,品味布帆家居旗舰店,国家补贴品味布帆乳胶独立弹簧床垫黄麻1.8米 席梦思双人家用软硬,597.55,豪华G 双面【记忆棉+轻音独立袋弹簧+黄麻】24cm 店长主推,848.3,1180,平台加补后,https://detail.tmall.com/item.htm?b_s_f=sycm&b_spm=a21ag.29085015&id=1050149631481
37,1050149631481,品味布帆家居旗舰店,国家补贴品味布帆乳胶独立弹簧床垫黄麻1.8米 席梦思双人家用软硬,597.55,豪华H 偏硬【8cc3D+黄麻+轻音独立袋弹簧】24cm,897.6,1246,平台加补后,https://detail.tmall.com/item.htm?b_s_f=sycm&b_spm=a21ag.29085015&id=1050149631481
38,743609626271,派乐熊旗舰店,派乐熊全拆儿童专用薄弹簧床垫青少年偏硬席梦思护脊学生家用15cm,1196.8,全拆A12CM【2cm黄麻】+1221颗加密酷布袋弹簧,1196.8,1601,平台加补后,https://detail.tmall.com/item.htm?b_s_f=sycm&b_spm=a21ag.29085015&id=743609626271
38,743609626271,派乐熊旗舰店,派乐熊全拆儿童专用薄弹簧床垫青少年偏硬席梦思护脊学生家用15cm,1196.8,全拆G12CM【2cm乳胶】+1221颗加密酷布袋弹簧,1196.8,1601,平台加补后,https://detail.tmall.com/item.htm?b_s_f=sycm&b_spm=a21ag.29085015&id=743609626271
38,743609626271,派乐熊旗舰店,派乐熊全拆儿童专用薄弹簧床垫青少年偏硬席梦思护脊学生家用15cm,1196.8,全拆H12CM【2cm记忆棉】+1221颗加密酷布袋弹簧,1297.1,1735,平台加补后,https://detail.tmall.com/item.htm?b_s_f=sycm&b_spm=a21ag.29085015&id=743609626271
38,743609626271,派乐熊旗舰店,派乐熊全拆儿童专用薄弹簧床垫青少年偏硬席梦思护脊学生家用15cm,1196.8,全拆K12CM【2cm透气3D】+1221颗加密酷布袋弹簧 近期热销,1297.1,1735,平台加补后,https://detail.tmall.com/item.htm?b_s_f=sycm&b_spm=a21ag.29085015&id=743609626271
38,743609626271,派乐熊旗舰店,派乐熊全拆儿童专用薄弹簧床垫青少年偏硬席梦思护脊学生家用15cm,1196.8,全拆B15CM【2cm乳胶+2cm黄麻】+1221颗加密酷布袋弹簧】,1297.1,1735,平台加补后,https://detail.tmall.com/item.htm?b_s_f=sycm&b_spm=a21ag.29085015&id=743609626271
38,743609626271,派乐熊旗舰店,派乐熊全拆儿童专用薄弹簧床垫青少年偏硬席梦思护脊学生家用15cm,1196.8,全拆C15CM【2cm记忆棉+2cm黄麻】+1221颗加密酷布袋弹簧,1396.55,1868,平台加补后,https://detail.tmall.com/item.htm?b_s_f=sycm&b_spm=a21ag.29085015&id=743609626271
38,743609626271,派乐熊旗舰店,派乐熊全拆儿童专用薄弹簧床垫青少年偏硬席梦思护脊学生家用15cm,1196.8,全拆D15CM【2cm透气3D+2cm黄麻】+1221颗加密酷布袋弹簧,1496.85,2002,平台加补后,https://detail.tmall.com/item.htm?b_s_f=sycm&b_spm=a21ag.29085015&id=743609626271
38,743609626271,派乐熊旗舰店,派乐熊全拆儿童专用薄弹簧床垫青少年偏硬席梦思护脊学生家用15cm,1196.8,全拆E15CM【2cm透气3D+2cm乳胶】+1221颗加密酷布袋弹簧,1496.85,2002,平台加补后,https://detail.tmall.com/item.htm?b_s_f=sycm&b_spm=a21ag.29085015&id=743609626271
38,743609626271,派乐熊旗舰店,派乐熊全拆儿童专用薄弹簧床垫青少年偏硬席梦思护脊学生家用15cm,1196.8,全拆F15CM【2cm透气3D+2cm记忆棉】+1221颗加密酷布袋弹簧,1597.15,2136,平台加补后,https://detail.tmall.com/item.htm?b_s_f=sycm&b_spm=a21ag.29085015&id=743609626271
39,1007724840079,睡眠骑士床垫企业店,睡眠骑士S1 全拆床垫0胶水家用席梦思天然黄麻护脊酷布四叶草弹簧,1686.4,【全拆0胶A】偏硬护脊｜23cm 酷布弹簧 千人加购,1686.4,2528,平台加补后,https://detail.tmall.com/item.htm?b_s_f=sycm&b_spm=a21ag.29085015&id=1007724840079
39,1007724840079,睡眠骑士床垫企业店,睡眠骑士S1 全拆床垫0胶水家用席梦思天然黄麻护脊酷布四叶草弹簧,1686.4,【全拆0胶B】中硬护脊 透气｜23cm 酷布弹簧,1790.95,2668,平台加补后,https://detail.tmall.com/item.htm?b_s_f=sycm&b_spm=a21ag.29085015&id=1007724840079
39,1007724840079,睡眠骑士床垫企业店,睡眠骑士S1 全拆床垫0胶水家用席梦思天然黄麻护脊酷布四叶草弹簧,1686.4,【全拆0胶C】适中偏硬 透气｜25cm 酷布弹簧,1971.15,2908,平台加补后,https://detail.tmall.com/item.htm?b_s_f=sycm&b_spm=a21ag.29085015&id=1007724840079
39,1007724840079,睡眠骑士床垫企业店,睡眠骑士S1 全拆床垫0胶水家用席梦思天然黄麻护脊酷布四叶草弹簧,1686.4,【全拆0胶D】软硬适中 透气慢回弹｜25cm 酷布弹簧 店长主推,2062.95,3168,平台加补后,https://detail.tmall.com/item.htm?b_s_f=sycm&b_spm=a21ag.29085015&id=1007724840079
39,1007724840079,睡眠骑士床垫企业店,睡眠骑士S1 全拆床垫0胶水家用席梦思天然黄麻护脊酷布四叶草弹簧,1686.4,【全拆0胶E】适中偏软｜23cm 酷布弹簧,1790.95,2668,平台加补后,https://detail.tmall.com/item.htm?b_s_f=sycm&b_spm=a21ag.29085015&id=1007724840079
39,1007724840079,睡眠骑士床垫企业店,睡眠骑士S1 全拆床垫0胶水家用席梦思天然黄麻护脊酷布四叶草弹簧,1686.4,【全拆0胶F】柔软舒适 慢回弹｜23cm 酷布弹簧,1896.35,2808,平台加补后,https://detail.tmall.com/item.htm?b_s_f=sycm&b_spm=a21ag.29085015&id=1007724840079
39,1007724840079,睡眠骑士床垫企业店,睡眠骑士S1 全拆床垫0胶水家用席梦思天然黄麻护脊酷布四叶草弹簧,1686.4,【全拆0胶G】柔软包裹 透气｜25cm 酷布弹簧,2062.95,3168,平台加补后,https://detail.tmall.com/item.htm?b_s_f=sycm&b_spm=a21ag.29085015&id=1007724840079
39,1007724840079,睡眠骑士床垫企业店,睡眠骑士S1 全拆床垫0胶水家用席梦思天然黄麻护脊酷布四叶草弹簧,1686.4,【全拆0胶H】超软0压 透气慢回弹｜25cm 酷布弹簧,2145.4,3278,平台加补后,https://detail.tmall.com/item.htm?b_s_f=sycm&b_spm=a21ag.29085015&id=1007724840079
40,642438274024,rozo家具旗舰店,ROZO席梦思床垫护脊家用记忆棉乳胶弹簧椰棕双面五星级酒店22cm厚,1045.5,【独立单螺旋弹簧】 A款/乳胶-柔软单面,1045.5,1398,平台加补后,https://detail.tmall.com/item.htm?b_s_f=sycm&b_spm=a21ag.29085015&id=642438274024
40,642438274024,rozo家具旗舰店,ROZO席梦思床垫护脊家用记忆棉乳胶弹簧椰棕双面五星级酒店22cm厚,1045.5,【独立单螺旋弹簧】 B款/乳胶-软硬双面 店长主推,1120.3,1498,平台加补后,https://detail.tmall.com/item.htm?b_s_f=sycm&b_spm=a21ag.29085015&id=642438274024
40,642438274024,rozo家具旗舰店,ROZO席梦思床垫护脊家用记忆棉乳胶弹簧椰棕双面五星级酒店22cm厚,1045.5,【独立单螺旋弹簧】 C款/记忆棉-柔软单面,1120.3,1498,平台加补后,https://detail.tmall.com/item.htm?b_s_f=sycm&b_spm=a21ag.29085015&id=642438274024
40,642438274024,rozo家具旗舰店,ROZO席梦思床垫护脊家用记忆棉乳胶弹簧椰棕双面五星级酒店22cm厚,1045.5,【独立单螺旋弹簧】 D款/记忆棉-软硬双面,1195.1,1598,平台加补后,https://detail.tmall.com/item.htm?b_s_f=sycm&b_spm=a21ag.29085015&id=642438274024
40,642438274024,rozo家具旗舰店,ROZO席梦思床垫护脊家用记忆棉乳胶弹簧椰棕双面五星级酒店22cm厚,1045.5,【加固双螺旋弹簧】升级E款/乳胶-柔软单面,1195.1,1598,平台加补后,https://detail.tmall.com/item.htm?b_s_f=sycm&b_spm=a21ag.29085015&id=642438274024
40,642438274024,rozo家具旗舰店,ROZO席梦思床垫护脊家用记忆棉乳胶弹簧椰棕双面五星级酒店22cm厚,1045.5,【加固双螺旋弹簧】升级F款/乳胶-软硬双面,1269.9,1698,平台加补后,https://detail.tmall.com/item.htm?b_s_f=sycm&b_spm=a21ag.29085015&id=642438274024
40,642438274024,rozo家具旗舰店,ROZO席梦思床垫护脊家用记忆棉乳胶弹簧椰棕双面五星级酒店22cm厚,1045.5,【加固双螺旋弹簧】奢享G款/记忆棉-柔软单面,1344.7,1798,平台加补后,https://detail.tmall.com/item.htm?b_s_f=sycm&b_spm=a21ag.29085015&id=642438274024
40,642438274024,rozo家具旗舰店,ROZO席梦思床垫护脊家用记忆棉乳胶弹簧椰棕双面五星级酒店22cm厚,1045.5,【加固双螺旋弹簧】奢享H款/记忆棉-软硬双面 近期热销,1344.7,1798,平台加补后,https://detail.tmall.com/item.htm?b_s_f=sycm&b_spm=a21ag.29085015&id=642438274024
41,595066893675,铂马仕旗舰店,铂马仕席梦思床垫乳胶弹簧家用双人软垫卧室酒店厚垫1.8m可拆,989.4,24cm 轻氧B =3cm轻氧无感记忆棉+max支撑独立袋弹簧,1188.3,1680,平台加补后,https://detail.tmall.com/item.htm?b_s_f=sycm&b_spm=a21ag.29085015&id=595066893675
41,595066893675,铂马仕旗舰店,铂马仕席梦思床垫乳胶弹簧家用双人软垫卧室酒店厚垫1.8m可拆,989.4,23cm 轻氧C =in-core软硬双核芯+max支撑独立袋弹簧 多人加购,989.4,1380,平台加补后,https://detail.tmall.com/item.htm?b_s_f=sycm&b_spm=a21ag.29085015&id=595066893675
41,595066893675,铂马仕旗舰店,铂马仕席梦思床垫乳胶弹簧家用双人软垫卧室酒店厚垫1.8m可拆,989.4,25cm轻氧PRO B =3cm护脊黄麻+ 2cm轻氧无感记忆棉+max支撑独立袋弹簧,1337.9,1880,平台加补后,https://detail.tmall.com/item.htm?b_s_f=sycm&b_spm=a21ag.29085015&id=595066893675
42,973610633655,派乐熊旗舰店,派乐熊全拆儿童床垫可拆卸0胶水工艺调节软硬护脊独立弹簧席梦思,1659.2,A款22CM=【2cm乳胶+2cm气泡簧+2cm黄麻】+四叶形0胶工艺酷布袋弹簧 多人加购,1659.2,2219,平台加补后,https://detail.tmall.com/item.htm?b_s_f=sycm&b_spm=a21ag.29085015&id=973610633655
42,973610633655,派乐熊旗舰店,派乐熊全拆儿童床垫可拆卸0胶水工艺调节软硬护脊独立弹簧席梦思,1659.2,B款22CM=【2cm记忆棉+2cm气泡簧+2cm黄麻】+四叶形0胶工艺酷布袋弹簧,1757.8,2350,平台加补后,https://detail.tmall.com/item.htm?b_s_f=sycm&b_spm=a21ag.29085015&id=973610633655
42,973610633655,派乐熊旗舰店,派乐熊全拆儿童床垫可拆卸0胶水工艺调节软硬护脊独立弹簧席梦思,1659.2,C款22CM=【2cm3D纤维+2cm气泡簧+2cm黄麻】+四叶形0胶工艺酷布袋弹簧,1757.8,2350,平台加补后,https://detail.tmall.com/item.htm?b_s_f=sycm&b_spm=a21ag.29085015&id=973610633655
43,788457904913,CEFALU旗舰店,加密独立袋弹簧偏硬护脊床垫黄麻席梦思乳胶硬20cm记忆棉床垫,752.25,基础A款丨【1258颗加密小弹簧】20cm,752.25,1063,平台加补后,https://detail.tmall.com/item.htm?b_s_f=sycm&b_spm=a21ag.29085015&id=788457904913
43,788457904913,CEFALU旗舰店,加密独立袋弹簧偏硬护脊床垫黄麻席梦思乳胶硬20cm记忆棉床垫,752.25,偏硬B款丨【2cm黄麻+1258颗加密小弹簧】22cm,846.6,1189,平台加补后,https://detail.tmall.com/item.htm?b_s_f=sycm&b_spm=a21ag.29085015&id=788457904913
43,788457904913,CEFALU旗舰店,加密独立袋弹簧偏硬护脊床垫黄麻席梦思乳胶硬20cm记忆棉床垫,752.25,舒适C款丨【2cm乳胶+1258颗加密小弹簧】22cm 近期热销,846.6,1189,平台加补后,https://detail.tmall.com/item.htm?b_s_f=sycm&b_spm=a21ag.29085015&id=788457904913
43,788457904913,CEFALU旗舰店,加密独立袋弹簧偏硬护脊床垫黄麻席梦思乳胶硬20cm记忆棉床垫,752.25,零压D款丨【2cm记忆棉+1258颗加密小弹簧】22cm,846.6,1189,平台加补后,https://detail.tmall.com/item.htm?b_s_f=sycm&b_spm=a21ag.29085015&id=788457904913
43,788457904913,CEFALU旗舰店,加密独立袋弹簧偏硬护脊床垫黄麻席梦思乳胶硬20cm记忆棉床垫,752.25,透气E款丨【2cm3D+1258颗加密小弹簧】22cm,904.4,1266,平台加补后,https://detail.tmall.com/item.htm?b_s_f=sycm&b_spm=a21ag.29085015&id=788457904913
43,788457904913,CEFALU旗舰店,加密独立袋弹簧偏硬护脊床垫黄麻席梦思乳胶硬20cm记忆棉床垫,752.25,双面A款丨【2cm乳胶+1258颗加密小弹簧+黄麻】24cm,997.9,1391,平台加补后,https://detail.tmall.com/item.htm?b_s_f=sycm&b_spm=a21ag.29085015&id=788457904913
43,788457904913,CEFALU旗舰店,加密独立袋弹簧偏硬护脊床垫黄麻席梦思乳胶硬20cm记忆棉床垫,752.25,双面B款丨【2cm记忆棉+1258颗加密小弹簧+黄麻】24cm,997.9,1391,平台加补后,https://detail.tmall.com/item.htm?b_s_f=sycm&b_spm=a21ag.29085015&id=788457904913
43,788457904913,CEFALU旗舰店,加密独立袋弹簧偏硬护脊床垫黄麻席梦思乳胶硬20cm记忆棉床垫,752.25,双面C款丨【2cm3D+1258颗加密小弹簧+黄麻】24cm,1035.3,1442,平台加补后,https://detail.tmall.com/item.htm?b_s_f=sycm&b_spm=a21ag.29085015&id=788457904913
43,788457904913,CEFALU旗舰店,加密独立袋弹簧偏硬护脊床垫黄麻席梦思乳胶硬20cm记忆棉床垫,752.25,可拆可调A丨【可拆洗】【可调节睡感】【2cm乳胶+2cm黄麻】24cm,1092.25,1518,平台加补后,https://detail.tmall.com/item.htm?b_s_f=sycm&b_spm=a21ag.29085015&id=788457904913
43,788457904913,CEFALU旗舰店,加密独立袋弹簧偏硬护脊床垫黄麻席梦思乳胶硬20cm记忆棉床垫,752.25,可拆可调B丨【可拆洗】【可调节睡感】【2cm记忆棉+2cm黄麻】24cm,1092.25,1518,平台加补后,https://detail.tmall.com/item.htm?b_s_f=sycm&b_spm=a21ag.29085015&id=788457904913
43,788457904913,CEFALU旗舰店,加密独立袋弹簧偏硬护脊床垫黄麻席梦思乳胶硬20cm记忆棉床垫,752.25,可拆可调C丨【可拆洗】【可调节睡感】【2cm3D+2cm黄麻】24cm,1129.65,1568,平台加补后,https://detail.tmall.com/item.htm?b_s_f=sycm&b_spm=a21ag.29085015&id=788457904913
43,788457904913,CEFALU旗舰店,加密独立袋弹簧偏硬护脊床垫黄麻席梦思乳胶硬20cm记忆棉床垫,752.25,可拆可调D丨【可拆洗】【可调节睡感】【2cm乳胶+2cm生物基小篮垫】24cm,1092.25,1518,平台加补后,https://detail.tmall.com/item.htm?b_s_f=sycm&b_spm=a21ag.29085015&id=788457904913
43,788457904913,CEFALU旗舰店,加密独立袋弹簧偏硬护脊床垫黄麻席梦思乳胶硬20cm记忆棉床垫,752.25,可拆可调E丨【可拆洗】【可调节睡感】【2cm记忆棉+2cm生物基小篮垫】24cm,1092.25,1518,平台加补后,https://detail.tmall.com/item.htm?b_s_f=sycm&b_spm=a21ag.29085015&id=788457904913
43,788457904913,CEFALU旗舰店,加密独立袋弹簧偏硬护脊床垫黄麻席梦思乳胶硬20cm记忆棉床垫,752.25,可拆可调F丨【可拆洗】【可调节睡感】【2cm3D+2cm生物基小篮垫】24cm,1129.65,1568,平台加补后,https://detail.tmall.com/item.htm?b_s_f=sycm&b_spm=a21ag.29085015&id=788457904913
44,532960004497,棕葆王国品牌店,棕葆王国天然环保黄麻椰棕床垫儿童3e棕1.35米榻榻米棕榈加硬神器,711.45,A款总高6cm=环保3E棕,711.45,952,平台加补后,https://detail.tmall.com/item.htm?b_s_f=sycm&b_spm=a21ag.29085015&id=532960004497
44,532960004497,棕葆王国品牌店,棕葆王国天然环保黄麻椰棕床垫儿童3e棕1.35米榻榻米棕榈加硬神器,711.45,A款总高8cm=环保3E棕,826.2,1105,平台加补后,https://detail.tmall.com/item.htm?b_s_f=sycm&b_spm=a21ag.29085015&id=532960004497
44,532960004497,棕葆王国品牌店,棕葆王国天然环保黄麻椰棕床垫儿童3e棕1.35米榻榻米棕榈加硬神器,711.45,A款总高10cm=环保3E棕,928.2,1242,平台加补后,https://detail.tmall.com/item.htm?b_s_f=sycm&b_spm=a21ag.29085015&id=532960004497
44,532960004497,棕葆王国品牌店,棕葆王国天然环保黄麻椰棕床垫儿童3e棕1.35米榻榻米棕榈加硬神器,711.45,A款总高12cm=环保3E棕,1032.75,1381,平台加补后,https://detail.tmall.com/item.htm?b_s_f=sycm&b_spm=a21ag.29085015&id=532960004497
44,532960004497,棕葆王国品牌店,棕葆王国天然环保黄麻椰棕床垫儿童3e棕1.35米榻榻米棕榈加硬神器,711.45,A款总高15cm=环保3E棕,1240.15,1658,平台加补后,https://detail.tmall.com/item.htm?b_s_f=sycm&b_spm=a21ag.29085015&id=532960004497
44,532960004497,棕葆王国品牌店,棕葆王国天然环保黄麻椰棕床垫儿童3e棕1.35米榻榻米棕榈加硬神器,711.45,升级B款5cm=高密S型精细黄麻,722.5,966,平台加补后,https://detail.tmall.com/item.htm?b_s_f=sycm&b_spm=a21ag.29085015&id=532960004497
44,532960004497,棕葆王国品牌店,棕葆王国天然环保黄麻椰棕床垫儿童3e棕1.35米榻榻米棕榈加硬神器,711.45,升级B款6cm=高密S型精细黄麻,816,1091,平台加补后,https://detail.tmall.com/item.htm?b_s_f=sycm&b_spm=a21ag.29085015&id=532960004497
44,532960004497,棕葆王国品牌店,棕葆王国天然环保黄麻椰棕床垫儿童3e棕1.35米榻榻米棕榈加硬神器,711.45,升级B款8cm=高密S型精细黄麻 近期热销,928.2,1242,平台加补后,https://detail.tmall.com/item.htm?b_s_f=sycm&b_spm=a21ag.29085015&id=532960004497
44,532960004497,棕葆王国品牌店,棕葆王国天然环保黄麻椰棕床垫儿童3e棕1.35米榻榻米棕榈加硬神器,711.45,升级B款10cm=高密S型精细黄麻,1032.75,1381,平台加补后,https://detail.tmall.com/item.htm?b_s_f=sycm&b_spm=a21ag.29085015&id=532960004497
44,532960004497,棕葆王国品牌店,棕葆王国天然环保黄麻椰棕床垫儿童3e棕1.35米榻榻米棕榈加硬神器,711.45,舒适C款7cm=高密S型精细黄麻+ 乳胶,950.3,1271,平台加补后,https://detail.tmall.com/item.htm?b_s_f=sycm&b_spm=a21ag.29085015&id=532960004497
44,532960004497,棕葆王国品牌店,棕葆王国天然环保黄麻椰棕床垫儿童3e棕1.35米榻榻米棕榈加硬神器,711.45,舒适C款8cm=高密S型精细黄麻+ 乳胶,1053.15,1409,平台加补后,https://detail.tmall.com/item.htm?b_s_f=sycm&b_spm=a21ag.29085015&id=532960004497
44,532960004497,棕葆王国品牌店,棕葆王国天然环保黄麻椰棕床垫儿童3e棕1.35米榻榻米棕榈加硬神器,711.45,舒适C款10cm=高密S型精细黄麻+ 乳胶,1188.3,1589,平台加补后,https://detail.tmall.com/item.htm?b_s_f=sycm&b_spm=a21ag.29085015&id=532960004497
44,532960004497,棕葆王国品牌店,棕葆王国天然环保黄麻椰棕床垫儿童3e棕1.35米榻榻米棕榈加硬神器,711.45,舒适C款12cm=高密S型精细黄麻+ 乳胶,1291.15,1727,平台加补后,https://detail.tmall.com/item.htm?b_s_f=sycm&b_spm=a21ag.29085015&id=532960004497
44,532960004497,棕葆王国品牌店,棕葆王国天然环保黄麻椰棕床垫儿童3e棕1.35米榻榻米棕榈加硬神器,711.45,零压D款7cm=高密S型精细黄麻+ 凝胶0压记忆棉,1053.15,1409,平台加补后,https://detail.tmall.com/item.htm?b_s_f=sycm&b_spm=a21ag.29085015&id=532960004497
44,532960004497,棕葆王国品牌店,棕葆王国天然环保黄麻椰棕床垫儿童3e棕1.35米榻榻米棕榈加硬神器,711.45,零压D款8cm=高密S型精细黄麻+ 凝胶0压记忆棉,1156.85,1547,平台加补后,https://detail.tmall.com/item.htm?b_s_f=sycm&b_spm=a21ag.29085015&id=532960004497
44,532960004497,棕葆王国品牌店,棕葆王国天然环保黄麻椰棕床垫儿童3e棕1.35米榻榻米棕榈加硬神器,711.45,零压D款10cm=高密S型精细黄麻+ 凝胶0压记忆棉,1291.15,1727,平台加补后,https://detail.tmall.com/item.htm?b_s_f=sycm&b_spm=a21ag.29085015&id=532960004497
44,532960004497,棕葆王国品牌店,棕葆王国天然环保黄麻椰棕床垫儿童3e棕1.35米榻榻米棕榈加硬神器,711.45,零压D款12cm=高密S型精细黄麻+ 凝胶0压记忆棉,1395.7,1866,平台加补后,https://detail.tmall.com/item.htm?b_s_f=sycm&b_spm=a21ag.29085015&id=532960004497
45,769966237344,moonlightfamily旗舰店,月光之家乳胶弹簧床垫1.8米家用软垫席梦思 1.5m记忆棉黄麻棕垫硬,1368.5,风尚plus-A【固边防塌加固独立袋弹簧】中硬 2cm黄麻:21cm,1368.5,2057,平台加补后,https://detail.tmall.com/item.htm?b_s_f=sycm&b_spm=a21ag.29085015&id=769966237344
45,769966237344,moonlightfamily旗舰店,月光之家乳胶弹簧床垫1.8米家用软垫席梦思 1.5m记忆棉黄麻棕垫硬,1368.5,风尚plus-B【固边防塌加固独立袋弹簧】适中 2cm凝胶记忆棉:22cm,1368.5,2057,平台加补后,https://detail.tmall.com/item.htm?b_s_f=sycm&b_spm=a21ag.29085015&id=769966237344
45,769966237344,moonlightfamily旗舰店,月光之家乳胶弹簧床垫1.8米家用软垫席梦思 1.5m记忆棉黄麻棕垫硬,1368.5,风尚plus-C【固边防塌加固独立袋弹簧】双面 2cm凝胶记忆棉+2cm黄麻:24cm,1448.4,2164,平台加补后,https://detail.tmall.com/item.htm?b_s_f=sycm&b_spm=a21ag.29085015&id=769966237344
45,769966237344,moonlightfamily旗舰店,月光之家乳胶弹簧床垫1.8米家用软垫席梦思 1.5m记忆棉黄麻棕垫硬,1368.5,风尚plus-D【固边防塌加固独立袋弹簧】偏软 3cm凝胶记忆棉:24cm,1448.4,2164,平台加补后,https://detail.tmall.com/item.htm?b_s_f=sycm&b_spm=a21ag.29085015&id=769966237344
45,769966237344,moonlightfamily旗舰店,月光之家乳胶弹簧床垫1.8米家用软垫席梦思 1.5m记忆棉黄麻棕垫硬,1368.5,风尚plus-E【固边防塌加固独立袋弹簧】双面 3cm凝胶记忆棉+2cm黄麻:25cm,1498.55,2231,平台加补后,https://detail.tmall.com/item.htm?b_s_f=sycm&b_spm=a21ag.29085015&id=769966237344
45,769966237344,moonlightfamily旗舰店,月光之家乳胶弹簧床垫1.8米家用软垫席梦思 1.5m记忆棉黄麻棕垫硬,1368.5,轻奢plus-D【腰臀护脊 三重加固】双面 2cm凝胶记忆棉+2cm黄麻:24cm 近期热销,1598.85,2365,平台加补后,https://detail.tmall.com/item.htm?b_s_f=sycm&b_spm=a21ag.29085015&id=769966237344
45,769966237344,moonlightfamily旗舰店,月光之家乳胶弹簧床垫1.8米家用软垫席梦思 1.5m记忆棉黄麻棕垫硬,1368.5,轻奢plus-F【腰臀护脊 三重加固】偏软 4cm凝胶记忆棉:24cm,1598.85,2365,平台加补后,https://detail.tmall.com/item.htm?b_s_f=sycm&b_spm=a21ag.29085015&id=769966237344
45,769966237344,moonlightfamily旗舰店,月光之家乳胶弹簧床垫1.8米家用软垫席梦思 1.5m记忆棉黄麻棕垫硬,1368.5,轻奢plus-E【腰臀护脊 三重加固】适中 2cm凝胶记忆棉:22cm,1538.5,2285,平台加补后,https://detail.tmall.com/item.htm?b_s_f=sycm&b_spm=a21ag.29085015&id=769966237344
45,769966237344,moonlightfamily旗舰店,月光之家乳胶弹簧床垫1.8米家用软垫席梦思 1.5m记忆棉黄麻棕垫硬,1368.5,轻奢plus-G【腰臀护脊 三重加固】偏硬 2cm黄麻:22cm,1538.5,2285,平台加补后,https://detail.tmall.com/item.htm?b_s_f=sycm&b_spm=a21ag.29085015&id=769966237344
45,769966237344,moonlightfamily旗舰店,月光之家乳胶弹簧床垫1.8米家用软垫席梦思 1.5m记忆棉黄麻棕垫硬,1368.5,轻奢plus-E卷包款【压缩便携搬运】适中 2cm凝胶记忆棉:22cm,1538.5,2285,平台加补后,https://detail.tmall.com/item.htm?b_s_f=sycm&b_spm=a21ag.29085015&id=769966237344
45,769966237344,moonlightfamily旗舰店,月光之家乳胶弹簧床垫1.8米家用软垫席梦思 1.5m记忆棉黄麻棕垫硬,1368.5,胖人plus-H【加粗加固弹簧 200斤以上】2cm凝胶记忆棉+2cm黄麻,1798.6,2632,平台加补后,https://detail.tmall.com/item.htm?b_s_f=sycm&b_spm=a21ag.29085015&id=769966237344
46,1028454725472,铂马仕旗舰店,儿童护脊黄麻乳胶折叠床垫家用环保席梦思高低床天然椰棕1.2m定制,623.9,折叠护脊A【6cm】A类棉麻面料+3cmS黄麻,623.9,869,平台加补后,https://detail.tmall.com/item.htm?b_s_f=sycm&b_spm=a21ag.29085015&id=1028454725472
46,1028454725472,铂马仕旗舰店,儿童护脊黄麻乳胶折叠床垫家用环保席梦思高低床天然椰棕1.2m定制,623.9,折叠护脊A【8cm】A类棉麻面料+5cmS黄麻,736.1,1019,平台加补后,https://detail.tmall.com/item.htm?b_s_f=sycm&b_spm=a21ag.29085015&id=1028454725472
46,1028454725472,铂马仕旗舰店,儿童护脊黄麻乳胶折叠床垫家用环保席梦思高低床天然椰棕1.2m定制,623.9,折叠护脊A【10cm】A类棉麻面料+7cmS黄麻,848.3,1169,平台加补后,https://detail.tmall.com/item.htm?b_s_f=sycm&b_spm=a21ag.29085015&id=1028454725472
46,1028454725472,铂马仕旗舰店,儿童护脊黄麻乳胶折叠床垫家用环保席梦思高低床天然椰棕1.2m定制,623.9,折叠护脊A【13cm】A类棉麻面料+10cmS黄麻,1018.3,1419,平台加补后,https://detail.tmall.com/item.htm?b_s_f=sycm&b_spm=a21ag.29085015&id=1028454725472
46,1028454725472,铂马仕旗舰店,儿童护脊黄麻乳胶折叠床垫家用环保席梦思高低床天然椰棕1.2m定制,623.9,折叠护脊A【18cm】A类棉麻面料+15cmS黄麻,1292,1819,平台加补后,https://detail.tmall.com/item.htm?b_s_f=sycm&b_spm=a21ag.29085015&id=1028454725472
46,1028454725472,铂马仕旗舰店,儿童护脊黄麻乳胶折叠床垫家用环保席梦思高低床天然椰棕1.2m定制,623.9,折叠防螨B升级【8cm】A类棉麻面料+2cm乳胶+3cmS黄麻,698.7,969,平台加补后,https://detail.tmall.com/item.htm?b_s_f=sycm&b_spm=a21ag.29085015&id=1028454725472
46,1028454725472,铂马仕旗舰店,儿童护脊黄麻乳胶折叠床垫家用环保席梦思高低床天然椰棕1.2m定制,623.9,折叠防螨B【10cm】A类棉麻面料+2cm乳胶+5cmS黄麻,810.9,1119,平台加补后,https://detail.tmall.com/item.htm?b_s_f=sycm&b_spm=a21ag.29085015&id=1028454725472
46,1028454725472,铂马仕旗舰店,儿童护脊黄麻乳胶折叠床垫家用环保席梦思高低床天然椰棕1.2m定制,623.9,折叠防螨B【12cm】A类棉麻面料+2cm乳胶+7cmS黄麻,906.1,1269,平台加补后,https://detail.tmall.com/item.htm?b_s_f=sycm&b_spm=a21ag.29085015&id=1028454725472
46,1028454725472,铂马仕旗舰店,儿童护脊黄麻乳胶折叠床垫家用环保席梦思高低床天然椰棕1.2m定制,623.9,折叠防螨B【15cm】A类棉麻面料+2cm乳胶+10cmS黄麻,1067.6,1519,平台加补后,https://detail.tmall.com/item.htm?b_s_f=sycm&b_spm=a21ag.29085015&id=1028454725472
46,1028454725472,铂马仕旗舰店,儿童护脊黄麻乳胶折叠床垫家用环保席梦思高低床天然椰棕1.2m定制,623.9,折叠防螨B【20cm】A类棉麻面料+2cm乳胶+15cmS黄麻,1462,2069,平台加补后,https://detail.tmall.com/item.htm?b_s_f=sycm&b_spm=a21ag.29085015&id=1028454725472
46,1028454725472,铂马仕旗舰店,儿童护脊黄麻乳胶折叠床垫家用环保席梦思高低床天然椰棕1.2m定制,623.9,折叠透气C【8cm】A类棉麻面料+2cm 3D透气芯+3cmS黄麻,698.7,969,平台加补后,https://detail.tmall.com/item.htm?b_s_f=sycm&b_spm=a21ag.29085015&id=1028454725472
46,1028454725472,铂马仕旗舰店,儿童护脊黄麻乳胶折叠床垫家用环保席梦思高低床天然椰棕1.2m定制,623.9,折叠透气C【10cm】A类棉麻面料+2cm 3D透气芯+5cmS黄麻,810.9,1119,平台加补后,https://detail.tmall.com/item.htm?b_s_f=sycm&b_spm=a21ag.29085015&id=1028454725472
46,1028454725472,铂马仕旗舰店,儿童护脊黄麻乳胶折叠床垫家用环保席梦思高低床天然椰棕1.2m定制,623.9,折叠透气C【12cm】A类棉麻面料+2cm 3D透气芯+7cmS黄麻,906.1,1269,平台加补后,https://detail.tmall.com/item.htm?b_s_f=sycm&b_spm=a21ag.29085015&id=1028454725472
46,1028454725472,铂马仕旗舰店,儿童护脊黄麻乳胶折叠床垫家用环保席梦思高低床天然椰棕1.2m定制,623.9,折叠透气C【15cm】A类棉麻面料+2cm 3D透气芯+10cmS黄麻,1067.6,1519,平台加补后,https://detail.tmall.com/item.htm?b_s_f=sycm&b_spm=a21ag.29085015&id=1028454725472
46,1028454725472,铂马仕旗舰店,儿童护脊黄麻乳胶折叠床垫家用环保席梦思高低床天然椰棕1.2m定制,623.9,折叠透气C【20cm】A类棉麻面料+2cm 3D透气芯+15cmS黄麻,1462,2069,平台加补后,https://detail.tmall.com/item.htm?b_s_f=sycm&b_spm=a21ag.29085015&id=1028454725472
47,714642283854,派乐熊儿童床垫品牌店,派乐熊全拆儿童床垫0胶水工艺酷布独立袋弹簧青少年护脊硬席梦思,1297.1,全拆R20CM=【1480颗四叶形0胶酷布弹簧】+2cm防螨黄麻,1297.1,1735,平台加补后,https://detail.tmall.com/item.htm?b_s_f=sycm&b_spm=a21ag.29085015&id=714642283854
47,714642283854,派乐熊儿童床垫品牌店,派乐熊全拆儿童床垫0胶水工艺酷布独立袋弹簧青少年护脊硬席梦思,1297.1,全拆S22CM=【1480颗四叶形0胶酷布弹簧】+2cm脱敏乳胶+2cm防螨黄麻,1397.4,1869,平台加补后,https://detail.tmall.com/item.htm?b_s_f=sycm&b_spm=a21ag.29085015&id=714642283854
47,714642283854,派乐熊儿童床垫品牌店,派乐熊全拆儿童床垫0胶水工艺酷布独立袋弹簧青少年护脊硬席梦思,1297.1,全拆T22CM=【1480颗四叶形0胶酷布弹簧】+2cm凝胶记忆棉+2cm防螨黄麻 近期热销,1496.85,2002,平台加补后,https://detail.tmall.com/item.htm?b_s_f=sycm&b_spm=a21ag.29085015&id=714642283854
47,714642283854,派乐熊儿童床垫品牌店,派乐熊全拆儿童床垫0胶水工艺酷布独立袋弹簧青少年护脊硬席梦思,1297.1,全拆U22CM=【1480颗四叶形0胶酷布弹簧】+2cm3D空气纤维+2cm防螨黄麻,1597.15,2136,平台加补后,https://detail.tmall.com/item.htm?b_s_f=sycm&b_spm=a21ag.29085015&id=714642283854
47,714642283854,派乐熊儿童床垫品牌店,派乐熊全拆儿童床垫0胶水工艺酷布独立袋弹簧青少年护脊硬席梦思,1297.1,全拆V22CM=【1480颗四叶形0胶酷布弹簧】+2cm3D空气纤维+2cm脱敏乳胶,1597.15,2136,平台加补后,https://detail.tmall.com/item.htm?b_s_f=sycm&b_spm=a21ag.29085015&id=714642283854
47,714642283854,派乐熊儿童床垫品牌店,派乐熊全拆儿童床垫0胶水工艺酷布独立袋弹簧青少年护脊硬席梦思,1297.1,全拆W22CM=【1480颗四叶形0胶酷布弹簧】+2cm3D空气纤维+2cm凝胶记忆棉,1697.45,2270,平台加补后,https://detail.tmall.com/item.htm?b_s_f=sycm&b_spm=a21ag.29085015&id=714642283854
48,15292785950,moonlightfamily旗舰店,月光之家天然纯乳胶床垫超薄可全拆分区按摩软榻榻米1.8米可定制,1158.55,泰国原料：8cm厚|内部7区乳胶款(5cm),1518.1,2257,平台加补后,https://detail.tmall.com/item.htm?b_s_f=sycm&b_spm=a21ag.29085015&id=15292785950
48,15292785950,moonlightfamily旗舰店,月光之家天然纯乳胶床垫超薄可全拆分区按摩软榻榻米1.8米可定制,1158.55,泰国原料：10cm厚|内部7区乳胶(7cm),1818.15,2659,平台加补后,https://detail.tmall.com/item.htm?b_s_f=sycm&b_spm=a21ag.29085015&id=15292785950
48,15292785950,moonlightfamily旗舰店,月光之家天然纯乳胶床垫超薄可全拆分区按摩软榻榻米1.8米可定制,1158.55,泰国原料：13cm厚|内部7区乳胶(10cm),2118.2,3173,平台加补后,https://detail.tmall.com/item.htm?b_s_f=sycm&b_spm=a21ag.29085015&id=15292785950
48,15292785950,moonlightfamily旗舰店,月光之家天然纯乳胶床垫超薄可全拆分区按摩软榻榻米1.8米可定制,1158.55,泰国原料：6cm厚|内部天然乳胶款(3cm),1158.55,1720,平台加补后,https://detail.tmall.com/item.htm?b_s_f=sycm&b_spm=a21ag.29085015&id=15292785950
48,15292785950,moonlightfamily旗舰店,月光之家天然纯乳胶床垫超薄可全拆分区按摩软榻榻米1.8米可定制,1158.55,泰国原料：8cm厚|内部天然乳胶(5cm),1358.3,1987,平台加补后,https://detail.tmall.com/item.htm?b_s_f=sycm&b_spm=a21ag.29085015&id=15292785950
48,15292785950,moonlightfamily旗舰店,月光之家天然纯乳胶床垫超薄可全拆分区按摩软榻榻米1.8米可定制,1158.55,泰国原料：10cm厚|内部天然乳胶床垫(7cm),1658.35,2445,平台加补后,https://detail.tmall.com/item.htm?b_s_f=sycm&b_spm=a21ag.29085015&id=15292785950
49,826540116802,睡眠骑士床垫企业店,睡眠骑士五星级酒店床垫双面20cm厚乳胶席梦思硬垫加硬家用记忆棉,1229.1,护脊J【2cm黄麻+五星专利弹簧】15cm偏硬,1229.1,1848,平台加补后,https://detail.tmall.com/item.htm?b_s_f=sycm&b_spm=a21ag.29085015&id=826540116802
49,826540116802,睡眠骑士床垫企业店,睡眠骑士五星级酒店床垫双面20cm厚乳胶席梦思硬垫加硬家用记忆棉,1229.1,护脊K【乳胶+2cm黄麻+五星专利弹簧】16cm偏硬,1326,1978,平台加补后,https://detail.tmall.com/item.htm?b_s_f=sycm&b_spm=a21ag.29085015&id=826540116802
49,826540116802,睡眠骑士床垫企业店,睡眠骑士五星级酒店床垫双面20cm厚乳胶席梦思硬垫加硬家用记忆棉,1229.1,护脊M【2cm乳胶+3cmS黄麻+五星专利弹簧】20cm中硬 近期热销,1439.9,2198,平台加补后,https://detail.tmall.com/item.htm?b_s_f=sycm&b_spm=a21ag.29085015&id=826540116802
49,826540116802,睡眠骑士床垫企业店,睡眠骑士五星级酒店床垫双面20cm厚乳胶席梦思硬垫加硬家用记忆棉,1229.1,护脊N【2cm乳胶+5cmS黄麻+五星专利弹簧】22cm中硬,1678.75,2518,平台加补后,https://detail.tmall.com/item.htm?b_s_f=sycm&b_spm=a21ag.29085015&id=826540116802
49,826540116802,睡眠骑士床垫企业店,睡眠骑士五星级酒店床垫双面20cm厚乳胶席梦思硬垫加硬家用记忆棉,1229.1,护脊S【2cm乳胶+2cm3D层+5cmS黄麻+五星专利弹簧】24cm中硬,1776.5,2648,平台加补后,https://detail.tmall.com/item.htm?b_s_f=sycm&b_spm=a21ag.29085015&id=826540116802
50,587602685704,布莱轩尼旗舰店,全拆软硬薄独立弹簧床垫高箱10cm15公分含乳胶记忆棉家用榻榻米,1166.2,A款8cm厚适中|1221根薄垫加密簧+2cm生物棉,1166.2,1560,平台加补后,https://detail.tmall.com/item.htm?b_s_f=sycm&b_spm=a21ag.29085015&id=587602685704
50,587602685704,布莱轩尼旗舰店,全拆软硬薄独立弹簧床垫高箱10cm15公分含乳胶记忆棉家用榻榻米,1166.2,B款10cm厚偏硬|1221根薄垫加密簧+2cm精细黄麻,1225.7,1639,平台加补后,https://detail.tmall.com/item.htm?b_s_f=sycm&b_spm=a21ag.29085015&id=587602685704
50,587602685704,布莱轩尼旗舰店,全拆软硬薄独立弹簧床垫高箱10cm15公分含乳胶记忆棉家用榻榻米,1166.2,C款10cm厚偏硬|1221根薄垫加密簧+2cm3D,1225.7,1639,平台加补后,https://detail.tmall.com/item.htm?b_s_f=sycm&b_spm=a21ag.29085015&id=587602685704
50,587602685704,布莱轩尼旗舰店,全拆软硬薄独立弹簧床垫高箱10cm15公分含乳胶记忆棉家用榻榻米,1166.2,D款10cm厚软度适中|1221根薄垫加密簧+2cm高弹乳胶,1264.8,1691,平台加补后,https://detail.tmall.com/item.htm?b_s_f=sycm&b_spm=a21ag.29085015&id=587602685704
50,587602685704,布莱轩尼旗舰店,全拆软硬薄独立弹簧床垫高箱10cm15公分含乳胶记忆棉家用榻榻米,1166.2,E款10cm厚软度适中|1221根薄垫加密簧+2cm记忆棉,1264.8,1691,平台加补后,https://detail.tmall.com/item.htm?b_s_f=sycm&b_spm=a21ag.29085015&id=587602685704
50,587602685704,布莱轩尼旗舰店,全拆软硬薄独立弹簧床垫高箱10cm15公分含乳胶记忆棉家用榻榻米,1166.2,F款12cm厚软度适中|1221根薄垫加密簧+2cm高弹乳胶,1313.25,1756,平台加补后,https://detail.tmall.com/item.htm?b_s_f=sycm&b_spm=a21ag.29085015&id=587602685704
50,587602685704,布莱轩尼旗舰店,全拆软硬薄独立弹簧床垫高箱10cm15公分含乳胶记忆棉家用榻榻米,1166.2,G款12cm厚软度适中|1221根薄垫加密簧+2cm记忆棉,1313.25,1756,平台加补后,https://detail.tmall.com/item.htm?b_s_f=sycm&b_spm=a21ag.29085015&id=587602685704
50,587602685704,布莱轩尼旗舰店,全拆软硬薄独立弹簧床垫高箱10cm15公分含乳胶记忆棉家用榻榻米,1166.2,J款12cm厚透气偏硬|1221根薄垫加密簧+2cm3D+2cm精细黄麻,1323.45,1770,平台加补后,https://detail.tmall.com/item.htm?b_s_f=sycm&b_spm=a21ag.29085015&id=587602685704
50,587602685704,布莱轩尼旗舰店,全拆软硬薄独立弹簧床垫高箱10cm15公分含乳胶记忆棉家用榻榻米,1166.2,H款12cm厚软硬可调|1221根薄垫加密簧+2cm高弹乳胶+2cm精细黄麻,1362.55,1822,平台加补后,https://detail.tmall.com/item.htm?b_s_f=sycm&b_spm=a21ag.29085015&id=587602685704
50,587602685704,布莱轩尼旗舰店,全拆软硬薄独立弹簧床垫高箱10cm15公分含乳胶记忆棉家用榻榻米,1166.2,K款12cm厚软硬可调|1221根薄垫加密簧+2cm高弹乳胶+2cm3D,1362.55,1822,平台加补后,https://detail.tmall.com/item.htm?b_s_f=sycm&b_spm=a21ag.29085015&id=587602685704
50,587602685704,布莱轩尼旗舰店,全拆软硬薄独立弹簧床垫高箱10cm15公分含乳胶记忆棉家用榻榻米,1166.2,M款12cm厚软硬可调|1221根薄垫加密簧+2cm记忆棉+2cm精细黄麻 近期热销,1362.55,1822,平台加补后,https://detail.tmall.com/item.htm?b_s_f=sycm&b_spm=a21ag.29085015&id=587602685704
50,587602685704,布莱轩尼旗舰店,全拆软硬薄独立弹簧床垫高箱10cm15公分含乳胶记忆棉家用榻榻米,1166.2,N款12cm厚软硬可调|1221根薄垫加密簧+2cm记忆棉+2cm3D,1362.55,1822,平台加补后,https://detail.tmall.com/item.htm?b_s_f=sycm&b_spm=a21ag.29085015&id=587602685704
50,587602685704,布莱轩尼旗舰店,全拆软硬薄独立弹簧床垫高箱10cm15公分含乳胶记忆棉家用榻榻米,1166.2,O款12cm厚偏软|1221根薄垫加密簧+2cm高弹乳胶+2cm记忆棉,1460.3,1953,平台加补后,https://detail.tmall.com/item.htm?b_s_f=sycm&b_spm=a21ag.29085015&id=587602685704
50,587602685704,布莱轩尼旗舰店,全拆软硬薄独立弹簧床垫高箱10cm15公分含乳胶记忆棉家用榻榻米,1166.2,P款15cm厚偏硬|1221根薄垫加密簧+2cm精细黄麻,1313.25,1756,平台加补后,https://detail.tmall.com/item.htm?b_s_f=sycm&b_spm=a21ag.29085015&id=587602685704
50,587602685704,布莱轩尼旗舰店,全拆软硬薄独立弹簧床垫高箱10cm15公分含乳胶记忆棉家用榻榻米,1166.2,Q款15cm厚软度适中|1221根薄垫加密簧+2cm高弹乳胶,1362.55,1822,平台加补后,https://detail.tmall.com/item.htm?b_s_f=sycm&b_spm=a21ag.29085015&id=587602685704
50,587602685704,布莱轩尼旗舰店,全拆软硬薄独立弹簧床垫高箱10cm15公分含乳胶记忆棉家用榻榻米,1166.2,R款15cm厚软度适中|1221根薄垫加密簧+2cm记忆棉,1362.55,1822,平台加补后,https://detail.tmall.com/item.htm?b_s_f=sycm&b_spm=a21ag.29085015&id=587602685704
50,587602685704,布莱轩尼旗舰店,全拆软硬薄独立弹簧床垫高箱10cm15公分含乳胶记忆棉家用榻榻米,1166.2,Y款15cm厚透气偏硬|1221根薄垫加密簧+2cm3D+2cm精细黄麻,1362.55,1822,平台加补后,https://detail.tmall.com/item.htm?b_s_f=sycm&b_spm=a21ag.29085015&id=587602685704
50,587602685704,布莱轩尼旗舰店,全拆软硬薄独立弹簧床垫高箱10cm15公分含乳胶记忆棉家用榻榻米,1166.2,S15cm厚软硬可调|1221根薄垫加密簧+2cm高弹乳胶+2cm精细黄麻,1411,1887,平台加补后,https://detail.tmall.com/item.htm?b_s_f=sycm&b_spm=a21ag.29085015&id=587602685704
50,587602685704,布莱轩尼旗舰店,全拆软硬薄独立弹簧床垫高箱10cm15公分含乳胶记忆棉家用榻榻米,1166.2,T款15cm厚软硬可调|1221根薄垫加密簧+2cm高弹乳胶+2cm3D,1411,1887,平台加补后,https://detail.tmall.com/item.htm?b_s_f=sycm&b_spm=a21ag.29085015&id=587602685704
50,587602685704,布莱轩尼旗舰店,全拆软硬薄独立弹簧床垫高箱10cm15公分含乳胶记忆棉家用榻榻米,1166.2,U款15cm厚软硬可调|1221根薄垫加密簧+2cm记忆棉+2cm精细黄麻,1411,1887,平台加补后,https://detail.tmall.com/item.htm?b_s_f=sycm&b_spm=a21ag.29085015&id=587602685704
50,587602685704,布莱轩尼旗舰店,全拆软硬薄独立弹簧床垫高箱10cm15公分含乳胶记忆棉家用榻榻米,1166.2,V款15cm厚软硬可调|1221根薄垫加密簧+2cm记忆棉+2cm3D,1411,1887,平台加补后,https://detail.tmall.com/item.htm?b_s_f=sycm&b_spm=a21ag.29085015&id=587602685704
50,587602685704,布莱轩尼旗舰店,全拆软硬薄独立弹簧床垫高箱10cm15公分含乳胶记忆棉家用榻榻米,1166.2,W款15cm厚偏软|1221根薄垫加密簧+2cm高弹乳胶+2cm记忆棉,1460.3,1953,平台加补后,https://detail.tmall.com/item.htm?b_s_f=sycm&b_spm=a21ag.29085015&id=587602685704
51,829143171600,铂马仕旗舰店,铂马仕弹簧床垫乳胶席梦思家用软垫双人卧室椰棕厚硬垫单人1.8米,1040.4,护脊A 22cm 【加固护脊独立簧】2cm乳胶 适中护脊,1040.4,1448,平台加补后,https://detail.tmall.com/item.htm?b_s_f=sycm&b_spm=a21ag.29085015&id=829143171600
51,829143171600,铂马仕旗舰店,铂马仕弹簧床垫乳胶席梦思家用软垫双人卧室椰棕厚硬垫单人1.8米,1040.4,护脊B 22cm（偏硬推荐）【加固护脊独立簧】2cm黄麻 护脊舒睡,1040.4,1448,平台加补后,https://detail.tmall.com/item.htm?b_s_f=sycm&b_spm=a21ag.29085015&id=829143171600
51,829143171600,铂马仕旗舰店,铂马仕弹簧床垫乳胶席梦思家用软垫双人卧室椰棕厚硬垫单人1.8米,1040.4,静音A 22cm【蜂巢独立袋弹簧 】2cm乳胶 柔软适中 店长主推,1209.55,1708,平台加补后,https://detail.tmall.com/item.htm?b_s_f=sycm&b_spm=a21ag.29085015&id=829143171600
51,829143171600,铂马仕旗舰店,铂马仕弹簧床垫乳胶席梦思家用软垫双人卧室椰棕厚硬垫单人1.8米,1040.4,静音B 24cm【蜂巢独立袋弹簧】2cm乳胶+黄麻 软硬两面,1298.8,1828,平台加补后,https://detail.tmall.com/item.htm?b_s_f=sycm&b_spm=a21ag.29085015&id=829143171600
51,829143171600,铂马仕旗舰店,铂马仕弹簧床垫乳胶席梦思家用软垫双人卧室椰棕厚硬垫单人1.8米,1040.4,升级A 23cm【 三重加固迷你小弹簧】2cm乳胶+3D 软硬适中,1359.15,1908,平台加补后,https://detail.tmall.com/item.htm?b_s_f=sycm&b_spm=a21ag.29085015&id=829143171600
51,829143171600,铂马仕旗舰店,铂马仕弹簧床垫乳胶席梦思家用软垫双人卧室椰棕厚硬垫单人1.8米,1040.4,升级B 25cm(静音推荐)【 三重加固迷你小弹簧】2cm乳胶+3D+黄麻 软硬两面,1416.95,2008,平台加补后,https://detail.tmall.com/item.htm?b_s_f=sycm&b_spm=a21ag.29085015&id=829143171600
51,829143171600,铂马仕旗舰店,铂马仕弹簧床垫乳胶席梦思家用软垫双人卧室椰棕厚硬垫单人1.8米,1040.4,升级C 22cm(护脊推荐)【 三重加固迷你小弹簧】2cm黄麻 静音强护脊,1359.15,1908,平台加补后,https://detail.tmall.com/item.htm?b_s_f=sycm&b_spm=a21ag.29085015&id=829143171600
51,829143171600,铂马仕旗舰店,铂马仕弹簧床垫乳胶席梦思家用软垫双人卧室椰棕厚硬垫单人1.8米,1040.4,柔睡A 22cm【三重加固迷你小弹簧】2cm凝胶记忆棉 酒店柔软升级,1416.95,2008,平台加补后,https://detail.tmall.com/item.htm?b_s_f=sycm&b_spm=a21ag.29085015&id=829143171600
51,829143171600,铂马仕旗舰店,铂马仕弹簧床垫乳胶席梦思家用软垫双人卧室椰棕厚硬垫单人1.8米,1040.4,柔睡B 24cm(五星静音推荐)【 三重加固迷你小弹簧】2cm凝胶记忆棉+黄麻 软硬两面,1498.55,2118,平台加补后,https://detail.tmall.com/item.htm?b_s_f=sycm&b_spm=a21ag.29085015&id=829143171600
51,829143171600,铂马仕旗舰店,铂马仕弹簧床垫乳胶席梦思家用软垫双人卧室椰棕厚硬垫单人1.8米,1040.4,柔睡C 24cm(五星护脊推荐)【 三重加固迷你小弹簧】2cm凝胶记忆棉+黄麻 护脊升级,1416.95,2008,平台加补后,https://detail.tmall.com/item.htm?b_s_f=sycm&b_spm=a21ag.29085015&id=829143171600
51,829143171600,铂马仕旗舰店,铂马仕弹簧床垫乳胶席梦思家用软垫双人卧室椰棕厚硬垫单人1.8米,1040.4,旗舰A 22cm【 三重加固迷你小弹簧】2cm乳胶 酒店柔睡,1416.95,2008,平台加补后,https://detail.tmall.com/item.htm?b_s_f=sycm&b_spm=a21ag.29085015&id=829143171600
51,829143171600,铂马仕旗舰店,铂马仕弹簧床垫乳胶席梦思家用软垫双人卧室椰棕厚硬垫单人1.8米,1040.4,旗舰B 24cm【 三重加固迷你小弹簧】2cm乳胶+黄麻 双面,1498.55,2118,平台加补后,https://detail.tmall.com/item.htm?b_s_f=sycm&b_spm=a21ag.29085015&id=829143171600
51,829143171600,铂马仕旗舰店,铂马仕弹簧床垫乳胶席梦思家用软垫双人卧室椰棕厚硬垫单人1.8米,1040.4,旗舰C 24cm(护脊)【三重加固迷你小弹簧】2cm乳胶+黄麻,1416.95,2008,平台加补后,https://detail.tmall.com/item.htm?b_s_f=sycm&b_spm=a21ag.29085015&id=829143171600
52,1046477892506,麻师傅家具旗舰店,麻师傅20cm厚独立弹簧床垫席梦思家用1.8m卧室含乳胶记忆棉软黄麻,780.3,偏硬A20cm=2cm黄麻+护脊精钢弹簧+华夫格面,780.3,1044,平台加补后,https://detail.tmall.com/item.htm?b_s_f=sycm&b_spm=a21ag.29085015&id=1046477892506
52,1046477892506,麻师傅家具旗舰店,麻师傅20cm厚独立弹簧床垫席梦思家用1.8m卧室含乳胶记忆棉软黄麻,780.3,适中B22cm=2cm记忆棉+2cm黄麻+护脊精钢弹簧+华夫格面,838.95,1122,平台加补后,https://detail.tmall.com/item.htm?b_s_f=sycm&b_spm=a21ag.29085015&id=1046477892506
52,1046477892506,麻师傅家具旗舰店,麻师傅20cm厚独立弹簧床垫席梦思家用1.8m卧室含乳胶记忆棉软黄麻,780.3,适中C22cm=2cm乳胶+2cm黄麻+护脊精钢弹簧+华夫格面,858.5,1148,平台加补后,https://detail.tmall.com/item.htm?b_s_f=sycm&b_spm=a21ag.29085015&id=1046477892506
52,1046477892506,麻师傅家具旗舰店,麻师傅20cm厚独立弹簧床垫席梦思家用1.8m卧室含乳胶记忆棉软黄麻,780.3,[升级]偏硬D20cm=2cm黄麻+928根加密独立袋弹簧+华夫格面 近期热销,897.6,1201,平台加补后,https://detail.tmall.com/item.htm?b_s_f=sycm&b_spm=a21ag.29085015&id=1046477892506
52,1046477892506,麻师傅家具旗舰店,麻师傅20cm厚独立弹簧床垫席梦思家用1.8m卧室含乳胶记忆棉软黄麻,780.3,[升级]适中E22cm=2cm记忆棉+2cm黄麻+928根加密独立袋弹簧+华夫格面,936.7,1253,平台加补后,https://detail.tmall.com/item.htm?b_s_f=sycm&b_spm=a21ag.29085015&id=1046477892506
52,1046477892506,麻师傅家具旗舰店,麻师傅20cm厚独立弹簧床垫席梦思家用1.8m卧室含乳胶记忆棉软黄麻,780.3,[升级]适中F22cm=2cm乳胶+2cm黄麻+928根加密独立袋弹簧+华夫格面,965.6,1292,平台加补后,https://detail.tmall.com/item.htm?b_s_f=sycm&b_spm=a21ag.29085015&id=1046477892506
53,800087983555,yarges悠梦思旗舰店,悠梦思乳胶薄款床垫8cm高箱床独立袋弹簧14cm席梦思黄麻榻榻米垫,697,迷你舒睡A款【独立弹簧】 适中≈10cm,697,978,平台加补后,https://detail.tmall.com/item.htm?b_s_f=sycm&b_spm=a21ag.29085015&id=800087983555
53,800087983555,yarges悠梦思旗舰店,悠梦思乳胶薄款床垫8cm高箱床独立袋弹簧14cm席梦思黄麻榻榻米垫,697,迷你舒睡B款【独立弹簧】 偏硬≈12cm,779.45,1088,平台加补后,https://detail.tmall.com/item.htm?b_s_f=sycm&b_spm=a21ag.29085015&id=800087983555
53,800087983555,yarges悠梦思旗舰店,悠梦思乳胶薄款床垫8cm高箱床独立袋弹簧14cm席梦思黄麻榻榻米垫,697,迷你升级A款【独立袋弹簧】 静音适中≈8cm 店长主推,876.35,1218,平台加补后,https://detail.tmall.com/item.htm?b_s_f=sycm&b_spm=a21ag.29085015&id=800087983555
53,800087983555,yarges悠梦思旗舰店,悠梦思乳胶薄款床垫8cm高箱床独立袋弹簧14cm席梦思黄麻榻榻米垫,697,迷你升级B款【独立袋弹簧】 静音稍软≈10cm,906.95,1258,平台加补后,https://detail.tmall.com/item.htm?b_s_f=sycm&b_spm=a21ag.29085015&id=800087983555
53,800087983555,yarges悠梦思旗舰店,悠梦思乳胶薄款床垫8cm高箱床独立袋弹簧14cm席梦思黄麻榻榻米垫,697,迷你升级Bpro款【3cm乳胶+独立袋弹簧】≈11cm,981.75,1358,平台加补后,https://detail.tmall.com/item.htm?b_s_f=sycm&b_spm=a21ag.29085015&id=800087983555
53,800087983555,yarges悠梦思旗舰店,悠梦思乳胶薄款床垫8cm高箱床独立袋弹簧14cm席梦思黄麻榻榻米垫,697,迷你升级C款【独立袋弹簧】 静音偏硬≈10cm,906.95,1258,平台加补后,https://detail.tmall.com/item.htm?b_s_f=sycm&b_spm=a21ag.29085015&id=800087983555
53,800087983555,yarges悠梦思旗舰店,悠梦思乳胶薄款床垫8cm高箱床独立袋弹簧14cm席梦思黄麻榻榻米垫,697,迷你升级Cpro款【3cm黄麻+独立袋弹簧】 静音偏硬≈11cm,981.75,1358,平台加补后,https://detail.tmall.com/item.htm?b_s_f=sycm&b_spm=a21ag.29085015&id=800087983555
53,800087983555,yarges悠梦思旗舰店,悠梦思乳胶薄款床垫8cm高箱床独立袋弹簧14cm席梦思黄麻榻榻米垫,697,迷你升级D款【独立袋弹簧 静音两用≈12cm,951.15,1318,平台加补后,https://detail.tmall.com/item.htm?b_s_f=sycm&b_spm=a21ag.29085015&id=800087983555
53,800087983555,yarges悠梦思旗舰店,悠梦思乳胶薄款床垫8cm高箱床独立袋弹簧14cm席梦思黄麻榻榻米垫,697,迷你升级E款【独立袋弹簧】 静音适中≈10cm,906.95,1258,平台加补后,https://detail.tmall.com/item.htm?b_s_f=sycm&b_spm=a21ag.29085015&id=800087983555
53,800087983555,yarges悠梦思旗舰店,悠梦思乳胶薄款床垫8cm高箱床独立袋弹簧14cm席梦思黄麻榻榻米垫,697,迷你升级Epro款【3cm记忆棉+独立袋弹簧】 静音适中≈11cm,981.75,1358,平台加补后,https://detail.tmall.com/item.htm?b_s_f=sycm&b_spm=a21ag.29085015&id=800087983555
53,800087983555,yarges悠梦思旗舰店,悠梦思乳胶薄款床垫8cm高箱床独立袋弹簧14cm席梦思黄麻榻榻米垫,697,迷你升级F款【独立袋弹簧】 静音两用≈12cm,951.15,1318,平台加补后,https://detail.tmall.com/item.htm?b_s_f=sycm&b_spm=a21ag.29085015&id=800087983555
54,692623573466,梦织葆家居品牌店,记忆棉盒子压缩席梦思弹簧乳胶床垫软垫家用卧室硬垫官方十大名牌,456,卷包压缩,456,587,平台加补后,https://detail.tmall.com/item.htm?b_s_f=sycm&b_spm=a21ag.29085015&id=692623573466
54,692623573466,梦织葆家居品牌店,记忆棉盒子压缩席梦思弹簧乳胶床垫软垫家用卧室硬垫官方十大名牌,456,A款20cm{贴合偏软}=天丝面料+贴合释压棉+防塌独立袋弹簧,504,642,平台加补后,https://detail.tmall.com/item.htm?b_s_f=sycm&b_spm=a21ag.29085015&id=692623573466
54,692623573466,梦织葆家居品牌店,记忆棉盒子压缩席梦思弹簧乳胶床垫软垫家用卧室硬垫官方十大名牌,456,B款21cm{护脊微硬}=天丝面料+贴合释压棉+1cm硬感支撑棉+防塌独立袋弹簧 近期热销,554,698,平台加补后,https://detail.tmall.com/item.htm?b_s_f=sycm&b_spm=a21ag.29085015&id=692623573466
54,692623573466,梦织葆家居品牌店,记忆棉盒子压缩席梦思弹簧乳胶床垫软垫家用卧室硬垫官方十大名牌,456,C款22cm{舒适适中}=天丝面料+贴合释压棉+2cm进口乳胶+防塌独立袋弹簧,592,742,平台加补后,https://detail.tmall.com/item.htm?b_s_f=sycm&b_spm=a21ag.29085015&id=692623573466
54,692623573466,梦织葆家居品牌店,记忆棉盒子压缩席梦思弹簧乳胶床垫软垫家用卧室硬垫官方十大名牌,456,D款22cm{零压适中}=天丝面料+贴合释压棉+2cm记忆棉+防塌独立袋弹簧,612,764,平台加补后,https://detail.tmall.com/item.htm?b_s_f=sycm&b_spm=a21ag.29085015&id=692623573466
54,692623573466,梦织葆家居品牌店,记忆棉盒子压缩席梦思弹簧乳胶床垫软垫家用卧室硬垫官方十大名牌,456,E款24cm{双面睡感}=天丝面料+释压棉+2cm进口乳胶+防塌独立袋弹簧+2cm硬感支撑棉,720,887,平台加补后,https://detail.tmall.com/item.htm?b_s_f=sycm&b_spm=a21ag.29085015&id=692623573466
54,692623573466,梦织葆家居品牌店,记忆棉盒子压缩席梦思弹簧乳胶床垫软垫家用卧室硬垫官方十大名牌,456,F款24cm{双面睡感=天丝面料+释压棉+2cm记忆棉+防塌独立袋弹簧+2cm硬感支撑棉,739,909,平台加补后,https://detail.tmall.com/item.htm?b_s_f=sycm&b_spm=a21ag.29085015&id=692623573466
54,692623573466,梦织葆家居品牌店,记忆棉盒子压缩席梦思弹簧乳胶床垫软垫家用卧室硬垫官方十大名牌,456,薄弹簧款12cm-14cm,456,587,平台加补后,https://detail.tmall.com/item.htm?b_s_f=sycm&b_spm=a21ag.29085015&id=692623573466
54,692623573466,梦织葆家居品牌店,记忆棉盒子压缩席梦思弹簧乳胶床垫软垫家用卧室硬垫官方十大名牌,456,薄弹簧A款12cm{护脊微硬}=天丝面料+贴合释压棉+2cm硬感支撑棉+防塌独立袋薄弹簧,504,642,平台加补后,https://detail.tmall.com/item.htm?b_s_f=sycm&b_spm=a21ag.29085015&id=692623573466
54,692623573466,梦织葆家居品牌店,记忆棉盒子压缩席梦思弹簧乳胶床垫软垫家用卧室硬垫官方十大名牌,456,薄弹簧B款12cm{舒适适中}=天丝面料+贴合释压棉+2cm泰国进口乳胶+防塌独立袋薄弹簧,544,687,平台加补后,https://detail.tmall.com/item.htm?b_s_f=sycm&b_spm=a21ag.29085015&id=692623573466
54,692623573466,梦织葆家居品牌店,记忆棉盒子压缩席梦思弹簧乳胶床垫软垫家用卧室硬垫官方十大名牌,456,薄弹簧C款12cm{零压适中}=天丝面料+贴合释压棉+2cm零压记忆棉+防塌独立袋薄弹簧,554,698,平台加补后,https://detail.tmall.com/item.htm?b_s_f=sycm&b_spm=a21ag.29085015&id=692623573466
54,692623573466,梦织葆家居品牌店,记忆棉盒子压缩席梦思弹簧乳胶床垫软垫家用卧室硬垫官方十大名牌,456,薄弹簧D款14cm{舒适适中}=天丝面料+贴合释压棉+2cm泰国进口乳胶+防塌独立袋薄弹簧,651,809,平台加补后,https://detail.tmall.com/item.htm?b_s_f=sycm&b_spm=a21ag.29085015&id=692623573466
54,692623573466,梦织葆家居品牌店,记忆棉盒子压缩席梦思弹簧乳胶床垫软垫家用卧室硬垫官方十大名牌,456,薄弹簧E款14cm{零压适中}=天丝面料+贴合释压棉+2cm零压记忆棉+防塌独立袋薄弹簧,671,831,平台加补后,https://detail.tmall.com/item.htm?b_s_f=sycm&b_spm=a21ag.29085015&id=692623573466
54,692623573466,梦织葆家居品牌店,记忆棉盒子压缩席梦思弹簧乳胶床垫软垫家用卧室硬垫官方十大名牌,456,偏硬睡感款（整张发货）,495,631,平台加补后,https://detail.tmall.com/item.htm?b_s_f=sycm&b_spm=a21ag.29085015&id=692623573466
54,692623573466,梦织葆家居品牌店,记忆棉盒子压缩席梦思弹簧乳胶床垫软垫家用卧室硬垫官方十大名牌,456,偏硬A款(护脊偏硬)：约22cm【天丝面料+2cm黄麻棕+精钢护脊弹簧】,622,776,平台加补后,https://detail.tmall.com/item.htm?b_s_f=sycm&b_spm=a21ag.29085015&id=692623573466
54,692623573466,梦织葆家居品牌店,记忆棉盒子压缩席梦思弹簧乳胶床垫软垫家用卧室硬垫官方十大名牌,456,偏硬B款(舒适微硬)：约23cm【天丝面料+1cm记忆棉+2cm黄麻棕+精钢护脊弹簧】,671,831,平台加补后,https://detail.tmall.com/item.htm?b_s_f=sycm&b_spm=a21ag.29085015&id=692623573466
54,692623573466,梦织葆家居品牌店,记忆棉盒子压缩席梦思弹簧乳胶床垫软垫家用卧室硬垫官方十大名牌,456,偏硬C款(双面睡感)：约24cm【天丝面料+2cm记忆棉+精钢护脊弹簧+2cm黄麻棕】,739,909,平台加补后,https://detail.tmall.com/item.htm?b_s_f=sycm&b_spm=a21ag.29085015&id=692623573466
54,692623573466,梦织葆家居品牌店,记忆棉盒子压缩席梦思弹簧乳胶床垫软垫家用卧室硬垫官方十大名牌,456,偏硬升级A款(护脊偏硬)：约22cm【天丝面料+2cm黄麻棕+防塌独立袋弹簧】,778,953,平台加补后,https://detail.tmall.com/item.htm?b_s_f=sycm&b_spm=a21ag.29085015&id=692623573466
54,692623573466,梦织葆家居品牌店,记忆棉盒子压缩席梦思弹簧乳胶床垫软垫家用卧室硬垫官方十大名牌,456,偏硬升级B款(舒适微硬)：约23cm【天丝面料+1cm记忆棉+2cm黄麻棕+防塌独立袋弹簧】,856,1042,平台加补后,https://detail.tmall.com/item.htm?b_s_f=sycm&b_spm=a21ag.29085015&id=692623573466
54,692623573466,梦织葆家居品牌店,记忆棉盒子压缩席梦思弹簧乳胶床垫软垫家用卧室硬垫官方十大名牌,456,偏硬升级C款(双面睡感)：约24cm【天丝面料+2cm记忆棉+防塌独立袋弹簧+2cm黄麻棕】,896,1087,平台加补后,https://detail.tmall.com/item.htm?b_s_f=sycm&b_spm=a21ag.29085015&id=692623573466
54,692623573466,梦织葆家居品牌店,记忆棉盒子压缩席梦思弹簧乳胶床垫软垫家用卧室硬垫官方十大名牌,456,偏硬高箱床(双面睡感)：约15cm【天丝面料+2cm记忆棉+防塌独立袋弹簧+2cm黄麻棕】,886,1076,平台加补后,https://detail.tmall.com/item.htm?b_s_f=sycm&b_spm=a21ag.29085015&id=692623573466
55,686760000635,睡眠骑士床垫企业店,睡眠骑士薄款弹簧床垫15cm软垫乳胶席梦思双面家用记忆棉椰棕硬垫,1229.1,五星G【2cm乳胶+五星专利弹簧】9cm适中,1236.75,1858,平台加补后,https://detail.tmall.com/item.htm?b_s_f=sycm&b_spm=a21ag.29085015&id=686760000635
55,686760000635,睡眠骑士床垫企业店,睡眠骑士薄款弹簧床垫15cm软垫乳胶席梦思双面家用记忆棉椰棕硬垫,1229.1,五星H【2cm乳胶+五星专利弹簧】11cm双面,1296.25,1938,平台加补后,https://detail.tmall.com/item.htm?b_s_f=sycm&b_spm=a21ag.29085015&id=686760000635
55,686760000635,睡眠骑士床垫企业店,睡眠骑士薄款弹簧床垫15cm软垫乳胶席梦思双面家用记忆棉椰棕硬垫,1229.1,五星A【3cm乳胶+五星专利弹簧】10cm适中 店长主推,1379.55,2118,平台加补后,https://detail.tmall.com/item.htm?b_s_f=sycm&b_spm=a21ag.29085015&id=686760000635
55,686760000635,睡眠骑士床垫企业店,睡眠骑士薄款弹簧床垫15cm软垫乳胶席梦思双面家用记忆棉椰棕硬垫,1229.1,五星B【3cm乳胶+五星专利弹簧】12cm双面,1469.65,2238,平台加补后,https://detail.tmall.com/item.htm?b_s_f=sycm&b_spm=a21ag.29085015&id=686760000635
55,686760000635,睡眠骑士床垫企业店,睡眠骑士薄款弹簧床垫15cm软垫乳胶席梦思双面家用记忆棉椰棕硬垫,1229.1,豪华C【5cm乳胶+五星专利弹簧】12cm柔软,1522.35,2308,平台加补后,https://detail.tmall.com/item.htm?b_s_f=sycm&b_spm=a21ag.29085015&id=686760000635
55,686760000635,睡眠骑士床垫企业店,睡眠骑士薄款弹簧床垫15cm软垫乳胶席梦思双面家用记忆棉椰棕硬垫,1229.1,豪华D【5cm乳胶+五星专利弹簧】15cm双面,1603.95,2418,平台加补后,https://detail.tmall.com/item.htm?b_s_f=sycm&b_spm=a21ag.29085015&id=686760000635
55,686760000635,睡眠骑士床垫企业店,睡眠骑士薄款弹簧床垫15cm软垫乳胶席梦思双面家用记忆棉椰棕硬垫,1229.1,总统E【2cm记忆棉+5cm乳胶+五星专利弹簧】15cm超软,1701.7,2548,平台加补后,https://detail.tmall.com/item.htm?b_s_f=sycm&b_spm=a21ag.29085015&id=686760000635
55,686760000635,睡眠骑士床垫企业店,睡眠骑士薄款弹簧床垫15cm软垫乳胶席梦思双面家用记忆棉椰棕硬垫,1229.1,总统F【2cm记忆棉+5cm乳胶+五星专利弹簧】17cm双面,1798.6,2678,平台加补后,https://detail.tmall.com/item.htm?b_s_f=sycm&b_spm=a21ag.29085015&id=686760000635
55,686760000635,睡眠骑士床垫企业店,睡眠骑士薄款弹簧床垫15cm软垫乳胶席梦思双面家用记忆棉椰棕硬垫,1229.1,护脊J【2cm黄麻+五星专利弹簧】10cm偏硬,1229.1,1848,平台加补后,https://detail.tmall.com/item.htm?b_s_f=sycm&b_spm=a21ag.29085015&id=686760000635
55,686760000635,睡眠骑士床垫企业店,睡眠骑士薄款弹簧床垫15cm软垫乳胶席梦思双面家用记忆棉椰棕硬垫,1229.1,护脊K【乳胶+2cm黄麻+五星专利弹簧】11cm中硬,1326,1978,平台加补后,https://detail.tmall.com/item.htm?b_s_f=sycm&b_spm=a21ag.29085015&id=686760000635
56,623410616784,moonlightfamily旗舰店,月光之家五星级酒店床垫家庭用迷你独立弹簧高档双人席梦思1.8米,2588.25,A款:24cm厚【3180迷你弹簧】2cm天然乳胶+小蓝垫,2588.25,3802,平台加补后,https://detail.tmall.com/item.htm?b_s_f=sycm&b_spm=a21ag.29085015&id=623410616784
56,623410616784,moonlightfamily旗舰店,月光之家五星级酒店床垫家庭用迷你独立弹簧高档双人席梦思1.8米,2588.25,B款:24cm厚【3180迷你弹簧】2cm凝胶记忆棉+小蓝垫 店长主推,2588.25,3802,平台加补后,https://detail.tmall.com/item.htm?b_s_f=sycm&b_spm=a21ag.29085015&id=623410616784
56,623410616784,moonlightfamily旗舰店,月光之家五星级酒店床垫家庭用迷你独立弹簧高档双人席梦思1.8米,2588.25,C款:24cm厚【3180迷你弹簧】2cm天然乳胶+2cm黄麻,2588.25,3802,平台加补后,https://detail.tmall.com/item.htm?b_s_f=sycm&b_spm=a21ag.29085015&id=623410616784
56,623410616784,moonlightfamily旗舰店,月光之家五星级酒店床垫家庭用迷你独立弹簧高档双人席梦思1.8米,2588.25,D款:24cm厚【3180迷你弹簧】2cm凝胶记忆棉+2cm黄麻,2588.25,3802,平台加补后,https://detail.tmall.com/item.htm?b_s_f=sycm&b_spm=a21ag.29085015&id=623410616784
56,623410616784,moonlightfamily旗舰店,月光之家五星级酒店床垫家庭用迷你独立弹簧高档双人席梦思1.8米,2588.25,E款:24cm厚【3180迷你弹簧】2cm天然乳胶+2cm4D空气纤维,2588.25,3802,平台加补后,https://detail.tmall.com/item.htm?b_s_f=sycm&b_spm=a21ag.29085015&id=623410616784
56,623410616784,moonlightfamily旗舰店,月光之家五星级酒店床垫家庭用迷你独立弹簧高档双人席梦思1.8米,2588.25,F款:24cm厚【3180迷你弹簧】2cm凝胶记忆棉+2cm4D空气纤维,2588.25,3802,平台加补后,https://detail.tmall.com/item.htm?b_s_f=sycm&b_spm=a21ag.29085015&id=623410616784
56,623410616784,moonlightfamily旗舰店,月光之家五星级酒店床垫家庭用迷你独立弹簧高档双人席梦思1.8米,2588.25,G款:28cm厚【3180迷你弹簧】2cm凝胶记忆棉+2cm天然乳胶+2cm黄麻,2788.85,4183,平台加补后,https://detail.tmall.com/item.htm?b_s_f=sycm&b_spm=a21ag.29085015&id=623410616784
56,623410616784,moonlightfamily旗舰店,月光之家五星级酒店床垫家庭用迷你独立弹簧高档双人席梦思1.8米,2588.25,H款:28cm厚【3180迷你弹簧】3cm凝胶记忆棉+3cm月光簧上簧+2cm天然乳胶 近期热销,2888.3,4317,平台加补后,https://detail.tmall.com/item.htm?b_s_f=sycm&b_spm=a21ag.29085015&id=623410616784
57,714909821260,铂马仕旗舰店,铂马仕10cm厚乳胶床垫独立袋薄弹簧床垫硬15公分软垫席梦思高箱床,912.05,政府补贴15% 名额有限,912.05,1288,平台加补后,https://detail.tmall.com/item.htm?b_s_f=sycm&b_spm=a21ag.29085015&id=714909821260
57,714909821260,铂马仕旗舰店,铂马仕10cm厚乳胶床垫独立袋薄弹簧床垫硬15公分软垫席梦思高箱床,912.05,天际白A款【舒适护脊】10CM=2CM乳胶+防塌专利薄弹簧,1008.95,1418,平台加补后,https://detail.tmall.com/item.htm?b_s_f=sycm&b_spm=a21ag.29085015&id=714909821260
57,714909821260,铂马仕旗舰店,铂马仕10cm厚乳胶床垫独立袋薄弹簧床垫硬15公分软垫席梦思高箱床,912.05,天际白B款【双面】12CM=2CM乳胶+防塌专利薄弹簧+护脊黄麻,1095.65,1568,平台加补后,https://detail.tmall.com/item.htm?b_s_f=sycm&b_spm=a21ag.29085015&id=714909821260
57,714909821260,铂马仕旗舰店,铂马仕10cm厚乳胶床垫独立袋薄弹簧床垫硬15公分软垫席梦思高箱床,912.05,天际白C款【护脊升级】11CM=3CM乳胶+防塌专利薄弹簧,1065.9,1528,平台加补后,https://detail.tmall.com/item.htm?b_s_f=sycm&b_spm=a21ag.29085015&id=714909821260
57,714909821260,铂马仕旗舰店,铂马仕10cm厚乳胶床垫独立袋薄弹簧床垫硬15公分软垫席梦思高箱床,912.05,天际白D款【双面】13CM=3CM乳胶+防塌专利薄弹簧+护脊黄麻 店长主推,1140.7,1628,平台加补后,https://detail.tmall.com/item.htm?b_s_f=sycm&b_spm=a21ag.29085015&id=714909821260
57,714909821260,铂马仕旗舰店,铂马仕10cm厚乳胶床垫独立袋薄弹簧床垫硬15公分软垫席梦思高箱床,912.05,天际白E款【护脊豪华】12CM=2CM乳胶+2CM 3D透气+防塌专利薄弹簧,1170.45,1668,平台加补后,https://detail.tmall.com/item.htm?b_s_f=sycm&b_spm=a21ag.29085015&id=714909821260
57,714909821260,铂马仕旗舰店,铂马仕10cm厚乳胶床垫独立袋薄弹簧床垫硬15公分软垫席梦思高箱床,912.05,天际白F款【偏硬护脊】11CM=3CM 护脊S黄麻+防塌专利薄弹簧,1170.45,1668,平台加补后,https://detail.tmall.com/item.htm?b_s_f=sycm&b_spm=a21ag.29085015&id=714909821260
57,714909821260,铂马仕旗舰店,铂马仕10cm厚乳胶床垫独立袋薄弹簧床垫硬15公分软垫席梦思高箱床,912.05,天际白G款【酒店睡感】13CM=5CM乳胶+防塌专利薄弹簧,1260.55,1788,平台加补后,https://detail.tmall.com/item.htm?b_s_f=sycm&b_spm=a21ag.29085015&id=714909821260
57,714909821260,铂马仕旗舰店,铂马仕10cm厚乳胶床垫独立袋薄弹簧床垫硬15公分软垫席梦思高箱床,912.05,天际白H款【热销】15CM=5CM乳胶+防塌专利弹簧+黄麻 双面,1335.35,1888,平台加补后,https://detail.tmall.com/item.htm?b_s_f=sycm&b_spm=a21ag.29085015&id=714909821260
57,714909821260,铂马仕旗舰店,铂马仕10cm厚乳胶床垫独立袋薄弹簧床垫硬15公分软垫席梦思高箱床,912.05,天际白J款【超强护脊】10CM=2CM护脊黄麻+防塌专利独立袋薄弹簧,986.85,1388,平台加补后,https://detail.tmall.com/item.htm?b_s_f=sycm&b_spm=a21ag.29085015&id=714909821260
57,714909821260,铂马仕旗舰店,铂马仕10cm厚乳胶床垫独立袋薄弹簧床垫硬15公分软垫席梦思高箱床,912.05,弹簧20年不塌陷 坚固耐用,986.85,1388,平台加补后,https://detail.tmall.com/item.htm?b_s_f=sycm&b_spm=a21ag.29085015&id=714909821260
57,714909821260,铂马仕旗舰店,铂马仕10cm厚乳胶床垫独立袋薄弹簧床垫硬15公分软垫席梦思高箱床,912.05,深空灰A款【舒适护脊】10CM=2CM乳胶+防塌专利薄弹簧,1008.95,1418,平台加补后,https://detail.tmall.com/item.htm?b_s_f=sycm&b_spm=a21ag.29085015&id=714909821260
57,714909821260,铂马仕旗舰店,铂马仕10cm厚乳胶床垫独立袋薄弹簧床垫硬15公分软垫席梦思高箱床,912.05,深空灰B款【双面】12CM=2CM乳胶+防塌专利薄弹簧+护脊黄麻,1095.65,1568,平台加补后,https://detail.tmall.com/item.htm?b_s_f=sycm&b_spm=a21ag.29085015&id=714909821260
57,714909821260,铂马仕旗舰店,铂马仕10cm厚乳胶床垫独立袋薄弹簧床垫硬15公分软垫席梦思高箱床,912.05,深空灰C款【护脊升级】11CM=3CM乳胶+防塌专利薄弹簧,1065.9,1528,平台加补后,https://detail.tmall.com/item.htm?b_s_f=sycm&b_spm=a21ag.29085015&id=714909821260
57,714909821260,铂马仕旗舰店,铂马仕10cm厚乳胶床垫独立袋薄弹簧床垫硬15公分软垫席梦思高箱床,912.05,深空灰D款【双面】13CM=3CM乳胶+防塌专利薄弹簧+护脊黄麻,1140.7,1628,平台加补后,https://detail.tmall.com/item.htm?b_s_f=sycm&b_spm=a21ag.29085015&id=714909821260
57,714909821260,铂马仕旗舰店,铂马仕10cm厚乳胶床垫独立袋薄弹簧床垫硬15公分软垫席梦思高箱床,912.05,深空灰E款【护脊豪华】12CM=2CM乳胶+2CM 3D透气+防塌专利薄弹簧,1170.45,1668,平台加补后,https://detail.tmall.com/item.htm?b_s_f=sycm&b_spm=a21ag.29085015&id=714909821260
57,714909821260,铂马仕旗舰店,铂马仕10cm厚乳胶床垫独立袋薄弹簧床垫硬15公分软垫席梦思高箱床,912.05,深空灰F款【偏硬护脊】11CM=3CM 护脊S黄麻+防塌专利薄弹簧,1170.45,1668,平台加补后,https://detail.tmall.com/item.htm?b_s_f=sycm&b_spm=a21ag.29085015&id=714909821260
57,714909821260,铂马仕旗舰店,铂马仕10cm厚乳胶床垫独立袋薄弹簧床垫硬15公分软垫席梦思高箱床,912.05,深空灰G款【酒店睡感】13CM=5CM乳胶+防塌专利薄弹簧,1260.55,1788,平台加补后,https://detail.tmall.com/item.htm?b_s_f=sycm&b_spm=a21ag.29085015&id=714909821260
57,714909821260,铂马仕旗舰店,铂马仕10cm厚乳胶床垫独立袋薄弹簧床垫硬15公分软垫席梦思高箱床,912.05,深空灰H款【热销】15CM=5CM乳胶+防塌专利弹簧+黄麻 双面,1335.35,1888,平台加补后,https://detail.tmall.com/item.htm?b_s_f=sycm&b_spm=a21ag.29085015&id=714909821260
57,714909821260,铂马仕旗舰店,铂马仕10cm厚乳胶床垫独立袋薄弹簧床垫硬15公分软垫席梦思高箱床,912.05,深空灰J款【超强护脊】10CM=2CM护脊黄麻+防塌专利独立袋薄弹簧,986.85,1388,平台加补后,https://detail.tmall.com/item.htm?b_s_f=sycm&b_spm=a21ag.29085015&id=714909821260
58,692763933781,CEFALU旗舰店,【国补】压缩卷包独立袋弹簧记忆棉席梦思乳胶20cm护脊厚床垫,1003,舒适A20cm丨四边硬海绵加固【2cm高密海绵】,1003,1398,平台加补后,https://detail.tmall.com/item.htm?b_s_f=sycm&b_spm=a21ag.29085015&id=692763933781
58,692763933781,CEFALU旗舰店,【国补】压缩卷包独立袋弹簧记忆棉席梦思乳胶20cm护脊厚床垫,1003,舒适B22cm丨四边硬海绵加固【2cm乳胶+2cm高密海绵】,1077.8,1498,平台加补后,https://detail.tmall.com/item.htm?b_s_f=sycm&b_spm=a21ag.29085015&id=692763933781
58,692763933781,CEFALU旗舰店,【国补】压缩卷包独立袋弹簧记忆棉席梦思乳胶20cm护脊厚床垫,1003,舒适C24cm丨四边硬海绵加固【2cm乳胶+2cm高密海绵+2cm护脊有氧棉】,1152.6,1598,平台加补后,https://detail.tmall.com/item.htm?b_s_f=sycm&b_spm=a21ag.29085015&id=692763933781
58,692763933781,CEFALU旗舰店,【国补】压缩卷包独立袋弹簧记忆棉席梦思乳胶20cm护脊厚床垫,1003,舒适D26cm丨四边硬海绵加固【2cm乳胶+2cm记忆棉+2cm高密海绵+2cm护脊有氧棉】,1227.4,1698,平台加补后,https://detail.tmall.com/item.htm?b_s_f=sycm&b_spm=a21ag.29085015&id=692763933781
58,692763933781,CEFALU旗舰店,【国补】压缩卷包独立袋弹簧记忆棉席梦思乳胶20cm护脊厚床垫,1003,舒适E30cm丨四边硬海绵加固【2cm乳胶+2cm记忆棉+2cm高密海绵+5cm按摩海绵】,1377,1898,平台加补后,https://detail.tmall.com/item.htm?b_s_f=sycm&b_spm=a21ag.29085015&id=692763933781
58,692763933781,CEFALU旗舰店,【国补】压缩卷包独立袋弹簧记忆棉席梦思乳胶20cm护脊厚床垫,1003,护脊A20cm丨四边硬海绵加固【2cm3D空气纤维】 近期热销,1003,1398,平台加补后,https://detail.tmall.com/item.htm?b_s_f=sycm&b_spm=a21ag.29085015&id=692763933781
58,692763933781,CEFALU旗舰店,【国补】压缩卷包独立袋弹簧记忆棉席梦思乳胶20cm护脊厚床垫,1003,护脊B22cm丨四边硬海绵加固【2cm3D空气纤维+2cm记忆棉】,1077.8,1498,平台加补后,https://detail.tmall.com/item.htm?b_s_f=sycm&b_spm=a21ag.29085015&id=692763933781
58,692763933781,CEFALU旗舰店,【国补】压缩卷包独立袋弹簧记忆棉席梦思乳胶20cm护脊厚床垫,1003,护脊C24cm丨四边硬海绵加固【2cm3D空气纤维+2cm记忆棉+2cm高密海绵】,1152.6,1598,平台加补后,https://detail.tmall.com/item.htm?b_s_f=sycm&b_spm=a21ag.29085015&id=692763933781
58,692763933781,CEFALU旗舰店,【国补】压缩卷包独立袋弹簧记忆棉席梦思乳胶20cm护脊厚床垫,1003,护脊D26cm丨四边硬海绵加固【2cm3D空气纤维+4cm记忆棉+2cm高密海绵】,1227.4,1698,平台加补后,https://detail.tmall.com/item.htm?b_s_f=sycm&b_spm=a21ag.29085015&id=692763933781
58,692763933781,CEFALU旗舰店,【国补】压缩卷包独立袋弹簧记忆棉席梦思乳胶20cm护脊厚床垫,1003,护脊E30cm丨四边硬海绵加固【2cm3D空气纤维+2cm记忆棉+2cm乳胶+5cm按摩海绵】,1377,1898,平台加补后,https://detail.tmall.com/item.htm?b_s_f=sycm&b_spm=a21ag.29085015&id=692763933781
59,979681631360,睡眠骑士床垫企业店,睡眠骑士自在可调节全拆床垫独立袋弹簧1.8米0胶水家用卧室软垫子,1634.55,【全拆式】软硬度可调节↓↓,1634.55,2458,平台加补后,https://detail.tmall.com/item.htm?b_s_f=sycm&b_spm=a21ag.29085015&id=979681631360
59,979681631360,睡眠骑士床垫企业店,睡眠骑士自在可调节全拆床垫独立袋弹簧1.8米0胶水家用卧室软垫子,1634.55,护脊A全拆0胶23cm【硬核护脊】3016迷你弹簧 店长主推,1858.95,2758,平台加补后,https://detail.tmall.com/item.htm?b_s_f=sycm&b_spm=a21ag.29085015&id=979681631360
59,979681631360,睡眠骑士床垫企业店,睡眠骑士自在可调节全拆床垫独立袋弹簧1.8米0胶水家用卧室软垫子,1634.55,护脊B全拆0胶24cm【舒适护脊】3016迷你弹簧,2008.55,2958,平台加补后,https://detail.tmall.com/item.htm?b_s_f=sycm&b_spm=a21ag.29085015&id=979681631360
59,979681631360,睡眠骑士床垫企业店,睡眠骑士自在可调节全拆床垫独立袋弹簧1.8米0胶水家用卧室软垫子,1634.55,透气A全拆0胶23cm【清爽不闷汗】3016迷你弹簧,1933.75,2858,平台加补后,https://detail.tmall.com/item.htm?b_s_f=sycm&b_spm=a21ag.29085015&id=979681631360
59,979681631360,睡眠骑士床垫企业店,睡眠骑士自在可调节全拆床垫独立袋弹簧1.8米0胶水家用卧室软垫子,1634.55,透气B全拆0胶24cm【贴合不闷汗】3016迷你弹簧,1981.35,3058,平台加补后,https://detail.tmall.com/item.htm?b_s_f=sycm&b_spm=a21ag.29085015&id=979681631360
59,979681631360,睡眠骑士床垫企业店,睡眠骑士自在可调节全拆床垫独立袋弹簧1.8米0胶水家用卧室软垫子,1634.55,豪华A全拆0胶26cm【贴合释压-护脊】3016迷你弹簧,2011.1,3098,平台加补后,https://detail.tmall.com/item.htm?b_s_f=sycm&b_spm=a21ag.29085015&id=979681631360
59,979681631360,睡眠骑士床垫企业店,睡眠骑士自在可调节全拆床垫独立袋弹簧1.8米0胶水家用卧室软垫子,1634.55,豪华B全拆0胶26cm【贴合释压-透气】3016迷你弹簧 近期热销,2085.9,3198,平台加补后,https://detail.tmall.com/item.htm?b_s_f=sycm&b_spm=a21ag.29085015&id=979681631360
59,979681631360,睡眠骑士床垫企业店,睡眠骑士自在可调节全拆床垫独立袋弹簧1.8米0胶水家用卧室软垫子,1634.55,豪华C全拆0胶28cm【贴合释压-深睡】3016迷你弹簧,2160.7,3298,平台加补后,https://detail.tmall.com/item.htm?b_s_f=sycm&b_spm=a21ag.29085015&id=979681631360
59,979681631360,睡眠骑士床垫企业店,睡眠骑士自在可调节全拆床垫独立袋弹簧1.8米0胶水家用卧室软垫子,1634.55,【一体式】不可拆卸/经典简洁↓↓,1634.55,2458,平台加补后,https://detail.tmall.com/item.htm?b_s_f=sycm&b_spm=a21ag.29085015&id=979681631360
59,979681631360,睡眠骑士床垫企业店,睡眠骑士自在可调节全拆床垫独立袋弹簧1.8米0胶水家用卧室软垫子,1634.55,护脊A一体式23cm【硬核护脊】3016迷你弹簧,1634.55,2458,平台加补后,https://detail.tmall.com/item.htm?b_s_f=sycm&b_spm=a21ag.29085015&id=979681631360
59,979681631360,睡眠骑士床垫企业店,睡眠骑士自在可调节全拆床垫独立袋弹簧1.8米0胶水家用卧室软垫子,1634.55,护脊B一体式24cm【舒适护脊】3016迷你弹簧,1784.15,2658,平台加补后,https://detail.tmall.com/item.htm?b_s_f=sycm&b_spm=a21ag.29085015&id=979681631360
59,979681631360,睡眠骑士床垫企业店,睡眠骑士自在可调节全拆床垫独立袋弹簧1.8米0胶水家用卧室软垫子,1634.55,透气A一体式23cm【清爽不闷汗】3016迷你弹簧,1709.35,2558,平台加补后,https://detail.tmall.com/item.htm?b_s_f=sycm&b_spm=a21ag.29085015&id=979681631360
59,979681631360,睡眠骑士床垫企业店,睡眠骑士自在可调节全拆床垫独立袋弹簧1.8米0胶水家用卧室软垫子,1634.55,透气B一体式24cm【贴合不闷汗】3016迷你弹簧,1858.95,2758,平台加补后,https://detail.tmall.com/item.htm?b_s_f=sycm&b_spm=a21ag.29085015&id=979681631360
59,979681631360,睡眠骑士床垫企业店,睡眠骑士自在可调节全拆床垫独立袋弹簧1.8米0胶水家用卧室软垫子,1634.55,豪华A一体式26cm【贴合释压-护脊】3016迷你弹簧,1888.7,2798,平台加补后,https://detail.tmall.com/item.htm?b_s_f=sycm&b_spm=a21ag.29085015&id=979681631360
59,979681631360,睡眠骑士床垫企业店,睡眠骑士自在可调节全拆床垫独立袋弹簧1.8米0胶水家用卧室软垫子,1634.55,豪华B一体式26cm【贴合释压-透气】3016迷你弹簧,1963.5,2898,平台加补后,https://detail.tmall.com/item.htm?b_s_f=sycm&b_spm=a21ag.29085015&id=979681631360
59,979681631360,睡眠骑士床垫企业店,睡眠骑士自在可调节全拆床垫独立袋弹簧1.8米0胶水家用卧室软垫子,1634.55,豪华C一体式28cm【贴合释压-深睡】3016迷你弹簧,2038.3,2998,平台加补后,https://detail.tmall.com/item.htm?b_s_f=sycm&b_spm=a21ag.29085015&id=979681631360
60,965421153017,麻师傅家具旗舰店,麻师傅独立弹簧床垫20cm厚护脊硬黄麻含乳胶记忆棉席梦思十大名牌,917.15,A20cm偏硬【2cm黄麻+928根加密小袋簧】,917.15,1227,平台加补后,https://detail.tmall.com/item.htm?b_s_f=sycm&b_spm=a21ag.29085015&id=965421153017
60,965421153017,麻师傅家具旗舰店,麻师傅独立弹簧床垫20cm厚护脊硬黄麻含乳胶记忆棉席梦思十大名牌,917.15,B22cm偏硬【2cm3D+2cm黄麻+928根加密小袋簧】 近期热销,1014.9,1357,平台加补后,https://detail.tmall.com/item.htm?b_s_f=sycm&b_spm=a21ag.29085015&id=965421153017
60,965421153017,麻师傅家具旗舰店,麻师傅独立弹簧床垫20cm厚护脊硬黄麻含乳胶记忆棉席梦思十大名牌,917.15,C22cm偏硬【3cm黄麻+928根加密小袋簧】,975.8,1305,平台加补后,https://detail.tmall.com/item.htm?b_s_f=sycm&b_spm=a21ag.29085015&id=965421153017
60,965421153017,麻师傅家具旗舰店,麻师傅独立弹簧床垫20cm厚护脊硬黄麻含乳胶记忆棉席梦思十大名牌,917.15,D24cm偏硬【3cm黄麻+928根加密小袋簧】,975.8,1305,平台加补后,https://detail.tmall.com/item.htm?b_s_f=sycm&b_spm=a21ag.29085015&id=965421153017
60,965421153017,麻师傅家具旗舰店,麻师傅独立弹簧床垫20cm厚护脊硬黄麻含乳胶记忆棉席梦思十大名牌,917.15,E24cm适中【3cm记忆棉+928根加密小袋簧】,1004.7,1344,平台加补后,https://detail.tmall.com/item.htm?b_s_f=sycm&b_spm=a21ag.29085015&id=965421153017
60,965421153017,麻师傅家具旗舰店,麻师傅独立弹簧床垫20cm厚护脊硬黄麻含乳胶记忆棉席梦思十大名牌,917.15,F26cm适中【2cm乳胶+3cm黄麻+928根加密小袋簧】,1073.55,1436,平台加补后,https://detail.tmall.com/item.htm?b_s_f=sycm&b_spm=a21ag.29085015&id=965421153017
60,965421153017,麻师傅家具旗舰店,麻师傅独立弹簧床垫20cm厚护脊硬黄麻含乳胶记忆棉席梦思十大名牌,917.15,G26cm适中【2cm记忆棉+3cm黄麻+928根加密小袋簧】,1112.65,1488,平台加补后,https://detail.tmall.com/item.htm?b_s_f=sycm&b_spm=a21ag.29085015&id=965421153017
60,965421153017,麻师傅家具旗舰店,麻师傅独立弹簧床垫20cm厚护脊硬黄麻含乳胶记忆棉席梦思十大名牌,917.15,H26cm适中【2cm3D+3cm黄麻+928根加密小袋簧】,1112.65,1488,平台加补后,https://detail.tmall.com/item.htm?b_s_f=sycm&b_spm=a21ag.29085015&id=965421153017
61,994995979658,麻师傅家具旗舰店,麻师傅天然S形黄麻薄床垫10cm厚全拆加硬护腰脊儿童老人家用椰棕,574.6,折叠V6cm偏硬=3cm专利双S形精细黄麻+针织面料,574.6,769,平台加补后,https://detail.tmall.com/item.htm?b_s_f=sycm&b_spm=a21ag.29085015&id=994995979658
61,994995979658,麻师傅家具旗舰店,麻师傅天然S形黄麻薄床垫10cm厚全拆加硬护腰脊儿童老人家用椰棕,574.6,折叠V8cm偏硬=5cm专利双S形精细黄麻+针织面料,711.45,952,平台加补后,https://detail.tmall.com/item.htm?b_s_f=sycm&b_spm=a21ag.29085015&id=994995979658
61,994995979658,麻师傅家具旗舰店,麻师傅天然S形黄麻薄床垫10cm厚全拆加硬护腰脊儿童老人家用椰棕,574.6,折叠V10cm偏硬=7cm专利双S形精细黄麻+针织面料,838.95,1122,平台加补后,https://detail.tmall.com/item.htm?b_s_f=sycm&b_spm=a21ag.29085015&id=994995979658
61,994995979658,麻师傅家具旗舰店,麻师傅天然S形黄麻薄床垫10cm厚全拆加硬护腰脊儿童老人家用椰棕,574.6,折叠V12cm偏硬=10cm专利双S形精细黄麻+针织面料,985.15,1318,平台加补后,https://detail.tmall.com/item.htm?b_s_f=sycm&b_spm=a21ag.29085015&id=994995979658
61,994995979658,麻师傅家具旗舰店,麻师傅天然S形黄麻薄床垫10cm厚全拆加硬护腰脊儿童老人家用椰棕,574.6,全拆A款单层黄麻,1166.2,1560,平台加补后,https://detail.tmall.com/item.htm?b_s_f=sycm&b_spm=a21ag.29085015&id=994995979658
61,994995979658,麻师傅家具旗舰店,麻师傅天然S形黄麻薄床垫10cm厚全拆加硬护腰脊儿童老人家用椰棕,574.6,全拆A6cm偏硬=3cm专利双S形精细黄麻+针织面料,613.7,821,平台加补后,https://detail.tmall.com/item.htm?b_s_f=sycm&b_spm=a21ag.29085015&id=994995979658
61,994995979658,麻师傅家具旗舰店,麻师傅天然S形黄麻薄床垫10cm厚全拆加硬护腰脊儿童老人家用椰棕,574.6,全拆A8cm偏硬=5cm专利双S形精细黄麻+针织面料,750.55,1004,平台加补后,https://detail.tmall.com/item.htm?b_s_f=sycm&b_spm=a21ag.29085015&id=994995979658
61,994995979658,麻师傅家具旗舰店,麻师傅天然S形黄麻薄床垫10cm厚全拆加硬护腰脊儿童老人家用椰棕,574.6,全拆A10cm偏硬=7cm专利双S形精细黄麻+针织面料,878.05,1174,平台加补后,https://detail.tmall.com/item.htm?b_s_f=sycm&b_spm=a21ag.29085015&id=994995979658
61,994995979658,麻师傅家具旗舰店,麻师傅天然S形黄麻薄床垫10cm厚全拆加硬护腰脊儿童老人家用椰棕,574.6,全拆A12cm偏硬=10cm专利双S形精细黄麻+针织面料 近期热销,1014.9,1357,平台加补后,https://detail.tmall.com/item.htm?b_s_f=sycm&b_spm=a21ag.29085015&id=994995979658
61,994995979658,麻师傅家具旗舰店,麻师傅天然S形黄麻薄床垫10cm厚全拆加硬护腰脊儿童老人家用椰棕,574.6,全拆B款乳胶舒适层,1166.2,1560,平台加补后,https://detail.tmall.com/item.htm?b_s_f=sycm&b_spm=a21ag.29085015&id=994995979658
61,994995979658,麻师傅家具旗舰店,麻师傅天然S形黄麻薄床垫10cm厚全拆加硬护腰脊儿童老人家用椰棕,574.6,全拆B8cm适中=2cm乳胶+3cm专利双S形精细黄麻+针织面料,848.3,1135,平台加补后,https://detail.tmall.com/item.htm?b_s_f=sycm&b_spm=a21ag.29085015&id=994995979658
61,994995979658,麻师傅家具旗舰店,麻师傅天然S形黄麻薄床垫10cm厚全拆加硬护腰脊儿童老人家用椰棕,574.6,全拆B10cm适中=2cm乳胶+5cm专利双S形精细黄麻+针织面料,985.15,1318,平台加补后,https://detail.tmall.com/item.htm?b_s_f=sycm&b_spm=a21ag.29085015&id=994995979658
61,994995979658,麻师傅家具旗舰店,麻师傅天然S形黄麻薄床垫10cm厚全拆加硬护腰脊儿童老人家用椰棕,574.6,全拆B12cm适中=2cm乳胶+7cm专利双S形精细黄麻+针织面料,1141.55,1527,平台加补后,https://detail.tmall.com/item.htm?b_s_f=sycm&b_spm=a21ag.29085015&id=994995979658
61,994995979658,麻师傅家具旗舰店,麻师傅天然S形黄麻薄床垫10cm厚全拆加硬护腰脊儿童老人家用椰棕,574.6,全拆B15cm适中=2cm乳胶+10cm专利双S形精细黄麻+针织面料,1386.35,1854,平台加补后,https://detail.tmall.com/item.htm?b_s_f=sycm&b_spm=a21ag.29085015&id=994995979658
61,994995979658,麻师傅家具旗舰店,麻师傅天然S形黄麻薄床垫10cm厚全拆加硬护腰脊儿童老人家用椰棕,574.6,全拆B20cm适中=2cm乳胶+15cm专利双S形精细黄麻+针织面料,1679.6,2246,平台加补后,https://detail.tmall.com/item.htm?b_s_f=sycm&b_spm=a21ag.29085015&id=994995979658
61,994995979658,麻师傅家具旗舰店,麻师傅天然S形黄麻薄床垫10cm厚全拆加硬护腰脊儿童老人家用椰棕,574.6,全拆C款3D舒适层,1166.2,1560,平台加补后,https://detail.tmall.com/item.htm?b_s_f=sycm&b_spm=a21ag.29085015&id=994995979658
61,994995979658,麻师傅家具旗舰店,麻师傅天然S形黄麻薄床垫10cm厚全拆加硬护腰脊儿童老人家用椰棕,574.6,全拆C8cm硬弹=2cm3D+3cm专利双S形精细黄麻+针织面料,848.3,1135,平台加补后,https://detail.tmall.com/item.htm?b_s_f=sycm&b_spm=a21ag.29085015&id=994995979658
61,994995979658,麻师傅家具旗舰店,麻师傅天然S形黄麻薄床垫10cm厚全拆加硬护腰脊儿童老人家用椰棕,574.6,全拆C10cm硬弹=2cm3D+5cm专利双S形精细黄麻+针织面料,985.15,1318,平台加补后,https://detail.tmall.com/item.htm?b_s_f=sycm&b_spm=a21ag.29085015&id=994995979658
61,994995979658,麻师傅家具旗舰店,麻师傅天然S形黄麻薄床垫10cm厚全拆加硬护腰脊儿童老人家用椰棕,574.6,全拆C12cm硬弹=2cm3D+7cm专利双S形精细黄麻+针织面料,1141.55,1527,平台加补后,https://detail.tmall.com/item.htm?b_s_f=sycm&b_spm=a21ag.29085015&id=994995979658
61,994995979658,麻师傅家具旗舰店,麻师傅天然S形黄麻薄床垫10cm厚全拆加硬护腰脊儿童老人家用椰棕,574.6,全拆C15cm硬弹=2cm3D+10cm专利双S形精细黄麻+针织面料,1386.35,1854,平台加补后,https://detail.tmall.com/item.htm?b_s_f=sycm&b_spm=a21ag.29085015&id=994995979658
61,994995979658,麻师傅家具旗舰店,麻师傅天然S形黄麻薄床垫10cm厚全拆加硬护腰脊儿童老人家用椰棕,574.6,全拆C20cm硬弹=2cm3D+15cm专利双S形精细黄麻+针织面料,1679.6,2246,平台加补后,https://detail.tmall.com/item.htm?b_s_f=sycm&b_spm=a21ag.29085015&id=994995979658
61,994995979658,麻师傅家具旗舰店,麻师傅天然S形黄麻薄床垫10cm厚全拆加硬护腰脊儿童老人家用椰棕,574.6,全拆D款双舒适层,1166.2,1560,平台加补后,https://detail.tmall.com/item.htm?b_s_f=sycm&b_spm=a21ag.29085015&id=994995979658
61,994995979658,麻师傅家具旗舰店,麻师傅天然S形黄麻薄床垫10cm厚全拆加硬护腰脊儿童老人家用椰棕,574.6,全拆D10cm软硬适中=2cm乳胶+2cm3D+3cm专利双S形精细黄麻+针织面料,1103.3,1475,平台加补后,https://detail.tmall.com/item.htm?b_s_f=sycm&b_spm=a21ag.29085015&id=994995979658
61,994995979658,麻师傅家具旗舰店,麻师傅天然S形黄麻薄床垫10cm厚全拆加硬护腰脊儿童老人家用椰棕,574.6,全拆D12cm软硬适中=2cm乳胶+2cm3D+5cm专利双S形精细黄麻+针织面料,1240.15,1658,平台加补后,https://detail.tmall.com/item.htm?b_s_f=sycm&b_spm=a21ag.29085015&id=994995979658
61,994995979658,麻师傅家具旗舰店,麻师傅天然S形黄麻薄床垫10cm厚全拆加硬护腰脊儿童老人家用椰棕,574.6,全拆D15cm软硬适中=2cm乳胶+2cm3D+7cm专利双S形精细黄麻+针织面料,1395.7,1867,平台加补后,https://detail.tmall.com/item.htm?b_s_f=sycm&b_spm=a21ag.29085015&id=994995979658
61,994995979658,麻师傅家具旗舰店,麻师傅天然S形黄麻薄床垫10cm厚全拆加硬护腰脊儿童老人家用椰棕,574.6,全拆D18cm软硬适中=2cm乳胶+2cm3D+10cm专利双S形精细黄麻+针织面料,1631.15,2181,平台加补后,https://detail.tmall.com/item.htm?b_s_f=sycm&b_spm=a21ag.29085015&id=994995979658
61,994995979658,麻师傅家具旗舰店,麻师傅天然S形黄麻薄床垫10cm厚全拆加硬护腰脊儿童老人家用椰棕,574.6,全拆D22cm软硬适中=2cm乳胶+2cm3D+15cm专利双S形精细黄麻+针织面料,1924.4,2573,平台加补后,https://detail.tmall.com/item.htm?b_s_f=sycm&b_spm=a21ag.29085015&id=994995979658
61,994995979658,麻师傅家具旗舰店,麻师傅天然S形黄麻薄床垫10cm厚全拆加硬护腰脊儿童老人家用椰棕,574.6,全拆E款双舒适层,1166.2,1560,平台加补后,https://detail.tmall.com/item.htm?b_s_f=sycm&b_spm=a21ag.29085015&id=994995979658
61,994995979658,麻师傅家具旗舰店,麻师傅天然S形黄麻薄床垫10cm厚全拆加硬护腰脊儿童老人家用椰棕,574.6,全拆E10cm软硬适中=2cm记忆棉+2cm3D+3cm专利双S形精细黄麻+针织面料,1103.3,1475,平台加补后,https://detail.tmall.com/item.htm?b_s_f=sycm&b_spm=a21ag.29085015&id=994995979658
61,994995979658,麻师傅家具旗舰店,麻师傅天然S形黄麻薄床垫10cm厚全拆加硬护腰脊儿童老人家用椰棕,574.6,全拆E12cm软硬适中=2cm记忆棉+2cm3D+5cm专利双S形精细黄麻+针织面料,1240.15,1658,平台加补后,https://detail.tmall.com/item.htm?b_s_f=sycm&b_spm=a21ag.29085015&id=994995979658
61,994995979658,麻师傅家具旗舰店,麻师傅天然S形黄麻薄床垫10cm厚全拆加硬护腰脊儿童老人家用椰棕,574.6,全拆E15cm软硬适中=2cm记忆棉+2cm3D+7cm专利双S形精细黄麻+针织面料,1395.7,1867,平台加补后,https://detail.tmall.com/item.htm?b_s_f=sycm&b_spm=a21ag.29085015&id=994995979658
61,994995979658,麻师傅家具旗舰店,麻师傅天然S形黄麻薄床垫10cm厚全拆加硬护腰脊儿童老人家用椰棕,574.6,全拆E18cm软硬适中=2cm记忆棉+2cm3D+10cm专利双S形精细黄麻+针织面料,1631.15,2181,平台加补后,https://detail.tmall.com/item.htm?b_s_f=sycm&b_spm=a21ag.29085015&id=994995979658
61,994995979658,麻师傅家具旗舰店,麻师傅天然S形黄麻薄床垫10cm厚全拆加硬护腰脊儿童老人家用椰棕,574.6,全拆E22cm软硬适中=2cm记忆棉+2cm3D+15cm专利双S形精细黄麻+针织面料,1924.4,2573,平台加补后,https://detail.tmall.com/item.htm?b_s_f=sycm&b_spm=a21ag.29085015&id=994995979658
62,858779275867,yarges悠梦思旗舰店,悠梦思乳胶床垫独立弹簧席梦思加厚软硬适中家用护脊黄麻酒店定制,682.55,经济A≈20cm【防塌邦尼尔弹簧】 适中睡感,682.55,958,平台加补后,https://detail.tmall.com/item.htm?b_s_f=sycm&b_spm=a21ag.29085015&id=858779275867
62,858779275867,yarges悠梦思旗舰店,悠梦思乳胶床垫独立弹簧席梦思加厚软硬适中家用护脊黄麻酒店定制,682.55,经济B款≈22cm【防塌邦尼尔弹簧】 偏硬睡感,757.35,1058,平台加补后,https://detail.tmall.com/item.htm?b_s_f=sycm&b_spm=a21ag.29085015&id=858779275867
62,858779275867,yarges悠梦思旗舰店,悠梦思乳胶床垫独立弹簧席梦思加厚软硬适中家用护脊黄麻酒店定制,682.55,经济C款≈22cm【防塌邦尼尔弹簧】 稍软睡感,757.35,1058,平台加补后,https://detail.tmall.com/item.htm?b_s_f=sycm&b_spm=a21ag.29085015&id=858779275867
62,858779275867,yarges悠梦思旗舰店,悠梦思乳胶床垫独立弹簧席梦思加厚软硬适中家用护脊黄麻酒店定制,682.55,舒睡A款≈20cm【防塌护脊独立弹簧】 适中护脊,764.15,1068,平台加补后,https://detail.tmall.com/item.htm?b_s_f=sycm&b_spm=a21ag.29085015&id=858779275867
62,858779275867,yarges悠梦思旗舰店,悠梦思乳胶床垫独立弹簧席梦思加厚软硬适中家用护脊黄麻酒店定制,682.55,舒睡A2.0款≈20cm【双线防塌独立弹簧】 适中护脊,854.25,1188,平台加补后,https://detail.tmall.com/item.htm?b_s_f=sycm&b_spm=a21ag.29085015&id=858779275867
62,858779275867,yarges悠梦思旗舰店,悠梦思乳胶床垫独立弹簧席梦思加厚软硬适中家用护脊黄麻酒店定制,682.55,舒睡B款≈22cm【防塌护脊独立弹簧】 偏硬护脊,832.15,1158,平台加补后,https://detail.tmall.com/item.htm?b_s_f=sycm&b_spm=a21ag.29085015&id=858779275867
62,858779275867,yarges悠梦思旗舰店,悠梦思乳胶床垫独立弹簧席梦思加厚软硬适中家用护脊黄麻酒店定制,682.55,舒睡B2.0款≈22cm【双线防塌独立弹簧】 偏硬护脊,884,1228,平台加补后,https://detail.tmall.com/item.htm?b_s_f=sycm&b_spm=a21ag.29085015&id=858779275867
62,858779275867,yarges悠梦思旗舰店,悠梦思乳胶床垫独立弹簧席梦思加厚软硬适中家用护脊黄麻酒店定制,682.55,舒睡C款≈22cm【防塌护脊独立弹簧】 适中偏软,832.15,1158,平台加补后,https://detail.tmall.com/item.htm?b_s_f=sycm&b_spm=a21ag.29085015&id=858779275867
62,858779275867,yarges悠梦思旗舰店,悠梦思乳胶床垫独立弹簧席梦思加厚软硬适中家用护脊黄麻酒店定制,682.55,舒睡C2.0款≈22cm【双线防塌独立弹簧】 适中偏软,884,1228,平台加补后,https://detail.tmall.com/item.htm?b_s_f=sycm&b_spm=a21ag.29085015&id=858779275867
62,858779275867,yarges悠梦思旗舰店,悠梦思乳胶床垫独立弹簧席梦思加厚软硬适中家用护脊黄麻酒店定制,682.55,舒睡C3.0款≈23cm【3cm乳胶+双线防塌独立弹簧】 适中偏软,974.1,1348,平台加补后,https://detail.tmall.com/item.htm?b_s_f=sycm&b_spm=a21ag.29085015&id=858779275867
62,858779275867,yarges悠梦思旗舰店,悠梦思乳胶床垫独立弹簧席梦思加厚软硬适中家用护脊黄麻酒店定制,682.55,舒睡D款≈24cm【防塌护脊独立弹簧】 护脊两面可用,861.9,1198,平台加补后,https://detail.tmall.com/item.htm?b_s_f=sycm&b_spm=a21ag.29085015&id=858779275867
62,858779275867,yarges悠梦思旗舰店,悠梦思乳胶床垫独立弹簧席梦思加厚软硬适中家用护脊黄麻酒店定制,682.55,升级A款≈22cm【防塌九区独立袋弹簧】 静音稍软 店长主推,958.8,1328,平台加补后,https://detail.tmall.com/item.htm?b_s_f=sycm&b_spm=a21ag.29085015&id=858779275867
62,858779275867,yarges悠梦思旗舰店,悠梦思乳胶床垫独立弹簧席梦思加厚软硬适中家用护脊黄麻酒店定制,682.55,升级A2.0款≈22cm【加密九区独立袋弹簧】 静音稍软,1011.5,1398,平台加补后,https://detail.tmall.com/item.htm?b_s_f=sycm&b_spm=a21ag.29085015&id=858779275867
62,858779275867,yarges悠梦思旗舰店,悠梦思乳胶床垫独立弹簧席梦思加厚软硬适中家用护脊黄麻酒店定制,682.55,升级B款≈22cm【防塌九区独立袋弹簧】 静音偏硬,1083.75,1518,平台加补后,https://detail.tmall.com/item.htm?b_s_f=sycm&b_spm=a21ag.29085015&id=858779275867
62,858779275867,yarges悠梦思旗舰店,悠梦思乳胶床垫独立弹簧席梦思加厚软硬适中家用护脊黄麻酒店定制,682.55,升级B2.0款≈22cm【加密九区独立袋弹簧】 静音偏硬,958.8,1328,平台加补后,https://detail.tmall.com/item.htm?b_s_f=sycm&b_spm=a21ag.29085015&id=858779275867
62,858779275867,yarges悠梦思旗舰店,悠梦思乳胶床垫独立弹簧席梦思加厚软硬适中家用护脊黄麻酒店定制,682.55,升级C款≈24cm【防塌九区独立袋弹簧】 静音软硬两用,1011.5,1398,平台加补后,https://detail.tmall.com/item.htm?b_s_f=sycm&b_spm=a21ag.29085015&id=858779275867
62,858779275867,yarges悠梦思旗舰店,悠梦思乳胶床垫独立弹簧席梦思加厚软硬适中家用护脊黄麻酒店定制,682.55,升级C2.0款≈24cm【加密九区独立袋弹簧】 静音软硬两用,1003.85,1388,平台加补后,https://detail.tmall.com/item.htm?b_s_f=sycm&b_spm=a21ag.29085015&id=858779275867
62,858779275867,yarges悠梦思旗舰店,悠梦思乳胶床垫独立弹簧席梦思加厚软硬适中家用护脊黄麻酒店定制,682.55,升级A3.0款≈22cm【加密九区独立袋弹簧】 静音稍软,1063.35,1468,平台加补后,https://detail.tmall.com/item.htm?b_s_f=sycm&b_spm=a21ag.29085015&id=858779275867
62,858779275867,yarges悠梦思旗舰店,悠梦思乳胶床垫独立弹簧席梦思加厚软硬适中家用护脊黄麻酒店定制,682.55,轻奢A款≈22cm【专利防塌独立袋弹簧】 适中偏硬,1078.65,1488,平台加补后,https://detail.tmall.com/item.htm?b_s_f=sycm&b_spm=a21ag.29085015&id=858779275867
62,858779275867,yarges悠梦思旗舰店,悠梦思乳胶床垫独立弹簧席梦思加厚软硬适中家用护脊黄麻酒店定制,682.55,轻奢B款≈22cm【专利防塌独立袋弹簧】 适中偏软,1078.65,1488,平台加补后,https://detail.tmall.com/item.htm?b_s_f=sycm&b_spm=a21ag.29085015&id=858779275867
63,1078382595239,麻师傅诺隆专卖店,麻师傅全拆S形黄麻床垫叠加软床加硬神器专用儿童老人护腰脊椰棕,486.2,全拆A高硬3.6cm厚=3cm双S形黄麻+双层6D面料（星空灰）,486.2,651,平台加补后,https://detail.tmall.com/item.htm?b_s_f=sycm&b_spm=a21ag.29085015&id=1078382595239
63,1078382595239,麻师傅诺隆专卖店,麻师傅全拆S形黄麻床垫叠加软床加硬神器专用儿童老人护腰脊椰棕,486.2,全拆A高硬5.6cm厚=5cm双S形黄麻+双层6D面料（星空灰）,604.35,808,平台加补后,https://detail.tmall.com/item.htm?b_s_f=sycm&b_spm=a21ag.29085015&id=1078382595239
63,1078382595239,麻师傅诺隆专卖店,麻师傅全拆S形黄麻床垫叠加软床加硬神器专用儿童老人护腰脊椰棕,486.2,全拆A高硬7.6cm厚=7cm双S形黄麻+双层6D面料（星空灰）,750.55,1004,平台加补后,https://detail.tmall.com/item.htm?b_s_f=sycm&b_spm=a21ag.29085015&id=1078382595239
63,1078382595239,麻师傅诺隆专卖店,麻师傅全拆S形黄麻床垫叠加软床加硬神器专用儿童老人护腰脊椰棕,486.2,全拆B中硬4.6cm厚=1cm乳胶+3cm双S形黄麻+双层6D面料（星空灰）,564.4,755,平台加补后,https://detail.tmall.com/item.htm?b_s_f=sycm&b_spm=a21ag.29085015&id=1078382595239
63,1078382595239,麻师傅诺隆专卖店,麻师傅全拆S形黄麻床垫叠加软床加硬神器专用儿童老人护腰脊椰棕,486.2,全拆B中硬6.6cm厚=1cm乳胶+5cm双S形黄麻+双层6D面料（星空灰）,691.9,925,平台加补后,https://detail.tmall.com/item.htm?b_s_f=sycm&b_spm=a21ag.29085015&id=1078382595239
63,1078382595239,麻师傅诺隆专卖店,麻师傅全拆S形黄麻床垫叠加软床加硬神器专用儿童老人护腰脊椰棕,486.2,全拆B中硬8.6cm厚=1cm乳胶+7cm双S形黄麻+双层6D面料（星空灰）,838.1,1121,平台加补后,https://detail.tmall.com/item.htm?b_s_f=sycm&b_spm=a21ag.29085015&id=1078382595239
63,1078382595239,麻师傅诺隆专卖店,麻师傅全拆S形黄麻床垫叠加软床加硬神器专用儿童老人护腰脊椰棕,486.2,全拆C适中硬5.6cm厚=2cm乳胶+3cm双S形黄麻+双层6D面料（星空灰）,642.6,860,平台加补后,https://detail.tmall.com/item.htm?b_s_f=sycm&b_spm=a21ag.29085015&id=1078382595239
63,1078382595239,麻师傅诺隆专卖店,麻师傅全拆S形黄麻床垫叠加软床加硬神器专用儿童老人护腰脊椰棕,486.2,全拆C适中硬7.6cm厚=2cm乳胶+5cm双S形黄麻+双层6D面料（星空灰）,770.1,1030,平台加补后,https://detail.tmall.com/item.htm?b_s_f=sycm&b_spm=a21ag.29085015&id=1078382595239
63,1078382595239,麻师傅诺隆专卖店,麻师傅全拆S形黄麻床垫叠加软床加硬神器专用儿童老人护腰脊椰棕,486.2,全拆D偏硬5.6cm厚=2cm3D+3cm双S形黄麻+双层6D面料（星空灰）,642.6,860,平台加补后,https://detail.tmall.com/item.htm?b_s_f=sycm&b_spm=a21ag.29085015&id=1078382595239
63,1078382595239,麻师傅诺隆专卖店,麻师傅全拆S形黄麻床垫叠加软床加硬神器专用儿童老人护腰脊椰棕,486.2,全拆D偏硬7.6cm厚=2cm3D+5cm双S形黄麻+双层6D面料（星空灰）,770.1,1030,平台加补后,https://detail.tmall.com/item.htm?b_s_f=sycm&b_spm=a21ag.29085015&id=1078382595239
63,1078382595239,麻师傅诺隆专卖店,麻师傅全拆S形黄麻床垫叠加软床加硬神器专用儿童老人护腰脊椰棕,486.2,全拆E适中硬5.6cm厚=2cm记忆棉+3cm双S形黄麻+双层6D面料（星空灰）,642.6,860,平台加补后,https://detail.tmall.com/item.htm?b_s_f=sycm&b_spm=a21ag.29085015&id=1078382595239
63,1078382595239,麻师傅诺隆专卖店,麻师傅全拆S形黄麻床垫叠加软床加硬神器专用儿童老人护腰脊椰棕,486.2,全拆E适中硬7.6cm厚=2cm记忆棉+5cm双S形黄麻+双层6D面料（星空灰）,770.1,1030,平台加补后,https://detail.tmall.com/item.htm?b_s_f=sycm&b_spm=a21ag.29085015&id=1078382595239
64,898868296824,凯菲露家具旗舰店,凯菲露黄麻乳胶独立袋弹簧薄款床垫加硬榻榻米卧室10cm厚国家补贴,665.55,云栖A款：约10cm【防塌护脊独立弹簧+防塌加固】 （软硬适中）,665.55,958,平台加补后,https://detail.tmall.com/item.htm?b_s_f=sycm&b_spm=a21ag.29085015&id=898868296824
64,898868296824,凯菲露家具旗舰店,凯菲露黄麻乳胶独立袋弹簧薄款床垫加硬榻榻米卧室10cm厚国家补贴,665.55,云栖B款：约12cm【原生黄麻+防塌护脊独立弹簧+防塌加固】 （适中偏硬）,732.7,1048,平台加补后,https://detail.tmall.com/item.htm?b_s_f=sycm&b_spm=a21ag.29085015&id=898868296824
64,898868296824,凯菲露家具旗舰店,凯菲露黄麻乳胶独立袋弹簧薄款床垫加硬榻榻米卧室10cm厚国家补贴,665.55,云栖C款：约12cm【泰国乳胶+防塌护脊独立弹簧+防塌加固】 （适中偏软）,732.7,1048,平台加补后,https://detail.tmall.com/item.htm?b_s_f=sycm&b_spm=a21ag.29085015&id=898868296824
64,898868296824,凯菲露家具旗舰店,凯菲露黄麻乳胶独立袋弹簧薄款床垫加硬榻榻米卧室10cm厚国家补贴,665.55,云栖D款：约15cm【泰国乳胶+原生黄麻+防塌护脊独立弹簧+防塌加固】 （软硬适中） 近期热销,754.8,1078,平台加补后,https://detail.tmall.com/item.htm?b_s_f=sycm&b_spm=a21ag.29085015&id=898868296824
64,898868296824,凯菲露家具旗舰店,凯菲露黄麻乳胶独立袋弹簧薄款床垫加硬榻榻米卧室10cm厚国家补贴,665.55,透气A款：约12cm【德国3D芯+专利独立袋弹簧+防塌加固】 （软硬适中）,910.35,1388,平台加补后,https://detail.tmall.com/item.htm?b_s_f=sycm&b_spm=a21ag.29085015&id=898868296824
64,898868296824,凯菲露家具旗舰店,凯菲露黄麻乳胶独立袋弹簧薄款床垫加硬榻榻米卧室10cm厚国家补贴,665.55,透气B款：约15cm【泰国乳胶+德国3D芯+专利独立袋弹簧+防塌加固】 （柔软适中）,1000.45,1508,平台加补后,https://detail.tmall.com/item.htm?b_s_f=sycm&b_spm=a21ag.29085015&id=898868296824
64,898868296824,凯菲露家具旗舰店,凯菲露黄麻乳胶独立袋弹簧薄款床垫加硬榻榻米卧室10cm厚国家补贴,665.55,透气C款：约15cm【德国3D芯+原生黄麻+专利独立袋弹簧+防塌加固】 （适中偏硬）,1007.25,1518,平台加补后,https://detail.tmall.com/item.htm?b_s_f=sycm&b_spm=a21ag.29085015&id=898868296824
64,898868296824,凯菲露家具旗舰店,凯菲露黄麻乳胶独立袋弹簧薄款床垫加硬榻榻米卧室10cm厚国家补贴,665.55,旗舰A款：约10cm【专利独立袋弹簧+防塌加固】 （软硬适中）,805.8,1248,平台加补后,https://detail.tmall.com/item.htm?b_s_f=sycm&b_spm=a21ag.29085015&id=898868296824
64,898868296824,凯菲露家具旗舰店,凯菲露黄麻乳胶独立袋弹簧薄款床垫加硬榻榻米卧室10cm厚国家补贴,665.55,旗舰B款：约12cm【泰国乳胶+专利独立袋弹簧+防塌加固】 （适中柔软）,835.55,1288,平台加补后,https://detail.tmall.com/item.htm?b_s_f=sycm&b_spm=a21ag.29085015&id=898868296824
64,898868296824,凯菲露家具旗舰店,凯菲露黄麻乳胶独立袋弹簧薄款床垫加硬榻榻米卧室10cm厚国家补贴,665.55,旗舰C款：约12cm【原生黄麻+专利独立袋弹簧+防塌加固】 （适中偏硬） 店长主推,813.45,1258,平台加补后,https://detail.tmall.com/item.htm?b_s_f=sycm&b_spm=a21ag.29085015&id=898868296824
64,898868296824,凯菲露家具旗舰店,凯菲露黄麻乳胶独立袋弹簧薄款床垫加硬榻榻米卧室10cm厚国家补贴,665.55,旗舰D款：约13cm【泰国乳胶+原生黄麻+专利独立袋弹簧+防塌加固】 （软硬适中）,872.95,1338,平台加补后,https://detail.tmall.com/item.htm?b_s_f=sycm&b_spm=a21ag.29085015&id=898868296824
64,898868296824,凯菲露家具旗舰店,凯菲露黄麻乳胶独立袋弹簧薄款床垫加硬榻榻米卧室10cm厚国家补贴,665.55,旗舰E款：约15cm【3cm泰国乳胶+原生黄麻+专利独立袋弹簧+防塌加固】 （豪华舒适）,1099.9,1698,平台加补后,https://detail.tmall.com/item.htm?b_s_f=sycm&b_spm=a21ag.29085015&id=898868296824
64,898868296824,凯菲露家具旗舰店,凯菲露黄麻乳胶独立袋弹簧薄款床垫加硬榻榻米卧室10cm厚国家补贴,665.55,旗舰F款：约15cm【3cm泰国乳胶+专利独立袋弹簧+原生黄麻+防塌加固】 （软硬双面）,1099.9,1698,平台加补后,https://detail.tmall.com/item.htm?b_s_f=sycm&b_spm=a21ag.29085015&id=898868296824
65,1007130832612,铂马仕旗舰店,铂马仕云霄全拆洗可调节弹簧床垫席梦思乳胶软垫家用椰棕加硬床垫,1507.9,双垫层A款 22cm 护脊偏硬 千人加购,1507.9,2130,平台加补后,https://detail.tmall.com/item.htm?b_s_f=sycm&b_spm=a21ag.29085015&id=1007130832612
65,1007130832612,铂马仕旗舰店,铂马仕云霄全拆洗可调节弹簧床垫席梦思乳胶软垫家用椰棕加硬床垫,1507.9,双垫层B款 23cm 适中护脊,1710.2,2400,平台加补后,https://detail.tmall.com/item.htm?b_s_f=sycm&b_spm=a21ag.29085015&id=1007130832612
65,1007130832612,铂马仕旗舰店,铂马仕云霄全拆洗可调节弹簧床垫席梦思乳胶软垫家用椰棕加硬床垫,1507.9,双垫层C款 22cm 适中睡感,1732.3,2430,平台加补后,https://detail.tmall.com/item.htm?b_s_f=sycm&b_spm=a21ag.29085015&id=1007130832612
65,1007130832612,铂马仕旗舰店,铂马仕云霄全拆洗可调节弹簧床垫席梦思乳胶软垫家用椰棕加硬床垫,1507.9,双垫层D款 23cm 【双簧舒压+柔软贴身】,1807.1,2530,平台加补后,https://detail.tmall.com/item.htm?b_s_f=sycm&b_spm=a21ag.29085015&id=1007130832612
65,1007130832612,铂马仕旗舰店,铂马仕云霄全拆洗可调节弹簧床垫席梦思乳胶软垫家用椰棕加硬床垫,1507.9,三垫层A款 25cm 【五重睡感+中硬护脊】,1934.6,2700,平台加补后,https://detail.tmall.com/item.htm?b_s_f=sycm&b_spm=a21ag.29085015&id=1007130832612
65,1007130832612,铂马仕旗舰店,铂马仕云霄全拆洗可调节弹簧床垫席梦思乳胶软垫家用椰棕加硬床垫,1507.9,三垫层B款 25cm【双簧舒压+适中贴身】,2009.4,2800,平台加补后,https://detail.tmall.com/item.htm?b_s_f=sycm&b_spm=a21ag.29085015&id=1007130832612
65,1007130832612,铂马仕旗舰店,铂马仕云霄全拆洗可调节弹簧床垫席梦思乳胶软垫家用椰棕加硬床垫,1507.9,三垫层C款 25cm 【双簧舒压+中软睡感】 店长主推,2009.4,2800,平台加补后,https://detail.tmall.com/item.htm?b_s_f=sycm&b_spm=a21ag.29085015&id=1007130832612
65,1007130832612,铂马仕旗舰店,铂马仕云霄全拆洗可调节弹簧床垫席梦思乳胶软垫家用椰棕加硬床垫,1507.9,三垫层D款 25cm【双簧舒压+柔软包裹】,2009.4,2800,平台加补后,https://detail.tmall.com/item.htm?b_s_f=sycm&b_spm=a21ag.29085015&id=1007130832612
65,1007130832612,铂马仕旗舰店,铂马仕云霄全拆洗可调节弹簧床垫席梦思乳胶软垫家用椰棕加硬床垫,1507.9,四垫层A款 27cm【多重睡感可调+强支撑护脊】,2182.8,3100,平台加补后,https://detail.tmall.com/item.htm?b_s_f=sycm&b_spm=a21ag.29085015&id=1007130832612
65,1007130832612,铂马仕旗舰店,铂马仕云霄全拆洗可调节弹簧床垫席梦思乳胶软垫家用椰棕加硬床垫,1507.9,五垫层A款 30cm【豪华睡感+多重睡感可调】,2332.4,3300,平台加补后,https://detail.tmall.com/item.htm?b_s_f=sycm&b_spm=a21ag.29085015&id=1007130832612
66,941363571679,rozo家具旗舰店,ROZO国家补贴全拆黄芽护脊床垫席梦思无胶独立弹簧黄麻乳胶硬家用,960.5,黄芽升级A款【偏硬护脊/20CM】高性价比,1035.3,1448,平台加补后,https://detail.tmall.com/item.htm?b_s_f=sycm&b_spm=a21ag.29085015&id=941363571679
66,941363571679,rozo家具旗舰店,ROZO国家补贴全拆黄芽护脊床垫席梦思无胶独立弹簧黄麻乳胶硬家用,960.5,黄芽升级B款【加硬护脊/22CM】老少皆宜,1035.3,1448,平台加补后,https://detail.tmall.com/item.htm?b_s_f=sycm&b_spm=a21ag.29085015&id=941363571679
66,941363571679,rozo家具旗舰店,ROZO国家补贴全拆黄芽护脊床垫席梦思无胶独立弹簧黄麻乳胶硬家用,960.5,黄芽升级C款【软硬适中/25CM】舒适加倍,1184.9,1648,平台加补后,https://detail.tmall.com/item.htm?b_s_f=sycm&b_spm=a21ag.29085015&id=941363571679
66,941363571679,rozo家具旗舰店,ROZO国家补贴全拆黄芽护脊床垫席梦思无胶独立弹簧黄麻乳胶硬家用,960.5,黄芽舒适A款【软硬适中/20CM】薄弹簧垫,1035.3,1448,平台加补后,https://detail.tmall.com/item.htm?b_s_f=sycm&b_spm=a21ag.29085015&id=941363571679
66,941363571679,rozo家具旗舰店,ROZO国家补贴全拆黄芽护脊床垫席梦思无胶独立弹簧黄麻乳胶硬家用,960.5,黄芽舒适B款【软硬适中/24CM】释压舒睡,1035.3,1448,平台加补后,https://detail.tmall.com/item.htm?b_s_f=sycm&b_spm=a21ag.29085015&id=941363571679
66,941363571679,rozo家具旗舰店,ROZO国家补贴全拆黄芽护脊床垫席梦思无胶独立弹簧黄麻乳胶硬家用,960.5,黄芽豪华A款【软硬适中/26CM】舒适护脊,1259.7,1748,平台加补后,https://detail.tmall.com/item.htm?b_s_f=sycm&b_spm=a21ag.29085015&id=941363571679
66,941363571679,rozo家具旗舰店,ROZO国家补贴全拆黄芽护脊床垫席梦思无胶独立弹簧黄麻乳胶硬家用,960.5,黄芽豪华B款【双面睡感/26CM】一面软一面硬,1259.7,1748,平台加补后,https://detail.tmall.com/item.htm?b_s_f=sycm&b_spm=a21ag.29085015&id=941363571679
66,941363571679,rozo家具旗舰店,ROZO国家补贴全拆黄芽护脊床垫席梦思无胶独立弹簧黄麻乳胶硬家用,960.5,黄芽豪华C款【实力护脊/26CM】透气护脊,1259.7,1748,平台加补后,https://detail.tmall.com/item.htm?b_s_f=sycm&b_spm=a21ag.29085015&id=941363571679
66,941363571679,rozo家具旗舰店,ROZO国家补贴全拆黄芽护脊床垫席梦思无胶独立弹簧黄麻乳胶硬家用,960.5,黄芽全拆A款【释压护脊+软硬可调/23CM】无胶护脊,1409.3,1948,平台加补后,https://detail.tmall.com/item.htm?b_s_f=sycm&b_spm=a21ag.29085015&id=941363571679
66,941363571679,rozo家具旗舰店,ROZO国家补贴全拆黄芽护脊床垫席梦思无胶独立弹簧黄麻乳胶硬家用,960.5,黄芽全拆B款【双簧释压+软硬可调/26CM】豪华双簧,1633.7,2248,平台加补后,https://detail.tmall.com/item.htm?b_s_f=sycm&b_spm=a21ag.29085015&id=941363571679
66,941363571679,rozo家具旗舰店,ROZO国家补贴全拆黄芽护脊床垫席梦思无胶独立弹簧黄麻乳胶硬家用,960.5,黄芽经典C款【偏硬护脊/23CM】性价比拉满,960.5,1348,平台加补后,https://detail.tmall.com/item.htm?b_s_f=sycm&b_spm=a21ag.29085015&id=941363571679
66,941363571679,rozo家具旗舰店,ROZO国家补贴全拆黄芽护脊床垫席梦思无胶独立弹簧黄麻乳胶硬家用,960.5,黄芽经典D款【实力护脊/25CM】老少皆宜,1110.1,1548,平台加补后,https://detail.tmall.com/item.htm?b_s_f=sycm&b_spm=a21ag.29085015&id=941363571679
66,941363571679,rozo家具旗舰店,ROZO国家补贴全拆黄芽护脊床垫席梦思无胶独立弹簧黄麻乳胶硬家用,960.5,黄芽全拆C款【柔性护脊+软硬可调/23CM】全拆设计,1409.3,1948,平台加补后,https://detail.tmall.com/item.htm?b_s_f=sycm&b_spm=a21ag.29085015&id=941363571679
66,941363571679,rozo家具旗舰店,ROZO国家补贴全拆黄芽护脊床垫席梦思无胶独立弹簧黄麻乳胶硬家用,960.5,黄芽全拆D款【柔软舒睡+软硬可调/23CM】酒店同感,1409.3,1948,平台加补后,https://detail.tmall.com/item.htm?b_s_f=sycm&b_spm=a21ag.29085015&id=941363571679
66,941363571679,rozo家具旗舰店,ROZO国家补贴全拆黄芽护脊床垫席梦思无胶独立弹簧黄麻乳胶硬家用,960.5,黄芽全拆E款【加强护脊+软硬可调/23CM】实力撑腰,1409.3,1948,平台加补后,https://detail.tmall.com/item.htm?b_s_f=sycm&b_spm=a21ag.29085015&id=941363571679
67,1016981719311,铂马仕旗舰店,铂马仕云岚全拆弹簧床垫乳胶席梦思1.8m米软家用护脊硬垫黄麻床垫,1337.9,适中透气 A款20cm=2cm3D+15高1886颗弹簧,1337.9,1880,平台加补后,https://detail.tmall.com/item.htm?b_s_f=sycm&b_spm=a21ag.29085015&id=1016981719311
67,1016981719311,铂马仕旗舰店,铂马仕云岚全拆弹簧床垫乳胶席梦思1.8m米软家用护脊硬垫黄麻床垫,1337.9,加硬护脊 B款21cm=3cm黄麻+15高1886颗弹簧 近期热销,1412.7,1980,平台加补后,https://detail.tmall.com/item.htm?b_s_f=sycm&b_spm=a21ag.29085015&id=1016981719311
67,1016981719311,铂马仕旗舰店,铂马仕云岚全拆弹簧床垫乳胶席梦思1.8m米软家用护脊硬垫黄麻床垫,1337.9,柔弹透气 C款22cm=2cm乳胶+2cm3D+15高1886颗弹簧,1523.2,2150,平台加补后,https://detail.tmall.com/item.htm?b_s_f=sycm&b_spm=a21ag.29085015&id=1016981719311
67,1016981719311,铂马仕旗舰店,铂马仕云岚全拆弹簧床垫乳胶席梦思1.8m米软家用护脊硬垫黄麻床垫,1337.9,柔软 D款24cm=3cm乳胶+气泡簧+15高1886颗弹簧 店长主推,1672.8,2350,平台加补后,https://detail.tmall.com/item.htm?b_s_f=sycm&b_spm=a21ag.29085015&id=1016981719311
67,1016981719311,铂马仕旗舰店,铂马仕云岚全拆弹簧床垫乳胶席梦思1.8m米软家用护脊硬垫黄麻床垫,1337.9,超柔软 E款25cm=5cm乳胶+2cm凝胶记忆棉+15高1886颗弹簧,1881.9,2630,平台加补后,https://detail.tmall.com/item.htm?b_s_f=sycm&b_spm=a21ag.29085015&id=1016981719311
67,1016981719311,铂马仕旗舰店,铂马仕云岚全拆弹簧床垫乳胶席梦思1.8m米软家用护脊硬垫黄麻床垫,1337.9,豪华舒适 F款28cm=5cm乳胶+2cm凝胶记忆棉+气泡簧+18高1886颗弹簧,1994.1,2780,平台加补后,https://detail.tmall.com/item.htm?b_s_f=sycm&b_spm=a21ag.29085015&id=1016981719311
68,1018101560481,甜蜜睡眠旗舰店,甜蜜睡眠可拆卸床垫软硬可调无胶席梦思乳胶独立弹簧全拆卧室家用,1453.5,0胶可拆-B款22cm【2种睡感可调 偏硬/微硬】凝胶蓝小垫+0胶黄麻,1453.5,2480,平台加补后,https://detail.tmall.com/item.htm?b_s_f=sycm&b_spm=a21ag.29085015&id=1018101560481
68,1018101560481,甜蜜睡眠旗舰店,甜蜜睡眠可拆卸床垫软硬可调无胶席梦思乳胶独立弹簧全拆卧室家用,1453.5,0胶可拆-J款22cm【2种睡感可调 微硬/适中】凝胶蓝小垫+透气4D纤维,1453.5,2480,平台加补后,https://detail.tmall.com/item.htm?b_s_f=sycm&b_spm=a21ag.29085015&id=1018101560481
68,1018101560481,甜蜜睡眠旗舰店,甜蜜睡眠可拆卸床垫软硬可调无胶席梦思乳胶独立弹簧全拆卧室家用,1453.5,0胶可拆-E款22cm【2种睡感可调 微软/偏软】凝胶蓝小垫+天然乳胶,1453.5,2480,平台加补后,https://detail.tmall.com/item.htm?b_s_f=sycm&b_spm=a21ag.29085015&id=1018101560481
68,1018101560481,甜蜜睡眠旗舰店,甜蜜睡眠可拆卸床垫软硬可调无胶席梦思乳胶独立弹簧全拆卧室家用,1453.5,0胶可拆-旗舰B款24cm【5种睡感可调 偏硬/微硬/适中/微软/偏软】羊毛+蓝小垫+黄麻 店长主推,1657.5,2780,平台加补后,https://detail.tmall.com/item.htm?b_s_f=sycm&b_spm=a21ag.29085015&id=1018101560481
68,1018101560481,甜蜜睡眠旗舰店,甜蜜睡眠可拆卸床垫软硬可调无胶席梦思乳胶独立弹簧全拆卧室家用,1453.5,0胶可拆-旗舰J款24cm【4种睡感可调 适中/微软/偏软/超软】羊毛层+蓝小垫+4D纤维,1657.5,2780,平台加补后,https://detail.tmall.com/item.htm?b_s_f=sycm&b_spm=a21ag.29085015&id=1018101560481
68,1018101560481,甜蜜睡眠旗舰店,甜蜜睡眠可拆卸床垫软硬可调无胶席梦思乳胶独立弹簧全拆卧室家用,1453.5,0胶可拆-旗舰E款24cm【3种睡感可调 偏软/超软/极软】羊毛层+凝胶蓝小垫+天然乳胶,1657.5,2780,平台加补后,https://detail.tmall.com/item.htm?b_s_f=sycm&b_spm=a21ag.29085015&id=1018101560481
69,653309172278,棕葆王国品牌店,适用于宜家米隆床垫儿童分段式可伸缩婴儿拼接床可拆卸棕垫80x200,607.75,A8cm厚=3cm面料+5cm高密S型精细黄麻 近期热销,657.9,880,平台加补后,https://detail.tmall.com/item.htm?b_s_f=sycm&b_spm=a21ag.29085015&id=653309172278
69,653309172278,棕葆王国品牌店,适用于宜家米隆床垫儿童分段式可伸缩婴儿拼接床可拆卸棕垫80x200,607.75,B10cm厚=3cm面料+7cm高密S型精细黄麻,757.35,1013,平台加补后,https://detail.tmall.com/item.htm?b_s_f=sycm&b_spm=a21ag.29085015&id=653309172278
69,653309172278,棕葆王国品牌店,适用于宜家米隆床垫儿童分段式可伸缩婴儿拼接床可拆卸棕垫80x200,607.75,C12cm厚=3cm面料+9cm高密S型精细黄麻,857.65,1147,平台加补后,https://detail.tmall.com/item.htm?b_s_f=sycm&b_spm=a21ag.29085015&id=653309172278
69,653309172278,棕葆王国品牌店,适用于宜家米隆床垫儿童分段式可伸缩婴儿拼接床可拆卸棕垫80x200,607.75,D8cm厚=3cm面料+2cm乳胶+ 3cmS型精细黄麻,757.35,1013,平台加补后,https://detail.tmall.com/item.htm?b_s_f=sycm&b_spm=a21ag.29085015&id=653309172278
69,653309172278,棕葆王国品牌店,适用于宜家米隆床垫儿童分段式可伸缩婴儿拼接床可拆卸棕垫80x200,607.75,E10cm厚=3cm面料+2cm乳胶+ 5cmS型精细黄麻,857.65,1147,平台加补后,https://detail.tmall.com/item.htm?b_s_f=sycm&b_spm=a21ag.29085015&id=653309172278
69,653309172278,棕葆王国品牌店,适用于宜家米隆床垫儿童分段式可伸缩婴儿拼接床可拆卸棕垫80x200,607.75,F12cm厚=3cm面料+2cm乳胶+ 7cmS型精细黄麻,957.95,1281,平台加补后,https://detail.tmall.com/item.htm?b_s_f=sycm&b_spm=a21ag.29085015&id=653309172278
69,653309172278,棕葆王国品牌店,适用于宜家米隆床垫儿童分段式可伸缩婴儿拼接床可拆卸棕垫80x200,607.75,G8cm厚=3cm面料+5cm环保3E棕,607.75,813,平台加补后,https://detail.tmall.com/item.htm?b_s_f=sycm&b_spm=a21ag.29085015&id=653309172278
69,653309172278,棕葆王国品牌店,适用于宜家米隆床垫儿童分段式可伸缩婴儿拼接床可拆卸棕垫80x200,607.75,H10cm厚=3cm面料+7cm环保3E棕,708.05,947,平台加补后,https://detail.tmall.com/item.htm?b_s_f=sycm&b_spm=a21ag.29085015&id=653309172278
69,653309172278,棕葆王国品牌店,适用于宜家米隆床垫儿童分段式可伸缩婴儿拼接床可拆卸棕垫80x200,607.75,J12cm厚=3cm面料+9cm环保3E棕,807.5,1080,平台加补后,https://detail.tmall.com/item.htm?b_s_f=sycm&b_spm=a21ag.29085015&id=653309172278
69,653309172278,棕葆王国品牌店,适用于宜家米隆床垫儿童分段式可伸缩婴儿拼接床可拆卸棕垫80x200,607.75,K8cm厚=3cm面料+2cm乳胶+ 3cm环保3E棕,708.05,947,平台加补后,https://detail.tmall.com/item.htm?b_s_f=sycm&b_spm=a21ag.29085015&id=653309172278
69,653309172278,棕葆王国品牌店,适用于宜家米隆床垫儿童分段式可伸缩婴儿拼接床可拆卸棕垫80x200,607.75,L10cm厚=3cm面料+2cm乳胶+ 5cm环保3E棕,807.5,1080,平台加补后,https://detail.tmall.com/item.htm?b_s_f=sycm&b_spm=a21ag.29085015&id=653309172278
69,653309172278,棕葆王国品牌店,适用于宜家米隆床垫儿童分段式可伸缩婴儿拼接床可拆卸棕垫80x200,607.75,M12cm厚=3cm面料+2cm乳胶+ 7cm环保3E棕,907.8,1214,平台加补后,https://detail.tmall.com/item.htm?b_s_f=sycm&b_spm=a21ag.29085015&id=653309172278
70,1002508687323,睡眠骑士床垫企业店,睡眠骑士名匠全拆可调节床垫席梦思无胶家用20cm硬垫天然乳胶黄麻,1426.3,A款20cm全拆【黄麻+无胶弹簧】偏硬护脊 店长主推,1426.3,2180,平台加补后,https://detail.tmall.com/item.htm?b_s_f=sycm&b_spm=a21ag.29085015&id=1002508687323
70,1002508687323,睡眠骑士床垫企业店,睡眠骑士名匠全拆可调节床垫席梦思无胶家用20cm硬垫天然乳胶黄麻,1426.3,B款22cm全拆【3D层+黄麻+无胶弹簧】中硬护脊,1575.9,2380,平台加补后,https://detail.tmall.com/item.htm?b_s_f=sycm&b_spm=a21ag.29085015&id=1002508687323
70,1002508687323,睡眠骑士床垫企业店,睡眠骑士名匠全拆可调节床垫席梦思无胶家用20cm硬垫天然乳胶黄麻,1426.3,C款22cm全拆【乳胶+黄麻+无胶弹簧】中硬护脊,1672.8,2510,平台加补后,https://detail.tmall.com/item.htm?b_s_f=sycm&b_spm=a21ag.29085015&id=1002508687323
70,1002508687323,睡眠骑士床垫企业店,睡眠骑士名匠全拆可调节床垫席梦思无胶家用20cm硬垫天然乳胶黄麻,1426.3,D款22cm全拆【S黄麻+酷布无胶弹簧】偏硬护脊,1523.2,2310,平台加补后,https://detail.tmall.com/item.htm?b_s_f=sycm&b_spm=a21ag.29085015&id=1002508687323
70,1002508687323,睡眠骑士床垫企业店,睡眠骑士名匠全拆可调节床垫席梦思无胶家用20cm硬垫天然乳胶黄麻,1426.3,E款24cm全拆【3D层+S黄麻+酷布无胶弹簧】中硬护脊,1672.8,2510,平台加补后,https://detail.tmall.com/item.htm?b_s_f=sycm&b_spm=a21ag.29085015&id=1002508687323
70,1002508687323,睡眠骑士床垫企业店,睡眠骑士名匠全拆可调节床垫席梦思无胶家用20cm硬垫天然乳胶黄麻,1426.3,F款24cm全拆【乳胶+S黄麻+酷布无胶弹簧】中硬护脊,1770.55,2640,平台加补后,https://detail.tmall.com/item.htm?b_s_f=sycm&b_spm=a21ag.29085015&id=1002508687323
70,1002508687323,睡眠骑士床垫企业店,睡眠骑士名匠全拆可调节床垫席梦思无胶家用20cm硬垫天然乳胶黄麻,1426.3,G款22cm全拆【3cm记忆棉+酷布无胶弹簧】柔软舒适,1523.2,2310,平台加补后,https://detail.tmall.com/item.htm?b_s_f=sycm&b_spm=a21ag.29085015&id=1002508687323
70,1002508687323,睡眠骑士床垫企业店,睡眠骑士名匠全拆可调节床垫席梦思无胶家用20cm硬垫天然乳胶黄麻,1426.3,H款25cm全拆【3cm记忆棉+S黄麻+酷布无胶弹簧】软硬适中,1717.85,2570,平台加补后,https://detail.tmall.com/item.htm?b_s_f=sycm&b_spm=a21ag.29085015&id=1002508687323
70,1002508687323,睡眠骑士床垫企业店,睡眠骑士名匠全拆可调节床垫席梦思无胶家用20cm硬垫天然乳胶黄麻,1426.3,J款22cm全拆【3cm乳胶+酷布无胶弹簧】柔软舒适,1620.95,2440,平台加补后,https://detail.tmall.com/item.htm?b_s_f=sycm&b_spm=a21ag.29085015&id=1002508687323
70,1002508687323,睡眠骑士床垫企业店,睡眠骑士名匠全拆可调节床垫席梦思无胶家用20cm硬垫天然乳胶黄麻,1426.3,K款25cm全拆【3cm乳胶+S黄麻+酷布无胶弹簧】软硬适中,1912.5,2830,平台加补后,https://detail.tmall.com/item.htm?b_s_f=sycm&b_spm=a21ag.29085015&id=1002508687323
71,639084200572,moonlightfamily旗舰店,月光之家儿童床垫硬家用独立弹簧青少年学生黄麻席梦思1.8米1.5m,1458.6,A款：20cm厚【偏硬】天然无胶黄麻,1458.6,2178,平台加补后,https://detail.tmall.com/item.htm?b_s_f=sycm&b_spm=a21ag.29085015&id=639084200572
71,639084200572,moonlightfamily旗舰店,月光之家儿童床垫硬家用独立弹簧青少年学生黄麻席梦思1.8米1.5m,1458.6,D款：22cm厚【微硬】记忆棉+天然无胶黄麻,1528.3,2271,平台加补后,https://detail.tmall.com/item.htm?b_s_f=sycm&b_spm=a21ag.29085015&id=639084200572
72,648731865254,佛山享睡床垫品牌店,儿童床垫椰棕垫席梦思护脊偏硬1.2无甲醛棕垫1.35m天然乳胶席梦思,496.4,男A6cm|偏硬护脊【3cm黄麻棕】抗菌层,821.95,1179,平台加补后,https://detail.tmall.com/item.htm?b_s_f=sycm&b_spm=a21ag.29085015&id=648731865254
72,648731865254,佛山享睡床垫品牌店,儿童床垫椰棕垫席梦思护脊偏硬1.2无甲醛棕垫1.35m天然乳胶席梦思,496.4,男A8cm|偏硬护脊【5cm黄麻棕】抗菌层,922.25,1313,平台加补后,https://detail.tmall.com/item.htm?b_s_f=sycm&b_spm=a21ag.29085015&id=648731865254
72,648731865254,佛山享睡床垫品牌店,儿童床垫椰棕垫席梦思护脊偏硬1.2无甲醛棕垫1.35m天然乳胶席梦思,496.4,男A10cm|偏硬护脊【7cm黄麻棕】抗菌层,1022.55,1447,平台加补后,https://detail.tmall.com/item.htm?b_s_f=sycm&b_spm=a21ag.29085015&id=648731865254
72,648731865254,佛山享睡床垫品牌店,儿童床垫椰棕垫席梦思护脊偏硬1.2无甲醛棕垫1.35m天然乳胶席梦思,496.4,男A12cm|偏硬护脊【9cm黄麻棕】抗菌层,1150.05,1618,平台加补后,https://detail.tmall.com/item.htm?b_s_f=sycm&b_spm=a21ag.29085015&id=648731865254
72,648731865254,佛山享睡床垫品牌店,儿童床垫椰棕垫席梦思护脊偏硬1.2无甲醛棕垫1.35m天然乳胶席梦思,496.4,男B7cm|软硬适中【3cm黄麻棕】乳胶|抗菌层,496.4,744,平台加补后,https://detail.tmall.com/item.htm?b_s_f=sycm&b_spm=a21ag.29085015&id=648731865254
72,648731865254,佛山享睡床垫品牌店,儿童床垫椰棕垫席梦思护脊偏硬1.2无甲醛棕垫1.35m天然乳胶席梦思,496.4,男B9cm|软硬适中【5cm黄麻棕】乳胶|抗菌层,1022.55,1447,平台加补后,https://detail.tmall.com/item.htm?b_s_f=sycm&b_spm=a21ag.29085015&id=648731865254
72,648731865254,佛山享睡床垫品牌店,儿童床垫椰棕垫席梦思护脊偏硬1.2无甲醛棕垫1.35m天然乳胶席梦思,496.4,男B11cm|软硬适中【7cm黄麻棕】乳胶|抗菌层,1123.7,1582,平台加补后,https://detail.tmall.com/item.htm?b_s_f=sycm&b_spm=a21ag.29085015&id=648731865254
72,648731865254,佛山享睡床垫品牌店,儿童床垫椰棕垫席梦思护脊偏硬1.2无甲醛棕垫1.35m天然乳胶席梦思,496.4,男B13cm|软硬适中【9cm黄麻棕】乳胶|抗菌层,1252.05,1754,平台加补后,https://detail.tmall.com/item.htm?b_s_f=sycm&b_spm=a21ag.29085015&id=648731865254
72,648731865254,佛山享睡床垫品牌店,儿童床垫椰棕垫席梦思护脊偏硬1.2无甲醛棕垫1.35m天然乳胶席梦思,496.4,男C8cm|升级舒睡【3cm黄麻棕】2cm乳胶|抗菌层,1068.45,1508,平台加补后,https://detail.tmall.com/item.htm?b_s_f=sycm&b_spm=a21ag.29085015&id=648731865254
72,648731865254,佛山享睡床垫品牌店,儿童床垫椰棕垫席梦思护脊偏硬1.2无甲醛棕垫1.35m天然乳胶席梦思,496.4,男C10cm|升级舒睡【5cm黄麻棕】2cm乳胶|抗菌层,1169.6,1644,平台加补后,https://detail.tmall.com/item.htm?b_s_f=sycm&b_spm=a21ag.29085015&id=648731865254
72,648731865254,佛山享睡床垫品牌店,儿童床垫椰棕垫席梦思护脊偏硬1.2无甲醛棕垫1.35m天然乳胶席梦思,496.4,男C12cm|升级舒睡【7cm黄麻棕】2cm乳胶|抗菌层,1269.9,1778,平台加补后,https://detail.tmall.com/item.htm?b_s_f=sycm&b_spm=a21ag.29085015&id=648731865254
72,648731865254,佛山享睡床垫品牌店,儿童床垫椰棕垫席梦思护脊偏硬1.2无甲醛棕垫1.35m天然乳胶席梦思,496.4,男C14cm|升级舒睡【9cm黄麻棕】2cm乳胶|抗菌层,1388.05,1936,平台加补后,https://detail.tmall.com/item.htm?b_s_f=sycm&b_spm=a21ag.29085015&id=648731865254
72,648731865254,佛山享睡床垫品牌店,儿童床垫椰棕垫席梦思护脊偏硬1.2无甲醛棕垫1.35m天然乳胶席梦思,496.4,女A6cm|偏硬护脊【3cm黄麻棕】抗菌层,1664.3,2305,平台加补后,https://detail.tmall.com/item.htm?b_s_f=sycm&b_spm=a21ag.29085015&id=648731865254
72,648731865254,佛山享睡床垫品牌店,儿童床垫椰棕垫席梦思护脊偏硬1.2无甲醛棕垫1.35m天然乳胶席梦思,496.4,女A8cm|偏硬护脊【5cm黄麻棕】抗菌层,1880.2,2594,平台加补后,https://detail.tmall.com/item.htm?b_s_f=sycm&b_spm=a21ag.29085015&id=648731865254
72,648731865254,佛山享睡床垫品牌店,儿童床垫椰棕垫席梦思护脊偏硬1.2无甲醛棕垫1.35m天然乳胶席梦思,496.4,女A10cm|偏硬护脊【7cm黄麻棕】抗菌层,2078.25,2859,平台加补后,https://detail.tmall.com/item.htm?b_s_f=sycm&b_spm=a21ag.29085015&id=648731865254
72,648731865254,佛山享睡床垫品牌店,儿童床垫椰棕垫席梦思护脊偏硬1.2无甲醛棕垫1.35m天然乳胶席梦思,496.4,女A12cm|偏硬护脊【9cm黄麻棕】抗菌层,2348.55,3220,平台加补后,https://detail.tmall.com/item.htm?b_s_f=sycm&b_spm=a21ag.29085015&id=648731865254
72,648731865254,佛山享睡床垫品牌店,儿童床垫椰棕垫席梦思护脊偏硬1.2无甲醛棕垫1.35m天然乳胶席梦思,496.4,女B7cm|软硬适中【3cm黄麻棕】乳胶|抗菌层,1880.2,2594,平台加补后,https://detail.tmall.com/item.htm?b_s_f=sycm&b_spm=a21ag.29085015&id=648731865254
72,648731865254,佛山享睡床垫品牌店,儿童床垫椰棕垫席梦思护脊偏硬1.2无甲醛棕垫1.35m天然乳胶席梦思,496.4,女B9cm|软硬适中【5cm黄麻棕】乳胶|抗菌层,2078.25,2859,平台加补后,https://detail.tmall.com/item.htm?b_s_f=sycm&b_spm=a21ag.29085015&id=648731865254
72,648731865254,佛山享睡床垫品牌店,儿童床垫椰棕垫席梦思护脊偏硬1.2无甲醛棕垫1.35m天然乳胶席梦思,496.4,女B11cm|软硬适中【7cm黄麻棕】乳胶|抗菌层,2295,3148,平台加补后,https://detail.tmall.com/item.htm?b_s_f=sycm&b_spm=a21ag.29085015&id=648731865254
72,648731865254,佛山享睡床垫品牌店,儿童床垫椰棕垫席梦思护脊偏硬1.2无甲醛棕垫1.35m天然乳胶席梦思,496.4,女B13cm|软硬适中【9cm黄麻棕】乳胶|抗菌层,2545.75,3484,平台加补后,https://detail.tmall.com/item.htm?b_s_f=sycm&b_spm=a21ag.29085015&id=648731865254
72,648731865254,佛山享睡床垫品牌店,儿童床垫椰棕垫席梦思护脊偏硬1.2无甲醛棕垫1.35m天然乳胶席梦思,496.4,女C8cm|升级舒睡【3cm黄麻棕】2cm乳胶|抗菌层,2186.2,3003,平台加补后,https://detail.tmall.com/item.htm?b_s_f=sycm&b_spm=a21ag.29085015&id=648731865254
72,648731865254,佛山享睡床垫品牌店,儿童床垫椰棕垫席梦思护脊偏硬1.2无甲醛棕垫1.35m天然乳胶席梦思,496.4,女C10cm|升级舒睡【5cm黄麻棕】2cm乳胶|抗菌层,2384.25,3268,平台加补后,https://detail.tmall.com/item.htm?b_s_f=sycm&b_spm=a21ag.29085015&id=648731865254
72,648731865254,佛山享睡床垫品牌店,儿童床垫椰棕垫席梦思护脊偏硬1.2无甲醛棕垫1.35m天然乳胶席梦思,496.4,女C12cm|升级舒睡【7cm黄麻棕】2cm乳胶|抗菌层,2583.15,3533,平台加补后,https://detail.tmall.com/item.htm?b_s_f=sycm&b_spm=a21ag.29085015&id=648731865254
72,648731865254,佛山享睡床垫品牌店,儿童床垫椰棕垫席梦思护脊偏硬1.2无甲醛棕垫1.35m天然乳胶席梦思,496.4,女C14cm|升级舒睡【9cm黄麻棕】2cm乳胶|抗菌层,2852.6,3894,平台加补后,https://detail.tmall.com/item.htm?b_s_f=sycm&b_spm=a21ag.29085015&id=648731865254
73,650559391013,派乐熊儿童床垫品牌店,派乐熊儿童专用床垫加密独立袋弹簧青少年偏硬护脊席梦思学生家用,1131.35,偏硬B20CM=【黄麻】+静音独立袋弹簧,1131.35,1513,平台加补后,https://detail.tmall.com/item.htm?b_s_f=sycm&b_spm=a21ag.29085015&id=650559391013
73,650559391013,派乐熊儿童床垫品牌店,派乐熊儿童专用床垫加密独立袋弹簧青少年偏硬护脊席梦思学生家用,1131.35,偏硬B15CM=【黄麻】+静音独立袋弹簧,1131.35,1513,平台加补后,https://detail.tmall.com/item.htm?b_s_f=sycm&b_spm=a21ag.29085015&id=650559391013
73,650559391013,派乐熊儿童床垫品牌店,派乐熊儿童专用床垫加密独立袋弹簧青少年偏硬护脊席梦思学生家用,1131.35,适中A22CM=【乳胶+黄麻】+静音独立袋弹簧,1171.3,1566,平台加补后,https://detail.tmall.com/item.htm?b_s_f=sycm&b_spm=a21ag.29085015&id=650559391013
73,650559391013,派乐熊儿童床垫品牌店,派乐熊儿童专用床垫加密独立袋弹簧青少年偏硬护脊席梦思学生家用,1131.35,适中A20CM=【乳胶+黄麻】+静音独立袋弹簧,1171.3,1566,平台加补后,https://detail.tmall.com/item.htm?b_s_f=sycm&b_spm=a21ag.29085015&id=650559391013
73,650559391013,派乐熊儿童床垫品牌店,派乐熊儿童专用床垫加密独立袋弹簧青少年偏硬护脊席梦思学生家用,1131.35,适中A15CM=【乳胶+黄麻】+静音独立袋弹簧,1171.3,1566,平台加补后,https://detail.tmall.com/item.htm?b_s_f=sycm&b_spm=a21ag.29085015&id=650559391013
73,650559391013,派乐熊儿童床垫品牌店,派乐熊儿童专用床垫加密独立袋弹簧青少年偏硬护脊席梦思学生家用,1131.35,适中F22CM=【记忆棉+黄麻】+静音独立袋弹簧 近期热销,1209.55,1618,平台加补后,https://detail.tmall.com/item.htm?b_s_f=sycm&b_spm=a21ag.29085015&id=650559391013
73,650559391013,派乐熊儿童床垫品牌店,派乐熊儿童专用床垫加密独立袋弹簧青少年偏硬护脊席梦思学生家用,1131.35,适中F20CM=【记忆棉+黄麻】+静音独立袋弹簧,1209.55,1618,平台加补后,https://detail.tmall.com/item.htm?b_s_f=sycm&b_spm=a21ag.29085015&id=650559391013
73,650559391013,派乐熊儿童床垫品牌店,派乐熊儿童专用床垫加密独立袋弹簧青少年偏硬护脊席梦思学生家用,1131.35,适中F15CM=【记忆棉+黄麻】+静音独立袋弹簧,1209.55,1618,平台加补后,https://detail.tmall.com/item.htm?b_s_f=sycm&b_spm=a21ag.29085015&id=650559391013
73,650559391013,派乐熊儿童床垫品牌店,派乐熊儿童专用床垫加密独立袋弹簧青少年偏硬护脊席梦思学生家用,1131.35,双面C22CM=【乳胶+黄麻】+静音独立袋弹簧,1171.3,1566,平台加补后,https://detail.tmall.com/item.htm?b_s_f=sycm&b_spm=a21ag.29085015&id=650559391013
73,650559391013,派乐熊儿童床垫品牌店,派乐熊儿童专用床垫加密独立袋弹簧青少年偏硬护脊席梦思学生家用,1131.35,双面C20CM=【乳胶+黄麻】+静音独立袋弹簧,1171.3,1566,平台加补后,https://detail.tmall.com/item.htm?b_s_f=sycm&b_spm=a21ag.29085015&id=650559391013
73,650559391013,派乐熊儿童床垫品牌店,派乐熊儿童专用床垫加密独立袋弹簧青少年偏硬护脊席梦思学生家用,1131.35,双面C15CM=【乳胶+黄麻】+静音独立袋弹簧,1171.3,1566,平台加补后,https://detail.tmall.com/item.htm?b_s_f=sycm&b_spm=a21ag.29085015&id=650559391013
73,650559391013,派乐熊儿童床垫品牌店,派乐熊儿童专用床垫加密独立袋弹簧青少年偏硬护脊席梦思学生家用,1131.35,双面E22CM=【记忆棉+黄麻】+静音独立袋弹簧,1209.55,1618,平台加补后,https://detail.tmall.com/item.htm?b_s_f=sycm&b_spm=a21ag.29085015&id=650559391013
73,650559391013,派乐熊儿童床垫品牌店,派乐熊儿童专用床垫加密独立袋弹簧青少年偏硬护脊席梦思学生家用,1131.35,双面E20CM=【记忆棉+黄麻】+静音独立袋弹簧,1209.55,1618,平台加补后,https://detail.tmall.com/item.htm?b_s_f=sycm&b_spm=a21ag.29085015&id=650559391013
73,650559391013,派乐熊儿童床垫品牌店,派乐熊儿童专用床垫加密独立袋弹簧青少年偏硬护脊席梦思学生家用,1131.35,双面E15CM=【记忆棉+黄麻】+静音独立袋弹簧,1209.55,1618,平台加补后,https://detail.tmall.com/item.htm?b_s_f=sycm&b_spm=a21ag.29085015&id=650559391013
74,753435672675,铂马仕旗舰店,铂马仕护脊弹簧床垫黄麻席梦思乳胶软垫家用1.5米 1.8m椰棕硬垫,1172.15,强效护脊 A款 20cm厚=2cm进口乳胶+防塌边护脊弹簧,1201.9,1698,平台加补后,https://detail.tmall.com/item.htm?b_s_f=sycm&b_spm=a21ag.29085015&id=753435672675
74,753435672675,铂马仕旗舰店,铂马仕护脊弹簧床垫黄麻席梦思乳胶软垫家用1.5米 1.8m椰棕硬垫,1172.15,强效护脊B款 22cm厚=2cm进口乳胶+防塌边护脊弹簧 +护脊黄麻,1263.1,1780,平台加补后,https://detail.tmall.com/item.htm?b_s_f=sycm&b_spm=a21ag.29085015&id=753435672675
74,753435672675,铂马仕旗舰店,铂马仕护脊弹簧床垫黄麻席梦思乳胶软垫家用1.5米 1.8m椰棕硬垫,1172.15,强效护脊C款 20cm厚=2cm护脊黄麻+防塌边护脊弹簧,1172.15,1658,平台加补后,https://detail.tmall.com/item.htm?b_s_f=sycm&b_spm=a21ag.29085015&id=753435672675
74,753435672675,铂马仕旗舰店,铂马仕护脊弹簧床垫黄麻席梦思乳胶软垫家用1.5米 1.8m椰棕硬垫,1172.15,强效护脊D款 22cm厚=2cm进口乳胶+护脊黄麻+防塌边护脊弹簧 近期热销,1263.1,1780,平台加补后,https://detail.tmall.com/item.htm?b_s_f=sycm&b_spm=a21ag.29085015&id=753435672675
75,708089540708,moonlightfamily旗舰店,月光之家5cm乳胶床垫超薄家庭用五星级酒店席梦思独立弹簧偏软1.8,1338.75,A款【12cm厚】3cm乳胶+独立袋弹簧 单面睡,1338.75,1961,平台加补后,https://detail.tmall.com/item.htm?b_s_f=sycm&b_spm=a21ag.29085015&id=708089540708
75,708089540708,moonlightfamily旗舰店,月光之家5cm乳胶床垫超薄家庭用五星级酒店席梦思独立弹簧偏软1.8,1338.75,B款【12cm厚】5cm乳胶+独立袋弹簧 单面睡,1488.35,2218,平台加补后,https://detail.tmall.com/item.htm?b_s_f=sycm&b_spm=a21ag.29085015&id=708089540708
75,708089540708,moonlightfamily旗舰店,月光之家5cm乳胶床垫超薄家庭用五星级酒店席梦思独立弹簧偏软1.8,1338.75,C款【15cm厚】3cm乳胶+独立袋弹簧 单面睡,1368.5,2057,平台加补后,https://detail.tmall.com/item.htm?b_s_f=sycm&b_spm=a21ag.29085015&id=708089540708
75,708089540708,moonlightfamily旗舰店,月光之家5cm乳胶床垫超薄家庭用五星级酒店席梦思独立弹簧偏软1.8,1338.75,D款【15cm厚】5cm乳胶+独立袋弹簧+记忆棉 双面睡 推,1568.25,2324,平台加补后,https://detail.tmall.com/item.htm?b_s_f=sycm&b_spm=a21ag.29085015&id=708089540708
75,708089540708,moonlightfamily旗舰店,月光之家5cm乳胶床垫超薄家庭用五星级酒店席梦思独立弹簧偏软1.8,1338.75,E款【16cm厚】3cm乳胶+独立袋弹簧+黄麻 软硬双面 店长主推,1428.85,2138,平台加补后,https://detail.tmall.com/item.htm?b_s_f=sycm&b_spm=a21ag.29085015&id=708089540708
75,708089540708,moonlightfamily旗舰店,月光之家5cm乳胶床垫超薄家庭用五星级酒店席梦思独立弹簧偏软1.8,1338.75,F款【20cm厚】3cm乳胶+独立袋弹簧+黄麻 软硬双面 推,1468.8,2191,平台加补后,https://detail.tmall.com/item.htm?b_s_f=sycm&b_spm=a21ag.29085015&id=708089540708
75,708089540708,moonlightfamily旗舰店,月光之家5cm乳胶床垫超薄家庭用五星级酒店席梦思独立弹簧偏软1.8,1338.75,G款【20cm厚】5cm乳胶+独立袋弹簧 单面睡,1558.9,2312,平台加补后,https://detail.tmall.com/item.htm?b_s_f=sycm&b_spm=a21ag.29085015&id=708089540708
76,626431216907,moonlightfamily旗舰店,月光之家儿童床垫天然黄麻棕垫榻榻米硬1.5米青少年学生专用1.2m,949.45,蓝色A：6cm【偏硬】=3cm无胶S型黄麻,949.45,1395,平台加补后,https://detail.tmall.com/item.htm?b_s_f=sycm&b_spm=a21ag.29085015&id=626431216907
76,626431216907,moonlightfamily旗舰店,月光之家儿童床垫天然黄麻棕垫榻榻米硬1.5米青少年学生专用1.2m,949.45,蓝色B：8cm【偏硬】=5cm无胶S型黄麻,1049.75,1574,平台加补后,https://detail.tmall.com/item.htm?b_s_f=sycm&b_spm=a21ag.29085015&id=626431216907
76,626431216907,moonlightfamily旗舰店,月光之家儿童床垫天然黄麻棕垫榻榻米硬1.5米青少年学生专用1.2m,949.45,蓝色C：10cm【偏硬】=7cm无胶S型黄麻,1149.2,1707,平台加补后,https://detail.tmall.com/item.htm?b_s_f=sycm&b_spm=a21ag.29085015&id=626431216907
76,626431216907,moonlightfamily旗舰店,月光之家儿童床垫天然黄麻棕垫榻榻米硬1.5米青少年学生专用1.2m,949.45,蓝色D：12cm【偏硬】=9cm无胶S型黄麻,1249.5,1841,平台加补后,https://detail.tmall.com/item.htm?b_s_f=sycm&b_spm=a21ag.29085015&id=626431216907
76,626431216907,moonlightfamily旗舰店,月光之家儿童床垫天然黄麻棕垫榻榻米硬1.5米青少年学生专用1.2m,949.45,蓝色E：15cm【偏硬】=12cm无胶S型黄麻,1399.1,2098,平台加补后,https://detail.tmall.com/item.htm?b_s_f=sycm&b_spm=a21ag.29085015&id=626431216907
76,626431216907,moonlightfamily旗舰店,月光之家儿童床垫天然黄麻棕垫榻榻米硬1.5米青少年学生专用1.2m,949.45,蓝色F：18cm【偏硬】=15cm无胶S型黄麻,1649.85,2433,平台加补后,https://detail.tmall.com/item.htm?b_s_f=sycm&b_spm=a21ag.29085015&id=626431216907
76,626431216907,moonlightfamily旗舰店,月光之家儿童床垫天然黄麻棕垫榻榻米硬1.5米青少年学生专用1.2m,949.45,蓝色G：8cm【适中+偏硬】=2cm乳胶+3cm无胶S型黄麻,1149.2,1707,平台加补后,https://detail.tmall.com/item.htm?b_s_f=sycm&b_spm=a21ag.29085015&id=626431216907
76,626431216907,moonlightfamily旗舰店,月光之家儿童床垫天然黄麻棕垫榻榻米硬1.5米青少年学生专用1.2m,949.45,蓝色H：10cm【适中+偏硬】=2cm乳胶+5cm无胶S型黄麻,1249.5,1841,平台加补后,https://detail.tmall.com/item.htm?b_s_f=sycm&b_spm=a21ag.29085015&id=626431216907
76,626431216907,moonlightfamily旗舰店,月光之家儿童床垫天然黄麻棕垫榻榻米硬1.5米青少年学生专用1.2m,949.45,蓝色I：12cm【适中+偏硬】=2cm乳胶+7cm无胶S型黄麻,1299.65,1908,平台加补后,https://detail.tmall.com/item.htm?b_s_f=sycm&b_spm=a21ag.29085015&id=626431216907
76,626431216907,moonlightfamily旗舰店,月光之家儿童床垫天然黄麻棕垫榻榻米硬1.5米青少年学生专用1.2m,949.45,蓝色J：15cm【适中+偏硬】=2cm乳胶+10cm无胶S型黄麻,1499.4,2232,平台加补后,https://detail.tmall.com/item.htm?b_s_f=sycm&b_spm=a21ag.29085015&id=626431216907
76,626431216907,moonlightfamily旗舰店,月光之家儿童床垫天然黄麻棕垫榻榻米硬1.5米青少年学生专用1.2m,949.45,蓝色K：18cm【适中+偏硬】=2cm乳胶+13cm无胶S型黄麻,1649.85,2433,平台加补后,https://detail.tmall.com/item.htm?b_s_f=sycm&b_spm=a21ag.29085015&id=626431216907
76,626431216907,moonlightfamily旗舰店,月光之家儿童床垫天然黄麻棕垫榻榻米硬1.5米青少年学生专用1.2m,949.45,粉色A：6cm【偏硬】=3cm无胶S型黄麻,949.45,1395,平台加补后,https://detail.tmall.com/item.htm?b_s_f=sycm&b_spm=a21ag.29085015&id=626431216907
76,626431216907,moonlightfamily旗舰店,月光之家儿童床垫天然黄麻棕垫榻榻米硬1.5米青少年学生专用1.2m,949.45,粉色B：8cm【偏硬】=5cm无胶S型黄麻,1049.75,1574,平台加补后,https://detail.tmall.com/item.htm?b_s_f=sycm&b_spm=a21ag.29085015&id=626431216907
76,626431216907,moonlightfamily旗舰店,月光之家儿童床垫天然黄麻棕垫榻榻米硬1.5米青少年学生专用1.2m,949.45,粉色C：10cm【偏硬】=7cm无胶S型黄麻,1149.2,1707,平台加补后,https://detail.tmall.com/item.htm?b_s_f=sycm&b_spm=a21ag.29085015&id=626431216907
76,626431216907,moonlightfamily旗舰店,月光之家儿童床垫天然黄麻棕垫榻榻米硬1.5米青少年学生专用1.2m,949.45,粉色D：12cm【偏硬】=9cm无胶S型黄麻,1249.5,1841,平台加补后,https://detail.tmall.com/item.htm?b_s_f=sycm&b_spm=a21ag.29085015&id=626431216907
76,626431216907,moonlightfamily旗舰店,月光之家儿童床垫天然黄麻棕垫榻榻米硬1.5米青少年学生专用1.2m,949.45,粉色E：15cm【偏硬】=12cm无胶S型黄麻,1399.1,2098,平台加补后,https://detail.tmall.com/item.htm?b_s_f=sycm&b_spm=a21ag.29085015&id=626431216907
76,626431216907,moonlightfamily旗舰店,月光之家儿童床垫天然黄麻棕垫榻榻米硬1.5米青少年学生专用1.2m,949.45,粉色F：18cm【偏硬】=15cm无胶S型黄麻,1649.85,2433,平台加补后,https://detail.tmall.com/item.htm?b_s_f=sycm&b_spm=a21ag.29085015&id=626431216907
76,626431216907,moonlightfamily旗舰店,月光之家儿童床垫天然黄麻棕垫榻榻米硬1.5米青少年学生专用1.2m,949.45,粉色G：8cm【适中+偏硬】=2cm乳胶+3cm无胶S型黄麻,1149.2,1707,平台加补后,https://detail.tmall.com/item.htm?b_s_f=sycm&b_spm=a21ag.29085015&id=626431216907
76,626431216907,moonlightfamily旗舰店,月光之家儿童床垫天然黄麻棕垫榻榻米硬1.5米青少年学生专用1.2m,949.45,粉色H：10cm【适中+偏硬】=2cm乳胶+5cm无胶S型黄麻,1249.5,1841,平台加补后,https://detail.tmall.com/item.htm?b_s_f=sycm&b_spm=a21ag.29085015&id=626431216907
76,626431216907,moonlightfamily旗舰店,月光之家儿童床垫天然黄麻棕垫榻榻米硬1.5米青少年学生专用1.2m,949.45,粉色I：12cm【适中+偏硬】=2cm乳胶+7cm无胶S型黄麻,1299.65,1908,平台加补后,https://detail.tmall.com/item.htm?b_s_f=sycm&b_spm=a21ag.29085015&id=626431216907
76,626431216907,moonlightfamily旗舰店,月光之家儿童床垫天然黄麻棕垫榻榻米硬1.5米青少年学生专用1.2m,949.45,粉色J：15cm【适中+偏硬】=2cm乳胶+10cm无胶S型黄麻,1499.4,2232,平台加补后,https://detail.tmall.com/item.htm?b_s_f=sycm&b_spm=a21ag.29085015&id=626431216907
76,626431216907,moonlightfamily旗舰店,月光之家儿童床垫天然黄麻棕垫榻榻米硬1.5米青少年学生专用1.2m,949.45,粉色K：18cm【适中+偏硬】=2cm乳胶+13cm无胶S型黄麻,1649.85,2433,平台加补后,https://detail.tmall.com/item.htm?b_s_f=sycm&b_spm=a21ag.29085015&id=626431216907
77,943732529605,rozo家具旗舰店,ROZO黄豆加硬全拆床垫S型天然黄麻乳胶榻榻米矮床儿童偏硬护脊,496.4,黄豆护脊A【6CM】亚麻面料+3分黄麻,496.4,786,平台加补后,https://detail.tmall.com/item.htm?b_s_f=sycm&b_spm=a21ag.29085015&id=943732529605
77,943732529605,rozo家具旗舰店,ROZO黄豆加硬全拆床垫S型天然黄麻乳胶榻榻米矮床儿童偏硬护脊,496.4,黄豆护脊B【8CM】亚麻面料+5分黄麻,584.38,903.5,平台加补后,https://detail.tmall.com/item.htm?b_s_f=sycm&b_spm=a21ag.29085015&id=943732529605
77,943732529605,rozo家具旗舰店,ROZO黄豆加硬全拆床垫S型天然黄麻乳胶榻榻米矮床儿童偏硬护脊,496.4,黄豆护脊C【10CM】亚麻面料+7分黄麻,672.35,1021,平台加补后,https://detail.tmall.com/item.htm?b_s_f=sycm&b_spm=a21ag.29085015&id=943732529605
77,943732529605,rozo家具旗舰店,ROZO黄豆加硬全拆床垫S型天然黄麻乳胶榻榻米矮床儿童偏硬护脊,496.4,黄豆护脊D【13CM】亚麻面料+10分黄麻,760.75,1139,平台加补后,https://detail.tmall.com/item.htm?b_s_f=sycm&b_spm=a21ag.29085015&id=943732529605
77,943732529605,rozo家具旗舰店,ROZO黄豆加硬全拆床垫S型天然黄麻乳胶榻榻米矮床儿童偏硬护脊,496.4,黄豆舒脊A【8CM】亚麻面料+2分乳胶+3分黄麻,540.18,844.5,平台加补后,https://detail.tmall.com/item.htm?b_s_f=sycm&b_spm=a21ag.29085015&id=943732529605
77,943732529605,rozo家具旗舰店,ROZO黄豆加硬全拆床垫S型天然黄麻乳胶榻榻米矮床儿童偏硬护脊,496.4,黄豆舒脊B【10CM】亚麻面料+2分乳胶+5分黄麻,628.58,962.5,平台加补后,https://detail.tmall.com/item.htm?b_s_f=sycm&b_spm=a21ag.29085015&id=943732529605
77,943732529605,rozo家具旗舰店,ROZO黄豆加硬全拆床垫S型天然黄麻乳胶榻榻米矮床儿童偏硬护脊,496.4,黄豆舒脊C【12CM】亚麻面料+2分乳胶+7分黄麻,716.55,1080,平台加补后,https://detail.tmall.com/item.htm?b_s_f=sycm&b_spm=a21ag.29085015&id=943732529605
77,943732529605,rozo家具旗舰店,ROZO黄豆加硬全拆床垫S型天然黄麻乳胶榻榻米矮床儿童偏硬护脊,496.4,黄豆舒脊D【15CM】亚麻面料+2分乳胶+10分黄麻,804.52,1197.5,平台加补后,https://detail.tmall.com/item.htm?b_s_f=sycm&b_spm=a21ag.29085015&id=943732529605
77,943732529605,rozo家具旗舰店,ROZO黄豆加硬全拆床垫S型天然黄麻乳胶榻榻米矮床儿童偏硬护脊,496.4,黄豆护脊A2.0【8CM】亚麻面料+2分3D纤维+3分S黄麻,628.58,962.5,平台加补后,https://detail.tmall.com/item.htm?b_s_f=sycm&b_spm=a21ag.29085015&id=943732529605
77,943732529605,rozo家具旗舰店,ROZO黄豆加硬全拆床垫S型天然黄麻乳胶榻榻米矮床儿童偏硬护脊,496.4,黄豆护脊B2.0【10CM】亚麻面料+2分3D纤维+5分S黄麻,716.55,1080,平台加补后,https://detail.tmall.com/item.htm?b_s_f=sycm&b_spm=a21ag.29085015&id=943732529605
77,943732529605,rozo家具旗舰店,ROZO黄豆加硬全拆床垫S型天然黄麻乳胶榻榻米矮床儿童偏硬护脊,496.4,黄豆护脊C2.0【12CM】亚麻面料+2分3D纤维+7分S黄麻,804.52,1197.5,平台加补后,https://detail.tmall.com/item.htm?b_s_f=sycm&b_spm=a21ag.29085015&id=943732529605
77,943732529605,rozo家具旗舰店,ROZO黄豆加硬全拆床垫S型天然黄麻乳胶榻榻米矮床儿童偏硬护脊,496.4,黄豆护脊D2.0【15CM】亚麻面料+2分3D纤维+10分S黄麻,892.92,1315.5,平台加补后,https://detail.tmall.com/item.htm?b_s_f=sycm&b_spm=a21ag.29085015&id=943732529605
77,943732529605,rozo家具旗舰店,ROZO黄豆加硬全拆床垫S型天然黄麻乳胶榻榻米矮床儿童偏硬护脊,496.4,黄豆舒脊A2.0【8CM】亚麻面料+2分记忆棉+3分S黄麻,584.38,903.5,平台加补后,https://detail.tmall.com/item.htm?b_s_f=sycm&b_spm=a21ag.29085015&id=943732529605
77,943732529605,rozo家具旗舰店,ROZO黄豆加硬全拆床垫S型天然黄麻乳胶榻榻米矮床儿童偏硬护脊,496.4,黄豆舒脊B2.0【10CM】亚麻面料+2分记忆棉+5分S黄麻,672.35,1021,平台加补后,https://detail.tmall.com/item.htm?b_s_f=sycm&b_spm=a21ag.29085015&id=943732529605
77,943732529605,rozo家具旗舰店,ROZO黄豆加硬全拆床垫S型天然黄麻乳胶榻榻米矮床儿童偏硬护脊,496.4,黄豆舒脊C2.0【12CM】亚麻面料+2分记忆棉+7分S黄麻,760.75,1139,平台加补后,https://detail.tmall.com/item.htm?b_s_f=sycm&b_spm=a21ag.29085015&id=943732529605
77,943732529605,rozo家具旗舰店,ROZO黄豆加硬全拆床垫S型天然黄麻乳胶榻榻米矮床儿童偏硬护脊,496.4,黄豆舒脊D2.0【15CM】亚麻面料+2分记忆棉+10分S黄麻,848.72,1256.5,平台加补后,https://detail.tmall.com/item.htm?b_s_f=sycm&b_spm=a21ag.29085015&id=943732529605
78,942607064286,麻师傅家具旗舰店,麻师傅S型黄麻床垫折叠学生榻榻米10cm15椰棕含乳胶老人加硬护腰,574.6,[可折叠]A6cm偏硬[3cm加密S形黄麻+华夫格面] 近期热销,574.6,769,平台加补后,https://detail.tmall.com/item.htm?b_s_f=sycm&b_spm=a21ag.29085015&id=942607064286
78,942607064286,麻师傅家具旗舰店,麻师傅S型黄麻床垫折叠学生榻榻米10cm15椰棕含乳胶老人加硬护腰,574.6,[可折叠]A8cm偏硬[5cm加密S形黄麻+华夫格面],711.45,952,平台加补后,https://detail.tmall.com/item.htm?b_s_f=sycm&b_spm=a21ag.29085015&id=942607064286
78,942607064286,麻师傅家具旗舰店,麻师傅S型黄麻床垫折叠学生榻榻米10cm15椰棕含乳胶老人加硬护腰,574.6,[可折叠]A10cm偏硬[7cm加密S形黄麻+华夫格面],838.95,1122,平台加补后,https://detail.tmall.com/item.htm?b_s_f=sycm&b_spm=a21ag.29085015&id=942607064286
78,942607064286,麻师傅家具旗舰店,麻师傅S型黄麻床垫折叠学生榻榻米10cm15椰棕含乳胶老人加硬护腰,574.6,[可折叠]A12cm偏硬[10cm加密S形黄麻+华夫格面],985.15,1318,平台加补后,https://detail.tmall.com/item.htm?b_s_f=sycm&b_spm=a21ag.29085015&id=942607064286
78,942607064286,麻师傅家具旗舰店,麻师傅S型黄麻床垫折叠学生榻榻米10cm15椰棕含乳胶老人加硬护腰,574.6,[可折叠]B8cm适中[2cm乳胶+3cm加密S形黄麻+华夫格面],799.85,1070,平台加补后,https://detail.tmall.com/item.htm?b_s_f=sycm&b_spm=a21ag.29085015&id=942607064286
78,942607064286,麻师傅家具旗舰店,麻师傅S型黄麻床垫折叠学生榻榻米10cm15椰棕含乳胶老人加硬护腰,574.6,[可折叠]B10cm适中[2cm乳胶+5cm加密S形黄麻+华夫格面],936.7,1253,平台加补后,https://detail.tmall.com/item.htm?b_s_f=sycm&b_spm=a21ag.29085015&id=942607064286
78,942607064286,麻师傅家具旗舰店,麻师傅S型黄麻床垫折叠学生榻榻米10cm15椰棕含乳胶老人加硬护腰,574.6,[可折叠]B12cm适中[2cm乳胶+7cm加密S形黄麻+华夫格面],1093.1,1462,平台加补后,https://detail.tmall.com/item.htm?b_s_f=sycm&b_spm=a21ag.29085015&id=942607064286
78,942607064286,麻师傅家具旗舰店,麻师傅S型黄麻床垫折叠学生榻榻米10cm15椰棕含乳胶老人加硬护腰,574.6,[可折叠]B15cm适中[2cm乳胶+10cm加密S形黄麻+华夫格面],1337.9,1789,平台加补后,https://detail.tmall.com/item.htm?b_s_f=sycm&b_spm=a21ag.29085015&id=942607064286
78,942607064286,麻师傅家具旗舰店,麻师傅S型黄麻床垫折叠学生榻榻米10cm15椰棕含乳胶老人加硬护腰,574.6,[可折叠]C8cm适中[2cm记忆棉+3cm加密S形黄麻+华夫格面],799.85,1070,平台加补后,https://detail.tmall.com/item.htm?b_s_f=sycm&b_spm=a21ag.29085015&id=942607064286
78,942607064286,麻师傅家具旗舰店,麻师傅S型黄麻床垫折叠学生榻榻米10cm15椰棕含乳胶老人加硬护腰,574.6,[可折叠]C10cm适中[2cm记忆棉+5cm加密S形黄麻+华夫格面],936.7,1253,平台加补后,https://detail.tmall.com/item.htm?b_s_f=sycm&b_spm=a21ag.29085015&id=942607064286
78,942607064286,麻师傅家具旗舰店,麻师傅S型黄麻床垫折叠学生榻榻米10cm15椰棕含乳胶老人加硬护腰,574.6,[可折叠]C12cm适中[2cm记忆棉+7cm加密S形黄麻+华夫格面],1093.1,1462,平台加补后,https://detail.tmall.com/item.htm?b_s_f=sycm&b_spm=a21ag.29085015&id=942607064286
78,942607064286,麻师傅家具旗舰店,麻师傅S型黄麻床垫折叠学生榻榻米10cm15椰棕含乳胶老人加硬护腰,574.6,[可折叠]C15cm适中[2cm记忆棉+10cm加密S形黄麻+华夫格面],1337.9,1789,平台加补后,https://detail.tmall.com/item.htm?b_s_f=sycm&b_spm=a21ag.29085015&id=942607064286
78,942607064286,麻师傅家具旗舰店,麻师傅S型黄麻床垫折叠学生榻榻米10cm15椰棕含乳胶老人加硬护腰,574.6,[可折叠]D8cm适中[2cm透气3D+3cm加密S形黄麻+华夫格面],799.85,1070,平台加补后,https://detail.tmall.com/item.htm?b_s_f=sycm&b_spm=a21ag.29085015&id=942607064286
78,942607064286,麻师傅家具旗舰店,麻师傅S型黄麻床垫折叠学生榻榻米10cm15椰棕含乳胶老人加硬护腰,574.6,[可折叠]D10cm适中[2cm透气3D+5cm加密S形黄麻+华夫格面],936.7,1253,平台加补后,https://detail.tmall.com/item.htm?b_s_f=sycm&b_spm=a21ag.29085015&id=942607064286
78,942607064286,麻师傅家具旗舰店,麻师傅S型黄麻床垫折叠学生榻榻米10cm15椰棕含乳胶老人加硬护腰,574.6,[可折叠]D12cm适中[2cm透气3D+7cm加密S形黄麻+华夫格面],1093.1,1462,平台加补后,https://detail.tmall.com/item.htm?b_s_f=sycm&b_spm=a21ag.29085015&id=942607064286
78,942607064286,麻师傅家具旗舰店,麻师傅S型黄麻床垫折叠学生榻榻米10cm15椰棕含乳胶老人加硬护腰,574.6,[可折叠]D15cm适中[2cm透气3D+10cm加密S形黄麻+华夫格面],1337.9,1789,平台加补后,https://detail.tmall.com/item.htm?b_s_f=sycm&b_spm=a21ag.29085015&id=942607064286
79,735558795052,yarges悠梦思旗舰店,悠梦思华夫格独立袋弹簧床垫1.8m压缩乳胶席梦思20cm厚五星酒店,739.5,舒睡A【独立袋弹簧】 静音适中≈20cm 静音适中 近期热销,739.5,1048,平台加补后,https://detail.tmall.com/item.htm?b_s_f=sycm&b_spm=a21ag.29085015&id=735558795052
79,735558795052,yarges悠梦思旗舰店,悠梦思华夫格独立袋弹簧床垫1.8m压缩乳胶席梦思20cm厚五星酒店,739.5,舒睡B【独立袋弹簧】 适中贴合≈22cm 适中贴合,783.7,1108,平台加补后,https://detail.tmall.com/item.htm?b_s_f=sycm&b_spm=a21ag.29085015&id=735558795052
79,735558795052,yarges悠梦思旗舰店,悠梦思华夫格独立袋弹簧床垫1.8m压缩乳胶席梦思20cm厚五星酒店,739.5,升级A【九区独立袋弹簧】 软硬适中≈20cm 软硬适中,842.35,1188,平台加补后,https://detail.tmall.com/item.htm?b_s_f=sycm&b_spm=a21ag.29085015&id=735558795052
79,735558795052,yarges悠梦思旗舰店,悠梦思华夫格独立袋弹簧床垫1.8m压缩乳胶席梦思20cm厚五星酒店,739.5,升级B【九区独立袋弹簧】 适中贴合≈22cm 适中贴合,916.3,1288,平台加补后,https://detail.tmall.com/item.htm?b_s_f=sycm&b_spm=a21ag.29085015&id=735558795052
79,735558795052,yarges悠梦思旗舰店,悠梦思华夫格独立袋弹簧床垫1.8m压缩乳胶席梦思20cm厚五星酒店,739.5,升级C【九区独立袋弹簧】 适中Q弹≈22cm 适中Q弹,916.3,1288,平台加补后,https://detail.tmall.com/item.htm?b_s_f=sycm&b_spm=a21ag.29085015&id=735558795052
79,735558795052,yarges悠梦思旗舰店,悠梦思华夫格独立袋弹簧床垫1.8m压缩乳胶席梦思20cm厚五星酒店,739.5,升级D【九区独立袋弹簧】 适中适压≈24cm 适中舒压,989.4,1388,平台加补后,https://detail.tmall.com/item.htm?b_s_f=sycm&b_spm=a21ag.29085015&id=735558795052
80,773925664034,CEFALU旗舰店,薄款独立袋10cm矮弹簧记忆棉席梦思黄麻偏硬护脊薄床垫家用可拆洗,659.6,A款10cm丨双线护脊弹簧+华夫格面料 近期热销,687.65,977,平台加补后,https://detail.tmall.com/item.htm?b_s_f=sycm&b_spm=a21ag.29085015&id=773925664034
80,773925664034,CEFALU旗舰店,薄款独立袋10cm矮弹簧记忆棉席梦思黄麻偏硬护脊薄床垫家用可拆洗,659.6,B款12cm丨2cm进口黄麻+双线护脊弹簧+华夫格面料,786.25,1108,平台加补后,https://detail.tmall.com/item.htm?b_s_f=sycm&b_spm=a21ag.29085015&id=773925664034
80,773925664034,CEFALU旗舰店,薄款独立袋10cm矮弹簧记忆棉席梦思黄麻偏硬护脊薄床垫家用可拆洗,659.6,C款12cm丨2cm零压记忆棉+双线护脊弹簧+华夫格面料,786.25,1108,平台加补后,https://detail.tmall.com/item.htm?b_s_f=sycm&b_spm=a21ag.29085015&id=773925664034
80,773925664034,CEFALU旗舰店,薄款独立袋10cm矮弹簧记忆棉席梦思黄麻偏硬护脊薄床垫家用可拆洗,659.6,D款12cm丨2cm3D空气纤维+双线护脊弹簧+华夫格面料,786.25,1108,平台加补后,https://detail.tmall.com/item.htm?b_s_f=sycm&b_spm=a21ag.29085015&id=773925664034
80,773925664034,CEFALU旗舰店,薄款独立袋10cm矮弹簧记忆棉席梦思黄麻偏硬护脊薄床垫家用可拆洗,659.6,E款13cm丨3cm零压记忆棉+双线护脊弹簧+华夫格面料,717.4,1017,平台加补后,https://detail.tmall.com/item.htm?b_s_f=sycm&b_spm=a21ag.29085015&id=773925664034
80,773925664034,CEFALU旗舰店,薄款独立袋10cm矮弹簧记忆棉席梦思黄麻偏硬护脊薄床垫家用可拆洗,659.6,F款15cm丨5cm零压记忆棉+双线护脊弹簧+华夫格面料,884,1239,平台加补后,https://detail.tmall.com/item.htm?b_s_f=sycm&b_spm=a21ag.29085015&id=773925664034
80,773925664034,CEFALU旗舰店,薄款独立袋10cm矮弹簧记忆棉席梦思黄麻偏硬护脊薄床垫家用可拆洗,659.6,G款14cm丨【可调节】2cm零压记忆棉+2cm进口黄麻+双线护脊弹簧+华夫格面料,659.6,939,平台加补后,https://detail.tmall.com/item.htm?b_s_f=sycm&b_spm=a21ag.29085015&id=773925664034
80,773925664034,CEFALU旗舰店,薄款独立袋10cm矮弹簧记忆棉席梦思黄麻偏硬护脊薄床垫家用可拆洗,659.6,H款14cm丨【可调节】2cm3D空气纤维+2cm进口黄麻+双线护脊弹簧+华夫格面料,884,1239,平台加补后,https://detail.tmall.com/item.htm?b_s_f=sycm&b_spm=a21ag.29085015&id=773925664034
80,773925664034,CEFALU旗舰店,薄款独立袋10cm矮弹簧记忆棉席梦思黄麻偏硬护脊薄床垫家用可拆洗,659.6,升级A款10cm丨加密静音独立袋+华夫格面料,786.25,1108,平台加补后,https://detail.tmall.com/item.htm?b_s_f=sycm&b_spm=a21ag.29085015&id=773925664034
80,773925664034,CEFALU旗舰店,薄款独立袋10cm矮弹簧记忆棉席梦思黄麻偏硬护脊薄床垫家用可拆洗,659.6,升级B款12cm丨2cm进口黄麻+加密静音独立袋+华夫格面料,884,1239,平台加补后,https://detail.tmall.com/item.htm?b_s_f=sycm&b_spm=a21ag.29085015&id=773925664034
80,773925664034,CEFALU旗舰店,薄款独立袋10cm矮弹簧记忆棉席梦思黄麻偏硬护脊薄床垫家用可拆洗,659.6,升级C款12cm丨2cm零压记忆棉+加密静音独立袋+华夫格面料,884,1239,平台加补后,https://detail.tmall.com/item.htm?b_s_f=sycm&b_spm=a21ag.29085015&id=773925664034
80,773925664034,CEFALU旗舰店,薄款独立袋10cm矮弹簧记忆棉席梦思黄麻偏硬护脊薄床垫家用可拆洗,659.6,升级D款12cm丨2cm3D空气纤维+加密静音独立袋+华夫格面料,884,1239,平台加补后,https://detail.tmall.com/item.htm?b_s_f=sycm&b_spm=a21ag.29085015&id=773925664034
80,773925664034,CEFALU旗舰店,薄款独立袋10cm矮弹簧记忆棉席梦思黄麻偏硬护脊薄床垫家用可拆洗,659.6,升级E款13cm丨3cm零压记忆棉+加密静音独立袋+华夫格面料,941.8,1317,平台加补后,https://detail.tmall.com/item.htm?b_s_f=sycm&b_spm=a21ag.29085015&id=773925664034
80,773925664034,CEFALU旗舰店,薄款独立袋10cm矮弹簧记忆棉席梦思黄麻偏硬护脊薄床垫家用可拆洗,659.6,升级F款15cm丨5cm零压记忆棉+加密静音独立袋+华夫格面料,980.9,1369,平台加补后,https://detail.tmall.com/item.htm?b_s_f=sycm&b_spm=a21ag.29085015&id=773925664034
80,773925664034,CEFALU旗舰店,薄款独立袋10cm矮弹簧记忆棉席梦思黄麻偏硬护脊薄床垫家用可拆洗,659.6,升级G款14cm丨【可调节】2cm零压记忆棉+2cm进口黄麻+加密静音独立袋+华夫格面料,980.9,1369,平台加补后,https://detail.tmall.com/item.htm?b_s_f=sycm&b_spm=a21ag.29085015&id=773925664034
80,773925664034,CEFALU旗舰店,薄款独立袋10cm矮弹簧记忆棉席梦思黄麻偏硬护脊薄床垫家用可拆洗,659.6,升级H款14cm丨【可调节】2cm3D空气纤维+2cm进口黄麻+加密静音独立袋+华夫格面料,980.9,1369,平台加补后,https://detail.tmall.com/item.htm?b_s_f=sycm&b_spm=a21ag.29085015&id=773925664034
81,984636395043,铂马仕旗舰店,铂马仕薄乳胶床垫独立弹簧软垫记忆棉席梦思椰棕硬垫家用双人1.8m,875.5,护脊2.0A【11cm/护脊释压 适中睡感】2cm乳胶,1048.05,1458,平台加补后,https://detail.tmall.com/item.htm?b_s_f=sycm&b_spm=a21ag.29085015&id=984636395043
81,984636395043,铂马仕旗舰店,铂马仕薄乳胶床垫独立弹簧软垫记忆棉席梦思椰棕硬垫家用双人1.8m,875.5,护脊2.0B【11cm/推荐 偏硬护脊】2cm黄麻,1048.05,1458,平台加补后,https://detail.tmall.com/item.htm?b_s_f=sycm&b_spm=a21ag.29085015&id=984636395043
81,984636395043,铂马仕旗舰店,铂马仕薄乳胶床垫独立弹簧软垫记忆棉席梦思椰棕硬垫家用双人1.8m,875.5,护脊2.0C【11cm/偏硬护脊】2cm黄麻棕,1003,1398,平台加补后,https://detail.tmall.com/item.htm?b_s_f=sycm&b_spm=a21ag.29085015&id=984636395043
81,984636395043,铂马仕旗舰店,铂马仕薄乳胶床垫独立弹簧软垫记忆棉席梦思椰棕硬垫家用双人1.8m,875.5,静音2.0A【12cm/中软睡感】2cm乳胶 多人加购,1209.55,1708,平台加补后,https://detail.tmall.com/item.htm?b_s_f=sycm&b_spm=a21ag.29085015&id=984636395043
81,984636395043,铂马仕旗舰店,铂马仕薄乳胶床垫独立弹簧软垫记忆棉席梦思椰棕硬垫家用双人1.8m,875.5,静音2.0B【14cm/双面睡】2cm乳胶+黄麻,1298.8,1828,平台加补后,https://detail.tmall.com/item.htm?b_s_f=sycm&b_spm=a21ag.29085015&id=984636395043
81,984636395043,铂马仕旗舰店,铂马仕薄乳胶床垫独立弹簧软垫记忆棉席梦思椰棕硬垫家用双人1.8m,875.5,云享2.0A【14cm/柔软舒适】3cm乳胶 店长主推,1298.8,1828,平台加补后,https://detail.tmall.com/item.htm?b_s_f=sycm&b_spm=a21ag.29085015&id=984636395043
81,984636395043,铂马仕旗舰店,铂马仕薄乳胶床垫独立弹簧软垫记忆棉席梦思椰棕硬垫家用双人1.8m,875.5,云享2.0B【16cm/柔软双面】3cm乳胶+黄麻,1388.9,1948,平台加补后,https://detail.tmall.com/item.htm?b_s_f=sycm&b_spm=a21ag.29085015&id=984636395043
81,984636395043,铂马仕旗舰店,铂马仕薄乳胶床垫独立弹簧软垫记忆棉席梦思椰棕硬垫家用双人1.8m,875.5,升级2.0A(热销)13cm【1886颗专利小弹簧】2cm乳胶+3D 适中,1388.9,1948,平台加补后,https://detail.tmall.com/item.htm?b_s_f=sycm&b_spm=a21ag.29085015&id=984636395043
81,984636395043,铂马仕旗舰店,铂马仕薄乳胶床垫独立弹簧软垫记忆棉席梦思椰棕硬垫家用双人1.8m,875.5,升级2.0B 15cm【1886颗专利小弹簧】2cm乳胶+3D+黄麻 双面,1454.35,2058,平台加补后,https://detail.tmall.com/item.htm?b_s_f=sycm&b_spm=a21ag.29085015&id=984636395043
81,984636395043,铂马仕旗舰店,铂马仕薄乳胶床垫独立弹簧软垫记忆棉席梦思椰棕硬垫家用双人1.8m,875.5,升级2.0C(护脊推荐)12cm【1886颗专利小弹簧】2cm黄麻,1388.9,1948,平台加补后,https://detail.tmall.com/item.htm?b_s_f=sycm&b_spm=a21ag.29085015&id=984636395043
81,984636395043,铂马仕旗舰店,铂马仕薄乳胶床垫独立弹簧软垫记忆棉席梦思椰棕硬垫家用双人1.8m,875.5,旗舰2.0A 13cm【1886颗专利小弹簧】3cm乳胶 柔软,1476.45,2088,平台加补后,https://detail.tmall.com/item.htm?b_s_f=sycm&b_spm=a21ag.29085015&id=984636395043
81,984636395043,铂马仕旗舰店,铂马仕薄乳胶床垫独立弹簧软垫记忆棉席梦思椰棕硬垫家用双人1.8m,875.5,旗舰2.0B(荐)15cm【1886颗专利小弹簧】3cm乳胶+黄麻 双面,1551.25,2188,平台加补后,https://detail.tmall.com/item.htm?b_s_f=sycm&b_spm=a21ag.29085015&id=984636395043
81,984636395043,铂马仕旗舰店,铂马仕薄乳胶床垫独立弹簧软垫记忆棉席梦思椰棕硬垫家用双人1.8m,875.5,旗舰2.0C(护脊)14cm【1886颗专利小弹簧】2cm乳胶+黄麻,1468.8,2078,平台加补后,https://detail.tmall.com/item.htm?b_s_f=sycm&b_spm=a21ag.29085015&id=984636395043
81,984636395043,铂马仕旗舰店,铂马仕薄乳胶床垫独立弹簧软垫记忆棉席梦思椰棕硬垫家用双人1.8m,875.5,奢睡2.0A【16cm/双簧舒压】超柔软,1603.95,2258,平台加补后,https://detail.tmall.com/item.htm?b_s_f=sycm&b_spm=a21ag.29085015&id=984636395043
81,984636395043,铂马仕旗舰店,铂马仕薄乳胶床垫独立弹簧软垫记忆棉席梦思椰棕硬垫家用双人1.8m,875.5,奢睡2.0B【18cm/双簧舒压】超柔软双面睡,1685.55,2368,平台加补后,https://detail.tmall.com/item.htm?b_s_f=sycm&b_spm=a21ag.29085015&id=984636395043
81,984636395043,铂马仕旗舰店,铂马仕薄乳胶床垫独立弹簧软垫记忆棉席梦思椰棕硬垫家用双人1.8m,875.5,奢睡2.0C 16cm【护脊3垫层-双簧舒压】柔韧护脊,1603.95,2258,平台加补后,https://detail.tmall.com/item.htm?b_s_f=sycm&b_spm=a21ag.29085015&id=984636395043
81,984636395043,铂马仕旗舰店,铂马仕薄乳胶床垫独立弹簧软垫记忆棉席梦思椰棕硬垫家用双人1.8m,875.5,120天真试睡,875.5,1228,平台加补后,https://detail.tmall.com/item.htm?b_s_f=sycm&b_spm=a21ag.29085015&id=984636395043
82,987240660508,铂马仕旗舰店,铂马仕薄款乳胶弹簧床垫席梦思独立软垫记忆棉床垫家用双人19cm,950.3,护脊2.0B 16CM【三重防塌独立簧】,950.3,1328,平台加补后,https://detail.tmall.com/item.htm?b_s_f=sycm&b_spm=a21ag.29085015&id=987240660508
82,987240660508,铂马仕旗舰店,铂马仕薄款乳胶弹簧床垫席梦思独立软垫记忆棉床垫家用双人19cm,950.3,护脊2.0D 18CM【三重防塌独立簧】双面,1025.1,1428,平台加补后,https://detail.tmall.com/item.htm?b_s_f=sycm&b_spm=a21ag.29085015&id=987240660508
82,987240660508,铂马仕旗舰店,铂马仕薄款乳胶弹簧床垫席梦思独立软垫记忆棉床垫家用双人19cm,950.3,升级2.0A 17CM【1886颗专利小弹簧】适中 店长主推,1269.05,1788,平台加补后,https://detail.tmall.com/item.htm?b_s_f=sycm&b_spm=a21ag.29085015&id=987240660508
82,987240660508,铂马仕旗舰店,铂马仕薄款乳胶弹簧床垫席梦思独立软垫记忆棉床垫家用双人19cm,950.3,升级2.0B 19CM【1886颗专利小弹簧】双面,1343.85,1888,平台加补后,https://detail.tmall.com/item.htm?b_s_f=sycm&b_spm=a21ag.29085015&id=987240660508
82,987240660508,铂马仕旗舰店,铂马仕薄款乳胶弹簧床垫席梦思独立软垫记忆棉床垫家用双人19cm,950.3,升级2.0C(护脊推荐)16CM【1886颗专利小弹簧】,1276.7,1798,平台加补后,https://detail.tmall.com/item.htm?b_s_f=sycm&b_spm=a21ag.29085015&id=987240660508
82,987240660508,铂马仕旗舰店,铂马仕薄款乳胶弹簧床垫席梦思独立软垫记忆棉床垫家用双人19cm,950.3,旗舰2.0A 17CM【1886颗专利小弹簧】柔软,1365.95,1918,平台加补后,https://detail.tmall.com/item.htm?b_s_f=sycm&b_spm=a21ag.29085015&id=987240660508
82,987240660508,铂马仕旗舰店,铂马仕薄款乳胶弹簧床垫席梦思独立软垫记忆棉床垫家用双人19cm,950.3,旗舰2.0B 19CM【1886颗专利小弹簧】双面,1423.75,2018,平台加补后,https://detail.tmall.com/item.htm?b_s_f=sycm&b_spm=a21ag.29085015&id=987240660508
82,987240660508,铂马仕旗舰店,铂马仕薄款乳胶弹簧床垫席梦思独立软垫记忆棉床垫家用双人19cm,950.3,旗舰2.0C 18CM【1886颗专利小弹簧】适中 近期热销,1351.5,1898,平台加补后,https://detail.tmall.com/item.htm?b_s_f=sycm&b_spm=a21ag.29085015&id=987240660508
82,987240660508,铂马仕旗舰店,铂马仕薄款乳胶弹簧床垫席梦思独立软垫记忆棉床垫家用双人19cm,950.3,旗舰3.0A面拆19CM【1886颗专利小弹簧】适中,1426.3,1998,平台加补后,https://detail.tmall.com/item.htm?b_s_f=sycm&b_spm=a21ag.29085015&id=987240660508
82,987240660508,铂马仕旗舰店,铂马仕薄款乳胶弹簧床垫席梦思独立软垫记忆棉床垫家用双人19cm,950.3,旗舰3.0B面拆19CM【1886颗专利小弹簧】偏硬,1454.35,2058,平台加补后,https://detail.tmall.com/item.htm?b_s_f=sycm&b_spm=a21ag.29085015&id=987240660508
82,987240660508,铂马仕旗舰店,铂马仕薄款乳胶弹簧床垫席梦思独立软垫记忆棉床垫家用双人19cm,950.3,旗舰3.0C面拆19CM【1886颗专利小弹簧】适中,1426.3,1998,平台加补后,https://detail.tmall.com/item.htm?b_s_f=sycm&b_spm=a21ag.29085015&id=987240660508
83,1056213868269,品味布帆家居旗舰店,品味布帆家用席梦思软垫记忆棉乳胶独立袋弹簧厚床垫双人酒店可选,867.85,舒睡A≈23cm【乳胶+轻音独立袋弹簧】偏软舒适,867.85,1206,平台加补后,https://detail.tmall.com/item.htm?b_s_f=sycm&b_spm=a21ag.29085015&id=1056213868269
83,1056213868269,品味布帆家居旗舰店,品味布帆家用席梦思软垫记忆棉乳胶独立袋弹簧厚床垫双人酒店可选,867.85,舒睡B≈23cm【记忆棉+轻音独立袋弹簧】偏软包裹,897.6,1246,平台加补后,https://detail.tmall.com/item.htm?b_s_f=sycm&b_spm=a21ag.29085015&id=1056213868269
83,1056213868269,品味布帆家居旗舰店,品味布帆家用席梦思软垫记忆棉乳胶独立袋弹簧厚床垫双人酒店可选,867.85,舒睡C≈25cm【乳胶+8cc3D+轻音独立袋弹簧】偏软透气,997.9,1380,平台加补后,https://detail.tmall.com/item.htm?b_s_f=sycm&b_spm=a21ag.29085015&id=1056213868269
83,1056213868269,品味布帆家居旗舰店,品味布帆家用席梦思软垫记忆棉乳胶独立袋弹簧厚床垫双人酒店可选,867.85,舒睡D≈25cm【记忆棉+8cc3D+轻音独立袋弹簧】偏软透气 店长主推,1037.85,1434,平台加补后,https://detail.tmall.com/item.htm?b_s_f=sycm&b_spm=a21ag.29085015&id=1056213868269
84,40585578946,铂马仕旗舰店,铂马仕天然椰棕床垫乳胶硬棕垫席梦思护脊1.5m1.8米折叠定做,561.85,护脊A款6cm=竹炭面料+3cm护脊S型黄麻,561.85,808,平台加补后,https://detail.tmall.com/item.htm?b_s_f=sycm&b_spm=a21ag.29085015&id=40585578946
84,40585578946,铂马仕旗舰店,铂马仕天然椰棕床垫乳胶硬棕垫席梦思护脊1.5m1.8米折叠定做,561.85,护脊A款8cm=竹炭面料+5cm护脊S型黄麻,621.35,888,平台加补后,https://detail.tmall.com/item.htm?b_s_f=sycm&b_spm=a21ag.29085015&id=40585578946
84,40585578946,铂马仕旗舰店,铂马仕天然椰棕床垫乳胶硬棕垫席梦思护脊1.5m1.8米折叠定做,561.85,护脊A款10cm=竹炭面料+7cm护脊S型黄麻 近期热销,717.4,1028,平台加补后,https://detail.tmall.com/item.htm?b_s_f=sycm&b_spm=a21ag.29085015&id=40585578946
84,40585578946,铂马仕旗舰店,铂马仕天然椰棕床垫乳胶硬棕垫席梦思护脊1.5m1.8米折叠定做,561.85,舒适B款8cm=竹炭面料+2cm乳胶+3cm护脊S型黄麻,717.4,1028,平台加补后,https://detail.tmall.com/item.htm?b_s_f=sycm&b_spm=a21ag.29085015&id=40585578946
84,40585578946,铂马仕旗舰店,铂马仕天然椰棕床垫乳胶硬棕垫席梦思护脊1.5m1.8米折叠定做,561.85,舒适B款10cm=竹炭面料+2cm乳胶+5cm护脊S型黄麻,792.2,1128,平台加补后,https://detail.tmall.com/item.htm?b_s_f=sycm&b_spm=a21ag.29085015&id=40585578946
84,40585578946,铂马仕旗舰店,铂马仕天然椰棕床垫乳胶硬棕垫席梦思护脊1.5m1.8米折叠定做,561.85,舒适B款12cm=竹炭面料+2cm乳胶+7cm护脊S型黄麻,848.3,1248,平台加补后,https://detail.tmall.com/item.htm?b_s_f=sycm&b_spm=a21ag.29085015&id=40585578946
84,40585578946,铂马仕旗舰店,铂马仕天然椰棕床垫乳胶硬棕垫席梦思护脊1.5m1.8米折叠定做,561.85,透气C款8cm=竹炭面料+2cm3D透气层+3cm护脊S型黄麻,717.4,1028,平台加补后,https://detail.tmall.com/item.htm?b_s_f=sycm&b_spm=a21ag.29085015&id=40585578946
84,40585578946,铂马仕旗舰店,铂马仕天然椰棕床垫乳胶硬棕垫席梦思护脊1.5m1.8米折叠定做,561.85,透气C款10cm=竹炭面料+2cm3D透气层+5cm护脊S型黄麻,792.2,1128,平台加补后,https://detail.tmall.com/item.htm?b_s_f=sycm&b_spm=a21ag.29085015&id=40585578946
84,40585578946,铂马仕旗舰店,铂马仕天然椰棕床垫乳胶硬棕垫席梦思护脊1.5m1.8米折叠定做,561.85,透气C款12cm=竹炭面料+2cm3D透气层+7cm护脊S型黄麻,848.3,1248,平台加补后,https://detail.tmall.com/item.htm?b_s_f=sycm&b_spm=a21ag.29085015&id=40585578946
84,40585578946,铂马仕旗舰店,铂马仕天然椰棕床垫乳胶硬棕垫席梦思护脊1.5m1.8米折叠定做,561.85,尊享D款10cm=竹炭面料+2cm乳胶+2cm3D透气层+3cm护脊S型黄麻,784.55,1118,平台加补后,https://detail.tmall.com/item.htm?b_s_f=sycm&b_spm=a21ag.29085015&id=40585578946
84,40585578946,铂马仕旗舰店,铂马仕天然椰棕床垫乳胶硬棕垫席梦思护脊1.5m1.8米折叠定做,561.85,尊享D款12cm=竹炭面料+2cm乳胶+2cm3D透气层+5cm护脊S型黄麻,870.4,1278,平台加补后,https://detail.tmall.com/item.htm?b_s_f=sycm&b_spm=a21ag.29085015&id=40585578946
84,40585578946,铂马仕旗舰店,铂马仕天然椰棕床垫乳胶硬棕垫席梦思护脊1.5m1.8米折叠定做,561.85,尊享D款14cm=竹炭面料+2cm乳胶+2cm3D透气层+7cm护脊S型黄麻,960.5,1398,平台加补后,https://detail.tmall.com/item.htm?b_s_f=sycm&b_spm=a21ag.29085015&id=40585578946
85,997397669549,yarges悠梦思旗舰店,政府补贴悠梦思S形黄麻全拆床垫1.8米1.5m儿童老人护脊硬宿舍薄垫,614.55,全拆升级A≈6cm 银离子面料+3cmS黄麻 可全拆,614.55,868,平台加补后,https://detail.tmall.com/item.htm?b_s_f=sycm&b_spm=a21ag.29085015&id=997397669549
85,997397669549,yarges悠梦思旗舰店,政府补贴悠梦思S形黄麻全拆床垫1.8米1.5m儿童老人护脊硬宿舍薄垫,614.55,全拆升级A≈8cm 银离子面料+5cmS黄麻 可全拆,682.55,958,平台加补后,https://detail.tmall.com/item.htm?b_s_f=sycm&b_spm=a21ag.29085015&id=997397669549
85,997397669549,yarges悠梦思旗舰店,政府补贴悠梦思S形黄麻全拆床垫1.8米1.5m儿童老人护脊硬宿舍薄垫,614.55,全拆升级A≈10cm 银离子面料+7cmS黄麻 可全拆,779.45,1088,平台加补后,https://detail.tmall.com/item.htm?b_s_f=sycm&b_spm=a21ag.29085015&id=997397669549
85,997397669549,yarges悠梦思旗舰店,政府补贴悠梦思S形黄麻全拆床垫1.8米1.5m儿童老人护脊硬宿舍薄垫,614.55,全拆升级A≈13cm 银离子面料+10cmS黄麻 可全拆,891.65,1238,平台加补后,https://detail.tmall.com/item.htm?b_s_f=sycm&b_spm=a21ag.29085015&id=997397669549
85,997397669549,yarges悠梦思旗舰店,政府补贴悠梦思S形黄麻全拆床垫1.8米1.5m儿童老人护脊硬宿舍薄垫,614.55,全拆升级B≈8cm 银离子面料+2cm乳胶+3cmS黄麻 可全拆,771.8,1078,平台加补后,https://detail.tmall.com/item.htm?b_s_f=sycm&b_spm=a21ag.29085015&id=997397669549
85,997397669549,yarges悠梦思旗舰店,政府补贴悠梦思S形黄麻全拆床垫1.8米1.5m儿童老人护脊硬宿舍薄垫,614.55,全拆升级B≈10cm 银离子面料+2cm乳胶+5cmS黄麻 可全拆,809.2,1128,平台加补后,https://detail.tmall.com/item.htm?b_s_f=sycm&b_spm=a21ag.29085015&id=997397669549
85,997397669549,yarges悠梦思旗舰店,政府补贴悠梦思S形黄麻全拆床垫1.8米1.5m儿童老人护脊硬宿舍薄垫,614.55,全拆升级B≈12cm 银离子面料+2cm乳胶+7cmS黄麻 可全拆,876.35,1218,平台加补后,https://detail.tmall.com/item.htm?b_s_f=sycm&b_spm=a21ag.29085015&id=997397669549
85,997397669549,yarges悠梦思旗舰店,政府补贴悠梦思S形黄麻全拆床垫1.8米1.5m儿童老人护脊硬宿舍薄垫,614.55,全拆升级B≈15cm 银离子面料+2cm乳胶+10cmS黄麻 可全拆,988.55,1368,平台加补后,https://detail.tmall.com/item.htm?b_s_f=sycm&b_spm=a21ag.29085015&id=997397669549
86,704696475115,布莱轩尼旗舰店,布莱轩尼10-15cm薄全拆床垫卧室偏硬黄麻席梦思矮弹簧家用榻榻米,895.9,A10cm硬度适中|全拆无胶|薄垫专用双线簧+2cm3D 多人加购,895.9,1198,平台加补后,https://detail.tmall.com/item.htm?b_s_f=sycm&b_spm=a21ag.29085015&id=704696475115
86,704696475115,布莱轩尼旗舰店,布莱轩尼10-15cm薄全拆床垫卧室偏硬黄麻席梦思矮弹簧家用榻榻米,895.9,B10cm偏硬|全拆无胶|薄垫专用双线簧+2cm黄麻,970.7,1298,平台加补后,https://detail.tmall.com/item.htm?b_s_f=sycm&b_spm=a21ag.29085015&id=704696475115
86,704696475115,布莱轩尼旗舰店,布莱轩尼10-15cm薄全拆床垫卧室偏硬黄麻席梦思矮弹簧家用榻榻米,895.9,C10cm加硬|全拆无胶|薄垫专用双线簧+2cm代棕棉,1045.5,1398,平台加补后,https://detail.tmall.com/item.htm?b_s_f=sycm&b_spm=a21ag.29085015&id=704696475115
86,704696475115,布莱轩尼旗舰店,布莱轩尼10-15cm薄全拆床垫卧室偏硬黄麻席梦思矮弹簧家用榻榻米,895.9,D12cm硬度适中|全拆无胶|薄垫专用双线簧+2cm3D,1045.5,1398,平台加补后,https://detail.tmall.com/item.htm?b_s_f=sycm&b_spm=a21ag.29085015&id=704696475115
86,704696475115,布莱轩尼旗舰店,布莱轩尼10-15cm薄全拆床垫卧室偏硬黄麻席梦思矮弹簧家用榻榻米,895.9,E12cm偏硬|全拆无胶|薄垫专用双线簧+2cm黄麻,1045.5,1398,平台加补后,https://detail.tmall.com/item.htm?b_s_f=sycm&b_spm=a21ag.29085015&id=704696475115
86,704696475115,布莱轩尼旗舰店,布莱轩尼10-15cm薄全拆床垫卧室偏硬黄麻席梦思矮弹簧家用榻榻米,895.9,F12cm加硬|全拆无胶|薄垫专用双线簧+2cm代棕棉,1120.3,1498,平台加补后,https://detail.tmall.com/item.htm?b_s_f=sycm&b_spm=a21ag.29085015&id=704696475115
86,704696475115,布莱轩尼旗舰店,布莱轩尼10-15cm薄全拆床垫卧室偏硬黄麻席梦思矮弹簧家用榻榻米,895.9,H15cm硬度适中|全拆无胶|薄垫专用双线簧+2cm3D,1045.5,1398,平台加补后,https://detail.tmall.com/item.htm?b_s_f=sycm&b_spm=a21ag.29085015&id=704696475115
86,704696475115,布莱轩尼旗舰店,布莱轩尼10-15cm薄全拆床垫卧室偏硬黄麻席梦思矮弹簧家用榻榻米,895.9,K15cm偏硬|全拆无胶|薄垫专用双线簧+2cm黄麻,1120.3,1498,平台加补后,https://detail.tmall.com/item.htm?b_s_f=sycm&b_spm=a21ag.29085015&id=704696475115
86,704696475115,布莱轩尼旗舰店,布莱轩尼10-15cm薄全拆床垫卧室偏硬黄麻席梦思矮弹簧家用榻榻米,895.9,M15cm加硬|全拆无胶|薄垫专用双线簧+2cm代棕棉,1195.1,1598,平台加补后,https://detail.tmall.com/item.htm?b_s_f=sycm&b_spm=a21ag.29085015&id=704696475115
87,1053690840174,yarges悠梦思旗舰店,悠梦思全拆S型黄麻床垫国家补贴乳胶1.8米儿童老人护脊10cm硬椰棕,573.43,舒脊A≈6cm 【高克重亚麻面料+3cm精细S黄麻】 不可拆 店长主推,573.43,838,平台加补后,https://detail.tmall.com/item.htm?b_s_f=sycm&b_spm=a21ag.29085015&id=1053690840174
87,1053690840174,yarges悠梦思旗舰店,悠梦思全拆S型黄麻床垫国家补贴乳胶1.8米儿童老人护脊10cm硬椰棕,573.43,舒脊A≈8cm 【高克重亚麻面料+5cm精细S黄麻】 不可拆,681.8,988,平台加补后,https://detail.tmall.com/item.htm?b_s_f=sycm&b_spm=a21ag.29085015&id=1053690840174
87,1053690840174,yarges悠梦思旗舰店,悠梦思全拆S型黄麻床垫国家补贴乳胶1.8米儿童老人护脊10cm硬椰棕,573.43,舒脊A≈10cm 【高克重亚麻面料+7cm精细S黄麻】 不可拆,791.35,1138,平台加补后,https://detail.tmall.com/item.htm?b_s_f=sycm&b_spm=a21ag.29085015&id=1053690840174
87,1053690840174,yarges悠梦思旗舰店,悠梦思全拆S型黄麻床垫国家补贴乳胶1.8米儿童老人护脊10cm硬椰棕,573.43,舒脊A≈13cm 【高克重亚麻面料+10精细cmS黄麻】 不可拆,938.4,1338,平台加补后,https://detail.tmall.com/item.htm?b_s_f=sycm&b_spm=a21ag.29085015&id=1053690840174
87,1053690840174,yarges悠梦思旗舰店,悠梦思全拆S型黄麻床垫国家补贴乳胶1.8米儿童老人护脊10cm硬椰棕,573.43,舒脊A≈18cm 【高克重亚麻面料+15cm精细S黄麻】 不可拆,1214.65,1738,平台加补后,https://detail.tmall.com/item.htm?b_s_f=sycm&b_spm=a21ag.29085015&id=1053690840174
87,1053690840174,yarges悠梦思旗舰店,悠梦思全拆S型黄麻床垫国家补贴乳胶1.8米儿童老人护脊10cm硬椰棕,573.43,舒脊C≈8cm 【高克重亚麻面料+2cm乳胶+3cm精细S黄麻】 不可拆,645.68,938,平台加补后,https://detail.tmall.com/item.htm?b_s_f=sycm&b_spm=a21ag.29085015&id=1053690840174
87,1053690840174,yarges悠梦思旗舰店,悠梦思全拆S型黄麻床垫国家补贴乳胶1.8米儿童老人护脊10cm硬椰棕,573.43,舒脊C≈10cm 【高克重亚麻面料+2cm乳胶+5cm精细S黄麻】 不可拆,754.8,1088,平台加补后,https://detail.tmall.com/item.htm?b_s_f=sycm&b_spm=a21ag.29085015&id=1053690840174
87,1053690840174,yarges悠梦思旗舰店,悠梦思全拆S型黄麻床垫国家补贴乳胶1.8米儿童老人护脊10cm硬椰棕,573.43,舒脊C≈12cm 【高克重亚麻面料+2cm乳胶+7cm精细S黄麻】 不可拆,865.3,1238,平台加补后,https://detail.tmall.com/item.htm?b_s_f=sycm&b_spm=a21ag.29085015&id=1053690840174
87,1053690840174,yarges悠梦思旗舰店,悠梦思全拆S型黄麻床垫国家补贴乳胶1.8米儿童老人护脊10cm硬椰棕,573.43,舒脊C≈15cm 【高克重亚麻面料+2cm乳胶+10cm精细S黄麻】 不可拆,1011.5,1438,平台加补后,https://detail.tmall.com/item.htm?b_s_f=sycm&b_spm=a21ag.29085015&id=1053690840174
87,1053690840174,yarges悠梦思旗舰店,悠梦思全拆S型黄麻床垫国家补贴乳胶1.8米儿童老人护脊10cm硬椰棕,573.43,舒脊C≈20cm 【高克重亚麻面料+2cm乳胶+15cm精细S黄麻】 不可拆,1287.75,1838,平台加补后,https://detail.tmall.com/item.htm?b_s_f=sycm&b_spm=a21ag.29085015&id=1053690840174
87,1053690840174,yarges悠梦思旗舰店,悠梦思全拆S型黄麻床垫国家补贴乳胶1.8米儿童老人护脊10cm硬椰棕,573.43,全拆舒脊B≈8cm 【高克重亚麻面料+2cm乳胶+3cm精细S黄麻】 可全拆 近期热销,681.8,988,平台加补后,https://detail.tmall.com/item.htm?b_s_f=sycm&b_spm=a21ag.29085015&id=1053690840174
87,1053690840174,yarges悠梦思旗舰店,悠梦思全拆S型黄麻床垫国家补贴乳胶1.8米儿童老人护脊10cm硬椰棕,573.43,全拆舒脊B≈10cm 【高克重亚麻面料+2cm乳胶+5cm精细S黄麻】 可全拆,791.35,1138,平台加补后,https://detail.tmall.com/item.htm?b_s_f=sycm&b_spm=a21ag.29085015&id=1053690840174
87,1053690840174,yarges悠梦思旗舰店,悠梦思全拆S型黄麻床垫国家补贴乳胶1.8米儿童老人护脊10cm硬椰棕,573.43,全拆舒脊B≈12cm 【高克重亚麻面料+2cm乳胶+7cm精细S黄麻】 可全拆,901.85,1288,平台加补后,https://detail.tmall.com/item.htm?b_s_f=sycm&b_spm=a21ag.29085015&id=1053690840174
87,1053690840174,yarges悠梦思旗舰店,悠梦思全拆S型黄麻床垫国家补贴乳胶1.8米儿童老人护脊10cm硬椰棕,573.43,全拆舒脊B≈15cm 【高克重亚麻面料+2cm乳胶+10cm精细S黄麻】 可全拆,1048.05,1488,平台加补后,https://detail.tmall.com/item.htm?b_s_f=sycm&b_spm=a21ag.29085015&id=1053690840174
87,1053690840174,yarges悠梦思旗舰店,悠梦思全拆S型黄麻床垫国家补贴乳胶1.8米儿童老人护脊10cm硬椰棕,573.43,全拆舒脊B≈20cm 【高克重亚麻面料+2cm乳胶+15cm精细S黄麻】 可全拆,1324.3,1888,平台加补后,https://detail.tmall.com/item.htm?b_s_f=sycm&b_spm=a21ag.29085015&id=1053690840174
87,1053690840174,yarges悠梦思旗舰店,悠梦思全拆S型黄麻床垫国家补贴乳胶1.8米儿童老人护脊10cm硬椰棕,573.43,全拆舒脊D≈6cm 【高克重亚麻面料+3cm精细S黄麻】 可全拆,609.55,888,平台加补后,https://detail.tmall.com/item.htm?b_s_f=sycm&b_spm=a21ag.29085015&id=1053690840174
87,1053690840174,yarges悠梦思旗舰店,悠梦思全拆S型黄麻床垫国家补贴乳胶1.8米儿童老人护脊10cm硬椰棕,573.43,全拆舒脊D≈8cm 【高克重亚麻面料+5cm精细S黄麻】 可全拆,718.25,1038,平台加补后,https://detail.tmall.com/item.htm?b_s_f=sycm&b_spm=a21ag.29085015&id=1053690840174
87,1053690840174,yarges悠梦思旗舰店,悠梦思全拆S型黄麻床垫国家补贴乳胶1.8米儿童老人护脊10cm硬椰棕,573.43,全拆舒脊D≈10cm 【高克重亚麻面料+7cm精细S黄麻】 可全拆,827.9,1188,平台加补后,https://detail.tmall.com/item.htm?b_s_f=sycm&b_spm=a21ag.29085015&id=1053690840174
87,1053690840174,yarges悠梦思旗舰店,悠梦思全拆S型黄麻床垫国家补贴乳胶1.8米儿童老人护脊10cm硬椰棕,573.43,全拆舒脊D≈13cm 【高克重亚麻面料+10精细cmS黄麻】 可全拆,974.95,1388,平台加补后,https://detail.tmall.com/item.htm?b_s_f=sycm&b_spm=a21ag.29085015&id=1053690840174
87,1053690840174,yarges悠梦思旗舰店,悠梦思全拆S型黄麻床垫国家补贴乳胶1.8米儿童老人护脊10cm硬椰棕,573.43,全拆舒脊D≈18cm 【高克重亚麻面料+15cm精细S黄麻】 可全拆,1251.2,1788,平台加补后,https://detail.tmall.com/item.htm?b_s_f=sycm&b_spm=a21ag.29085015&id=1053690840174
88,676138544613,睡眠骑士床垫企业店,记忆棉薄款床垫凝胶慢回弹榻榻米床垫子软垫家用学生宿舍褥子海绵,689.35,总厚3cm【3cm凝胶记忆棉】,689.35,1058,平台加补后,https://detail.tmall.com/item.htm?b_s_f=sycm&b_spm=a21ag.29085015&id=676138544613
88,676138544613,睡眠骑士床垫企业店,记忆棉薄款床垫凝胶慢回弹榻榻米床垫子软垫家用学生宿舍褥子海绵,689.35,总厚6cm【3cm凝胶记忆棉+3cm空气纤维】,868.7,1298,平台加补后,https://detail.tmall.com/item.htm?b_s_f=sycm&b_spm=a21ag.29085015&id=676138544613
88,676138544613,睡眠骑士床垫企业店,记忆棉薄款床垫凝胶慢回弹榻榻米床垫子软垫家用学生宿舍褥子海绵,689.35,总厚8cm【3cm凝胶记忆棉+5cm空气纤维】,1018.3,1498,平台加补后,https://detail.tmall.com/item.htm?b_s_f=sycm&b_spm=a21ag.29085015&id=676138544613
88,676138544613,睡眠骑士床垫企业店,记忆棉薄款床垫凝胶慢回弹榻榻米床垫子软垫家用学生宿舍褥子海绵,689.35,总厚10cm【5cm凝胶记忆棉+5cm空气纤维】,1116.9,1698,平台加补后,https://detail.tmall.com/item.htm?b_s_f=sycm&b_spm=a21ag.29085015&id=676138544613
89,1056256518394,品味布帆家居旗舰店,品味布帆薄款乳胶弹簧床垫记忆棉席梦思黄麻12cm15厘米厚软硬可选,738.65,薄垫A≈12cm 【黄麻+轻音独立袋弹簧】偏硬,738.65,1033,平台加补后,https://detail.tmall.com/item.htm?b_s_f=sycm&b_spm=a21ag.29085015&id=1056256518394
89,1056256518394,品味布帆家居旗舰店,品味布帆薄款乳胶弹簧床垫记忆棉席梦思黄麻12cm15厘米厚软硬可选,738.65,薄垫B≈12cm 【乳胶+轻音独立袋弹簧】适中,757.35,1059,平台加补后,https://detail.tmall.com/item.htm?b_s_f=sycm&b_spm=a21ag.29085015&id=1056256518394
89,1056256518394,品味布帆家居旗舰店,品味布帆薄款乳胶弹簧床垫记忆棉席梦思黄麻12cm15厘米厚软硬可选,738.65,薄垫C≈12cm 【记忆棉+轻音独立袋弹簧】适中,787.95,1099,平台加补后,https://detail.tmall.com/item.htm?b_s_f=sycm&b_spm=a21ag.29085015&id=1056256518394
89,1056256518394,品味布帆家居旗舰店,品味布帆薄款乳胶弹簧床垫记忆棉席梦思黄麻12cm15厘米厚软硬可选,738.65,薄垫D≈15cm 【乳胶+黄麻+轻音独立袋弹簧】微硬,807.5,1126,平台加补后,https://detail.tmall.com/item.htm?b_s_f=sycm&b_spm=a21ag.29085015&id=1056256518394
89,1056256518394,品味布帆家居旗舰店,品味布帆薄款乳胶弹簧床垫记忆棉席梦思黄麻12cm15厘米厚软硬可选,738.65,薄垫E≈15cm 【乳胶+轻音独立袋弹簧+黄麻】双面可睡,807.5,1126,平台加补后,https://detail.tmall.com/item.htm?b_s_f=sycm&b_spm=a21ag.29085015&id=1056256518394
89,1056256518394,品味布帆家居旗舰店,品味布帆薄款乳胶弹簧床垫记忆棉席梦思黄麻12cm15厘米厚软硬可选,738.65,薄垫F≈15cm 【记忆棉+轻音独立袋弹簧+黄麻】双面可睡 店长主推,838.1,1166,平台加补后,https://detail.tmall.com/item.htm?b_s_f=sycm&b_spm=a21ag.29085015&id=1056256518394
89,1056256518394,品味布帆家居旗舰店,品味布帆薄款乳胶弹簧床垫记忆棉席梦思黄麻12cm15厘米厚软硬可选,738.65,薄垫G≈15cm 【8cc3D+黄麻+轻音独立袋弹簧】透气护脊,888.25,1233,平台加补后,https://detail.tmall.com/item.htm?b_s_f=sycm&b_spm=a21ag.29085015&id=1056256518394
90,922386927791,yarges悠梦思旗舰店,政府补贴悠梦思乳胶弹簧床垫席梦思精细S黄麻1.8米1.5m卧室租房厚,607.75,全拆升级A≈6cm 银离子面料+3cmS黄麻 可全拆,607.75,858,平台加补后,https://detail.tmall.com/item.htm?b_s_f=sycm&b_spm=a21ag.29085015&id=922386927791
90,922386927791,yarges悠梦思旗舰店,政府补贴悠梦思乳胶弹簧床垫席梦思精细S黄麻1.8米1.5m卧室租房厚,607.75,迷你舒睡A【迷你独立弹簧】,697,978,平台加补后,https://detail.tmall.com/item.htm?b_s_f=sycm&b_spm=a21ag.29085015&id=922386927791
90,922386927791,yarges悠梦思旗舰店,政府补贴悠梦思乳胶弹簧床垫席梦思精细S黄麻1.8米1.5m卧室租房厚,607.75,迷你舒睡B【迷你独立弹簧】,779.45,1088,平台加补后,https://detail.tmall.com/item.htm?b_s_f=sycm&b_spm=a21ag.29085015&id=922386927791
90,922386927791,yarges悠梦思旗舰店,政府补贴悠梦思乳胶弹簧床垫席梦思精细S黄麻1.8米1.5m卧室租房厚,607.75,经济A≈20cm【防塌邦尼尔弹簧】 多人加购,682.55,958,平台加补后,https://detail.tmall.com/item.htm?b_s_f=sycm&b_spm=a21ag.29085015&id=922386927791
90,922386927791,yarges悠梦思旗舰店,政府补贴悠梦思乳胶弹簧床垫席梦思精细S黄麻1.8米1.5m卧室租房厚,607.75,经济B≈22cm【防塌邦尼尔弹簧】,757.35,1058,平台加补后,https://detail.tmall.com/item.htm?b_s_f=sycm&b_spm=a21ag.29085015&id=922386927791
90,922386927791,yarges悠梦思旗舰店,政府补贴悠梦思乳胶弹簧床垫席梦思精细S黄麻1.8米1.5m卧室租房厚,607.75,经济C≈22cm【防塌邦尼尔弹簧】,757.35,1058,平台加补后,https://detail.tmall.com/item.htm?b_s_f=sycm&b_spm=a21ag.29085015&id=922386927791
90,922386927791,yarges悠梦思旗舰店,政府补贴悠梦思乳胶弹簧床垫席梦思精细S黄麻1.8米1.5m卧室租房厚,607.75,经济D≈24cm【防塌邦尼尔弹簧】,824.5,1148,平台加补后,https://detail.tmall.com/item.htm?b_s_f=sycm&b_spm=a21ag.29085015&id=922386927791
90,922386927791,yarges悠梦思旗舰店,政府补贴悠梦思乳胶弹簧床垫席梦思精细S黄麻1.8米1.5m卧室租房厚,607.75,升级A≈22cm【防塌九区独立袋弹簧】,958.8,1328,平台加补后,https://detail.tmall.com/item.htm?b_s_f=sycm&b_spm=a21ag.29085015&id=922386927791
90,922386927791,yarges悠梦思旗舰店,政府补贴悠梦思乳胶弹簧床垫席梦思精细S黄麻1.8米1.5m卧室租房厚,607.75,升级B≈22cm【防塌九区独立袋弹簧】,958.8,1328,平台加补后,https://detail.tmall.com/item.htm?b_s_f=sycm&b_spm=a21ag.29085015&id=922386927791
90,922386927791,yarges悠梦思旗舰店,政府补贴悠梦思乳胶弹簧床垫席梦思精细S黄麻1.8米1.5m卧室租房厚,607.75,轻奢A≈22cm【专利防塌独立袋弹簧】,1078.65,1488,平台加补后,https://detail.tmall.com/item.htm?b_s_f=sycm&b_spm=a21ag.29085015&id=922386927791
90,922386927791,yarges悠梦思旗舰店,政府补贴悠梦思乳胶弹簧床垫席梦思精细S黄麻1.8米1.5m卧室租房厚,607.75,轻奢B≈22cm【专利防塌独立袋弹簧】,1078.65,1488,平台加补后,https://detail.tmall.com/item.htm?b_s_f=sycm&b_spm=a21ag.29085015&id=922386927791
91,997467867127,麻师傅舒梦专卖店,麻师傅全拆S形黄麻薄床垫10cm厚老人儿童加硬护腰脊椰棕榈榻榻米,597.55,全拆A6cm偏硬:3cm专利双S形精细黄麻+亚麻面料,597.55,799,平台加补后,https://detail.tmall.com/item.htm?b_s_f=sycm&b_spm=a21ag.29085015&id=997467867127
91,997467867127,麻师傅舒梦专卖店,麻师傅全拆S形黄麻薄床垫10cm厚老人儿童加硬护腰脊椰棕榈榻榻米,597.55,全拆A8cm偏硬:5cm专利双S形精细黄麻+亚麻面料,697.85,933,平台加补后,https://detail.tmall.com/item.htm?b_s_f=sycm&b_spm=a21ag.29085015&id=997467867127
91,997467867127,麻师傅舒梦专卖店,麻师傅全拆S形黄麻薄床垫10cm厚老人儿童加硬护腰脊椰棕榈榻榻米,597.55,全拆A10cm偏硬:7cm专利双S形精细黄麻+亚麻面料,797.3,1066,平台加补后,https://detail.tmall.com/item.htm?b_s_f=sycm&b_spm=a21ag.29085015&id=997467867127
91,997467867127,麻师傅舒梦专卖店,麻师傅全拆S形黄麻薄床垫10cm厚老人儿童加硬护腰脊椰棕榈榻榻米,597.55,全拆A12cm偏硬:10cm专利双S形精细黄麻+亚麻面料 近期热销,897.6,1200,平台加补后,https://detail.tmall.com/item.htm?b_s_f=sycm&b_spm=a21ag.29085015&id=997467867127
91,997467867127,麻师傅舒梦专卖店,麻师傅全拆S形黄麻薄床垫10cm厚老人儿童加硬护腰脊椰棕榈榻榻米,597.55,全拆B8cm软硬适中:2cm记忆棉+3cm专利双S形精细黄麻+亚麻面料,697.85,933,平台加补后,https://detail.tmall.com/item.htm?b_s_f=sycm&b_spm=a21ag.29085015&id=997467867127
91,997467867127,麻师傅舒梦专卖店,麻师傅全拆S形黄麻薄床垫10cm厚老人儿童加硬护腰脊椰棕榈榻榻米,597.55,全拆B10cm软硬适中:2cm记忆棉5cm专利双S形精细黄麻+亚麻面料,797.3,1066,平台加补后,https://detail.tmall.com/item.htm?b_s_f=sycm&b_spm=a21ag.29085015&id=997467867127
91,997467867127,麻师傅舒梦专卖店,麻师傅全拆S形黄麻薄床垫10cm厚老人儿童加硬护腰脊椰棕榈榻榻米,597.55,全拆B12cm软硬适中:2cm记忆棉7cm专利双S形精细黄麻+亚麻面料,897.6,1200,平台加补后,https://detail.tmall.com/item.htm?b_s_f=sycm&b_spm=a21ag.29085015&id=997467867127
91,997467867127,麻师傅舒梦专卖店,麻师傅全拆S形黄麻薄床垫10cm厚老人儿童加硬护腰脊椰棕榈榻榻米,597.55,全拆B15cm软硬适中:2cm记忆棉10cm专利双S形精细黄麻+亚麻面料,997.05,1334,平台加补后,https://detail.tmall.com/item.htm?b_s_f=sycm&b_spm=a21ag.29085015&id=997467867127
91,997467867127,麻师傅舒梦专卖店,麻师傅全拆S形黄麻薄床垫10cm厚老人儿童加硬护腰脊椰棕榈榻榻米,597.55,全拆E8cm软硬适中:2cm3D+3cm专利双S形精细黄麻+亚麻面料,797.3,1066,平台加补后,https://detail.tmall.com/item.htm?b_s_f=sycm&b_spm=a21ag.29085015&id=997467867127
91,997467867127,麻师傅舒梦专卖店,麻师傅全拆S形黄麻薄床垫10cm厚老人儿童加硬护腰脊椰棕榈榻榻米,597.55,全拆E10cm软硬适中:2cm3D+5cm专利双S形精细黄麻+亚麻面料,897.6,1200,平台加补后,https://detail.tmall.com/item.htm?b_s_f=sycm&b_spm=a21ag.29085015&id=997467867127
91,997467867127,麻师傅舒梦专卖店,麻师傅全拆S形黄麻薄床垫10cm厚老人儿童加硬护腰脊椰棕榈榻榻米,597.55,全拆E12cm软硬适中:2cm3D+7cm专利双S形精细黄麻+亚麻面料,997.05,1334,平台加补后,https://detail.tmall.com/item.htm?b_s_f=sycm&b_spm=a21ag.29085015&id=997467867127
91,997467867127,麻师傅舒梦专卖店,麻师傅全拆S形黄麻薄床垫10cm厚老人儿童加硬护腰脊椰棕榈榻榻米,597.55,全拆E15cm软硬适中:2cm3D+10cm专利双S形精细黄麻+亚麻面料,1096.5,1467,平台加补后,https://detail.tmall.com/item.htm?b_s_f=sycm&b_spm=a21ag.29085015&id=997467867127
92,1081728080567,PARELER BEAR旗舰店,派乐熊学生宿舍专用床垫90cmx200cm上下铺单人记忆棉软85cmx190cm,174.25,蓝色-5cm厚=【2cm记忆棉+3cm云感支撑棉丨卷包便携】,174.25,,平台加补后,https://detail.tmall.com/item.htm?b_s_f=sycm&b_spm=a21ag.29085015&id=1081728080567
92,1081728080567,PARELER BEAR旗舰店,派乐熊学生宿舍专用床垫90cmx200cm上下铺单人记忆棉软85cmx190cm,174.25,灰色-5cm厚=【2cm记忆棉+3cm云感支撑棉丨卷包便携】,174.25,,平台加补后,https://detail.tmall.com/item.htm?b_s_f=sycm&b_spm=a21ag.29085015&id=1081728080567
92,1081728080567,PARELER BEAR旗舰店,派乐熊学生宿舍专用床垫90cmx200cm上下铺单人记忆棉软85cmx190cm,174.25,粉色-5cm厚=【2cm记忆棉+3cm云感支撑棉丨卷包便携】,174.25,,平台加补后,https://detail.tmall.com/item.htm?b_s_f=sycm&b_spm=a21ag.29085015&id=1081728080567
92,1081728080567,PARELER BEAR旗舰店,派乐熊学生宿舍专用床垫90cmx200cm上下铺单人记忆棉软85cmx190cm,174.25,睡眠套装（蓝色）=【5cm床垫+记忆棉护颈枕】,174.25,,平台加补后,https://detail.tmall.com/item.htm?b_s_f=sycm&b_spm=a21ag.29085015&id=1081728080567
92,1081728080567,PARELER BEAR旗舰店,派乐熊学生宿舍专用床垫90cmx200cm上下铺单人记忆棉软85cmx190cm,174.25,睡眠套装（灰色）=【5cm床垫+记忆棉护颈枕】,174.25,,平台加补后,https://detail.tmall.com/item.htm?b_s_f=sycm&b_spm=a21ag.29085015&id=1081728080567
92,1081728080567,PARELER BEAR旗舰店,派乐熊学生宿舍专用床垫90cmx200cm上下铺单人记忆棉软85cmx190cm,174.25,睡眠套装（粉色）=【5cm床垫+记忆棉护颈枕】,174.25,,平台加补后,https://detail.tmall.com/item.htm?b_s_f=sycm&b_spm=a21ag.29085015&id=1081728080567
93,17048177986,布莱轩尼旗舰店,加硬天然S形黄麻床垫家用儿童老人护腰脊10cm薄榻榻米椰棕含乳胶,522.75,软床垫加硬款,747.15,999,平台加补后,https://detail.tmall.com/item.htm?b_s_f=sycm&b_spm=a21ag.29085015&id=17048177986
93,17048177986,布莱轩尼旗舰店,加硬天然S形黄麻床垫家用儿童老人护腰脊10cm薄榻榻米椰棕含乳胶,522.75,加硬A3cm=3cm精细S形黄麻+4D单面料套,522.75,699,平台加补后,https://detail.tmall.com/item.htm?b_s_f=sycm&b_spm=a21ag.29085015&id=17048177986
93,17048177986,布莱轩尼旗舰店,加硬天然S形黄麻床垫家用儿童老人护腰脊10cm薄榻榻米椰棕含乳胶,522.75,加硬B5cm=5cm精细S形黄麻+4D单面料套,679.15,908,平台加补后,https://detail.tmall.com/item.htm?b_s_f=sycm&b_spm=a21ag.29085015&id=17048177986
93,17048177986,布莱轩尼旗舰店,加硬天然S形黄麻床垫家用儿童老人护腰脊10cm薄榻榻米椰棕含乳胶,522.75,加硬C7cm=7cm精细S形黄麻+4D单面料套,805.8,1078,平台加补后,https://detail.tmall.com/item.htm?b_s_f=sycm&b_spm=a21ag.29085015&id=17048177986
93,17048177986,布莱轩尼旗舰店,加硬天然S形黄麻床垫家用儿童老人护腰脊10cm薄榻榻米椰棕含乳胶,522.75,偏硬适中款,747.15,999,平台加补后,https://detail.tmall.com/item.htm?b_s_f=sycm&b_spm=a21ag.29085015&id=17048177986
93,17048177986,布莱轩尼旗舰店,加硬天然S形黄麻床垫家用儿童老人护腰脊10cm薄榻榻米椰棕含乳胶,522.75,偏硬A6cm=3cm精细S形黄麻+4D厚面料套 近期热销,532.1,712,平台加补后,https://detail.tmall.com/item.htm?b_s_f=sycm&b_spm=a21ag.29085015&id=17048177986
93,17048177986,布莱轩尼旗舰店,加硬天然S形黄麻床垫家用儿童老人护腰脊10cm薄榻榻米椰棕含乳胶,522.75,偏硬A8cm=5cm精细S形黄麻+4D厚面料套,688.5,921,平台加补后,https://detail.tmall.com/item.htm?b_s_f=sycm&b_spm=a21ag.29085015&id=17048177986
93,17048177986,布莱轩尼旗舰店,加硬天然S形黄麻床垫家用儿童老人护腰脊10cm薄榻榻米椰棕含乳胶,522.75,偏硬A10cm=7cm精细S形黄麻+4D厚面料套,816,1091,平台加补后,https://detail.tmall.com/item.htm?b_s_f=sycm&b_spm=a21ag.29085015&id=17048177986
93,17048177986,布莱轩尼旗舰店,加硬天然S形黄麻床垫家用儿童老人护腰脊10cm薄榻榻米椰棕含乳胶,522.75,适中硬B8cm=3cm精细S形黄麻+2cm高弹乳胶+4D厚面料套,785.4,1051,平台加补后,https://detail.tmall.com/item.htm?b_s_f=sycm&b_spm=a21ag.29085015&id=17048177986
93,17048177986,布莱轩尼旗舰店,加硬天然S形黄麻床垫家用儿童老人护腰脊10cm薄榻榻米椰棕含乳胶,522.75,适中硬B10cm=5cm精细S形黄麻+2cm高弹乳胶+4D厚面料套,912.9,1221,平台加补后,https://detail.tmall.com/item.htm?b_s_f=sycm&b_spm=a21ag.29085015&id=17048177986
93,17048177986,布莱轩尼旗舰店,加硬天然S形黄麻床垫家用儿童老人护腰脊10cm薄榻榻米椰棕含乳胶,522.75,适中硬B12cm=7cm精细S形黄麻+2cm高弹乳胶+4D厚面料套,1049.75,1404,平台加补后,https://detail.tmall.com/item.htm?b_s_f=sycm&b_spm=a21ag.29085015&id=17048177986
93,17048177986,布莱轩尼旗舰店,加硬天然S形黄麻床垫家用儿童老人护腰脊10cm薄榻榻米椰棕含乳胶,522.75,适中硬B15cm=10cm精细S形黄麻+2cm高弹乳胶+4D厚面料,1314.1,1757,平台加补后,https://detail.tmall.com/item.htm?b_s_f=sycm&b_spm=a21ag.29085015&id=17048177986
93,17048177986,布莱轩尼旗舰店,加硬天然S形黄麻床垫家用儿童老人护腰脊10cm薄榻榻米椰棕含乳胶,522.75,适中硬B20cm=14cm精细S形黄麻+3cm高弹乳胶+4D厚面料,1577.6,2110,平台加补后,https://detail.tmall.com/item.htm?b_s_f=sycm&b_spm=a21ag.29085015&id=17048177986
93,17048177986,布莱轩尼旗舰店,加硬天然S形黄麻床垫家用儿童老人护腰脊10cm薄榻榻米椰棕含乳胶,522.75,以下为折叠款,747.15,999,平台加补后,https://detail.tmall.com/item.htm?b_s_f=sycm&b_spm=a21ag.29085015&id=17048177986
93,17048177986,布莱轩尼旗舰店,加硬天然S形黄麻床垫家用儿童老人护腰脊10cm薄榻榻米椰棕含乳胶,522.75,[折叠]偏硬A6cm=3cm精细S形黄麻+4D厚面料套,561,751,平台加补后,https://detail.tmall.com/item.htm?b_s_f=sycm&b_spm=a21ag.29085015&id=17048177986
93,17048177986,布莱轩尼旗舰店,加硬天然S形黄麻床垫家用儿童老人护腰脊10cm薄榻榻米椰棕含乳胶,522.75,[折叠]偏硬A8cm=5cm精细S形黄麻+4D厚面料套,717.4,960,平台加补后,https://detail.tmall.com/item.htm?b_s_f=sycm&b_spm=a21ag.29085015&id=17048177986
93,17048177986,布莱轩尼旗舰店,加硬天然S形黄麻床垫家用儿童老人护腰脊10cm薄榻榻米椰棕含乳胶,522.75,[折叠]偏硬A10cm=7cm精细S形黄麻+4D厚面料套,844.9,1130,平台加补后,https://detail.tmall.com/item.htm?b_s_f=sycm&b_spm=a21ag.29085015&id=17048177986
93,17048177986,布莱轩尼旗舰店,加硬天然S形黄麻床垫家用儿童老人护腰脊10cm薄榻榻米椰棕含乳胶,522.75,[折叠]适中硬B8cm=3cm精细S形黄麻+2cm高弹乳胶+4D厚面料套,816,1091,平台加补后,https://detail.tmall.com/item.htm?b_s_f=sycm&b_spm=a21ag.29085015&id=17048177986
93,17048177986,布莱轩尼旗舰店,加硬天然S形黄麻床垫家用儿童老人护腰脊10cm薄榻榻米椰棕含乳胶,522.75,[折叠]适中硬B10cm=5cm精细S形黄麻+2cm高弹乳胶+4D厚面料套,942.65,1261,平台加补后,https://detail.tmall.com/item.htm?b_s_f=sycm&b_spm=a21ag.29085015&id=17048177986
93,17048177986,布莱轩尼旗舰店,加硬天然S形黄麻床垫家用儿童老人护腰脊10cm薄榻榻米椰棕含乳胶,522.75,[折叠]适中硬B12cm=7cm精细S形黄麻+2cm高弹乳胶+4D厚面料套,1109.25,1483,平台加补后,https://detail.tmall.com/item.htm?b_s_f=sycm&b_spm=a21ag.29085015&id=17048177986
93,17048177986,布莱轩尼旗舰店,加硬天然S形黄麻床垫家用儿童老人护腰脊10cm薄榻榻米椰棕含乳胶,522.75,[折叠]适中硬B15cm=10cm精细S形黄麻+2cm高弹乳胶+4D厚面料,1343.85,1797,平台加补后,https://detail.tmall.com/item.htm?b_s_f=sycm&b_spm=a21ag.29085015&id=17048177986
93,17048177986,布莱轩尼旗舰店,加硬天然S形黄麻床垫家用儿童老人护腰脊10cm薄榻榻米椰棕含乳胶,522.75,[折叠]适中硬B20cm=14cm精细S形黄麻+3cm高弹乳胶+4D厚面料,1608.2,2150,平台加补后,https://detail.tmall.com/item.htm?b_s_f=sycm&b_spm=a21ag.29085015&id=17048177986
94,1067750986444,moonlightfamily旗舰店,月光之家学生宿舍床垫上下铺专用薄垫单人0.9m软垫子记忆棉可拆洗,258.4,学生单垫【淡冰蓝】5cm云舒垫,258.4,346,平台加补后,https://detail.tmall.com/item.htm?b_s_f=sycm&b_spm=a21ag.29085015&id=1067750986444
94,1067750986444,moonlightfamily旗舰店,月光之家学生宿舍床垫上下铺专用薄垫单人0.9m软垫子记忆棉可拆洗,258.4,释压套装【淡冰蓝】5cm云舒垫+护颈记忆枕,258.4,346,平台加补后,https://detail.tmall.com/item.htm?b_s_f=sycm&b_spm=a21ag.29085015&id=1067750986444
94,1067750986444,moonlightfamily旗舰店,月光之家学生宿舍床垫上下铺专用薄垫单人0.9m软垫子记忆棉可拆洗,258.4,学生单垫【浅雾灰】5cm云舒垫,258.4,346,平台加补后,https://detail.tmall.com/item.htm?b_s_f=sycm&b_spm=a21ag.29085015&id=1067750986444
94,1067750986444,moonlightfamily旗舰店,月光之家学生宿舍床垫上下铺专用薄垫单人0.9m软垫子记忆棉可拆洗,258.4,释压套装【浅雾灰】5cm云舒垫+护颈记忆枕,258.4,346,平台加补后,https://detail.tmall.com/item.htm?b_s_f=sycm&b_spm=a21ag.29085015&id=1067750986444
94,1067750986444,moonlightfamily旗舰店,月光之家学生宿舍床垫上下铺专用薄垫单人0.9m软垫子记忆棉可拆洗,258.4,学生单垫【樱花粉】5cm云舒垫,258.4,346,平台加补后,https://detail.tmall.com/item.htm?b_s_f=sycm&b_spm=a21ag.29085015&id=1067750986444
94,1067750986444,moonlightfamily旗舰店,月光之家学生宿舍床垫上下铺专用薄垫单人0.9m软垫子记忆棉可拆洗,258.4,释压套装【樱花粉】5cm云舒垫+护颈记忆枕,258.4,346,平台加补后,https://detail.tmall.com/item.htm?b_s_f=sycm&b_spm=a21ag.29085015&id=1067750986444
95,1053628373215,甜蜜睡眠旗舰店,【0.01元锁定多件优惠折上折】甜蜜睡眠床垫专属特权 单拍不发货,0.01,1800mm*2000mm 标准配置款,0.01,,平台加补后,https://detail.tmall.com/item.htm?b_s_f=sycm&b_spm=a21ag.29085015&id=1053628373215
