排名,商品ID,所属店铺,商品标题,1.8米起步最低价(元),SKU款型名称,床垫厚度(cm),厘米单价(元/cm),平台加补后到手价(元),优惠前原价(元),优惠折扣,价格标签,1.8米直达链接
1,613686385609,喜临门官方旗舰店,【白骑士plus】喜临门官方家用席梦思软垫黄麻偏硬弹簧乳胶厚床垫,2294.15,白骑士Plus+（主推升级款）【双面睡感/25CM】四重升级主卧推荐 部分急速发不延迟 店长主推,25,105.37,2634.15,4099,6.4折,平台加补后,https://detail.tmall.com/item.htm?b_s_f=sycm&b_spm=a21ag.29085015&id=613686385609
1,613686385609,喜临门官方旗舰店,【白骑士plus】喜临门官方家用席梦思软垫黄麻偏硬弹簧乳胶厚床垫,2294.15,白骑士Plus（主推款）【双面睡感/25CM】双面可睡经典之选,25,98.57,2464.15,3899,6.3折,平台加补后,https://detail.tmall.com/item.htm?b_s_f=sycm&b_spm=a21ag.29085015&id=613686385609
1,613686385609,喜临门官方旗舰店,【白骑士plus】喜临门官方家用席梦思软垫黄麻偏硬弹簧乳胶厚床垫,2294.15,白骑士Pros0胶（可拆洗款）【双睡感/26cm】支撑升级透气升级,26,114.39,2974.15,4499,6.6折,平台加补后,https://detail.tmall.com/item.htm?b_s_f=sycm&b_spm=a21ag.29085015&id=613686385609
1,613686385609,喜临门官方旗舰店,【白骑士plus】喜临门官方家用席梦思软垫黄麻偏硬弹簧乳胶厚床垫,2294.15,白骑士Kids2.0（0胶舒脊款）【双睡感/20CM】可拆可洗整垫0胶,20,127.46,2549.15,3999,6.4折,平台加补后,https://detail.tmall.com/item.htm?b_s_f=sycm&b_spm=a21ag.29085015&id=613686385609
1,613686385609,喜临门官方旗舰店,【白骑士plus】喜临门官方家用席梦思软垫黄麻偏硬弹簧乳胶厚床垫,2294.15,白骑士Lite+（基础升级款）【偏硬睡感/22CM】A类面料三区舒脊,22,108.14,2379.15,3799,6.3折,平台加补后,https://detail.tmall.com/item.htm?b_s_f=sycm&b_spm=a21ag.29085015&id=613686385609
1,613686385609,喜临门官方旗舰店,【白骑士plus】喜临门官方家用席梦思软垫黄麻偏硬弹簧乳胶厚床垫,2294.15,白骑士Kids（青少年儿童款）【偏硬睡感/22CM】A类面料可拆可晒,22,104.28,2294.15,3699,6.2折,平台加补后,https://detail.tmall.com/item.htm?b_s_f=sycm&b_spm=a21ag.29085015&id=613686385609
1,613686385609,喜临门官方旗舰店,【白骑士plus】喜临门官方家用席梦思软垫黄麻偏硬弹簧乳胶厚床垫,2294.15,白骑士喜礼（纪念款）【双面睡感/25CM】双重支撑软硬两睡,25,112.17,2804.15,4299,6.5折,平台加补后,https://detail.tmall.com/item.htm?b_s_f=sycm&b_spm=a21ag.29085015&id=613686385609
1,613686385609,喜临门官方旗舰店,【白骑士plus】喜临门官方家用席梦思软垫黄麻偏硬弹簧乳胶厚床垫,2294.15,白骑士卷装（卷装款）【适中睡感/25CM】三区弹簧抑菌防螨,25,95.17,2379.15,3799,6.3折,平台加补后,https://detail.tmall.com/item.htm?b_s_f=sycm&b_spm=a21ag.29085015&id=613686385609
2,685133214740,源氏木语官方旗舰店,源氏木语进口天然乳胶0胶水床垫家用空气纤维J121卧室弹簧垫元气,3638.6,（1）软硬适中 ▪ 门店热销款 ▪ 厚24cm,24,151.61,3638.6,4734,7.7折,平台加补后,https://detail.tmall.com/item.htm?b_s_f=sycm&b_spm=a21ag.29085015&id=685133214740
2,685133214740,源氏木语官方旗舰店,源氏木语进口天然乳胶0胶水床垫家用空气纤维J121卧室弹簧垫元气,3638.6,（2）偏硬护脊 ▪ 门店热销款 ▪ 厚24cm,24,151.61,3638.6,4734,7.7折,平台加补后,https://detail.tmall.com/item.htm?b_s_f=sycm&b_spm=a21ag.29085015&id=685133214740
2,685133214740,源氏木语官方旗舰店,源氏木语进口天然乳胶0胶水床垫家用空气纤维J121卧室弹簧垫元气,3638.6,（3）偏软包裹 ▪ 门店热销款 ▪ 厚24cm,24,151.61,3638.6,4734,7.7折,平台加补后,https://detail.tmall.com/item.htm?b_s_f=sycm&b_spm=a21ag.29085015&id=685133214740
2,685133214740,源氏木语官方旗舰店,源氏木语进口天然乳胶0胶水床垫家用空气纤维J121卧室弹簧垫元气,3638.6,（4）折叠款 ▪ 便携易收纳 ▪ 偏硬护脊/厚24cm,24,162.43,3898.3,5067,7.7折,平台加补后,https://detail.tmall.com/item.htm?b_s_f=sycm&b_spm=a21ag.29085015&id=685133214740
2,685133214740,源氏木语官方旗舰店,源氏木语进口天然乳胶0胶水床垫家用空气纤维J121卧室弹簧垫元气,3638.6,（8）适中款+一对慢回弹记忆棉枕头(10CM厚RA00537)J121,10,378.67,3786.7,4923,7.7折,平台加补后,https://detail.tmall.com/item.htm?b_s_f=sycm&b_spm=a21ag.29085015&id=685133214740
2,685133214740,源氏木语官方旗舰店,源氏木语进口天然乳胶0胶水床垫家用空气纤维J121卧室弹簧垫元气,3638.6,（9）偏硬款+一对慢回弹记忆棉枕头(10CM厚RA00537)J121,10,378.67,3786.7,4923,7.7折,平台加补后,https://detail.tmall.com/item.htm?b_s_f=sycm&b_spm=a21ag.29085015&id=685133214740
2,685133214740,源氏木语官方旗舰店,源氏木语进口天然乳胶0胶水床垫家用空气纤维J121卧室弹簧垫元气,3638.6,（10）偏软款+一对慢回弹记忆棉枕头(10CM厚RA00537)J121,10,378.67,3786.7,4923,7.7折,平台加补后,https://detail.tmall.com/item.htm?b_s_f=sycm&b_spm=a21ag.29085015&id=685133214740
3,633899833522,蓝盒子官方旗舰店,蓝盒子Z1床垫独立袋装弹簧记忆棉软硬适中家用卧室单双人厚席梦思,3305.65,Z1经典款【软硬适中/全网热销58W+】厚22cm,22,150.26,3305.65,4874,6.8折,平台加补后,https://detail.tmall.com/item.htm?b_s_f=sycm&b_spm=a21ag.29085015&id=633899833522
3,633899833522,蓝盒子官方旗舰店,蓝盒子Z1床垫独立袋装弹簧记忆棉软硬适中家用卧室单双人厚席梦思,3305.65,Z1小石头【偏硬支撑/承托力更足】厚22cm,22,150.26,3305.65,4874,6.8折,平台加补后,https://detail.tmall.com/item.htm?b_s_f=sycm&b_spm=a21ag.29085015&id=633899833522
3,633899833522,蓝盒子官方旗舰店,蓝盒子Z1床垫独立袋装弹簧记忆棉软硬适中家用卧室单双人厚席梦思,3305.65,Z1Pro【五星酒店睡感/软硬适中】28cm 万人加购,28,184.24,5158.65,7579,6.8折,平台加补后,https://detail.tmall.com/item.htm?b_s_f=sycm&b_spm=a21ag.29085015&id=633899833522
3,633899833522,蓝盒子官方旗舰店,蓝盒子Z1床垫独立袋装弹簧记忆棉软硬适中家用卧室单双人厚席梦思,3305.65,Z1Pro加硬款【五星酒店睡感/适中偏硬】厚28cm,28,184.24,5158.65,7579,6.8折,平台加补后,https://detail.tmall.com/item.htm?b_s_f=sycm&b_spm=a21ag.29085015&id=633899833522
4,626426464362,喜临门官方旗舰店,【塔利亚Pro】喜临门官方A类厚席梦思偏硬薄垫乳胶黄麻弹簧床垫子,1571.65,塔利亚Pro【双睡感/23CM】分区承托全面之选 店长主推,23,83.12,1911.65,2849,6.7折,平台加补后,https://detail.tmall.com/item.htm?b_s_f=sycm&b_spm=a21ag.29085015&id=626426464362
4,626426464362,喜临门官方旗舰店,【塔利亚Pro】喜临门官方A类厚席梦思偏硬薄垫乳胶黄麻弹簧床垫子,1571.65,塔利亚Plus【双睡感/22CM】双面可睡老少皆宜 万人加购,22,81.1,1784.15,2699,6.6折,平台加补后,https://detail.tmall.com/item.htm?b_s_f=sycm&b_spm=a21ag.29085015&id=626426464362
4,626426464362,喜临门官方旗舰店,【塔利亚Pro】喜临门官方A类厚席梦思偏硬薄垫乳胶黄麻弹簧床垫子,1571.65,塔利亚Fit【硬睡感/20CM】黄麻舒脊老人推荐,20,80.71,1614.15,2499,6.5折,平台加补后,https://detail.tmall.com/item.htm?b_s_f=sycm&b_spm=a21ag.29085015&id=626426464362
4,626426464362,喜临门官方旗舰店,【塔利亚Pro】喜临门官方A类厚席梦思偏硬薄垫乳胶黄麻弹簧床垫子,1571.65,塔利亚Slim【双睡感/12.5CM】A类薄垫儿童推荐,12.5,125.73,1571.65,2449,6.4折,平台加补后,https://detail.tmall.com/item.htm?b_s_f=sycm&b_spm=a21ag.29085015&id=626426464362
4,626426464362,喜临门官方旗舰店,【塔利亚Pro】喜临门官方A类厚席梦思偏硬薄垫乳胶黄麻弹簧床垫子,1571.65,塔利亚Air【适中睡感/19CM】适中睡感成人推荐,19,84.96,1614.15,2499,6.5折,平台加补后,https://detail.tmall.com/item.htm?b_s_f=sycm&b_spm=a21ag.29085015&id=626426464362
5,1024188563619,喜临门官方旗舰店,【呼呼AI智能床垫】喜临门线下同款H100H300乳胶气囊电动智能床垫,9999,呼呼H100,,,9999,15999,6.2折,平台加补后,https://detail.tmall.com/item.htm?b_s_f=sycm&b_spm=a21ag.29085015&id=1024188563619
5,1024188563619,喜临门官方旗舰店,【呼呼AI智能床垫】喜临门线下同款H100H300乳胶气囊电动智能床垫,9999,【床架套餐】智慧T1（床架）+呼呼H100（床垫）,,,12999,24999,5.2折,平台加补后,https://detail.tmall.com/item.htm?b_s_f=sycm&b_spm=a21ag.29085015&id=1024188563619
5,1024188563619,喜临门官方旗舰店,【呼呼AI智能床垫】喜临门线下同款H100H300乳胶气囊电动智能床垫,9999,呼呼H300,,,10999,18999,5.8折,平台加补后,https://detail.tmall.com/item.htm?b_s_f=sycm&b_spm=a21ag.29085015&id=1024188563619
5,1024188563619,喜临门官方旗舰店,【呼呼AI智能床垫】喜临门线下同款H100H300乳胶气囊电动智能床垫,9999,【床架套餐】智慧T1（床架）+呼呼H300（床垫）,,,13999,25999,5.4折,平台加补后,https://detail.tmall.com/item.htm?b_s_f=sycm&b_spm=a21ag.29085015&id=1024188563619
5,1024188563619,喜临门官方旗舰店,【呼呼AI智能床垫】喜临门线下同款H100H300乳胶气囊电动智能床垫,9999,【特殊尺寸床架套餐】呼呼H100+智慧T1,,,12999,24999,5.2折,平台加补后,https://detail.tmall.com/item.htm?b_s_f=sycm&b_spm=a21ag.29085015&id=1024188563619
5,1024188563619,喜临门官方旗舰店,【呼呼AI智能床垫】喜临门线下同款H100H300乳胶气囊电动智能床垫,9999,【特殊尺寸床架套餐】呼呼H300+智慧T1,,,13999,25999,5.4折,平台加补后,https://detail.tmall.com/item.htm?b_s_f=sycm&b_spm=a21ag.29085015&id=1024188563619
5,1024188563619,喜临门官方旗舰店,【呼呼AI智能床垫】喜临门线下同款H100H300乳胶气囊电动智能床垫,9999,【软床床架套餐】山梧-杏仁白（软床）+智慧T1（床架）+呼呼H100（床垫）,,,16999,38999,4.4折,平台加补后,https://detail.tmall.com/item.htm?b_s_f=sycm&b_spm=a21ag.29085015&id=1024188563619
5,1024188563619,喜临门官方旗舰店,【呼呼AI智能床垫】喜临门线下同款H100H300乳胶气囊电动智能床垫,9999,【软床床架套餐】山梧-曜石黑（软床）+智慧T1（床架）+呼呼H100（床垫）,,,16999,38999,4.4折,平台加补后,https://detail.tmall.com/item.htm?b_s_f=sycm&b_spm=a21ag.29085015&id=1024188563619
5,1024188563619,喜临门官方旗舰店,【呼呼AI智能床垫】喜临门线下同款H100H300乳胶气囊电动智能床垫,9999,【软床床架套餐】山梧-狐舞棕（软床）+智慧T1（床架）+呼呼H100（床垫）,,,16999,38999,4.4折,平台加补后,https://detail.tmall.com/item.htm?b_s_f=sycm&b_spm=a21ag.29085015&id=1024188563619
5,1024188563619,喜临门官方旗舰店,【呼呼AI智能床垫】喜临门线下同款H100H300乳胶气囊电动智能床垫,9999,【软床床架套餐】莫奈-丝绒棕（软床）+智慧T1（床架）+呼呼H300（床垫）,,,17999,39999,4.5折,平台加补后,https://detail.tmall.com/item.htm?b_s_f=sycm&b_spm=a21ag.29085015&id=1024188563619
5,1024188563619,喜临门官方旗舰店,【呼呼AI智能床垫】喜临门线下同款H100H300乳胶气囊电动智能床垫,9999,【软床床架套餐】莫奈-墨羽黑（软床）+智慧T1（床架）+呼呼H300（床垫）,,,17999,39999,4.5折,平台加补后,https://detail.tmall.com/item.htm?b_s_f=sycm&b_spm=a21ag.29085015&id=1024188563619
5,1024188563619,喜临门官方旗舰店,【呼呼AI智能床垫】喜临门线下同款H100H300乳胶气囊电动智能床垫,9999,【软床床架套餐】芝士分子-复古咖（软床）+智慧T1（床架）+呼呼H100（床垫）,,,15999,37999,4.2折,平台加补后,https://detail.tmall.com/item.htm?b_s_f=sycm&b_spm=a21ag.29085015&id=1024188563619
5,1024188563619,喜临门官方旗舰店,【呼呼AI智能床垫】喜临门线下同款H100H300乳胶气囊电动智能床垫,9999,【软床床架套餐】芝士分子-星辰黑（软床）+智慧T1（床架）+呼呼H100（床垫）,,,15999,37999,4.2折,平台加补后,https://detail.tmall.com/item.htm?b_s_f=sycm&b_spm=a21ag.29085015&id=1024188563619
5,1024188563619,喜临门官方旗舰店,【呼呼AI智能床垫】喜临门线下同款H100H300乳胶气囊电动智能床垫,9999,【软床床架套餐】芝士分子-复古咖（软床）+智慧T1（床架）+呼呼H300（床垫）,,,16999,38999,4.4折,平台加补后,https://detail.tmall.com/item.htm?b_s_f=sycm&b_spm=a21ag.29085015&id=1024188563619
5,1024188563619,喜临门官方旗舰店,【呼呼AI智能床垫】喜临门线下同款H100H300乳胶气囊电动智能床垫,9999,【软床床架套餐】芝士分子-星辰黑（软床）+智慧T1（床架）+呼呼H300（床垫）,,,16999,38999,4.4折,平台加补后,https://detail.tmall.com/item.htm?b_s_f=sycm&b_spm=a21ag.29085015&id=1024188563619
6,608354792601,源氏木语官方旗舰店,源氏木语0胶水床垫棕垫天然椰棕硬垫子乳胶弹簧席梦思垫椰椰,1899,（1）乳胶款 ▪ 护脊实力派 ▪ 软硬适中/厚23cm,23,82.57,1899,,,平台加补后,https://detail.tmall.com/item.htm?b_s_f=sycm&b_spm=a21ag.29085015&id=608354792601
6,608354792601,源氏木语官方旗舰店,源氏木语0胶水床垫棕垫天然椰棕硬垫子乳胶弹簧席梦思垫椰椰,1899,（2）乳胶款 ▪ 热销爆款 ▪ 偏硬护脊/厚22cm,22,86.32,1899,,,平台加补后,https://detail.tmall.com/item.htm?b_s_f=sycm&b_spm=a21ag.29085015&id=608354792601
6,608354792601,源氏木语官方旗舰店,源氏木语0胶水床垫棕垫天然椰棕硬垫子乳胶弹簧席梦思垫椰椰,1899,（3）乳胶款 ▪ 护脊实力派 硬度up ▪ 加硬承托/厚22cm,22,86.32,1899,,,平台加补后,https://detail.tmall.com/item.htm?b_s_f=sycm&b_spm=a21ag.29085015&id=608354792601
6,608354792601,源氏木语官方旗舰店,源氏木语0胶水床垫棕垫天然椰棕硬垫子乳胶弹簧席梦思垫椰椰,1899,（4）记忆棉款 ▪ 热销爆款 ▪ 偏硬护脊/厚22cm,22,86.32,1899,,,平台加补后,https://detail.tmall.com/item.htm?b_s_f=sycm&b_spm=a21ag.29085015&id=608354792601
6,608354792601,源氏木语官方旗舰店,源氏木语0胶水床垫棕垫天然椰棕硬垫子乳胶弹簧席梦思垫椰椰,1899,（5）记忆棉款 ▪ 护脊实力派 硬度up ▪ 加硬承托/厚22cm,22,86.32,1899,,,平台加补后,https://detail.tmall.com/item.htm?b_s_f=sycm&b_spm=a21ag.29085015&id=608354792601
6,608354792601,源氏木语官方旗舰店,源氏木语0胶水床垫棕垫天然椰棕硬垫子乳胶弹簧席梦思垫椰椰,1899,（6）乳胶折叠款 ▪ 便携易收纳 ▪ 偏硬护脊/厚22cm,22,99.95,2199,,,平台加补后,https://detail.tmall.com/item.htm?b_s_f=sycm&b_spm=a21ag.29085015&id=608354792601
6,608354792601,源氏木语官方旗舰店,源氏木语0胶水床垫棕垫天然椰棕硬垫子乳胶弹簧席梦思垫椰椰,1899,（7）乳胶适中款+一对高回弹记忆绵枕头（10cm厚RA00537）,10,209.9,2099,,,平台加补后,https://detail.tmall.com/item.htm?b_s_f=sycm&b_spm=a21ag.29085015&id=608354792601
6,608354792601,源氏木语官方旗舰店,源氏木语0胶水床垫棕垫天然椰棕硬垫子乳胶弹簧席梦思垫椰椰,1899,（8）乳胶偏硬款+一对高回弹记忆绵枕头（10cm厚RA00537）,10,212.9,2129,,,平台加补后,https://detail.tmall.com/item.htm?b_s_f=sycm&b_spm=a21ag.29085015&id=608354792601
6,608354792601,源氏木语官方旗舰店,源氏木语0胶水床垫棕垫天然椰棕硬垫子乳胶弹簧席梦思垫椰椰,1899,（9）乳胶加硬款+一对高回弹记忆绵枕头（10cm厚RA00537）,10,214.9,2149,,,平台加补后,https://detail.tmall.com/item.htm?b_s_f=sycm&b_spm=a21ag.29085015&id=608354792601
7,40316470216,金橡树官方旗舰店,【云端】金橡树天然乳胶床垫家用0胶水软硬垫学生宿舍床垫子定制,790.5,云端2.0经典款 厚5cm【85D软硬适中】A类抑菌面料,5,230.18,1150.9,1604,7.2折,平台加补后,https://detail.tmall.com/item.htm?b_s_f=sycm&b_spm=a21ag.29085015&id=40316470216
7,40316470216,金橡树官方旗舰店,【云端】金橡树天然乳胶床垫家用0胶水软硬垫学生宿舍床垫子定制,790.5,云端2.0经典款 厚5cm【95D护脊撑腰】A类抑菌面料,5,250.07,1250.35,1742,7.2折,平台加补后,https://detail.tmall.com/item.htm?b_s_f=sycm&b_spm=a21ag.29085015&id=40316470216
7,40316470216,金橡树官方旗舰店,【云端】金橡树天然乳胶床垫家用0胶水软硬垫学生宿舍床垫子定制,790.5,云端2.0经典款 厚7.5cm【85D软硬适中】A类抑菌面料,7.5,219.98,1649.85,2295,7.2折,平台加补后,https://detail.tmall.com/item.htm?b_s_f=sycm&b_spm=a21ag.29085015&id=40316470216
7,40316470216,金橡树官方旗舰店,【云端】金橡树天然乳胶床垫家用0胶水软硬垫学生宿舍床垫子定制,790.5,云端2.0经典款 厚7.5cm【95D护脊撑腰】A类抑菌面料,7.5,234.83,1761.2,2449,7.2折,平台加补后,https://detail.tmall.com/item.htm?b_s_f=sycm&b_spm=a21ag.29085015&id=40316470216
7,40316470216,金橡树官方旗舰店,【云端】金橡树天然乳胶床垫家用0胶水软硬垫学生宿舍床垫子定制,790.5,云端2.0经典款 厚10cm【85D软硬适中】A类抑菌面料,10,213.01,2130.1,2960,7.2折,平台加补后,https://detail.tmall.com/item.htm?b_s_f=sycm&b_spm=a21ag.29085015&id=40316470216
7,40316470216,金橡树官方旗舰店,【云端】金橡树天然乳胶床垫家用0胶水软硬垫学生宿舍床垫子定制,790.5,云端2.0经典款 厚10cm【95D护脊撑腰】A类抑菌面料,10,223.12,2231.25,3100,7.2折,平台加补后,https://detail.tmall.com/item.htm?b_s_f=sycm&b_spm=a21ag.29085015&id=40316470216
7,40316470216,金橡树官方旗舰店,【云端】金橡树天然乳胶床垫家用0胶水软硬垫学生宿舍床垫子定制,790.5,升级抗氧化【云端2.0奢享款】厚5cm【85D软硬适中】A类抑菌面料,5,269.96,1349.8,1880,7.2折,平台加补后,https://detail.tmall.com/item.htm?b_s_f=sycm&b_spm=a21ag.29085015&id=40316470216
7,40316470216,金橡树官方旗舰店,【云端】金橡树天然乳胶床垫家用0胶水软硬垫学生宿舍床垫子定制,790.5,升级抗氧化【云端2.0奢享款】厚5cm【95D护脊撑腰】A类抑菌面料 店长主推,5,294.1,1470.5,2047,7.2折,平台加补后,https://detail.tmall.com/item.htm?b_s_f=sycm&b_spm=a21ag.29085015&id=40316470216
7,40316470216,金橡树官方旗舰店,【云端】金橡树天然乳胶床垫家用0胶水软硬垫学生宿舍床垫子定制,790.5,升级抗氧化【云端2.0奢享款】厚7.5cm【85D软硬适中】A类抑菌面料,7.5,258.63,1939.7,2696,7.2折,平台加补后,https://detail.tmall.com/item.htm?b_s_f=sycm&b_spm=a21ag.29085015&id=40316470216
7,40316470216,金橡树官方旗舰店,【云端】金橡树天然乳胶床垫家用0胶水软硬垫学生宿舍床垫子定制,790.5,升级抗氧化【云端2.0奢享款】厚7.5cm【95D护脊撑腰】A类抑菌面料,7.5,275.97,2069.75,2876,7.2折,平台加补后,https://detail.tmall.com/item.htm?b_s_f=sycm&b_spm=a21ag.29085015&id=40316470216
7,40316470216,金橡树官方旗舰店,【云端】金橡树天然乳胶床垫家用0胶水软硬垫学生宿舍床垫子定制,790.5,升级抗氧化【云端2.0奢享款】厚10cm【85D软硬适中】A类抑菌面料,10,251.01,2510.05,3485,7.2折,平台加补后,https://detail.tmall.com/item.htm?b_s_f=sycm&b_spm=a21ag.29085015&id=40316470216
7,40316470216,金橡树官方旗舰店,【云端】金橡树天然乳胶床垫家用0胶水软硬垫学生宿舍床垫子定制,790.5,升级抗氧化【云端2.0奢享款】厚10cm【95D护脊撑腰】A类抑菌面料,10,262.99,2629.9,3651,7.2折,平台加补后,https://detail.tmall.com/item.htm?b_s_f=sycm&b_spm=a21ag.29085015&id=40316470216
7,40316470216,金橡树官方旗舰店,【云端】金橡树天然乳胶床垫家用0胶水软硬垫学生宿舍床垫子定制,790.5,云端2.0经典款 厚15cm【85D软硬适中】A类抑菌面料,15,212.67,3190.05,4427,7.2折,平台加补后,https://detail.tmall.com/item.htm?b_s_f=sycm&b_spm=a21ag.29085015&id=40316470216
7,40316470216,金橡树官方旗舰店,【云端】金橡树天然乳胶床垫家用0胶水软硬垫学生宿舍床垫子定制,790.5,云端2.0经典款 厚15cm【95D护脊撑腰】A类抑菌面料,15,236.7,3550.45,4925,7.2折,平台加补后,https://detail.tmall.com/item.htm?b_s_f=sycm&b_spm=a21ag.29085015&id=40316470216
7,40316470216,金橡树官方旗舰店,【云端】金橡树天然乳胶床垫家用0胶水软硬垫学生宿舍床垫子定制,790.5,产品对比图 （需定制请详询客服）,,,4239.8,5880,7.2折,平台加补后,https://detail.tmall.com/item.htm?b_s_f=sycm&b_spm=a21ag.29085015&id=40316470216
7,40316470216,金橡树官方旗舰店,【云端】金橡树天然乳胶床垫家用0胶水软硬垫学生宿舍床垫子定制,790.5,云端2.0经典款 厚3cm【85D软硬适中】A类抑菌面料,3,263.5,790.5,1105,7.2折,平台加补后,https://detail.tmall.com/item.htm?b_s_f=sycm&b_spm=a21ag.29085015&id=40316470216
8,674419050367,源氏木语官方旗舰店,源氏木语天然乳胶0胶水床垫抗菌防螨黄麻硬垫家用卧室1.8米薄垫子,1959,(1) 乳胶款 ▪ 偏硬护脊/厚8cm | J107,8,244.88,1959,,,平台加补后,https://detail.tmall.com/item.htm?b_s_f=sycm&b_spm=a21ag.29085015&id=674419050367
8,674419050367,源氏木语官方旗舰店,源氏木语天然乳胶0胶水床垫抗菌防螨黄麻硬垫家用卧室1.8米薄垫子,1959,(2) 乳胶款 ▪ 偏硬护脊/厚10cm | J108,10,219.9,2199,,,平台加补后,https://detail.tmall.com/item.htm?b_s_f=sycm&b_spm=a21ag.29085015&id=674419050367
8,674419050367,源氏木语官方旗舰店,源氏木语天然乳胶0胶水床垫抗菌防螨黄麻硬垫家用卧室1.8米薄垫子,1959,(3) 乳胶款 ▪ 偏硬护脊/厚12cm | J111,12,193.25,2319,,,平台加补后,https://detail.tmall.com/item.htm?b_s_f=sycm&b_spm=a21ag.29085015&id=674419050367
8,674419050367,源氏木语官方旗舰店,源氏木语天然乳胶0胶水床垫抗菌防螨黄麻硬垫家用卧室1.8米薄垫子,1959,(4) 记忆绵款 ▪ 偏硬护脊/厚8cm | J107,8,244.88,1959,,,平台加补后,https://detail.tmall.com/item.htm?b_s_f=sycm&b_spm=a21ag.29085015&id=674419050367
8,674419050367,源氏木语官方旗舰店,源氏木语天然乳胶0胶水床垫抗菌防螨黄麻硬垫家用卧室1.8米薄垫子,1959,(5) 弹簧款 ▪ 偏硬护脊/厚15cm | J107,15,150.6,2259,,,平台加补后,https://detail.tmall.com/item.htm?b_s_f=sycm&b_spm=a21ag.29085015&id=674419050367
9,836501541416,源氏木语官方旗舰店,源氏木语零胶水护脊床垫家用黄麻垫家居乳胶垫自然派独立弹簧厚垫,1915.14,自然派·护脊款·加硬承托/23CM厚丨158,23,83.27,1915.14,2889,6.6折,平台加补后,https://detail.tmall.com/item.htm?b_s_f=sycm&b_spm=a21ag.29085015&id=836501541416
9,836501541416,源氏木语官方旗舰店,源氏木语零胶水护脊床垫家用黄麻垫家居乳胶垫自然派独立弹簧厚垫,1915.14,自然派·经典款·偏硬护脊/23CM丨J158 千人加购,23,92.08,2117.78,3195,6.6折,平台加补后,https://detail.tmall.com/item.htm?b_s_f=sycm&b_spm=a21ag.29085015&id=836501541416
9,836501541416,源氏木语官方旗舰店,源氏木语零胶水护脊床垫家用黄麻垫家居乳胶垫自然派独立弹簧厚垫,1915.14,自然派·透气款·偏硬护脊/23CM厚丨J158,23,102.15,2349.48,3609,6.5折,平台加补后,https://detail.tmall.com/item.htm?b_s_f=sycm&b_spm=a21ag.29085015&id=836501541416
9,836501541416,源氏木语官方旗舰店,源氏木语零胶水护脊床垫家用黄麻垫家居乳胶垫自然派独立弹簧厚垫,1915.14,自然派·双面款·正面H3反面H1/23CM丨J158,23,116.17,2671.98,4095,6.5折,平台加补后,https://detail.tmall.com/item.htm?b_s_f=sycm&b_spm=a21ag.29085015&id=836501541416
9,836501541416,源氏木语官方旗舰店,源氏木语零胶水护脊床垫家用黄麻垫家居乳胶垫自然派独立弹簧厚垫,1915.14,自然派·释压款·偏硬护脊/23CM丨J158,23,104.25,2397.76,3681,6.5折,平台加补后,https://detail.tmall.com/item.htm?b_s_f=sycm&b_spm=a21ag.29085015&id=836501541416
9,836501541416,源氏木语官方旗舰店,源氏木语零胶水护脊床垫家用黄麻垫家居乳胶垫自然派独立弹簧厚垫,1915.14,护脊款+床褥(JR01)J158,,,2403.8,3690,6.5折,平台加补后,https://detail.tmall.com/item.htm?b_s_f=sycm&b_spm=a21ag.29085015&id=836501541416
9,836501541416,源氏木语官方旗舰店,源氏木语零胶水护脊床垫家用黄麻垫家居乳胶垫自然派独立弹簧厚垫,1915.14,经典款+床褥(JR01)J158,,,2481.4,3807,6.5折,平台加补后,https://detail.tmall.com/item.htm?b_s_f=sycm&b_spm=a21ag.29085015&id=836501541416
9,836501541416,源氏木语官方旗舰店,源氏木语零胶水护脊床垫家用黄麻垫家居乳胶垫自然派独立弹簧厚垫,1915.14,透气款+床褥(JR01)J158,,,2737.51,4194,6.5折,平台加补后,https://detail.tmall.com/item.htm?b_s_f=sycm&b_spm=a21ag.29085015&id=836501541416
9,836501541416,源氏木语官方旗舰店,源氏木语零胶水护脊床垫家用黄麻垫家居乳胶垫自然派独立弹簧厚垫,1915.14,双面款+床褥(JR01)J158,,,3041.9,4653,6.5折,平台加补后,https://detail.tmall.com/item.htm?b_s_f=sycm&b_spm=a21ag.29085015&id=836501541416
10,681034575545,蓝盒子官方旗舰店,蓝盒子Z1小石头床垫独立袋装弹簧记忆棉偏硬家用卧室双人厚席梦思,2931.65,【偏硬支撑/承托力更足】Z1小石头 厚度22cm 万人加购,22,133.26,2931.65,4374,6.7折,平台加补后,https://detail.tmall.com/item.htm?b_s_f=sycm&b_spm=a21ag.29085015&id=681034575545
11,719144139608,蓝盒子官方旗舰店,蓝盒子小蓝垫床褥子学生宿舍专用床垫上下铺单人90x190软垫榻榻米,818,1800mm*2000mm 标准配置款,,,818,,,平台加补后,https://detail.tmall.com/item.htm?b_s_f=sycm&b_spm=a21ag.29085015&id=719144139608
12,670584464704,亚朵星球官方旗舰店,亚朵星球升级记忆棉加厚床垫软垫榻榻米垫子软硬双面两用弹簧床垫,2719,普兰特床垫｜亚朵酒店升级家庭款双面可用｜厚22cm 万人加购,22,123.59,2719,4022,6.8折,平台加补后,https://detail.tmall.com/item.htm?b_s_f=sycm&b_spm=a21ag.29085015&id=670584464704
12,670584464704,亚朵星球官方旗舰店,亚朵星球升级记忆棉加厚床垫软垫榻榻米垫子软硬双面两用弹簧床垫,2719,普兰特床垫｜亚朵酒店同款双面可用｜厚28cm,28,119.96,3359,4749,7.1折,平台加补后,https://detail.tmall.com/item.htm?b_s_f=sycm&b_spm=a21ag.29085015&id=670584464704
13,20719504509,moonlightfamily旗舰店,月光之家乳胶床垫家用独立弹簧软垫儿童黄麻棕硬护腰席梦思1.8米,1268.2,风尚A 偏硬【固边防塌加固独立袋弹簧】2cm黄麻 21cm,21,60.39,1268.2,1867,6.8折,平台加补后,https://detail.tmall.com/item.htm?b_s_f=sycm&b_spm=a21ag.29085015&id=20719504509
13,20719504509,moonlightfamily旗舰店,月光之家乳胶床垫家用独立弹簧软垫儿童黄麻棕硬护腰席梦思1.8米,1268.2,风尚B 适中【固边防塌加固独立袋弹簧】2cm乳胶 22cm,22,57.65,1268.2,1867,6.8折,平台加补后,https://detail.tmall.com/item.htm?b_s_f=sycm&b_spm=a21ag.29085015&id=20719504509
13,20719504509,moonlightfamily旗舰店,月光之家乳胶床垫家用独立弹簧软垫儿童黄麻棕硬护腰席梦思1.8米,1268.2,风尚C 双面【固边防塌加固独立袋弹簧】2cm乳胶+2cm黄麻 24cm,24,56.21,1348.95,1974,6.8折,平台加补后,https://detail.tmall.com/item.htm?b_s_f=sycm&b_spm=a21ag.29085015&id=20719504509
13,20719504509,moonlightfamily旗舰店,月光之家乳胶床垫家用独立弹簧软垫儿童黄麻棕硬护腰席梦思1.8米,1268.2,风尚D 偏软【固边防塌加固独立袋弹簧】3cm乳胶 24cm,24,56.21,1348.95,1974,6.8折,平台加补后,https://detail.tmall.com/item.htm?b_s_f=sycm&b_spm=a21ag.29085015&id=20719504509
13,20719504509,moonlightfamily旗舰店,月光之家乳胶床垫家用独立弹簧软垫儿童黄麻棕硬护腰席梦思1.8米,1268.2,风尚E 双面【固边防塌加固独立袋弹簧】3cm乳胶+2cm黄麻 25cm,25,55.93,1398.25,2097,6.7折,平台加补后,https://detail.tmall.com/item.htm?b_s_f=sycm&b_spm=a21ag.29085015&id=20719504509
13,20719504509,moonlightfamily旗舰店,月光之家乳胶床垫家用独立弹簧软垫儿童黄麻棕硬护腰席梦思1.8米,1268.2,轻奢D 双面【升级腰臀12圈加固+双钢加固防塌】2cm乳胶+2cm黄麻 24cm 店长主推,24,62.44,1498.55,2231,6.7折,平台加补后,https://detail.tmall.com/item.htm?b_s_f=sycm&b_spm=a21ag.29085015&id=20719504509
13,20719504509,moonlightfamily旗舰店,月光之家乳胶床垫家用独立弹簧软垫儿童黄麻棕硬护腰席梦思1.8米,1268.2,轻奢F 偏软【升级腰臀12圈加固+双钢加固防塌】2cm乳胶+2cm记忆棉 24cm,24,62.44,1498.55,2231,6.7折,平台加补后,https://detail.tmall.com/item.htm?b_s_f=sycm&b_spm=a21ag.29085015&id=20719504509
13,20719504509,moonlightfamily旗舰店,月光之家乳胶床垫家用独立弹簧软垫儿童黄麻棕硬护腰席梦思1.8米,1268.2,轻奢E 适中【升级腰臀12圈加固+双钢加固防塌】2cm乳胶 22cm,22,65.37,1438.2,2151,6.7折,平台加补后,https://detail.tmall.com/item.htm?b_s_f=sycm&b_spm=a21ag.29085015&id=20719504509
13,20719504509,moonlightfamily旗舰店,月光之家乳胶床垫家用独立弹簧软垫儿童黄麻棕硬护腰席梦思1.8米,1268.2,轻奢G 偏硬【升级腰臀12圈加固+双钢加固防塌】2cm黄麻 22cm,22,65.37,1438.2,2151,6.7折,平台加补后,https://detail.tmall.com/item.htm?b_s_f=sycm&b_spm=a21ag.29085015&id=20719504509
13,20719504509,moonlightfamily旗舰店,月光之家乳胶床垫家用独立弹簧软垫儿童黄麻棕硬护腰席梦思1.8米,1268.2,卷包E 适中【升级腰臀12圈加固+压缩专用弹簧】2cm乳胶 22cm,22,65.37,1438.2,2151,6.7折,平台加补后,https://detail.tmall.com/item.htm?b_s_f=sycm&b_spm=a21ag.29085015&id=20719504509
13,20719504509,moonlightfamily旗舰店,月光之家乳胶床垫家用独立弹簧软垫儿童黄麻棕硬护腰席梦思1.8米,1268.2,全拆尊耀G【偏硬护脊 2cm无胶黄麻】腰不好人群 22cm,22,68.12,1498.55,2231,6.7折,平台加补后,https://detail.tmall.com/item.htm?b_s_f=sycm&b_spm=a21ag.29085015&id=20719504509
13,20719504509,moonlightfamily旗舰店,月光之家乳胶床垫家用独立弹簧软垫儿童黄麻棕硬护腰席梦思1.8米,1268.2,全拆尊耀H【软硬适中 2cm天然乳胶】青少年人群 22cm,22,68.12,1498.55,2231,6.7折,平台加补后,https://detail.tmall.com/item.htm?b_s_f=sycm&b_spm=a21ag.29085015&id=20719504509
13,20719504509,moonlightfamily旗舰店,月光之家乳胶床垫家用独立弹簧软垫儿童黄麻棕硬护腰席梦思1.8米,1268.2,全拆尊耀A【2种软硬可调 适中/微硬】青年和夫妻首选 22cm,22,70.4,1548.7,2298,6.7折,平台加补后,https://detail.tmall.com/item.htm?b_s_f=sycm&b_spm=a21ag.29085015&id=20719504509
13,20719504509,moonlightfamily旗舰店,月光之家乳胶床垫家用独立弹簧软垫儿童黄麻棕硬护腰席梦思1.8米,1268.2,全拆尊耀B【2种软硬可调 偏软/适中】柔软且兼顾护腰 22cm,22,74.92,1648.15,2431,6.8折,平台加补后,https://detail.tmall.com/item.htm?b_s_f=sycm&b_spm=a21ag.29085015&id=20719504509
13,20719504509,moonlightfamily旗舰店,月光之家乳胶床垫家用独立弹簧软垫儿童黄麻棕硬护腰席梦思1.8米,1268.2,全拆尊耀C【2种软硬可调 微硬/偏硬】怕热易出汗人群 22cm,22,74.92,1648.15,2431,6.8折,平台加补后,https://detail.tmall.com/item.htm?b_s_f=sycm&b_spm=a21ag.29085015&id=20719504509
13,20719504509,moonlightfamily旗舰店,月光之家乳胶床垫家用独立弹簧软垫儿童黄麻棕硬护腰席梦思1.8米,1268.2,全拆尊耀D【2种软硬可调 微硬/偏硬】儿童和中老年人 22cm,22,77.2,1698.3,2498,6.8折,平台加补后,https://detail.tmall.com/item.htm?b_s_f=sycm&b_spm=a21ag.29085015&id=20719504509
13,20719504509,moonlightfamily旗舰店,月光之家乳胶床垫家用独立弹簧软垫儿童黄麻棕硬护腰席梦思1.8米,1268.2,全拆尊耀E【4种软硬可调 偏软/微软/适中/微硬】全家适用 24cm,24,72.85,1748.45,2565,6.8折,平台加补后,https://detail.tmall.com/item.htm?b_s_f=sycm&b_spm=a21ag.29085015&id=20719504509
13,20719504509,moonlightfamily旗舰店,月光之家乳胶床垫家用独立弹簧软垫儿童黄麻棕硬护腰席梦思1.8米,1268.2,全拆尊耀F【5种软硬可调 偏软/微软/适中/微硬/偏硬】闭眼选 26cm,26,71.11,1848.75,2699,6.8折,平台加补后,https://detail.tmall.com/item.htm?b_s_f=sycm&b_spm=a21ag.29085015&id=20719504509
13,20719504509,moonlightfamily旗舰店,月光之家乳胶床垫家用独立弹簧软垫儿童黄麻棕硬护腰席梦思1.8米,1268.2,胖人H 软硬双面【大体重专用弹簧 推荐＞180斤】24cm,24,70.76,1698.3,2498,6.8折,平台加补后,https://detail.tmall.com/item.htm?b_s_f=sycm&b_spm=a21ag.29085015&id=20719504509
14,606160220072,全友家居官方旗舰店,全友家居席梦思弹簧床垫180x200硬垫子卧室家用椰棕床垫国家补贴,667.25,(1)椰岛0胶·Pro【洁净升级 舒适护脊】床垫（20cm厚） 店长主推,20,38.42,768.4,1313,5.9折,平台加补后,https://detail.tmall.com/item.htm?b_s_f=sycm&b_spm=a21ag.29085015&id=606160220072
14,606160220072,全友家居官方旗舰店,全友家居席梦思弹簧床垫180x200硬垫子卧室家用椰棕床垫国家补贴,667.25,(2)椰岛Max【健康奢享 贴合深睡】床垫（20cm厚）,20,49.85,997.05,1699,5.9折,平台加补后,https://detail.tmall.com/item.htm?b_s_f=sycm&b_spm=a21ag.29085015&id=606160220072
14,606160220072,全友家居官方旗舰店,全友家居席梦思弹簧床垫180x200硬垫子卧室家用椰棕床垫国家补贴,667.25,(3)椰岛0胶·Slim【小薄垫 高箱床标配】床垫（15cm厚） 万人加购,15,44.48,667.25,1142,5.8折,平台加补后,https://detail.tmall.com/item.htm?b_s_f=sycm&b_spm=a21ag.29085015&id=606160220072
14,606160220072,全友家居官方旗舰店,全友家居席梦思弹簧床垫180x200硬垫子卧室家用椰棕床垫国家补贴,667.25,(4)椰岛Promax【软硬皆有 双面舒睡】(22cm厚),22,49.18,1082.05,1842,5.9折,平台加补后,https://detail.tmall.com/item.htm?b_s_f=sycm&b_spm=a21ag.29085015&id=606160220072
14,606160220072,全友家居官方旗舰店,全友家居席梦思弹簧床垫180x200硬垫子卧室家用椰棕床垫国家补贴,667.25,(5)椰岛0胶【经典护脊 双效支撑】床垫（21cm厚）,21,36.59,768.4,1313,5.9折,平台加补后,https://detail.tmall.com/item.htm?b_s_f=sycm&b_spm=a21ag.29085015&id=606160220072
14,606160220072,全友家居官方旗舰店,全友家居席梦思弹簧床垫180x200硬垫子卧室家用椰棕床垫国家补贴,667.25,(6)椰岛0胶·SE【3D黄麻 硬弹支撑】床垫（20cm厚）,20,42.2,844.05,1442,5.9折,平台加补后,https://detail.tmall.com/item.htm?b_s_f=sycm&b_spm=a21ag.29085015&id=606160220072
14,606160220072,全友家居官方旗舰店,全友家居席梦思弹簧床垫180x200硬垫子卧室家用椰棕床垫国家补贴,667.25,(7)椰岛Nova【Q弹抗扰 轻音舒睡】床垫（21cm厚）,21,47.48,997.05,1699,5.9折,平台加补后,https://detail.tmall.com/item.htm?b_s_f=sycm&b_spm=a21ag.29085015&id=606160220072
14,606160220072,全友家居官方旗舰店,全友家居席梦思弹簧床垫180x200硬垫子卧室家用椰棕床垫国家补贴,667.25,(9)椰岛0胶·Pure【可视窗口 双面可睡】床垫（22cm厚）,22,54.59,1201.05,2042,5.9折,平台加补后,https://detail.tmall.com/item.htm?b_s_f=sycm&b_spm=a21ag.29085015&id=606160220072
14,606160220072,全友家居官方旗舰店,全友家居席梦思弹簧床垫180x200硬垫子卧室家用椰棕床垫国家补贴,667.25,【推荐搭配】大黑熊牛皮软床（黑色）,,,1880.2,3189,5.9折,平台加补后,https://detail.tmall.com/item.htm?b_s_f=sycm&b_spm=a21ag.29085015&id=606160220072
14,606160220072,全友家居官方旗舰店,全友家居席梦思弹簧床垫180x200硬垫子卧室家用椰棕床垫国家补贴,667.25,【推荐搭配】栖光牛皮软床（拿铁咖）,,,1860.65,3156,5.9折,平台加补后,https://detail.tmall.com/item.htm?b_s_f=sycm&b_spm=a21ag.29085015&id=606160220072
14,606160220072,全友家居官方旗舰店,全友家居席梦思弹簧床垫180x200硬垫子卧室家用椰棕床垫国家补贴,667.25,【推荐搭配】微笑牛皮软床（奶油白）,,,1513.85,2570,5.9折,平台加补后,https://detail.tmall.com/item.htm?b_s_f=sycm&b_spm=a21ag.29085015&id=606160220072
15,579469019207,雅兰官方旗舰店,【有度旗舰】雅兰床垫国家补贴官方5A乳胶弹簧硬垫0胶黄麻席梦思,2380,【☆新品推荐】有度·旗舰S-22cm 【双重分区承托升级】 店长主推,22,108.18,2380,3841,6.2折,平台加补后,https://detail.tmall.com/item.htm?b_s_f=sycm&b_spm=a21ag.29085015&id=579469019207
15,579469019207,雅兰官方旗舰店,【有度旗舰】雅兰床垫国家补贴官方5A乳胶弹簧硬垫0胶黄麻席梦思,2380,【旗舰3.0重磅升级 | 0胶款】有度·0胶-25cm,25,120.97,3024.3,5099,5.9折,平台加补后,https://detail.tmall.com/item.htm?b_s_f=sycm&b_spm=a21ag.29085015&id=579469019207
15,579469019207,雅兰官方旗舰店,【有度旗舰】雅兰床垫国家补贴官方5A乳胶弹簧硬垫0胶黄麻席梦思,2380,有度·旗舰版3.0-23cm 【标准旗舰款-多重护脊】·,23,107.1,2463.3,3939,6.3折,平台加补后,https://detail.tmall.com/item.htm?b_s_f=sycm&b_spm=a21ag.29085015&id=579469019207
15,579469019207,雅兰官方旗舰店,【有度旗舰】雅兰床垫国家补贴官方5A乳胶弹簧硬垫0胶黄麻席梦思,2380,有度·旗舰Plus-24cm 【加厚乳胶释压-舒适升级】·,24,122.47,2939.3,4999,5.9折,平台加补后,https://detail.tmall.com/item.htm?b_s_f=sycm&b_spm=a21ag.29085015&id=579469019207
15,579469019207,雅兰官方旗舰店,【有度旗舰】雅兰床垫国家补贴官方5A乳胶弹簧硬垫0胶黄麻席梦思,2380,有度·旗舰Pro-26cm【质价比超值推荐 | 3分区进阶硬支撑-透气升级】·,26,129.4,3364.3,5599,6.0折,平台加补后,https://detail.tmall.com/item.htm?b_s_f=sycm&b_spm=a21ag.29085015&id=579469019207
15,579469019207,雅兰官方旗舰店,【有度旗舰】雅兰床垫国家补贴官方5A乳胶弹簧硬垫0胶黄麻席梦思,2380,有度·旗舰Max-29cm【3区微感释压-灵敏支撑】,29,127.73,3704.3,5899,6.3折,平台加补后,https://detail.tmall.com/item.htm?b_s_f=sycm&b_spm=a21ag.29085015&id=579469019207
15,579469019207,雅兰官方旗舰店,【有度旗舰】雅兰床垫国家补贴官方5A乳胶弹簧硬垫0胶黄麻席梦思,2380,有度·旗舰Kids-20cm【儿童床垫 | A类可拆洗-抗菌防螨】,20,155.47,3109.3,5199,6.0折,平台加补后,https://detail.tmall.com/item.htm?b_s_f=sycm&b_spm=a21ag.29085015&id=579469019207
16,735591355625,源氏木语官方旗舰店,源氏木语零胶水防螨床垫乳胶天然黄麻垫弹簧席梦思硬垫厚垫子麻豆,3550.3,（5）超声波独袋簧升级款 ▪ 加硬承托/厚23cm,23,154.36,3550.3,4617,7.7折,平台加补后,https://detail.tmall.com/item.htm?b_s_f=sycm&b_spm=a21ag.29085015&id=735591355625
16,735591355625,源氏木语官方旗舰店,源氏木语零胶水防螨床垫乳胶天然黄麻垫弹簧席梦思硬垫厚垫子麻豆,3550.3,（6）超声波独袋簧升级款 ▪ 门店热销▪ 偏硬护脊/厚23cm,23,154.36,3550.3,4617,7.7折,平台加补后,https://detail.tmall.com/item.htm?b_s_f=sycm&b_spm=a21ag.29085015&id=735591355625
16,735591355625,源氏木语官方旗舰店,源氏木语零胶水防螨床垫乳胶天然黄麻垫弹簧席梦思硬垫厚垫子麻豆,3550.3,（7）超声波弹簧防螨海绵款 ▪ 敏感可睡 精准承托 ▪ 加硬承托/厚23cm,23,154.36,3550.3,4617,7.7折,平台加补后,https://detail.tmall.com/item.htm?b_s_f=sycm&b_spm=a21ag.29085015&id=735591355625
16,735591355625,源氏木语官方旗舰店,源氏木语零胶水防螨床垫乳胶天然黄麻垫弹簧席梦思硬垫厚垫子麻豆,3550.3,（8）超声波弹簧防螨海绵款 ▪ 敏感可睡 精准承托 ▪ 偏硬护脊/厚23cm,23,154.36,3550.3,4617,7.7折,平台加补后,https://detail.tmall.com/item.htm?b_s_f=sycm&b_spm=a21ag.29085015&id=735591355625
16,735591355625,源氏木语官方旗舰店,源氏木语零胶水防螨床垫乳胶天然黄麻垫弹簧席梦思硬垫厚垫子麻豆,3550.3,（10）智恒扣弹簧款 ▪ 偏硬+一对慢回弹记忆棉枕头(10CM厚RA00537),10,376.84,3768.4,4896,7.7折,平台加补后,https://detail.tmall.com/item.htm?b_s_f=sycm&b_spm=a21ag.29085015&id=735591355625
16,735591355625,源氏木语官方旗舰店,源氏木语零胶水防螨床垫乳胶天然黄麻垫弹簧席梦思硬垫厚垫子麻豆,3550.3,（9）折叠款 ▪ 便携易收纳 ▪ 偏硬护脊/厚23cm,23,159.87,3677.1,4779,7.7折,平台加补后,https://detail.tmall.com/item.htm?b_s_f=sycm&b_spm=a21ag.29085015&id=735591355625
17,820208829398,喜临门官方旗舰店,【白骑士Pros0胶】喜临门A类可拆洗席梦思乳胶透气四叶草弹簧床垫,2549.15,白骑士Pros0胶（主推款）【双睡感/26cm】可拆可洗支撑升级 店长主推,26,114.39,2974.15,5099,5.8折,平台加补后,https://detail.tmall.com/item.htm?b_s_f=sycm&b_spm=a21ag.29085015&id=820208829398
17,820208829398,喜临门官方旗舰店,【白骑士Pros0胶】喜临门A类可拆洗席梦思乳胶透气四叶草弹簧床垫,2549.15,工学Pro0胶（控温升级款）【适中睡感/26CM】A类控温+可拆洗面料+追腰支撑,26,120.93,3144.15,5299,5.9折,平台加补后,https://detail.tmall.com/item.htm?b_s_f=sycm&b_spm=a21ag.29085015&id=820208829398
17,820208829398,喜临门官方旗舰店,【白骑士Pros0胶】喜临门A类可拆洗席梦思乳胶透气四叶草弹簧床垫,2549.15,工学Max0胶（三簧支撑款）【偏软睡感/27CM】三重弹簧立式支撑系统,27,135.34,3654.15,5899,6.2折,平台加补后,https://detail.tmall.com/item.htm?b_s_f=sycm&b_spm=a21ag.29085015&id=820208829398
17,820208829398,喜临门官方旗舰店,【白骑士Pros0胶】喜临门A类可拆洗席梦思乳胶透气四叶草弹簧床垫,2549.15,白骑士Kids2.0（舒脊款）【双睡感/20CM】可拆可洗整垫0胶,20,127.46,2549.15,4599,5.5折,平台加补后,https://detail.tmall.com/item.htm?b_s_f=sycm&b_spm=a21ag.29085015&id=820208829398
17,820208829398,喜临门官方旗舰店,【白骑士Pros0胶】喜临门A类可拆洗席梦思乳胶透气四叶草弹簧床垫,2549.15,白骑士0胶2.0（透气款）【双重睡感/26cm】透气升级久睡清爽,26,111.12,2889.15,4999,5.8折,平台加补后,https://detail.tmall.com/item.htm?b_s_f=sycm&b_spm=a21ag.29085015&id=820208829398
17,820208829398,喜临门官方旗舰店,【白骑士Pros0胶】喜临门A类可拆洗席梦思乳胶透气四叶草弹簧床垫,2549.15,白骑士0胶（经典款）【双重睡感/26cm】整垫0胶软硬可调,26,104.58,2719.15,4799,5.7折,平台加补后,https://detail.tmall.com/item.htm?b_s_f=sycm&b_spm=a21ag.29085015&id=820208829398
17,820208829398,喜临门官方旗舰店,【白骑士Pros0胶】喜临门A类可拆洗席梦思乳胶透气四叶草弹簧床垫,2549.15,白骑士Plus+（非0胶款）【双面睡感/25CM】四重升级睡得舒服 千人加购,25,105.37,2634.15,4699,5.6折,平台加补后,https://detail.tmall.com/item.htm?b_s_f=sycm&b_spm=a21ag.29085015&id=820208829398
17,820208829398,喜临门官方旗舰店,【白骑士Pros0胶】喜临门A类可拆洗席梦思乳胶透气四叶草弹簧床垫,2549.15,【床垫家纺套餐】白骑士Pro S+小海贝枕一对,,,3229.15,5399,6.0折,平台加补后,https://detail.tmall.com/item.htm?b_s_f=sycm&b_spm=a21ag.29085015&id=820208829398
17,820208829398,喜临门官方旗舰店,【白骑士Pros0胶】喜临门A类可拆洗席梦思乳胶透气四叶草弹簧床垫,2549.15,【床垫家纺套餐】白骑士Pro S+空气层床笠,,,3059.15,5199,5.9折,平台加补后,https://detail.tmall.com/item.htm?b_s_f=sycm&b_spm=a21ag.29085015&id=820208829398
18,596263974964,芝华仕官方旗舰店,【芝华仕D026】政府补贴弹簧乳胶床垫席梦思酒店厚垫软硬卧室家用,1302.2,26CM经典升级版|软硬适中|进口乳胶 舒适护脊,26,53.71,1396.55,1945,7.2折,平台加补后,https://detail.tmall.com/item.htm?b_s_f=sycm&b_spm=a21ag.29085015&id=596263974964
18,596263974964,芝华仕官方旗舰店,【芝华仕D026】政府补贴弹簧乳胶床垫席梦思酒店厚垫软硬卧室家用,1302.2,26CM护脊升级版|偏硬支撑双重支撑 科学护脊,26,50.08,1302.2,1815,7.2折,平台加补后,https://detail.tmall.com/item.htm?b_s_f=sycm&b_spm=a21ag.29085015&id=596263974964
18,596263974964,芝华仕官方旗舰店,【芝华仕D026】政府补贴弹簧乳胶床垫席梦思酒店厚垫软硬卧室家用,1302.2,24CM整垫0胶版|软硬双睡|全0胶水工艺 A类抑菌面料,24,102.32,2455.65,3411,7.2折,平台加补后,https://detail.tmall.com/item.htm?b_s_f=sycm&b_spm=a21ag.29085015&id=596263974964
18,596263974964,芝华仕官方旗舰店,【芝华仕D026】政府补贴弹簧乳胶床垫席梦思酒店厚垫软硬卧室家用,1302.2,26CM记忆绵版|适中偏软|一张能撑腰的记忆绵床垫,26,64.5,1677.05,2334,7.2折,平台加补后,https://detail.tmall.com/item.htm?b_s_f=sycm&b_spm=a21ag.29085015&id=596263974964
19,978756604989,源氏木语官方旗舰店,源氏木语0胶水床垫美满抗敏防螨透气垫家用竹炭绵垫独立弹簧厚垫,2277.92,美满·防螨抗菌·偏硬护脊/24CM|JH2SFC000 万人加购,24,94.91,2277.92,3501,6.5折,平台加补后,https://detail.tmall.com/item.htm?b_s_f=sycm&b_spm=a21ag.29085015&id=978756604989
20,762305889158,麻大师旗舰店,麻大师豆7床垫国家补贴天然黄麻乳胶榻榻米儿童硬垫子护脊可定做,852.64,豆7 护脊2.0[6CM厚]:A类针织面料+3cmS型黄麻,6,164.21,985.24,1499,6.6折,平台加补后,https://detail.tmall.com/item.htm?b_s_f=sycm&b_spm=a21ag.29085015&id=762305889158
20,762305889158,麻大师旗舰店,麻大师豆7床垫国家补贴天然黄麻乳胶榻榻米儿童硬垫子护脊可定做,852.64,豆7 护脊2.0[8CM厚]:A类针织面料+5cmS型黄麻,8,148.02,1184.14,1799,6.6折,平台加补后,https://detail.tmall.com/item.htm?b_s_f=sycm&b_spm=a21ag.29085015&id=762305889158
20,762305889158,麻大师旗舰店,麻大师豆7床垫国家补贴天然黄麻乳胶榻榻米儿童硬垫子护脊可定做,852.64,豆7 护脊2.0[10CM厚]:A类针织面料+7cmS型黄麻 店长主推,10,138.3,1383.04,2099,6.6折,平台加补后,https://detail.tmall.com/item.htm?b_s_f=sycm&b_spm=a21ag.29085015&id=762305889158
20,762305889158,麻大师旗舰店,麻大师豆7床垫国家补贴天然黄麻乳胶榻榻米儿童硬垫子护脊可定做,852.64,豆7 护脊2.0[15CM厚]:A类针织面料+12cmS型黄麻 万人加购,15,123.14,1847.14,2799,6.6折,平台加补后,https://detail.tmall.com/item.htm?b_s_f=sycm&b_spm=a21ag.29085015&id=762305889158
20,762305889158,麻大师旗舰店,麻大师豆7床垫国家补贴天然黄麻乳胶榻榻米儿童硬垫子护脊可定做,852.64,豆7 舒脊2.0[8CM厚]:A类针织面料+2cm乳胶+3cmS型黄麻,8,164.59,1316.74,1999,6.6折,平台加补后,https://detail.tmall.com/item.htm?b_s_f=sycm&b_spm=a21ag.29085015&id=762305889158
20,762305889158,麻大师旗舰店,麻大师豆7床垫国家补贴天然黄麻乳胶榻榻米儿童硬垫子护脊可定做,852.64,豆7 舒脊2.0[10CM厚]:A类针织面料+2cm乳胶+5cmS型黄麻,10,151.56,1515.64,2299,6.6折,平台加补后,https://detail.tmall.com/item.htm?b_s_f=sycm&b_spm=a21ag.29085015&id=762305889158
20,762305889158,麻大师旗舰店,麻大师豆7床垫国家补贴天然黄麻乳胶榻榻米儿童硬垫子护脊可定做,852.64,豆7 舒脊2.0[12CM厚]:A类针织面料+2cm乳胶+7cmS型黄麻,12,142.88,1714.54,2599,6.6折,平台加补后,https://detail.tmall.com/item.htm?b_s_f=sycm&b_spm=a21ag.29085015&id=762305889158
20,762305889158,麻大师旗舰店,麻大师豆7床垫国家补贴天然黄麻乳胶榻榻米儿童硬垫子护脊可定做,852.64,豆7 舒脊2.0[15CM厚]:A类针织面料+2cm乳胶+10cmS型黄麻,15,131.98,1979.74,2999,6.6折,平台加补后,https://detail.tmall.com/item.htm?b_s_f=sycm&b_spm=a21ag.29085015&id=762305889158
20,762305889158,麻大师旗舰店,麻大师豆7床垫国家补贴天然黄麻乳胶榻榻米儿童硬垫子护脊可定做,852.64,豆7 护脊[6CM厚]:A类针织面料+3cm黄麻,6,142.11,852.64,1299,6.6折,平台加补后,https://detail.tmall.com/item.htm?b_s_f=sycm&b_spm=a21ag.29085015&id=762305889158
20,762305889158,麻大师旗舰店,麻大师豆7床垫国家补贴天然黄麻乳胶榻榻米儿童硬垫子护脊可定做,852.64,豆7 护脊[8CM厚]:A类针织面料+5cm黄麻,8,131.44,1051.54,1599,6.6折,平台加补后,https://detail.tmall.com/item.htm?b_s_f=sycm&b_spm=a21ag.29085015&id=762305889158
20,762305889158,麻大师旗舰店,麻大师豆7床垫国家补贴天然黄麻乳胶榻榻米儿童硬垫子护脊可定做,852.64,豆7 舒脊[10CM厚]:A类针织面料+2cm乳胶+5cm黄麻,10,131.67,1316.74,1999,6.6折,平台加补后,https://detail.tmall.com/item.htm?b_s_f=sycm&b_spm=a21ag.29085015&id=762305889158
20,762305889158,麻大师旗舰店,麻大师豆7床垫国家补贴天然黄麻乳胶榻榻米儿童硬垫子护脊可定做,852.64,豆7 舒脊[12CM厚]:A类针织面料+2cm乳胶+7cm黄麻,12,126.3,1515.64,2299,6.6折,平台加补后,https://detail.tmall.com/item.htm?b_s_f=sycm&b_spm=a21ag.29085015&id=762305889158
20,762305889158,麻大师旗舰店,麻大师豆7床垫国家补贴天然黄麻乳胶榻榻米儿童硬垫子护脊可定做,852.64,豆七 0胶护脊-7cm=A类针织面料（8cc3D裥层）+5cmS型黄麻,7,216.52,1515.64,2299,6.6折,平台加补后,https://detail.tmall.com/item.htm?b_s_f=sycm&b_spm=a21ag.29085015&id=762305889158
20,762305889158,麻大师旗舰店,麻大师豆7床垫国家补贴天然黄麻乳胶榻榻米儿童硬垫子护脊可定做,852.64,豆七 0胶护脊-9cm=A类针织面料（8cc3D裥层）+7cmS型黄麻,9,197.87,1780.84,2699,6.6折,平台加补后,https://detail.tmall.com/item.htm?b_s_f=sycm&b_spm=a21ag.29085015&id=762305889158
20,762305889158,麻大师旗舰店,麻大师豆7床垫国家补贴天然黄麻乳胶榻榻米儿童硬垫子护脊可定做,852.64,豆七 0胶透气-9cm=A类针织面料（8cc3D裥层）+2cm8CC3D+5cmS型黄麻,9,212.6,1913.44,2899,6.6折,平台加补后,https://detail.tmall.com/item.htm?b_s_f=sycm&b_spm=a21ag.29085015&id=762305889158
20,762305889158,麻大师旗舰店,麻大师豆7床垫国家补贴天然黄麻乳胶榻榻米儿童硬垫子护脊可定做,852.64,豆七 0胶透气-11cm=A类针织面料（8cc3D裥层）+2cm8CC3D+7cmS型黄麻,11,198.06,2178.64,3299,6.6折,平台加补后,https://detail.tmall.com/item.htm?b_s_f=sycm&b_spm=a21ag.29085015&id=762305889158
20,762305889158,麻大师旗舰店,麻大师豆7床垫国家补贴天然黄麻乳胶榻榻米儿童硬垫子护脊可定做,852.64,定制专用 详询客服,,,4410.99,6666,6.6折,平台加补后,https://detail.tmall.com/item.htm?b_s_f=sycm&b_spm=a21ag.29085015&id=762305889158
21,679598949615,麻大师旗舰店,麻大师豆芽黄麻护脊床垫厚国家补贴双人硬垫子乳胶弹簧席梦思家用,1648.24,豆芽3.0经典 【护脊实力派/24CM】老少皆宜,24,76.96,1847.14,2799,6.6折,平台加补后,https://detail.tmall.com/item.htm?b_s_f=sycm&b_spm=a21ag.29085015&id=679598949615
21,679598949615,麻大师旗舰店,麻大师豆芽黄麻护脊床垫厚国家补贴双人硬垫子乳胶弹簧席梦思家用,1648.24,豆芽3.0Air 【偏硬护脊/20CM】性价比拉满 万人加购,20,92.36,1847.14,2799,6.6折,平台加补后,https://detail.tmall.com/item.htm?b_s_f=sycm&b_spm=a21ag.29085015&id=679598949615
21,679598949615,麻大师旗舰店,麻大师豆芽黄麻护脊床垫厚国家补贴双人硬垫子乳胶弹簧席梦思家用,1648.24,豆芽3.0旗舰Pro【实力护脊/26CM】透气又护脊 店长主推,26,86.34,2244.94,3399,6.6折,平台加补后,https://detail.tmall.com/item.htm?b_s_f=sycm&b_spm=a21ag.29085015&id=679598949615
21,679598949615,麻大师旗舰店,麻大师豆芽黄麻护脊床垫厚国家补贴双人硬垫子乳胶弹簧席梦思家用,1648.24,豆芽3.0舒脊 【软硬适中/26cM】兼顾护脊&舒适,,,2244.94,3399,6.6折,平台加补后,https://detail.tmall.com/item.htm?b_s_f=sycm&b_spm=a21ag.29085015&id=679598949615
21,679598949615,麻大师旗舰店,麻大师豆芽黄麻护脊床垫厚国家补贴双人硬垫子乳胶弹簧席梦思家用,1648.24,豆芽3.0 O胶【释压护脊+随心调节睡感+面层可拆晾晒】26CM,26,106.74,2775.34,4199,6.6折,平台加补后,https://detail.tmall.com/item.htm?b_s_f=sycm&b_spm=a21ag.29085015&id=679598949615
21,679598949615,麻大师旗舰店,麻大师豆芽黄麻护脊床垫厚国家补贴双人硬垫子乳胶弹簧席梦思家用,1648.24,豆芽4.0 O胶【科学护脊+多重睡感+可全拆可机洗】24CM,24,137.74,3305.74,4999,6.6折,平台加补后,https://detail.tmall.com/item.htm?b_s_f=sycm&b_spm=a21ag.29085015&id=679598949615
21,679598949615,麻大师旗舰店,麻大师豆芽黄麻护脊床垫厚国家补贴双人硬垫子乳胶弹簧席梦思家用,1648.24,豆芽经典款【偏硬护脊/23CM]性价比拉满,23,71.66,1648.24,2499,6.6折,平台加补后,https://detail.tmall.com/item.htm?b_s_f=sycm&b_spm=a21ag.29085015&id=679598949615
21,679598949615,麻大师旗舰店,麻大师豆芽黄麻护脊床垫厚国家补贴双人硬垫子乳胶弹簧席梦思家用,1648.24,豆芽甄选款【净味护脊/24CM】专研新品,24,85.25,2046.04,3099,6.6折,平台加补后,https://detail.tmall.com/item.htm?b_s_f=sycm&b_spm=a21ag.29085015&id=679598949615
21,679598949615,麻大师旗舰店,麻大师豆芽黄麻护脊床垫厚国家补贴双人硬垫子乳胶弹簧席梦思家用,1648.24,豆芽3.0Pro 【软硬适中/26CM】兼顾护脊&舒适,26,86.34,2244.94,3399,6.6折,平台加补后,https://detail.tmall.com/item.htm?b_s_f=sycm&b_spm=a21ag.29085015&id=679598949615
21,679598949615,麻大师旗舰店,麻大师豆芽黄麻护脊床垫厚国家补贴双人硬垫子乳胶弹簧席梦思家用,1648.24,定制专用 详询客服,,,1847.14,2799,6.6折,平台加补后,https://detail.tmall.com/item.htm?b_s_f=sycm&b_spm=a21ag.29085015&id=679598949615
22,973602877186,喜临门官方旗舰店,【店播专享】【白骑士plus】喜临门席梦思乳胶软垫黄麻弹簧床垫,2379.15,白骑士Plus（主推款）【双面睡感/25CM】双面可睡经典之选,25,98.57,2464.15,3899,6.3折,平台加补后,https://detail.tmall.com/item.htm?b_s_f=sycm&b_spm=a21ag.29085015&id=973602877186
22,973602877186,喜临门官方旗舰店,【店播专享】【白骑士plus】喜临门席梦思乳胶软垫黄麻弹簧床垫,2379.15,白骑士Plus+（主推升级款）【双面睡感/25CM】四重升级主卧推荐,25,105.37,2634.15,4099,6.4折,平台加补后,https://detail.tmall.com/item.htm?b_s_f=sycm&b_spm=a21ag.29085015&id=973602877186
22,973602877186,喜临门官方旗舰店,【店播专享】【白骑士plus】喜临门席梦思乳胶软垫黄麻弹簧床垫,2379.15,白骑士Lite+（基础升级款）【偏硬睡感/22CM】A类面料三区舒脊,22,108.14,2379.15,3799,6.3折,平台加补后,https://detail.tmall.com/item.htm?b_s_f=sycm&b_spm=a21ag.29085015&id=973602877186
22,973602877186,喜临门官方旗舰店,【店播专享】【白骑士plus】喜临门席梦思乳胶软垫黄麻弹簧床垫,2379.15,白骑士Pros0胶（可拆洗款）【双睡感/26cm】支撑升级透气升级 千人加购,26,114.39,2974.15,4499,6.6折,平台加补后,https://detail.tmall.com/item.htm?b_s_f=sycm&b_spm=a21ag.29085015&id=973602877186
22,973602877186,喜临门官方旗舰店,【店播专享】【白骑士plus】喜临门席梦思乳胶软垫黄麻弹簧床垫,2379.15,白骑士Kids2.0（0胶舒脊款）【双睡感/20CM】可拆可洗整垫0胶,20,127.46,2549.15,3999,6.4折,平台加补后,https://detail.tmall.com/item.htm?b_s_f=sycm&b_spm=a21ag.29085015&id=973602877186
23,793633908199,金可儿旗舰店,【直播专享】金可儿护脊软硬垫五星酒店弹簧乳胶床垫官方 护脊2.0,4674.15,护脊2.0 直播秒杀专享,,,5073.65,8712,5.8折,平台加补后,https://detail.tmall.com/item.htm?b_s_f=sycm&b_spm=a21ag.29085015&id=793633908199
23,793633908199,金可儿旗舰店,【直播专享】金可儿护脊软硬垫五星酒店弹簧乳胶床垫官方 护脊2.0,4674.15,护脊2.0+ 直播秒杀专享,,,5574.3,9448,5.9折,平台加补后,https://detail.tmall.com/item.htm?b_s_f=sycm&b_spm=a21ag.29085015&id=793633908199
23,793633908199,金可儿旗舰店,【直播专享】金可儿护脊软硬垫五星酒店弹簧乳胶床垫官方 护脊2.0,4674.15,繁星A+ 直播秒杀专享,,,5574.3,9448,5.9折,平台加补后,https://detail.tmall.com/item.htm?b_s_f=sycm&b_spm=a21ag.29085015&id=793633908199
23,793633908199,金可儿旗舰店,【直播专享】金可儿护脊软硬垫五星酒店弹簧乳胶床垫官方 护脊2.0,4674.15,1898典藏 直播秒杀专享,,,8074.15,13124,6.2折,平台加补后,https://detail.tmall.com/item.htm?b_s_f=sycm&b_spm=a21ag.29085015&id=793633908199
23,793633908199,金可儿旗舰店,【直播专享】金可儿护脊软硬垫五星酒店弹簧乳胶床垫官方 护脊2.0,4674.15,喜来登 直播秒杀专享,,,4674.15,8124,5.8折,平台加补后,https://detail.tmall.com/item.htm?b_s_f=sycm&b_spm=a21ag.29085015&id=793633908199
24,37479800159,源氏木语官方旗舰店,源氏木语小椰0胶水床垫可家用天然椰棕护脊硬垫弹簧乳胶软垫,1312.7,单面款·环保椰棕·偏硬护脊/22CM|J32 近期热销,22,59.67,1312.7,1683,7.8折,平台加补后,https://detail.tmall.com/item.htm?b_s_f=sycm&b_spm=a21ag.29085015&id=37479800159
24,37479800159,源氏木语官方旗舰店,源氏木语小椰0胶水床垫可家用天然椰棕护脊硬垫弹簧乳胶软垫,1312.7,双面款·透气纤维·偏硬护脊+加硬承托/23CM|J136,23,73.83,1698.2,2178,7.8折,平台加补后,https://detail.tmall.com/item.htm?b_s_f=sycm&b_spm=a21ag.29085015&id=37479800159
24,37479800159,源氏木语官方旗舰店,源氏木语小椰0胶水床垫可家用天然椰棕护脊硬垫弹簧乳胶软垫,1312.7,单面款·天然乳胶·偏硬护脊/24CM|J32,24,66.36,1592.7,2043,7.8折,平台加补后,https://detail.tmall.com/item.htm?b_s_f=sycm&b_spm=a21ag.29085015&id=37479800159
24,37479800159,源氏木语官方旗舰店,源氏木语小椰0胶水床垫可家用天然椰棕护脊硬垫弹簧乳胶软垫,1312.7,折叠款·方便入户·偏硬护脊/24CM|JZ33,24,79.55,1909.2,2448,7.8折,平台加补后,https://detail.tmall.com/item.htm?b_s_f=sycm&b_spm=a21ag.29085015&id=37479800159
24,37479800159,源氏木语官方旗舰店,源氏木语小椰0胶水床垫可家用天然椰棕护脊硬垫弹簧乳胶软垫,1312.7,环保椰棕款+一对慢回弹记忆棉枕头(10CM厚RA00537)J32,10,166.37,1663.7,2133,7.8折,平台加补后,https://detail.tmall.com/item.htm?b_s_f=sycm&b_spm=a21ag.29085015&id=37479800159
24,37479800159,源氏木语官方旗舰店,源氏木语小椰0胶水床垫可家用天然椰棕护脊硬垫弹簧乳胶软垫,1312.7,竹炭海绵款+一对慢回弹记忆棉枕头(10CM厚RA00537)J32L,10,150.14,1501.4,1926,7.8折,平台加补后,https://detail.tmall.com/item.htm?b_s_f=sycm&b_spm=a21ag.29085015&id=37479800159
24,37479800159,源氏木语官方旗舰店,源氏木语小椰0胶水床垫可家用天然椰棕护脊硬垫弹簧乳胶软垫,1312.7,天然乳胶款+一对慢回弹记忆棉枕头(10CM厚RA00537)J33,10,185.95,1859.5,2385,7.8折,平台加补后,https://detail.tmall.com/item.htm?b_s_f=sycm&b_spm=a21ag.29085015&id=37479800159
24,37479800159,源氏木语官方旗舰店,源氏木语小椰0胶水床垫可家用天然椰棕护脊硬垫弹簧乳胶软垫,1312.7,透气纤维款+一对慢回弹记忆棉枕头(10CM厚RA00537)J136,10,191.9,1919,2646,7.3折,平台加补后,https://detail.tmall.com/item.htm?b_s_f=sycm&b_spm=a21ag.29085015&id=37479800159
25,921904956684,Serta舒达官方旗舰店,妙享乳胶 床垫弹簧软硬两面席梦思家用床垫卧室【直播专属】,13199,妙享 【25cm|适中/硬|双面舒睡|阻菌阻螨】,25,527.96,13199,14999,8.8折,平台加补后,https://detail.tmall.com/item.htm?b_s_f=sycm&b_spm=a21ag.29085015&id=921904956684
26,684267229066,蓝盒子官方旗舰店,蓝盒子Z1Pro 酒店床垫双层弹簧记忆棉软硬适中五星级双人厚席梦思,5158.65,【五星睡感/软硬适中】Z1Pro 万人加购,,,5158.65,7579,6.8折,平台加补后,https://detail.tmall.com/item.htm?b_s_f=sycm&b_spm=a21ag.29085015&id=684267229066
26,684267229066,蓝盒子官方旗舰店,蓝盒子Z1Pro 酒店床垫双层弹簧记忆棉软硬适中五星级双人厚席梦思,5158.65,【五星睡感/适中偏硬】Z1Pro加硬款,,,5158.65,7579,6.8折,平台加补后,https://detail.tmall.com/item.htm?b_s_f=sycm&b_spm=a21ag.29085015&id=684267229066
26,684267229066,蓝盒子官方旗舰店,蓝盒子Z1Pro 酒店床垫双层弹簧记忆棉软硬适中五星级双人厚席梦思,5158.65,【推荐搭配/好价好睡感】Z1Pro+裸床笠,,,5547.95,8099,6.9折,平台加补后,https://detail.tmall.com/item.htm?b_s_f=sycm&b_spm=a21ag.29085015&id=684267229066
26,684267229066,蓝盒子官方旗舰店,蓝盒子Z1Pro 酒店床垫双层弹簧记忆棉软硬适中五星级双人厚席梦思,5158.65,【推荐搭配/好价好睡感】Z1Pro加硬款+裸床笠,,,5547.95,8099,6.9折,平台加补后,https://detail.tmall.com/item.htm?b_s_f=sycm&b_spm=a21ag.29085015&id=684267229066
27,1047088294624,源氏木语官方旗舰店,源氏木语0胶水羊毛床垫特拉蕾乳胶护脊山棕透气垫独立弹簧垫朴朴,4400.4,黑山棕·弹韧护脊·偏硬+加硬/25CM|JH2BRD000 千人加购,25,176.02,4400.4,5706,7.7折,平台加补后,https://detail.tmall.com/item.htm?b_s_f=sycm&b_spm=a21ag.29085015&id=1047088294624
28,655841117705,栖作官方旗舰店,栖作坚果床垫可拆洗独立袋装弹簧记忆棉护脊硬儿童卧室家用席梦思,3289.5,【0胶坚果】经典硬床垫 23cm 全网低价,23,143.02,3289.5,5200,6.3折,平台加补后,https://detail.tmall.com/item.htm?b_s_f=sycm&b_spm=a21ag.29085015&id=655841117705
28,655841117705,栖作官方旗舰店,栖作坚果床垫可拆洗独立袋装弹簧记忆棉护脊硬儿童卧室家用席梦思,3289.5,【0胶坚果·硬核】天然羊毛护脊 24cm,24,195.08,4681.8,7499,6.2折,平台加补后,https://detail.tmall.com/item.htm?b_s_f=sycm&b_spm=a21ag.29085015&id=655841117705
28,655841117705,栖作官方旗舰店,栖作坚果床垫可拆洗独立袋装弹簧记忆棉护脊硬儿童卧室家用席梦思,3289.5,【0胶坚果·馥桂】三重深弹护脊 28cm 万人加购,28,234.72,6572.2,9838,6.7折,平台加补后,https://detail.tmall.com/item.htm?b_s_f=sycm&b_spm=a21ag.29085015&id=655841117705
29,901610879296,喜临门官方旗舰店,【净眠M60+】喜临门官方正品线下同款厚席梦思0胶可拆洗弹簧床垫,4079.15,净眠M60+（新品·可拆洗升级款） 千人加购,,,5694.15,8099,7.0折,平台加补后,https://detail.tmall.com/item.htm?b_s_f=sycm&b_spm=a21ag.29085015&id=901610879296
29,901610879296,喜临门官方旗舰店,【净眠M60+】喜临门官方正品线下同款厚席梦思0胶可拆洗弹簧床垫,4079.15,净眠M60 【净眠因子除醛+0胶可拆卸+软硬可调节】 全网低价,,,5524.15,7899,7.0折,平台加补后,https://detail.tmall.com/item.htm?b_s_f=sycm&b_spm=a21ag.29085015&id=901610879296
29,901610879296,喜临门官方旗舰店,【净眠M60+】喜临门官方正品线下同款厚席梦思0胶可拆洗弹簧床垫,4079.15,净眠M80(S)【28cm/偏软睡感 奢材羊驼毛】,28,245.86,6884.15,9499,7.2折,平台加补后,https://detail.tmall.com/item.htm?b_s_f=sycm&b_spm=a21ag.29085015&id=901610879296
29,901610879296,喜临门官方旗舰店,【净眠M60+】喜临门官方正品线下同款厚席梦思0胶可拆洗弹簧床垫,4079.15,净眠M80(M)【28cm/软硬适中睡感 奢材羊驼毛】,28,245.86,6884.15,9499,7.2折,平台加补后,https://detail.tmall.com/item.htm?b_s_f=sycm&b_spm=a21ag.29085015&id=901610879296
29,901610879296,喜临门官方旗舰店,【净眠M60+】喜临门官方正品线下同款厚席梦思0胶可拆洗弹簧床垫,4079.15,净眠M80 舒脊加硬版【28cm/适中偏硬睡感 奢材羊驼毛】,28,245.86,6884.15,9499,7.2折,平台加补后,https://detail.tmall.com/item.htm?b_s_f=sycm&b_spm=a21ag.29085015&id=901610879296
29,901610879296,喜临门官方旗舰店,【净眠M60+】喜临门官方正品线下同款厚席梦思0胶可拆洗弹簧床垫,4079.15,净眠山茶花【29cm/子母双垫 多重睡感】,29,287.21,8329.15,11199,7.4折,平台加补后,https://detail.tmall.com/item.htm?b_s_f=sycm&b_spm=a21ag.29085015&id=901610879296
29,901610879296,喜临门官方旗舰店,【净眠M60+】喜临门官方正品线下同款厚席梦思0胶可拆洗弹簧床垫,4079.15,棠盈(迷雾棕)【单床架 电动靠背可调节角度】,,,4079.15,6199,6.6折,平台加补后,https://detail.tmall.com/item.htm?b_s_f=sycm&b_spm=a21ag.29085015&id=901610879296
29,901610879296,喜临门官方旗舰店,【净眠M60+】喜临门官方正品线下同款厚席梦思0胶可拆洗弹簧床垫,4079.15,【卧室套餐】云蓬_琉光黑(20cm床拖)+净眠 M60+,20,399.97,7999.35,10811,7.4折,平台加补后,https://detail.tmall.com/item.htm?b_s_f=sycm&b_spm=a21ag.29085015&id=901610879296
29,901610879296,喜临门官方旗舰店,【净眠M60+】喜临门官方正品线下同款厚席梦思0胶可拆洗弹簧床垫,4079.15,【卧室套餐】云蓬_琉光黑(30cm储物)+净眠 M60+,30,286.63,8599,11499,7.5折,平台加补后,https://detail.tmall.com/item.htm?b_s_f=sycm&b_spm=a21ag.29085015&id=901610879296
29,901610879296,喜临门官方旗舰店,【净眠M60+】喜临门官方正品线下同款厚席梦思0胶可拆洗弹簧床垫,4079.15,【卧室套餐】云蓬_燕晶灰(20cm床拖)+净眠 M60+,20,399.97,7999.35,10811,7.4折,平台加补后,https://detail.tmall.com/item.htm?b_s_f=sycm&b_spm=a21ag.29085015&id=901610879296
29,901610879296,喜临门官方旗舰店,【净眠M60+】喜临门官方正品线下同款厚席梦思0胶可拆洗弹簧床垫,4079.15,【卧室套餐】云蓬_燕晶灰(30cm储物)+净眠 M60+,30,286.63,8599,11499,7.5折,平台加补后,https://detail.tmall.com/item.htm?b_s_f=sycm&b_spm=a21ag.29085015&id=901610879296
30,658398567065,蓝盒子官方旗舰店,蓝盒子小蓝垫T2Pro记忆棉床垫薄垫家用软垫酒店专用宿舍榻榻米垫,934.15,小蓝垫Pro【更蓬松更透气 / 旧床垫变高级】厚8cm,8,116.77,934.15,1477,6.3折,平台加补后,https://detail.tmall.com/item.htm?b_s_f=sycm&b_spm=a21ag.29085015&id=658398567065
31,719788224123,喜临门官方旗舰店,【云朗Pro】喜临门官方家用主卧席梦思偏硬黄麻乳胶独袋弹簧床垫,1784.15,云朗Pros0胶（新品）【双睡感/23CM】整垫0胶三区舒脊,23,81.27,1869.15,3099,6.0折,平台加补后,https://detail.tmall.com/item.htm?b_s_f=sycm&b_spm=a21ag.29085015&id=719788224123
31,719788224123,喜临门官方旗舰店,【云朗Pro】喜临门官方家用主卧席梦思偏硬黄麻乳胶独袋弹簧床垫,1784.15,云朗Pro【双睡感/25.5CM】透气清新双重舒压 店长主推,25.5,69.97,1784.15,2999,5.9折,平台加补后,https://detail.tmall.com/item.htm?b_s_f=sycm&b_spm=a21ag.29085015&id=719788224123
31,719788224123,喜临门官方旗舰店,【云朗Pro】喜临门官方家用主卧席梦思偏硬黄麻乳胶独袋弹簧床垫,1784.15,云朗M1【双睡感/25CM】分区释压睡感升级 无赠品,25,78.17,1954.15,3199,6.1折,平台加补后,https://detail.tmall.com/item.htm?b_s_f=sycm&b_spm=a21ag.29085015&id=719788224123
31,719788224123,喜临门官方旗舰店,【云朗Pro】喜临门官方家用主卧席梦思偏硬黄麻乳胶独袋弹簧床垫,1784.15,云朗Neo【适中睡感/24CM】可拆洗款灵动分区,24,77.88,1869.15,3099,6.0折,平台加补后,https://detail.tmall.com/item.htm?b_s_f=sycm&b_spm=a21ag.29085015&id=719788224123
31,719788224123,喜临门官方旗舰店,【云朗Pro】喜临门官方家用主卧席梦思偏硬黄麻乳胶独袋弹簧床垫,1784.15,云朗4.0【双睡感/24CM】柔感乳胶舒脊椰棕 无赠品,24,74.34,1784.15,2999,5.9折,平台加补后,https://detail.tmall.com/item.htm?b_s_f=sycm&b_spm=a21ag.29085015&id=719788224123
31,719788224123,喜临门官方旗舰店,【云朗Pro】喜临门官方家用主卧席梦思偏硬黄麻乳胶独袋弹簧床垫,1784.15,【床垫家纺套餐】云朗Pro+太空曲线枕一对,,,1869.15,3099,6.0折,平台加补后,https://detail.tmall.com/item.htm?b_s_f=sycm&b_spm=a21ag.29085015&id=719788224123
31,719788224123,喜临门官方旗舰店,【云朗Pro】喜临门官方家用主卧席梦思偏硬黄麻乳胶独袋弹簧床垫,1784.15,【软床床垫卧室套餐】星选（馥芮白）+云朗pro,,,3548.75,5075,7.0折,平台加补后,https://detail.tmall.com/item.htm?b_s_f=sycm&b_spm=a21ag.29085015&id=719788224123
32,681141376007,麻大师旗舰店,麻大师0胶水软床垫加硬神器黄麻护腰脊薄款偏硬板棕榈床垫子家用,852.64,4.0Pro 厚度3.6CM=6D面料+3cmS型黄麻,3.6,273.68,985.24,1499,6.6折,平台加补后,https://detail.tmall.com/item.htm?b_s_f=sycm&b_spm=a21ag.29085015&id=681141376007
32,681141376007,麻大师旗舰店,麻大师0胶水软床垫加硬神器黄麻护腰脊薄款偏硬板棕榈床垫子家用,852.64,4.0Pro 厚度5.6CM=6D面料+5cmS型黄麻,5.6,223.29,1250.44,1899,6.6折,平台加补后,https://detail.tmall.com/item.htm?b_s_f=sycm&b_spm=a21ag.29085015&id=681141376007
32,681141376007,麻大师旗舰店,麻大师0胶水软床垫加硬神器黄麻护腰脊薄款偏硬板棕榈床垫子家用,852.64,4.0Pro+ 厚度5.6CM=6D面料+2cm乳胶+3cmS型黄麻,5.6,246.97,1383.04,2099,6.6折,平台加补后,https://detail.tmall.com/item.htm?b_s_f=sycm&b_spm=a21ag.29085015&id=681141376007
32,681141376007,麻大师旗舰店,麻大师0胶水软床垫加硬神器黄麻护腰脊薄款偏硬板棕榈床垫子家用,852.64,4.0Pro+ 厚度7.6CM=6D面料+2cm乳胶+5cmS型黄麻,7.6,208.15,1581.94,2399,6.6折,平台加补后,https://detail.tmall.com/item.htm?b_s_f=sycm&b_spm=a21ag.29085015&id=681141376007
32,681141376007,麻大师旗舰店,麻大师0胶水软床垫加硬神器黄麻护腰脊薄款偏硬板棕榈床垫子家用,852.64,5.0Pro 厚度4.8CM=8D面料+4cm麻小豆,4.8,274.32,1316.74,1999,6.6折,平台加补后,https://detail.tmall.com/item.htm?b_s_f=sycm&b_spm=a21ag.29085015&id=681141376007
32,681141376007,麻大师旗舰店,麻大师0胶水软床垫加硬神器黄麻护腰脊薄款偏硬板棕榈床垫子家用,852.64,5.0Pro+ 厚度6.8CM=8D面料+2cm记忆棉+4cm麻小豆,6.8,222.89,1515.64,2299,6.6折,平台加补后,https://detail.tmall.com/item.htm?b_s_f=sycm&b_spm=a21ag.29085015&id=681141376007
32,681141376007,麻大师旗舰店,麻大师0胶水软床垫加硬神器黄麻护腰脊薄款偏硬板棕榈床垫子家用,852.64,5.0Pro+ 厚度6.8CM=8D面料+2cm乳胶+4cm麻小豆,6.8,222.89,1515.64,2299,6.6折,平台加补后,https://detail.tmall.com/item.htm?b_s_f=sycm&b_spm=a21ag.29085015&id=681141376007
32,681141376007,麻大师旗舰店,麻大师0胶水软床垫加硬神器黄麻护腰脊薄款偏硬板棕榈床垫子家用,852.64,5.0PLUS 厚度6.8CM=8D面料+2cm8cc3D+4cm麻小豆,6.8,242.39,1648.24,2499,6.6折,平台加补后,https://detail.tmall.com/item.htm?b_s_f=sycm&b_spm=a21ag.29085015&id=681141376007
32,681141376007,麻大师旗舰店,麻大师0胶水软床垫加硬神器黄麻护腰脊薄款偏硬板棕榈床垫子家用,852.64,经典3.0 厚度3.6CM=6D面料+3cm黄麻,3.6,236.84,852.64,1299,6.6折,平台加补后,https://detail.tmall.com/item.htm?b_s_f=sycm&b_spm=a21ag.29085015&id=681141376007
32,681141376007,麻大师旗舰店,麻大师0胶水软床垫加硬神器黄麻护腰脊薄款偏硬板棕榈床垫子家用,852.64,经典3.0 厚度5.6CM=6D面料+5cm黄麻,5.6,187.78,1051.54,1599,6.6折,平台加补后,https://detail.tmall.com/item.htm?b_s_f=sycm&b_spm=a21ag.29085015&id=681141376007
33,594047048962,源氏木语官方旗舰店,源氏木语棕垫天然椰棕0胶水床垫家用乳胶垫子榻榻米椰椰海绵硬垫,1349,乳胶款·偏硬护脊/8CM|J103,8,168.62,1349,,,平台加补后,https://detail.tmall.com/item.htm?b_s_f=sycm&b_spm=a21ag.29085015&id=594047048962
33,594047048962,源氏木语官方旗舰店,源氏木语棕垫天然椰棕0胶水床垫家用乳胶垫子榻榻米椰椰海绵硬垫,1349,弹簧款·偏硬护脊/15CM|J103,15,119.93,1799,,,平台加补后,https://detail.tmall.com/item.htm?b_s_f=sycm&b_spm=a21ag.29085015&id=594047048962
33,594047048962,源氏木语官方旗舰店,源氏木语棕垫天然椰棕0胶水床垫家用乳胶垫子榻榻米椰椰海绵硬垫,1349,记忆棉款·软硬适中/10CM|J103,10,143.9,1439,,,平台加补后,https://detail.tmall.com/item.htm?b_s_f=sycm&b_spm=a21ag.29085015&id=594047048962
33,594047048962,源氏木语官方旗舰店,源氏木语棕垫天然椰棕0胶水床垫家用乳胶垫子榻榻米椰椰海绵硬垫,1349,乳胶款·偏硬护脊/12CM|J106,12,139.08,1669,,,平台加补后,https://detail.tmall.com/item.htm?b_s_f=sycm&b_spm=a21ag.29085015&id=594047048962
33,594047048962,源氏木语官方旗舰店,源氏木语棕垫天然椰棕0胶水床垫家用乳胶垫子榻榻米椰椰海绵硬垫,1349,乳胶款·偏硬护脊/10CM|J104,10,153.9,1539,,,平台加补后,https://detail.tmall.com/item.htm?b_s_f=sycm&b_spm=a21ag.29085015&id=594047048962
33,594047048962,源氏木语官方旗舰店,源氏木语棕垫天然椰棕0胶水床垫家用乳胶垫子榻榻米椰椰海绵硬垫,1349,记忆棉款·偏硬护脊/8CM|J103,8,168.62,1349,,,平台加补后,https://detail.tmall.com/item.htm?b_s_f=sycm&b_spm=a21ag.29085015&id=594047048962
33,594047048962,源氏木语官方旗舰店,源氏木语棕垫天然椰棕0胶水床垫家用乳胶垫子榻榻米椰椰海绵硬垫,1349,折叠款·偏硬护脊/8CM|JZ103,8,194.88,1559,,,平台加补后,https://detail.tmall.com/item.htm?b_s_f=sycm&b_spm=a21ag.29085015&id=594047048962
34,620582274780,思骄旗舰店,床垫椰棕垫天然棕榈硬垫子家用1.5米定制1.8儿童床垫护腰脊席梦思,179.99,【偏硬】6cm抗菌防螨5A+（4cm环保棕+0胶水+质保20年+99%石墨烯抗菌科技） 万人加购,6,36.89,221.34,338,6.5折,平台加补后,https://detail.tmall.com/item.htm?b_s_f=sycm&b_spm=a21ag.29085015&id=620582274780
34,620582274780,思骄旗舰店,床垫椰棕垫天然棕榈硬垫子家用1.5米定制1.8儿童床垫护腰脊席梦思,179.99,【舒适】8cm抗菌防螨5A+（2cm乳胶+4cm环保棕+0胶水+质保20年+99%石墨烯抗菌科技）,8,43.65,349.18,526,6.6折,平台加补后,https://detail.tmall.com/item.htm?b_s_f=sycm&b_spm=a21ag.29085015&id=620582274780
34,620582274780,思骄旗舰店,床垫椰棕垫天然棕榈硬垫子家用1.5米定制1.8儿童床垫护腰脊席梦思,179.99,【舒适】10cm抗菌防螨5A+（2cm乳胶+6cm环保棕+0胶+质保20年+99%石墨烯抗菌科技）,10,38.11,381.14,573,6.7折,平台加补后,https://detail.tmall.com/item.htm?b_s_f=sycm&b_spm=a21ag.29085015&id=620582274780
34,620582274780,思骄旗舰店,床垫椰棕垫天然棕榈硬垫子家用1.5米定制1.8儿童床垫护腰脊席梦思,179.99,【舒适】12cm抗菌防螨5A+（2cm乳胶+8cm环保棕+0胶+质保20年+99%石墨烯抗菌科技）,12,42.13,505.58,756,6.7折,平台加补后,https://detail.tmall.com/item.htm?b_s_f=sycm&b_spm=a21ag.29085015&id=620582274780
34,620582274780,思骄旗舰店,床垫椰棕垫天然棕榈硬垫子家用1.5米定制1.8儿童床垫护腰脊席梦思,179.99,【偏硬】6cm防螨麦/白/灰（4cm环保棕+0胶水+质保20年）,6,30.0,179.99,275,6.5折,平台加补后,https://detail.tmall.com/item.htm?b_s_f=sycm&b_spm=a21ag.29085015&id=620582274780
34,620582274780,思骄旗舰店,床垫椰棕垫天然棕榈硬垫子家用1.5米定制1.8儿童床垫护腰脊席梦思,179.99,【适中】7cm防螨麦/白/灰（1cm乳胶+4cm环保棕+0胶水+质保20年）,7,30.67,214.68,328,6.5折,平台加补后,https://detail.tmall.com/item.htm?b_s_f=sycm&b_spm=a21ag.29085015&id=620582274780
34,620582274780,思骄旗舰店,床垫椰棕垫天然棕榈硬垫子家用1.5米定制1.8儿童床垫护腰脊席梦思,179.99,【偏硬】8cm防螨麦/白（6cm环保棕+0胶水+质保20年）,8,31.66,253.3,385,6.6折,平台加补后,https://detail.tmall.com/item.htm?b_s_f=sycm&b_spm=a21ag.29085015&id=620582274780
34,620582274780,思骄旗舰店,床垫椰棕垫天然棕榈硬垫子家用1.5米定制1.8儿童床垫护腰脊席梦思,179.99,【适中】9cm防螨云舒白（1cm乳胶+6cm环保棕+0胶水+质保20年）,9,34.49,310.42,469,6.6折,平台加补后,https://detail.tmall.com/item.htm?b_s_f=sycm&b_spm=a21ag.29085015&id=620582274780
34,620582274780,思骄旗舰店,床垫椰棕垫天然棕榈硬垫子家用1.5米定制1.8儿童床垫护腰脊席梦思,179.99,【偏硬】10cm防螨麦/白（8cm环保棕+0胶水+质保20年）,10,32.13,321.3,485,6.6折,平台加补后,https://detail.tmall.com/item.htm?b_s_f=sycm&b_spm=a21ag.29085015&id=620582274780
34,620582274780,思骄旗舰店,床垫椰棕垫天然棕榈硬垫子家用1.5米定制1.8儿童床垫护腰脊席梦思,179.99,【舒适】10cm防螨云舒白（2cm乳胶+6cm环保棕+0胶水+质保20年）,10,37.23,372.3,560,6.6折,平台加补后,https://detail.tmall.com/item.htm?b_s_f=sycm&b_spm=a21ag.29085015&id=620582274780
34,620582274780,思骄旗舰店,床垫椰棕垫天然棕榈硬垫子家用1.5米定制1.8儿童床垫护腰脊席梦思,179.99,【适中】11cm防螨云舒白（1cm乳胶+8cm环保棕+0胶水+质保20年）,11,33.1,364.14,548,6.6折,平台加补后,https://detail.tmall.com/item.htm?b_s_f=sycm&b_spm=a21ag.29085015&id=620582274780
34,620582274780,思骄旗舰店,床垫椰棕垫天然棕榈硬垫子家用1.5米定制1.8儿童床垫护腰脊席梦思,179.99,【深睡】11cm防螨云舒白（3cm乳胶+6cm环保棕+0胶水+质保20年）,11,35.02,385.22,579,6.7折,平台加补后,https://detail.tmall.com/item.htm?b_s_f=sycm&b_spm=a21ag.29085015&id=620582274780
34,620582274780,思骄旗舰店,床垫椰棕垫天然棕榈硬垫子家用1.5米定制1.8儿童床垫护腰脊席梦思,179.99,【舒适】12cm防螨云舒白（2cm乳胶+8cm环保棕+0胶水+质保20年）,12,33.91,406.98,611,6.7折,平台加补后,https://detail.tmall.com/item.htm?b_s_f=sycm&b_spm=a21ag.29085015&id=620582274780
34,620582274780,思骄旗舰店,床垫椰棕垫天然棕榈硬垫子家用1.5米定制1.8儿童床垫护腰脊席梦思,179.99,【舒适】15cm防螨云舒白（2cm乳胶+12cm环保棕+0胶水+质保20年）,15,34.16,512.38,766,6.7折,平台加补后,https://detail.tmall.com/item.htm?b_s_f=sycm&b_spm=a21ag.29085015&id=620582274780
34,620582274780,思骄旗舰店,床垫椰棕垫天然棕榈硬垫子家用1.5米定制1.8儿童床垫护腰脊席梦思,179.99,【舒适】20cm防螨云舒白（2cm乳胶+16cm环保棕+0胶水+质保20年）,20,32.69,653.82,974,6.7折,平台加补后,https://detail.tmall.com/item.htm?b_s_f=sycm&b_spm=a21ag.29085015&id=620582274780
34,620582274780,思骄旗舰店,床垫椰棕垫天然棕榈硬垫子家用1.5米定制1.8儿童床垫护腰脊席梦思,179.99,【深睡】21cm防螨云舒白（3cm乳胶+16cm环保棕+0胶水+质保20年）,21,34.99,734.74,1093,6.7折,平台加补后,https://detail.tmall.com/item.htm?b_s_f=sycm&b_spm=a21ag.29085015&id=620582274780
34,620582274780,思骄旗舰店,床垫椰棕垫天然棕榈硬垫子家用1.5米定制1.8儿童床垫护腰脊席梦思,179.99,【适中】7cm抗菌防螨5A+（1cm乳胶+4cm环保棕+0胶水+质保20年+99%石墨烯抗菌科技）,7,42.69,298.86,452,6.6折,平台加补后,https://detail.tmall.com/item.htm?b_s_f=sycm&b_spm=a21ag.29085015&id=620582274780
34,620582274780,思骄旗舰店,床垫椰棕垫天然棕榈硬垫子家用1.5米定制1.8儿童床垫护腰脊席梦思,179.99,【偏硬】8cm抗菌防螨5A+（6cm环保棕+0胶水+质保20年+99%石墨烯抗菌科技）,8,37.53,300.22,454,6.6折,平台加补后,https://detail.tmall.com/item.htm?b_s_f=sycm&b_spm=a21ag.29085015&id=620582274780
34,620582274780,思骄旗舰店,床垫椰棕垫天然棕榈硬垫子家用1.5米定制1.8儿童床垫护腰脊席梦思,179.99,【适中】9cm抗菌防螨5A+（1cm乳胶+6cm环保棕+0胶水+质保20年+99%石墨烯抗菌科技）,9,37.74,339.66,512,6.6折,平台加补后,https://detail.tmall.com/item.htm?b_s_f=sycm&b_spm=a21ag.29085015&id=620582274780
34,620582274780,思骄旗舰店,床垫椰棕垫天然棕榈硬垫子家用1.5米定制1.8儿童床垫护腰脊席梦思,179.99,【偏硬】10cm抗菌防螨5A+（8cm环保棕+0胶水+质保20年+99%石墨烯抗菌科技）,10,37.03,370.26,557,6.6折,平台加补后,https://detail.tmall.com/item.htm?b_s_f=sycm&b_spm=a21ag.29085015&id=620582274780
34,620582274780,思骄旗舰店,床垫椰棕垫天然棕榈硬垫子家用1.5米定制1.8儿童床垫护腰脊席梦思,179.99,【偏硬|黄麻进阶】5cm抗菌防螨5A+（3cm黄麻3E棕+0胶+99%氧离子防螨科技）,5,59.64,298.18,451,6.6折,平台加补后,https://detail.tmall.com/item.htm?b_s_f=sycm&b_spm=a21ag.29085015&id=620582274780
34,620582274780,思骄旗舰店,床垫椰棕垫天然棕榈硬垫子家用1.5米定制1.8儿童床垫护腰脊席梦思,179.99,【适中|黄麻进阶】6cm抗菌防螨5A+（1cm乳胶+3cm黄麻3E棕+0胶+99%氧离子防螨科技）,6,54.46,326.74,493,6.6折,平台加补后,https://detail.tmall.com/item.htm?b_s_f=sycm&b_spm=a21ag.29085015&id=620582274780
34,620582274780,思骄旗舰店,床垫椰棕垫天然棕榈硬垫子家用1.5米定制1.8儿童床垫护腰脊席梦思,179.99,【适中|黄麻进阶】8cm抗菌防螨5A+（1cm乳胶+5cm黄麻3E棕+0胶+99%氧离子防螨科技）,8,54.44,435.54,653,6.7折,平台加补后,https://detail.tmall.com/item.htm?b_s_f=sycm&b_spm=a21ag.29085015&id=620582274780
34,620582274780,思骄旗舰店,床垫椰棕垫天然棕榈硬垫子家用1.5米定制1.8儿童床垫护腰脊席梦思,179.99,【偏硬|黄麻进阶】10cm抗菌防螨5A+（8cm黄麻3E棕+0胶+99%氧离子防螨科技）,10,51.1,511.02,764,6.7折,平台加补后,https://detail.tmall.com/item.htm?b_s_f=sycm&b_spm=a21ag.29085015&id=620582274780
34,620582274780,思骄旗舰店,床垫椰棕垫天然棕榈硬垫子家用1.5米定制1.8儿童床垫护腰脊席梦思,179.99,【偏硬|安全可裸睡】5cm舒肤小白羊（3cm黄麻3E棕+0胶水+全拆洗+质保20年）,5,68.34,341.7,515,6.6折,平台加补后,https://detail.tmall.com/item.htm?b_s_f=sycm&b_spm=a21ag.29085015&id=620582274780
34,620582274780,思骄旗舰店,床垫椰棕垫天然棕榈硬垫子家用1.5米定制1.8儿童床垫护腰脊席梦思,179.99,【舒适|安全可裸睡】7cm舒肤小白羊（2cm乳胶+3cm黄麻3E棕+0胶+全拆洗+质保20年）,7,70.57,494.02,739,6.7折,平台加补后,https://detail.tmall.com/item.htm?b_s_f=sycm&b_spm=a21ag.29085015&id=620582274780
34,620582274780,思骄旗舰店,床垫椰棕垫天然棕榈硬垫子家用1.5米定制1.8儿童床垫护腰脊席梦思,179.99,【偏硬|安全可裸睡】7cm舒肤小白羊（5cm黄麻3E棕+0胶水+全拆洗+质保20年）,7,61.73,432.14,648,6.7折,平台加补后,https://detail.tmall.com/item.htm?b_s_f=sycm&b_spm=a21ag.29085015&id=620582274780
34,620582274780,思骄旗舰店,床垫椰棕垫天然棕榈硬垫子家用1.5米定制1.8儿童床垫护腰脊席梦思,179.99,【舒适|安全可裸睡】9cm舒肤小白羊（2cm乳胶+5cm黄麻3E棕+0胶+全拆洗+质保20年）,9,64.86,583.78,871,6.7折,平台加补后,https://detail.tmall.com/item.htm?b_s_f=sycm&b_spm=a21ag.29085015&id=620582274780
34,620582274780,思骄旗舰店,床垫椰棕垫天然棕榈硬垫子家用1.5米定制1.8儿童床垫护腰脊席梦思,179.99,【舒适|安全可裸睡】12cm舒肤小白羊（2cm乳胶+8cm黄麻3E棕+0胶+全拆洗+质保20年）,12,58.28,699.38,1041,6.7折,平台加补后,https://detail.tmall.com/item.htm?b_s_f=sycm&b_spm=a21ag.29085015&id=620582274780
34,620582274780,思骄旗舰店,床垫椰棕垫天然棕榈硬垫子家用1.5米定制1.8儿童床垫护腰脊席梦思,179.99,【偏硬】亲肤驼绒面料6cm【4cm棕心】+3E棕【折叠备注】,6,38.7,232.22,354,6.6折,平台加补后,https://detail.tmall.com/item.htm?b_s_f=sycm&b_spm=a21ag.29085015&id=620582274780
34,620582274780,思骄旗舰店,床垫椰棕垫天然棕榈硬垫子家用1.5米定制1.8儿童床垫护腰脊席梦思,179.99,【高密加硬】床上垫5cm云锦白一体（3cm高密度环保棕+0胶水+20年质保）,5,42.15,210.75,322,6.5折,平台加补后,https://detail.tmall.com/item.htm?b_s_f=sycm&b_spm=a21ag.29085015&id=620582274780
35,825215102865,林氏家居官方旗舰店,林氏家居乳胶床垫国家补贴0胶水甲醛0超家用弹簧护脊180x200木业,947.51,(1)【薄荷Lite】少年/老人脊椎守护|偏硬|21cm,21,47.51,997.76,1702,5.9折,平台加补后,https://detail.tmall.com/item.htm?b_s_f=sycm&b_spm=a21ag.29085015&id=825215102865
35,825215102865,林氏家居官方旗舰店,林氏家居乳胶床垫国家补贴0胶水甲醛0超家用弹簧护脊180x200木业,947.51,(2)⭐【薄荷Lite升级】0胶黄麻少年/老人脊椎守护|偏硬|21cm,21,50.34,1057.2,1803,5.9折,平台加补后,https://detail.tmall.com/item.htm?b_s_f=sycm&b_spm=a21ag.29085015&id=825215102865
35,825215102865,林氏家居官方旗舰店,林氏家居乳胶床垫国家补贴0胶水甲醛0超家用弹簧护脊180x200木业,947.51,(3)⭐【薄荷Plus】上班久坐黄麻不累腰|适中|23cm,23,50.76,1167.59,1992,5.9折,平台加补后,https://detail.tmall.com/item.htm?b_s_f=sycm&b_spm=a21ag.29085015&id=825215102865
35,825215102865,林氏家居官方旗舰店,林氏家居乳胶床垫国家补贴0胶水甲醛0超家用弹簧护脊180x200木业,947.51,(4)【薄荷Pro】高睡眠要求 舒适深睡|适中|23cm,23,53.35,1227.03,2093,5.9折,平台加补后,https://detail.tmall.com/item.htm?b_s_f=sycm&b_spm=a21ag.29085015&id=825215102865
35,825215102865,林氏家居官方旗舰店,林氏家居乳胶床垫国家补贴0胶水甲醛0超家用弹簧护脊180x200木业,947.51,(5)⭐【薄荷Pro升级】加倍抑菌 乳胶舒适深睡|适中|23cm,23,55.53,1277.28,2179,5.9折,平台加补后,https://detail.tmall.com/item.htm?b_s_f=sycm&b_spm=a21ag.29085015&id=825215102865
35,825215102865,林氏家居官方旗舰店,林氏家居乳胶床垫国家补贴0胶水甲醛0超家用弹簧护脊180x200木业,947.51,(6)【薄荷SE】全家适用双面睡|正偏硬 反硬|23cm,23,58.15,1337.49,2281,5.9折,平台加补后,https://detail.tmall.com/item.htm?b_s_f=sycm&b_spm=a21ag.29085015&id=825215102865
35,825215102865,林氏家居官方旗舰店,林氏家居乳胶床垫国家补贴0胶水甲醛0超家用弹簧护脊180x200木业,947.51,(7)⭐【薄荷SE升级】黄麻全家适用双面睡|正偏硬 反硬|23cm,23,61.2,1407.53,2401,5.9折,平台加补后,https://detail.tmall.com/item.htm?b_s_f=sycm&b_spm=a21ag.29085015&id=825215102865
35,825215102865,林氏家居官方旗舰店,林氏家居乳胶床垫国家补贴0胶水甲醛0超家用弹簧护脊180x200木业,947.51,(8)⭐【原竹Plus】四叶草弹簧黄麻 浅眠深睡|偏硬|23cm,23,69.48,1598,2725,5.9折,平台加补后,https://detail.tmall.com/item.htm?b_s_f=sycm&b_spm=a21ag.29085015&id=825215102865
35,825215102865,林氏家居官方旗舰店,林氏家居乳胶床垫国家补贴0胶水甲醛0超家用弹簧护脊180x200木业,947.51,(9)【原竹】经典乳胶轻音自然防螨|正适中 反硬|25cm,25,63.92,1598,2725,5.9折,平台加补后,https://detail.tmall.com/item.htm?b_s_f=sycm&b_spm=a21ag.29085015&id=825215102865
35,825215102865,林氏家居官方旗舰店,林氏家居乳胶床垫国家补贴0胶水甲醛0超家用弹簧护脊180x200木业,947.51,(10)【原竹Pro】四叶草弹簧轻音双面睡|正偏硬 反硬|23cm,23,71.6,1646.69,2809,5.9折,平台加补后,https://detail.tmall.com/item.htm?b_s_f=sycm&b_spm=a21ag.29085015&id=825215102865
35,825215102865,林氏家居官方旗舰店,林氏家居乳胶床垫国家补贴0胶水甲醛0超家用弹簧护脊180x200木业,947.51,(11)⭐【原竹Pro升级】黄麻四叶草弹簧轻音双面睡|正偏硬 反硬|23cm,23,75.97,1747.26,2980,5.9折,平台加补后,https://detail.tmall.com/item.htm?b_s_f=sycm&b_spm=a21ag.29085015&id=825215102865
35,825215102865,林氏家居官方旗舰店,林氏家居乳胶床垫国家补贴0胶水甲醛0超家用弹簧护脊180x200木业,947.51,(13)⭐【薄荷Slim升级】加倍抑菌享软包裹|偏硬|16cm,16,67.36,1077.77,1838,5.9折,平台加补后,https://detail.tmall.com/item.htm?b_s_f=sycm&b_spm=a21ag.29085015&id=825215102865
35,825215102865,林氏家居官方旗舰店,林氏家居乳胶床垫国家补贴0胶水甲醛0超家用弹簧护脊180x200木业,947.51,(15)【生椰SE】性价比双面睡|正偏硬 反硬|22cm,22,43.07,947.51,1616,5.9折,平台加补后,https://detail.tmall.com/item.htm?b_s_f=sycm&b_spm=a21ag.29085015&id=825215102865
36,574955915424,慕思官方旗舰店,【睡眠精灵】慕思官方旗舰店天然乳胶床垫席梦思弹簧厚床垫子慕斯,4861.15,睡眠精灵1.0 (儿童4D款)【偏硬护脊/21CM】可拆卸防螨垫,21,231.48,4861.15,7828,6.2折,平台加补后,https://detail.tmall.com/item.htm?b_s_f=sycm&b_spm=a21ag.29085015&id=574955915424
36,574955915424,慕思官方旗舰店,【睡眠精灵】慕思官方旗舰店天然乳胶床垫席梦思弹簧厚床垫子慕斯,4861.15,睡眠精灵1.0 (基础款)【软硬适中/24CM】三重防螨,24,219.19,5260.65,8298,6.3折,平台加补后,https://detail.tmall.com/item.htm?b_s_f=sycm&b_spm=a21ag.29085015&id=574955915424
36,574955915424,慕思官方旗舰店,【睡眠精灵】慕思官方旗舰店天然乳胶床垫席梦思弹簧厚床垫子慕斯,4861.15,睡眠精灵2.0 (升级款)【软硬适中/24CM】360°防螨全面升级 店长主推,24,231.7,5560.7,8651,6.4折,平台加补后,https://detail.tmall.com/item.htm?b_s_f=sycm&b_spm=a21ag.29085015&id=574955915424
36,574955915424,慕思官方旗舰店,【睡眠精灵】慕思官方旗舰店天然乳胶床垫席梦思弹簧厚床垫子慕斯,4861.15,睡眠精灵2.0 (pro款)【偏硬护脊/24CM】偏硬护脊升级,24,240.05,5761.3,8887,6.5折,平台加补后,https://detail.tmall.com/item.htm?b_s_f=sycm&b_spm=a21ag.29085015&id=574955915424
36,574955915424,慕思官方旗舰店,【睡眠精灵】慕思官方旗舰店天然乳胶床垫席梦思弹簧厚床垫子慕斯,4861.15,睡眠精灵3.0 (0胶水)【软硬适中/26CM】防螨升级/全垫无胶水,26,229.27,5961.05,9122,6.5折,平台加补后,https://detail.tmall.com/item.htm?b_s_f=sycm&b_spm=a21ag.29085015&id=574955915424
36,574955915424,慕思官方旗舰店,【睡眠精灵】慕思官方旗舰店天然乳胶床垫席梦思弹簧厚床垫子慕斯,4861.15,睡眠精灵3.0 (豪华款)【软硬适中/25CM】双层弹簧/睡感升级,25,274.45,6861.2,10181,6.7折,平台加补后,https://detail.tmall.com/item.htm?b_s_f=sycm&b_spm=a21ag.29085015&id=574955915424
36,574955915424,慕思官方旗舰店,【睡眠精灵】慕思官方旗舰店天然乳胶床垫席梦思弹簧厚床垫子慕斯,4861.15,睡眠精灵4.0 (尊享款)【软硬适中/27CM】黑金钢超大独立筒/加厚云垫层,27,271.53,7331.25,10734,6.8折,平台加补后,https://detail.tmall.com/item.htm?b_s_f=sycm&b_spm=a21ag.29085015&id=574955915424
36,574955915424,慕思官方旗舰店,【睡眠精灵】慕思官方旗舰店天然乳胶床垫席梦思弹簧厚床垫子慕斯,4861.15,睡眠精灵3.0 (0胶水升级款)【软硬可调/26cm】全垫0胶水/可拆卸/左右分区,26,243.49,6330.8,9557,6.6折,平台加补后,https://detail.tmall.com/item.htm?b_s_f=sycm&b_spm=a21ag.29085015&id=574955915424
37,1040968732168,金可儿旗舰店,【李佳琦直播间口腔&家居收纳】金可儿床垫护脊3.0AIR-S双面版,4929.15,护脊3.0AIR-S双面,,,4929.15,7249,6.8折,平台加补后,https://detail.tmall.com/item.htm?b_s_f=sycm&b_spm=a21ag.29085015&id=1040968732168
38,849786889759,岶兰海马家具直销店,岶兰海马五星级希尔顿酒店乳胶床垫独立弹簧压缩家用超软加厚软垫,456,A希尔顿基础客房款 20CM厚【适中稍硬】 卷包,20,22.8,456,565,8.1折,平台加补后,https://detail.tmall.com/item.htm?b_s_f=sycm&b_spm=a21ag.29085015&id=849786889759
38,849786889759,岶兰海马家具直销店,岶兰海马五星级希尔顿酒店乳胶床垫独立弹簧压缩家用超软加厚软垫,456,B希尔顿家用主卧款 22CM厚【适中偏软】 卷包,22,23.91,526,658,8.0折,平台加补后,https://detail.tmall.com/item.htm?b_s_f=sycm&b_spm=a21ag.29085015&id=849786889759
38,849786889759,岶兰海马家具直销店,岶兰海马五星级希尔顿酒店乳胶床垫独立弹簧压缩家用超软加厚软垫,456,C希尔顿升级主卧款 24CM厚【偏软舒适】 卷包,24,23.17,556,690,8.1折,平台加补后,https://detail.tmall.com/item.htm?b_s_f=sycm&b_spm=a21ag.29085015&id=849786889759
38,849786889759,岶兰海马家具直销店,岶兰海马五星级希尔顿酒店乳胶床垫独立弹簧压缩家用超软加厚软垫,456,D希尔顿五星主卧款 25CM厚【零压舒适】 卷包,25,23.88,597,739,8.1折,平台加补后,https://detail.tmall.com/item.htm?b_s_f=sycm&b_spm=a21ag.29085015&id=849786889759
38,849786889759,岶兰海马家具直销店,岶兰海马五星级希尔顿酒店乳胶床垫独立弹簧压缩家用超软加厚软垫,456,E希尔顿奢华酒店款 27CM厚【舒适超软】 卷包,27,23.3,629,779,8.1折,平台加补后,https://detail.tmall.com/item.htm?b_s_f=sycm&b_spm=a21ag.29085015&id=849786889759
38,849786889759,岶兰海马家具直销店,岶兰海马五星级希尔顿酒店乳胶床垫独立弹簧压缩家用超软加厚软垫,456,F希尔顿总统顶配款 30CM厚【超软加厚】 卷包,30,24.57,737,914,8.1折,平台加补后,https://detail.tmall.com/item.htm?b_s_f=sycm&b_spm=a21ag.29085015&id=849786889759
38,849786889759,岶兰海马家具直销店,岶兰海马五星级希尔顿酒店乳胶床垫独立弹簧压缩家用超软加厚软垫,456,H希尔顿酒店偏硬款 21CM厚【偏硬护脊】 整张,21,34.71,729,858,8.5折,平台加补后,https://detail.tmall.com/item.htm?b_s_f=sycm&b_spm=a21ag.29085015&id=849786889759
38,849786889759,岶兰海马家具直销店,岶兰海马五星级希尔顿酒店乳胶床垫独立弹簧压缩家用超软加厚软垫,456,G希尔顿酒店双面款 23CM厚【软硬两用】 整张 店长主推,23,35.0,805,948,8.5折,平台加补后,https://detail.tmall.com/item.htm?b_s_f=sycm&b_spm=a21ag.29085015&id=849786889759
38,849786889759,岶兰海马家具直销店,岶兰海马五星级希尔顿酒店乳胶床垫独立弹簧压缩家用超软加厚软垫,456,L希尔顿酒店适中款 24CM厚【软硬适中】 整张,24,36.75,882,1038,8.5折,平台加补后,https://detail.tmall.com/item.htm?b_s_f=sycm&b_spm=a21ag.29085015&id=849786889759
38,849786889759,岶兰海马家具直销店,岶兰海马五星级希尔顿酒店乳胶床垫独立弹簧压缩家用超软加厚软垫,456,K希尔顿酒店中硬款 24CM厚【中硬护脊】 整张,24,38.17,916,1078,8.5折,平台加补后,https://detail.tmall.com/item.htm?b_s_f=sycm&b_spm=a21ag.29085015&id=849786889759
39,688436280249,源氏木语官方旗舰店,源氏木语乳胶0胶水床垫卧室护脊弹簧椰棕护脊垫家用椰椰Pro厚垫子,2348.5,基础款 ▪ 门店热销款 ▪ 偏硬护脊/厚22cm,22,106.75,2348.5,3015,7.8折,平台加补后,https://detail.tmall.com/item.htm?b_s_f=sycm&b_spm=a21ag.29085015&id=688436280249
39,688436280249,源氏木语官方旗舰店,源氏木语乳胶0胶水床垫卧室护脊弹簧椰棕护脊垫家用椰椰Pro厚垫子,2348.5,双面款 ▪ 双面随心睡 ▪ 适中+加硬/厚22cm,22,122.38,2692.4,3456,7.8折,平台加补后,https://detail.tmall.com/item.htm?b_s_f=sycm&b_spm=a21ag.29085015&id=688436280249
40,537752847336,雅兰官方旗舰店,【深睡尊享】雅兰5A级床垫国家补贴乳胶床垫官方1.8m弹簧家用厚垫,2455.65,【☆重磅新品】深睡·尊享 S-24cm【精准分区，承托升级】 店长主推,24,102.32,2455.65,4399,5.6折,平台加补后,https://detail.tmall.com/item.htm?b_s_f=sycm&b_spm=a21ag.29085015&id=537752847336
40,537752847336,雅兰官方旗舰店,【深睡尊享】雅兰5A级床垫国家补贴乳胶床垫官方1.8m弹簧家用厚垫,2455.65,【0胶可拆睡感可调】深睡×净界Pro-26cm,26,156.56,4070.65,6299,6.5折,平台加补后,https://detail.tmall.com/item.htm?b_s_f=sycm&b_spm=a21ag.29085015&id=537752847336
40,537752847336,雅兰官方旗舰店,【深睡尊享】雅兰5A级床垫国家补贴乳胶床垫官方1.8m弹簧家用厚垫,2455.65,深睡·尊享版3.0-23cm【标准旗舰款-舒适深睡】,23,110.46,2540.65,4499,5.6折,平台加补后,https://detail.tmall.com/item.htm?b_s_f=sycm&b_spm=a21ag.29085015&id=537752847336
40,537752847336,雅兰官方旗舰店,【深睡尊享】雅兰5A级床垫国家补贴乳胶床垫官方1.8m弹簧家用厚垫,2455.65,深睡·尊享Plus-25cm 【3区加厚舒适-贴合升级】,25,115.23,2880.65,4899,5.9折,平台加补后,https://detail.tmall.com/item.htm?b_s_f=sycm&b_spm=a21ag.29085015&id=537752847336
40,537752847336,雅兰官方旗舰店,【深睡尊享】雅兰5A级床垫国家补贴乳胶床垫官方1.8m弹簧家用厚垫,2455.65,深睡·尊享Pro-26cm【双倍微核弹簧-细腻承托】·,26,136.95,3560.65,5699,6.2折,平台加补后,https://detail.tmall.com/item.htm?b_s_f=sycm&b_spm=a21ag.29085015&id=537752847336
40,537752847336,雅兰官方旗舰店,【深睡尊享】雅兰5A级床垫国家补贴乳胶床垫官方1.8m弹簧家用厚垫,2455.65,深睡·尊享Max-28cm【分区深度释压-五星酒店体验】,28,148.42,4155.65,6399,6.5折,平台加补后,https://detail.tmall.com/item.htm?b_s_f=sycm&b_spm=a21ag.29085015&id=537752847336
41,725486206427,梦百合官方旗舰店,门店同款梦百合快充2.0护脊0压记忆棉弹簧床垫家用卧室酒店席梦思,2840.62,快充小蓝钻+快充宠物垫组合套餐,,,3460.35,4802,7.2折,平台加补后,https://detail.tmall.com/item.htm?b_s_f=sycm&b_spm=a21ag.29085015&id=725486206427
41,725486206427,梦百合官方旗舰店,门店同款梦百合快充2.0护脊0压记忆棉弹簧床垫家用卧室酒店席梦思,2840.62,快充小蓝钻- 22cm【更支撑】适合大体重、少年、老人 万人加购,22,144.91,3188.1,4429,7.2折,平台加补后,https://detail.tmall.com/item.htm?b_s_f=sycm&b_spm=a21ag.29085015&id=725486206427
41,725486206427,梦百合官方旗舰店,门店同款梦百合快充2.0护脊0压记忆棉弹簧床垫家用卧室酒店席梦思,2840.62,快充1.0- 23cm【更速睡】适合青年人、新晋夫妻,23,167.0,3840.9,5329,7.2折,平台加补后,https://detail.tmall.com/item.htm?b_s_f=sycm&b_spm=a21ag.29085015&id=725486206427
41,725486206427,梦百合官方旗舰店,门店同款梦百合快充2.0护脊0压记忆棉弹簧床垫家用卧室酒店席梦思,2840.62,快充2.0- 25cm【更全能】全家适用，主卧优选 全网低价,25,175.64,4391.02,6090,7.2折,平台加补后,https://detail.tmall.com/item.htm?b_s_f=sycm&b_spm=a21ag.29085015&id=725486206427
41,725486206427,梦百合官方旗舰店,门店同款梦百合快充2.0护脊0压记忆棉弹簧床垫家用卧室酒店席梦思,2840.62,快充x三体Ultra版-25cm【更精准】分区承托腰部亚健康优选,25,222.76,5569.12,7720,7.2折,平台加补后,https://detail.tmall.com/item.htm?b_s_f=sycm&b_spm=a21ag.29085015&id=725486206427
41,725486206427,梦百合官方旗舰店,门店同款梦百合快充2.0护脊0压记忆棉弹簧床垫家用卧室酒店席梦思,2840.62,快充S- 20cm【更安静】浅眠易疲劳人，智能床好搭档,20,142.03,2840.62,3944,7.2折,平台加补后,https://detail.tmall.com/item.htm?b_s_f=sycm&b_spm=a21ag.29085015&id=725486206427
42,902603820136,喜临门官方旗舰店,【白骑士slim0胶】喜临门儿童房舒脊黄麻记忆棉乳胶榻榻米薄床垫,1401.65,白骑士slim 0胶款（面料可拆卸款）【双面睡感/8.5CM】,8.5,164.9,1401.65,2549,5.5折,平台加补后,https://detail.tmall.com/item.htm?b_s_f=sycm&b_spm=a21ag.29085015&id=902603820136
42,902603820136,喜临门官方旗舰店,【白骑士slim0胶】喜临门儿童房舒脊黄麻记忆棉乳胶榻榻米薄床垫,1401.65,白骑士slim 双睡款（面料不可拆卸款）【双面睡感/10.5CM】,10.5,133.49,1401.65,2549,5.5折,平台加补后,https://detail.tmall.com/item.htm?b_s_f=sycm&b_spm=a21ag.29085015&id=902603820136
43,819177025301,全友家居官方旗舰店,全友家居席梦思弹簧床垫国家补贴卧室家用1.5米硬椰棕床垫180x200,667.25,(2)椰岛0胶【经典护脊 双效支撑】床垫（21cm厚）,21,36.59,768.4,1313,5.9折,平台加补后,https://detail.tmall.com/item.htm?b_s_f=sycm&b_spm=a21ag.29085015&id=819177025301
43,819177025301,全友家居官方旗舰店,全友家居席梦思弹簧床垫国家补贴卧室家用1.5米硬椰棕床垫180x200,667.25,(3)椰岛Nova【Q弹抗扰 轻音舒睡】床垫（21cm厚）,21,47.48,997.05,1699,5.9折,平台加补后,https://detail.tmall.com/item.htm?b_s_f=sycm&b_spm=a21ag.29085015&id=819177025301
43,819177025301,全友家居官方旗舰店,全友家居席梦思弹簧床垫国家补贴卧室家用1.5米硬椰棕床垫180x200,667.25,(4)椰岛0胶·Pro【洁净升级 舒适护脊】床垫（20cm厚） 店长主推,20,38.42,768.4,1313,5.9折,平台加补后,https://detail.tmall.com/item.htm?b_s_f=sycm&b_spm=a21ag.29085015&id=819177025301
43,819177025301,全友家居官方旗舰店,全友家居席梦思弹簧床垫国家补贴卧室家用1.5米硬椰棕床垫180x200,667.25,(1)竹炭棕+邦尼尔弹簧床垫 厚度：（22cm厚）,22,39.91,878.05,1499,5.9折,平台加补后,https://detail.tmall.com/item.htm?b_s_f=sycm&b_spm=a21ag.29085015&id=819177025301
43,819177025301,全友家居官方旗舰店,全友家居席梦思弹簧床垫国家补贴卧室家用1.5米硬椰棕床垫180x200,667.25,(5)椰岛Max【健康奢享 贴合深睡】床垫（20cm厚）,20,49.85,997.05,1699,5.9折,平台加补后,https://detail.tmall.com/item.htm?b_s_f=sycm&b_spm=a21ag.29085015&id=819177025301
43,819177025301,全友家居官方旗舰店,全友家居席梦思弹簧床垫国家补贴卧室家用1.5米硬椰棕床垫180x200,667.25,(6)椰岛0胶·SE【3D黄麻 硬弹支撑】床垫（20cm厚）,20,42.2,844.05,1442,5.9折,平台加补后,https://detail.tmall.com/item.htm?b_s_f=sycm&b_spm=a21ag.29085015&id=819177025301
43,819177025301,全友家居官方旗舰店,全友家居席梦思弹簧床垫国家补贴卧室家用1.5米硬椰棕床垫180x200,667.25,(7)椰岛0胶·Slim【小薄垫 高箱床标配】床垫（15cm厚） 万人加购,15,44.48,667.25,1142,5.8折,平台加补后,https://detail.tmall.com/item.htm?b_s_f=sycm&b_spm=a21ag.29085015&id=819177025301
43,819177025301,全友家居官方旗舰店,全友家居席梦思弹簧床垫国家补贴卧室家用1.5米硬椰棕床垫180x200,667.25,(8)椰岛Promax【软硬皆有 双面舒睡】(22cm厚),22,49.18,1082.05,1842,5.9折,平台加补后,https://detail.tmall.com/item.htm?b_s_f=sycm&b_spm=a21ag.29085015&id=819177025301
43,819177025301,全友家居官方旗舰店,全友家居席梦思弹簧床垫国家补贴卧室家用1.5米硬椰棕床垫180x200,667.25,(10)椰岛0胶·Pure【可视窗口 双面可睡】床垫（22cm厚）,22,54.59,1201.05,2042,5.9折,平台加补后,https://detail.tmall.com/item.htm?b_s_f=sycm&b_spm=a21ag.29085015&id=819177025301
43,819177025301,全友家居官方旗舰店,全友家居席梦思弹簧床垫国家补贴卧室家用1.5米硬椰棕床垫180x200,667.25,(14)【推荐搭配】诺曼真皮软床（ 奶油白）,,,1920.15,3256,5.9折,平台加补后,https://detail.tmall.com/item.htm?b_s_f=sycm&b_spm=a21ag.29085015&id=819177025301
43,819177025301,全友家居官方旗舰店,全友家居席梦思弹簧床垫国家补贴卧室家用1.5米硬椰棕床垫180x200,667.25,(15)【推荐搭配】意式牛皮软床（深空黑）,,,1513.85,2570,5.9折,平台加补后,https://detail.tmall.com/item.htm?b_s_f=sycm&b_spm=a21ag.29085015&id=819177025301
44,718972119101,林氏家居官方旗舰店,林氏家居官方天然椰棕床垫加硬神器薄款家用卧室黄麻棕榈垫子木业,468.6,(1)【椰棕护脊】净味棕 硬核睡感|5cm,5,93.72,468.6,680,6.9折,平台加补后,https://detail.tmall.com/item.htm?b_s_f=sycm&b_spm=a21ag.29085015&id=718972119101
44,718972119101,林氏家居官方旗舰店,林氏家居官方天然椰棕床垫加硬神器薄款家用卧室黄麻棕榈垫子木业,468.6,(2)【椰棕护脊】加厚支撑 更舒展|8cm 千人加购,8,71.91,575.28,834,6.9折,平台加补后,https://detail.tmall.com/item.htm?b_s_f=sycm&b_spm=a21ag.29085015&id=718972119101
44,718972119101,林氏家居官方旗舰店,林氏家居官方天然椰棕床垫加硬神器薄款家用卧室黄麻棕榈垫子木业,468.6,(4)【黄麻棕硬弹护脊】透气不闷汗|5cm,5,117.38,586.92,851,6.9折,平台加补后,https://detail.tmall.com/item.htm?b_s_f=sycm&b_spm=a21ag.29085015&id=718972119101
44,718972119101,林氏家居官方旗舰店,林氏家居官方天然椰棕床垫加硬神器薄款家用卧室黄麻棕榈垫子木业,468.6,(5)【加厚黄麻棕】母婴同睡更安心|10cm,10,90.41,904.12,1311,6.9折,平台加补后,https://detail.tmall.com/item.htm?b_s_f=sycm&b_spm=a21ag.29085015&id=718972119101
44,718972119101,林氏家居官方旗舰店,林氏家居官方天然椰棕床垫加硬神器薄款家用卧室黄麻棕榈垫子木业,468.6,(6)【0胶黄麻丝】少年老人脊椎守护|20cm,20,38.8,776,1125,6.9折,平台加补后,https://detail.tmall.com/item.htm?b_s_f=sycm&b_spm=a21ag.29085015&id=718972119101
44,718972119101,林氏家居官方旗舰店,林氏家居官方天然椰棕床垫加硬神器薄款家用卧室黄麻棕榈垫子木业,468.6,(8)【乳胶独袋】舒适乳胶 轻音抗干扰|20cm,20,48.48,969.52,1406,6.9折,平台加补后,https://detail.tmall.com/item.htm?b_s_f=sycm&b_spm=a21ag.29085015&id=718972119101
44,718972119101,林氏家居官方旗舰店,林氏家居官方天然椰棕床垫加硬神器薄款家用卧室黄麻棕榈垫子木业,468.6,(9)【竹炭海绵】易敏银离子抑菌防螨|20cm,20,41.49,829.76,1203,6.9折,平台加补后,https://detail.tmall.com/item.htm?b_s_f=sycm&b_spm=a21ag.29085015&id=718972119101
44,718972119101,林氏家居官方旗舰店,林氏家居官方天然椰棕床垫加硬神器薄款家用卧室黄麻棕榈垫子木业,468.6,(10)【黄麻双面睡】久坐上班族舒适硬弹|22cm,22,50.18,1103.92,1601,6.9折,平台加补后,https://detail.tmall.com/item.htm?b_s_f=sycm&b_spm=a21ag.29085015&id=718972119101
44,718972119101,林氏家居官方旗舰店,林氏家居官方天然椰棕床垫加硬神器薄款家用卧室黄麻棕榈垫子木业,468.6,(11)【黄麻棕】腰椎脆弱加硬护脊|21cm,21,38.4,806.48,1169,6.9折,平台加补后,https://detail.tmall.com/item.htm?b_s_f=sycm&b_spm=a21ag.29085015&id=718972119101
44,718972119101,林氏家居官方旗舰店,林氏家居官方天然椰棕床垫加硬神器薄款家用卧室黄麻棕榈垫子木业,468.6,(12)【分区科学护脊】高睡眠要求全身贴合深睡|23cm,23,60.23,1385.36,2008,6.9折,平台加补后,https://detail.tmall.com/item.htm?b_s_f=sycm&b_spm=a21ag.29085015&id=718972119101
45,1080298756215,栖作官方旗舰店,【新品】栖作旷野裸感床垫0胶可拆洗软硬适中独立袋弹簧卧室家用,4437.85,【旷野.裸感】适中舒适睡感 29cm 千人加购,29,153.03,4437.85,6155,7.2折,平台加补后,https://detail.tmall.com/item.htm?b_s_f=sycm&b_spm=a21ag.29085015&id=1080298756215
46,798223490486,SMAN森眠旗舰店,森眠Q3天然乳胶床垫泰国进口橡胶宿舍学生单人家用卧室软垫乳胶垫,530.42,0胶水【Q3 Plus款】10cm（95D款 撑腰护脊） 一体成型,10,156.02,1560.16,2171.48,7.2折,平台加补后,https://detail.tmall.com/item.htm?b_s_f=sycm&b_spm=a21ag.29085015&id=798223490486
46,798223490486,SMAN森眠旗舰店,森眠Q3天然乳胶床垫泰国进口橡胶宿舍学生单人家用卧室软垫乳胶垫,530.42,0胶水【Q3 Plus款】10cm（85D款 柔软包裹） 一体成型,10,140.21,1402.06,1952.48,7.2折,平台加补后,https://detail.tmall.com/item.htm?b_s_f=sycm&b_spm=a21ag.29085015&id=798223490486
46,798223490486,SMAN森眠旗舰店,森眠Q3天然乳胶床垫泰国进口橡胶宿舍学生单人家用卧室软垫乳胶垫,530.42,0胶水【Q3 Plus款】5cm（105D款 偏硬）一体成型,5,214.93,1074.67,1499.32,7.2折,平台加补后,https://detail.tmall.com/item.htm?b_s_f=sycm&b_spm=a21ag.29085015&id=798223490486
46,798223490486,SMAN森眠旗舰店,森眠Q3天然乳胶床垫泰国进口橡胶宿舍学生单人家用卧室软垫乳胶垫,530.42,0胶水【Q3 Plus款】7.5cm（105D款 偏硬）一体成型,7.5,198.98,1492.38,2077.74,7.2折,平台加补后,https://detail.tmall.com/item.htm?b_s_f=sycm&b_spm=a21ag.29085015&id=798223490486
46,798223490486,SMAN森眠旗舰店,森眠Q3天然乳胶床垫泰国进口橡胶宿舍学生单人家用卧室软垫乳胶垫,530.42,0胶水【Q3 Plus抗氧款】5cm（95D款 适中）一体成型,5,181.6,908.02,1269.26,7.2折,平台加补后,https://detail.tmall.com/item.htm?b_s_f=sycm&b_spm=a21ag.29085015&id=798223490486
46,798223490486,SMAN森眠旗舰店,森眠Q3天然乳胶床垫泰国进口橡胶宿舍学生单人家用卧室软垫乳胶垫,530.42,0胶水【Q3 Plus抗氧款】7.5cm（95D款 适中）一体成型,7.5,174.97,1312.26,1828.84,7.2折,平台加补后,https://detail.tmall.com/item.htm?b_s_f=sycm&b_spm=a21ag.29085015&id=798223490486
46,798223490486,SMAN森眠旗舰店,森眠Q3天然乳胶床垫泰国进口橡胶宿舍学生单人家用卧室软垫乳胶垫,530.42,0胶水【Q3 Plus抗氧款】10cm（95D款 适中）一体成型,10,171.7,1717.03,2389.04,7.2折,平台加补后,https://detail.tmall.com/item.htm?b_s_f=sycm&b_spm=a21ag.29085015&id=798223490486
46,798223490486,SMAN森眠旗舰店,森眠Q3天然乳胶床垫泰国进口橡胶宿舍学生单人家用卧室软垫乳胶垫,530.42,0胶水【Q3 Plus抗氧款】5cm（85D款 柔软）一体成型,5,172.94,864.68,1209.27,7.2折,平台加补后,https://detail.tmall.com/item.htm?b_s_f=sycm&b_spm=a21ag.29085015&id=798223490486
46,798223490486,SMAN森眠旗舰店,森眠Q3天然乳胶床垫泰国进口橡胶宿舍学生单人家用卧室软垫乳胶垫,530.42,0胶水【Q3 Plus抗氧款】7.5cm（85D款 柔软）一体成型,7.5,162.66,1219.98,1701.27,7.2折,平台加补后,https://detail.tmall.com/item.htm?b_s_f=sycm&b_spm=a21ag.29085015&id=798223490486
46,798223490486,SMAN森眠旗舰店,森眠Q3天然乳胶床垫泰国进口橡胶宿舍学生单人家用卧室软垫乳胶垫,530.42,0胶水【Q3 Plus抗氧款】10cm（85D款 柔软）一体成型,10,154.31,1543.11,2148.42,7.2折,平台加补后,https://detail.tmall.com/item.htm?b_s_f=sycm&b_spm=a21ag.29085015&id=798223490486
46,798223490486,SMAN森眠旗舰店,森眠Q3天然乳胶床垫泰国进口橡胶宿舍学生单人家用卧室软垫乳胶垫,530.42,0胶水【Q3 Plus抗氧款】5cm（105D款 偏硬）一体成型,5,223.05,1115.25,1556.06,7.2折,平台加补后,https://detail.tmall.com/item.htm?b_s_f=sycm&b_spm=a21ag.29085015&id=798223490486
46,798223490486,SMAN森眠旗舰店,森眠Q3天然乳胶床垫泰国进口橡胶宿舍学生单人家用卧室软垫乳胶垫,530.42,0胶水【Q3 Plus抗氧款】7.5cm（105D款 偏硬）一体成型,7.5,218.99,1642.46,2285.31,7.2折,平台加补后,https://detail.tmall.com/item.htm?b_s_f=sycm&b_spm=a21ag.29085015&id=798223490486
46,798223490486,SMAN森眠旗舰店,森眠Q3天然乳胶床垫泰国进口橡胶宿舍学生单人家用卧室软垫乳胶垫,530.42,0胶水【Q3 Pro款】5cm（95D款 适中） 泰国原芯 一体成型,5,239.03,1195.16,1666.07,7.2折,平台加补后,https://detail.tmall.com/item.htm?b_s_f=sycm&b_spm=a21ag.29085015&id=798223490486
46,798223490486,SMAN森眠旗舰店,森眠Q3天然乳胶床垫泰国进口橡胶宿舍学生单人家用卧室软垫乳胶垫,530.42,0胶水【Q3 Pro款】7.5cm（95D款 适中） 泰国原芯 一体成型,7.5,230.29,1727.16,2402.95,7.2折,平台加补后,https://detail.tmall.com/item.htm?b_s_f=sycm&b_spm=a21ag.29085015&id=798223490486
46,798223490486,SMAN森眠旗舰店,森眠Q3天然乳胶床垫泰国进口橡胶宿舍学生单人家用卧室软垫乳胶垫,530.42,0胶水【Q3 Pro款】10cm（95D款 适中） 泰国原芯 一体成型,10,228.34,2283.37,3172.32,7.2折,平台加补后,https://detail.tmall.com/item.htm?b_s_f=sycm&b_spm=a21ag.29085015&id=798223490486
46,798223490486,SMAN森眠旗舰店,森眠Q3天然乳胶床垫泰国进口橡胶宿舍学生单人家用卧室软垫乳胶垫,530.42,0胶水【Q3 Pro款】5cm（85D款 柔软）泰国原芯 一体成型,5,216.91,1084.57,1512.96,7.2折,平台加补后,https://detail.tmall.com/item.htm?b_s_f=sycm&b_spm=a21ag.29085015&id=798223490486
46,798223490486,SMAN森眠旗舰店,森眠Q3天然乳胶床垫泰国进口橡胶宿舍学生单人家用卧室软垫乳胶垫,530.42,0胶水【Q3 Pro款】7.5cm（85D款 柔软）泰国原芯 一体成型,7.5,209.2,1568.99,2183.87,7.2折,平台加补后,https://detail.tmall.com/item.htm?b_s_f=sycm&b_spm=a21ag.29085015&id=798223490486
46,798223490486,SMAN森眠旗舰店,森眠Q3天然乳胶床垫泰国进口橡胶宿舍学生单人家用卧室软垫乳胶垫,530.42,0胶水【Q3 Pro款】10cm（85D款 柔软）泰国原芯 一体成型,10,207.5,2075.02,2884.2,7.2折,平台加补后,https://detail.tmall.com/item.htm?b_s_f=sycm&b_spm=a21ag.29085015&id=798223490486
46,798223490486,SMAN森眠旗舰店,森眠Q3天然乳胶床垫泰国进口橡胶宿舍学生单人家用卧室软垫乳胶垫,530.42,超薄款【Q3 Plus款】3cm（95D款 适中）超薄款无钢印,3,191.62,574.86,808.31,7.1折,平台加补后,https://detail.tmall.com/item.htm?b_s_f=sycm&b_spm=a21ag.29085015&id=798223490486
46,798223490486,SMAN森眠旗舰店,森眠Q3天然乳胶床垫泰国进口橡胶宿舍学生单人家用卧室软垫乳胶垫,530.42,超薄款【Q3 Plus款】3cm（85D款 柔软）超薄款无钢印,3,176.81,530.42,746.02,7.1折,平台加补后,https://detail.tmall.com/item.htm?b_s_f=sycm&b_spm=a21ag.29085015&id=798223490486
47,529712183806,三足鸟品牌家居自营,三足鸟海绵床垫家用加厚高密度硬垫租房学生宿舍记忆棉软垫褥子,120,【升级软弹款-云感包裹】3cm厚-亲肤针织灰色【30天试睡-5年质保】 软而不塌,3,40.0,120,160,7.5折,平台加补后,https://detail.tmall.com/item.htm?b_s_f=sycm&b_spm=a21ag.29085015&id=529712183806
47,529712183806,三足鸟品牌家居自营,三足鸟海绵床垫家用加厚高密度硬垫租房学生宿舍记忆棉软垫褥子,120,【升级软弹款-云感包裹】5cm厚-亲肤针织灰色【30天试睡-5年质保】 软而不塌,5,33.96,169.8,216.8,7.8折,平台加补后,https://detail.tmall.com/item.htm?b_s_f=sycm&b_spm=a21ag.29085015&id=529712183806
47,529712183806,三足鸟品牌家居自营,三足鸟海绵床垫家用加厚高密度硬垫租房学生宿舍记忆棉软垫褥子,120,【升级软弹款-云感包裹】8cm厚-亲肤针织灰色【30天试睡-5年质保】 软而不塌,8,31.27,250.2,307.2,8.1折,平台加补后,https://detail.tmall.com/item.htm?b_s_f=sycm&b_spm=a21ag.29085015&id=529712183806
47,529712183806,三足鸟品牌家居自营,三足鸟海绵床垫家用加厚高密度硬垫租房学生宿舍记忆棉软垫褥子,120,【升级软弹款-云感包裹】10cm厚-亲肤针织灰色【30天试睡-5年质保】 软而不塌,10,30.08,300.8,364.8,8.2折,平台加补后,https://detail.tmall.com/item.htm?b_s_f=sycm&b_spm=a21ag.29085015&id=529712183806
47,529712183806,三足鸟品牌家居自营,三足鸟海绵床垫家用加厚高密度硬垫租房学生宿舍记忆棉软垫褥子,120,【升级适中款-柔韧支撑】3cm厚-亲肤针织灰色【30天试睡-5年质保】 偏中硬,3,44.67,134,176,7.6折,平台加补后,https://detail.tmall.com/item.htm?b_s_f=sycm&b_spm=a21ag.29085015&id=529712183806
47,529712183806,三足鸟品牌家居自营,三足鸟海绵床垫家用加厚高密度硬垫租房学生宿舍记忆棉软垫褥子,120,【升级适中款-柔韧支撑】5cm厚-亲肤针织灰色【30天试睡-5年质保】 偏中硬,5,38.48,192.4,242.4,7.9折,平台加补后,https://detail.tmall.com/item.htm?b_s_f=sycm&b_spm=a21ag.29085015&id=529712183806
47,529712183806,三足鸟品牌家居自营,三足鸟海绵床垫家用加厚高密度硬垫租房学生宿舍记忆棉软垫褥子,120,【升级适中款-柔韧支撑】8cm厚-亲肤针织灰色【30天试睡-5年质保】 偏中硬,8,35.35,282.8,344.8,8.2折,平台加补后,https://detail.tmall.com/item.htm?b_s_f=sycm&b_spm=a21ag.29085015&id=529712183806
47,529712183806,三足鸟品牌家居自营,三足鸟海绵床垫家用加厚高密度硬垫租房学生宿舍记忆棉软垫褥子,120,【升级适中款-柔韧支撑】10cm厚-亲肤针织灰色【30天试睡-5年质保】 偏中硬,10,34.36,343.6,413.6,8.3折,平台加补后,https://detail.tmall.com/item.htm?b_s_f=sycm&b_spm=a21ag.29085015&id=529712183806
47,529712183806,三足鸟品牌家居自营,三足鸟海绵床垫家用加厚高密度硬垫租房学生宿舍记忆棉软垫褥子,120,【升级偏硬款-硬而不硌】3cm厚-亲肤针织灰色【30天试睡-5年质保】 硬而不硌,3,50.4,151.2,195.2,7.7折,平台加补后,https://detail.tmall.com/item.htm?b_s_f=sycm&b_spm=a21ag.29085015&id=529712183806
47,529712183806,三足鸟品牌家居自营,三足鸟海绵床垫家用加厚高密度硬垫租房学生宿舍记忆棉软垫褥子,120,【升级偏硬款-硬而不硌】5cm厚-亲肤针织灰色【30天试睡-5年质保】 硬而不硌,5,44.4,222,276,8.0折,平台加补后,https://detail.tmall.com/item.htm?b_s_f=sycm&b_spm=a21ag.29085015&id=529712183806
47,529712183806,三足鸟品牌家居自营,三足鸟海绵床垫家用加厚高密度硬垫租房学生宿舍记忆棉软垫褥子,120,【升级偏硬款-硬而不硌】8cm厚-亲肤针织灰色【30天试睡-5年质保】 硬而不硌,8,41.2,329.6,397.6,8.3折,平台加补后,https://detail.tmall.com/item.htm?b_s_f=sycm&b_spm=a21ag.29085015&id=529712183806
47,529712183806,三足鸟品牌家居自营,三足鸟海绵床垫家用加厚高密度硬垫租房学生宿舍记忆棉软垫褥子,120,【升级偏硬款-硬而不硌】10cm厚-亲肤针织灰色【30天试睡-5年质保】 硬而不硌,10,40.36,403.6,481.6,8.4折,平台加补后,https://detail.tmall.com/item.htm?b_s_f=sycm&b_spm=a21ag.29085015&id=529712183806
48,691105276997,海马亦言床垫企业店,海马亦言盒子乳胶床垫补贴席梦思压缩家用独立弹簧软垫厚酒店名牌,595,升级偏硬款 厚≈21CM（加密高压缩弹簧）老少皆宜 H-Z5,21,40.56,851.7,1258,6.8折,平台加补后,https://detail.tmall.com/item.htm?b_s_f=sycm&b_spm=a21ag.29085015&id=691105276997
48,691105276997,海马亦言床垫企业店,海马亦言盒子乳胶床垫补贴席梦思压缩家用独立弹簧软垫厚酒店名牌,595,升级静音舒适款 厚≈23CM（防塌静音弹簧）静音享受 H-Z5,23,42.54,978.35,1428,6.9折,平台加补后,https://detail.tmall.com/item.htm?b_s_f=sycm&b_spm=a21ag.29085015&id=691105276997
48,691105276997,海马亦言床垫企业店,海马亦言盒子乳胶床垫补贴席梦思压缩家用独立弹簧软垫厚酒店名牌,595,升级零压舒适款 厚≈23CM（防塌静音弹簧）缓压选择 H-Z5,23,49.78,1144.95,1650,6.9折,平台加补后,https://detail.tmall.com/item.htm?b_s_f=sycm&b_spm=a21ag.29085015&id=691105276997
48,691105276997,海马亦言床垫企业店,海马亦言盒子乳胶床垫补贴席梦思压缩家用独立弹簧软垫厚酒店名牌,595,柔软款 厚≈20CM（防塌静音弹簧） 实用之选 H-Z1,20,29.75,595,858,6.9折,平台加补后,https://detail.tmall.com/item.htm?b_s_f=sycm&b_spm=a21ag.29085015&id=691105276997
48,691105276997,海马亦言床垫企业店,海马亦言盒子乳胶床垫补贴席梦思压缩家用独立弹簧软垫厚酒店名牌,595,偏硬款 厚≈21CM（加密高压缩弹簧）呵护腰脊 H-Z1,21,34.85,731.85,1058,6.9折,平台加补后,https://detail.tmall.com/item.htm?b_s_f=sycm&b_spm=a21ag.29085015&id=691105276997
48,691105276997,海马亦言床垫企业店,海马亦言盒子乳胶床垫补贴席梦思压缩家用独立弹簧软垫厚酒店名牌,595,静音舒适款 厚≈22CM（不粉化乳胶棉）静音享受 H-Z1,22,37.67,828.75,1228,6.7折,平台加补后,https://detail.tmall.com/item.htm?b_s_f=sycm&b_spm=a21ag.29085015&id=691105276997
48,691105276997,海马亦言床垫企业店,海马亦言盒子乳胶床垫补贴席梦思压缩家用独立弹簧软垫厚酒店名牌,595,零压舒适款 厚≈22CM（防塌静音弹簧）主卧首选 H-Z1,22,43.47,956.25,1398,6.8折,平台加补后,https://detail.tmall.com/item.htm?b_s_f=sycm&b_spm=a21ag.29085015&id=691105276997
48,691105276997,海马亦言床垫企业店,海马亦言盒子乳胶床垫补贴席梦思压缩家用独立弹簧软垫厚酒店名牌,595,豪华酒店款 厚≈25CM（不粉化乳胶棉）星级酒店享受 H-Z1,25,44.23,1105.85,1598,6.9折,平台加补后,https://detail.tmall.com/item.htm?b_s_f=sycm&b_spm=a21ag.29085015&id=691105276997
48,691105276997,海马亦言床垫企业店,海马亦言盒子乳胶床垫补贴席梦思压缩家用独立弹簧软垫厚酒店名牌,595,护脊可拆款 （厚度约22CM）臀部加固 腰部支撑 H-Z1,22,58.42,1285.2,1838,7.0折,平台加补后,https://detail.tmall.com/item.htm?b_s_f=sycm&b_spm=a21ag.29085015&id=691105276997
48,691105276997,海马亦言床垫企业店,海马亦言盒子乳胶床垫补贴席梦思压缩家用独立弹簧软垫厚酒店名牌,595,适中可拆款（厚度约24CM）臀部加固 软硬调节 H-Z1,24,62.83,1507.9,2175,6.9折,平台加补后,https://detail.tmall.com/item.htm?b_s_f=sycm&b_spm=a21ag.29085015&id=691105276997
49,923381236283,峻泽旗舰店,椰棕床垫天然棕榈硬垫子家用1.5米1.8米经济型护腰护脊席梦思床垫,76.7,1800mm*2000mm 标准配置款,,,76.7,338.24,2.3折,平台加补后,https://detail.tmall.com/item.htm?b_s_f=sycm&b_spm=a21ag.29085015&id=923381236283
50,977828424168,喜临门官方旗舰店,【净眠M25MAX】喜临门直营同款3D材料透气舒脊七区独袋弹簧床垫,5609.15,净眠M25 MAX 千人加购,,,5609.15,15099,3.7折,平台加补后,https://detail.tmall.com/item.htm?b_s_f=sycm&b_spm=a21ag.29085015&id=977828424168
50,977828424168,喜临门官方旗舰店,【净眠M25MAX】喜临门直营同款3D材料透气舒脊七区独袋弹簧床垫,5609.15,【软床床垫套餐】净眠M25 Max+浮栖JR2613_丝绒棕(20cm床拖),20,399.97,7999.35,18999,4.2折,平台加补后,https://detail.tmall.com/item.htm?b_s_f=sycm&b_spm=a21ag.29085015&id=977828424168
50,977828424168,喜临门官方旗舰店,【净眠M25MAX】喜临门直营同款3D材料透气舒脊七区独袋弹簧床垫,5609.15,【软床床垫套餐】净眠M25 Max+浮栖JR2613_丝绒棕(30cm储物),30,286.63,8599,19999,4.3折,平台加补后,https://detail.tmall.com/item.htm?b_s_f=sycm&b_spm=a21ag.29085015&id=977828424168
50,977828424168,喜临门官方旗舰店,【净眠M25MAX】喜临门直营同款3D材料透气舒脊七区独袋弹簧床垫,5609.15,【软床床垫套餐】净眠M25 Max+浮栖JR2613_松玉白(20cm床拖),20,399.97,7999.35,18999,4.2折,平台加补后,https://detail.tmall.com/item.htm?b_s_f=sycm&b_spm=a21ag.29085015&id=977828424168
50,977828424168,喜临门官方旗舰店,【净眠M25MAX】喜临门直营同款3D材料透气舒脊七区独袋弹簧床垫,5609.15,【软床床垫套餐】净眠M25 Max+浮栖JR2613_松玉白(30cm储物),30,286.63,8599,19999,4.3折,平台加补后,https://detail.tmall.com/item.htm?b_s_f=sycm&b_spm=a21ag.29085015&id=977828424168
50,977828424168,喜临门官方旗舰店,【净眠M25MAX】喜临门直营同款3D材料透气舒脊七区独袋弹簧床垫,5609.15,【软床床垫套餐】净眠M25 Max+云境Pro_丝绒棕(20cm床拖),20,399.97,7999.35,19999,4.0折,平台加补后,https://detail.tmall.com/item.htm?b_s_f=sycm&b_spm=a21ag.29085015&id=977828424168
50,977828424168,喜临门官方旗舰店,【净眠M25MAX】喜临门直营同款3D材料透气舒脊七区独袋弹簧床垫,5609.15,【软床床垫套餐】净眠M25 Max+云境Pro_丝绒棕(30cm储物),30,286.63,8599,20499,4.2折,平台加补后,https://detail.tmall.com/item.htm?b_s_f=sycm&b_spm=a21ag.29085015&id=977828424168
51,1047573933531,蓝盒子官方旗舰店,蓝盒子 Z+床垫记忆棉独立袋装弹簧床垫出乎款单双人卧室席梦思,3706,出乎款,,,3706,5523,6.7折,平台加补后,https://detail.tmall.com/item.htm?b_s_f=sycm&b_spm=a21ag.29085015&id=1047573933531
51,1047573933531,蓝盒子官方旗舰店,蓝盒子 Z+床垫记忆棉独立袋装弹簧床垫出乎款单双人卧室席梦思,3706,Z+ 千人加购,,,4053.65,5988,6.8折,平台加补后,https://detail.tmall.com/item.htm?b_s_f=sycm&b_spm=a21ag.29085015&id=1047573933531
52,676435752637,睡眠骑士床垫官方店,睡眠骑士梦舒乳胶五星级酒店床垫席梦思记忆棉加厚30cm厚家用软垫,1229.1,五星G 适中单面【2cm乳胶+酒店专利弹簧】22cm,22,56.22,1236.75,1858,6.7折,平台加补后,https://detail.tmall.com/item.htm?b_s_f=sycm&b_spm=a21ag.29085015&id=676435752637
52,676435752637,睡眠骑士床垫官方店,睡眠骑士梦舒乳胶五星级酒店床垫席梦思记忆棉加厚30cm厚家用软垫,1229.1,五星H 适中/偏硬双面【2cm乳胶+酒店专利弹簧+2cm黄麻】24cm,24,54.01,1296.25,1938,6.7折,平台加补后,https://detail.tmall.com/item.htm?b_s_f=sycm&b_spm=a21ag.29085015&id=676435752637
52,676435752637,睡眠骑士床垫官方店,睡眠骑士梦舒乳胶五星级酒店床垫席梦思记忆棉加厚30cm厚家用软垫,1229.1,五星A 偏软单面【3cm乳胶+酒店专利弹簧】24cm 店长主推,24,57.48,1379.55,2118,6.5折,平台加补后,https://detail.tmall.com/item.htm?b_s_f=sycm&b_spm=a21ag.29085015&id=676435752637
52,676435752637,睡眠骑士床垫官方店,睡眠骑士梦舒乳胶五星级酒店床垫席梦思记忆棉加厚30cm厚家用软垫,1229.1,五星B 偏软/偏硬双面【3cm乳胶+酒店专利弹簧+2cm黄麻】26cm,26,56.53,1469.65,2238,6.6折,平台加补后,https://detail.tmall.com/item.htm?b_s_f=sycm&b_spm=a21ag.29085015&id=676435752637
52,676435752637,睡眠骑士床垫官方店,睡眠骑士梦舒乳胶五星级酒店床垫席梦思记忆棉加厚30cm厚家用软垫,1229.1,豪华C 柔软单面【5cm乳胶+酒店专利弹簧】26cm,26,58.55,1522.35,2308,6.6折,平台加补后,https://detail.tmall.com/item.htm?b_s_f=sycm&b_spm=a21ag.29085015&id=676435752637
52,676435752637,睡眠骑士床垫官方店,睡眠骑士梦舒乳胶五星级酒店床垫席梦思记忆棉加厚30cm厚家用软垫,1229.1,豪华D 柔软/偏硬双面【5cm乳胶+酒店专利弹簧+2cm黄麻】28cm,28,57.28,1603.95,2418,6.6折,平台加补后,https://detail.tmall.com/item.htm?b_s_f=sycm&b_spm=a21ag.29085015&id=676435752637
52,676435752637,睡眠骑士床垫官方店,睡眠骑士梦舒乳胶五星级酒店床垫席梦思记忆棉加厚30cm厚家用软垫,1229.1,总统E 超软单面【2cm记忆棉+5cm乳胶+酒店专利弹簧】28cm,28,60.77,1701.7,2548,6.7折,平台加补后,https://detail.tmall.com/item.htm?b_s_f=sycm&b_spm=a21ag.29085015&id=676435752637
52,676435752637,睡眠骑士床垫官方店,睡眠骑士梦舒乳胶五星级酒店床垫席梦思记忆棉加厚30cm厚家用软垫,1229.1,总统F 超软/偏硬双面【2cm记忆棉+5cm乳胶+酒店专利弹簧+2cm黄麻】30cm,30,59.95,1798.6,2678,6.7折,平台加补后,https://detail.tmall.com/item.htm?b_s_f=sycm&b_spm=a21ag.29085015&id=676435752637
52,676435752637,睡眠骑士床垫官方店,睡眠骑士梦舒乳胶五星级酒店床垫席梦思记忆棉加厚30cm厚家用软垫,1229.1,护脊J 偏硬单面【2cm黄麻+酒店专利弹簧】22cm,22,55.87,1229.1,1848,6.7折,平台加补后,https://detail.tmall.com/item.htm?b_s_f=sycm&b_spm=a21ag.29085015&id=676435752637
52,676435752637,睡眠骑士床垫官方店,睡眠骑士梦舒乳胶五星级酒店床垫席梦思记忆棉加厚30cm厚家用软垫,1229.1,护脊K 中硬单面【乳胶+2cm黄麻+酒店专利弹簧】23cm,23,57.65,1326,1978,6.7折,平台加补后,https://detail.tmall.com/item.htm?b_s_f=sycm&b_spm=a21ag.29085015&id=676435752637
52,676435752637,睡眠骑士床垫官方店,睡眠骑士梦舒乳胶五星级酒店床垫席梦思记忆棉加厚30cm厚家用软垫,1229.1,呼呼pro加厚B【软硬适中-透气】厚22cm,22,63.4,1394.85,2138,6.5折,平台加补后,https://detail.tmall.com/item.htm?b_s_f=sycm&b_spm=a21ag.29085015&id=676435752637
52,676435752637,睡眠骑士床垫官方店,睡眠骑士梦舒乳胶五星级酒店床垫席梦思记忆棉加厚30cm厚家用软垫,1229.1,呼呼pro加厚C【适中偏硬-透气】厚24cm,24,62.16,1491.75,2268,6.6折,平台加补后,https://detail.tmall.com/item.htm?b_s_f=sycm&b_spm=a21ag.29085015&id=676435752637
52,676435752637,睡眠骑士床垫官方店,睡眠骑士梦舒乳胶五星级酒店床垫席梦思记忆棉加厚30cm厚家用软垫,1229.1,透气G 适中单面【2cm乳胶+2cm透气3D+酒店专利弹簧】24cm,24,54.01,1296.25,1938,6.7折,平台加补后,https://detail.tmall.com/item.htm?b_s_f=sycm&b_spm=a21ag.29085015&id=676435752637
52,676435752637,睡眠骑士床垫官方店,睡眠骑士梦舒乳胶五星级酒店床垫席梦思记忆棉加厚30cm厚家用软垫,1229.1,透气A 偏软单面【3cm乳胶+2cm透气3D+酒店专利弹簧】26cm,26,56.53,1469.65,2238,6.6折,平台加补后,https://detail.tmall.com/item.htm?b_s_f=sycm&b_spm=a21ag.29085015&id=676435752637
52,676435752637,睡眠骑士床垫官方店,睡眠骑士梦舒乳胶五星级酒店床垫席梦思记忆棉加厚30cm厚家用软垫,1229.1,透气C 柔软单面【5cm乳胶+2cm透气3D+酒店专利弹簧】28cm,28,57.28,1603.95,2418,6.6折,平台加补后,https://detail.tmall.com/item.htm?b_s_f=sycm&b_spm=a21ag.29085015&id=676435752637
52,676435752637,睡眠骑士床垫官方店,睡眠骑士梦舒乳胶五星级酒店床垫席梦思记忆棉加厚30cm厚家用软垫,1229.1,透气E 超软单面【2cm记忆棉+5cm乳胶+2cm透气3D+酒店专利弹簧】30cm,30,59.95,1798.6,2678,6.7折,平台加补后,https://detail.tmall.com/item.htm?b_s_f=sycm&b_spm=a21ag.29085015&id=676435752637
53,644816479592,林氏家居官方旗舰店,林氏家居官方椰棕床垫180x200黄麻家用弹簧护脊专用棕榈垫子木业,758.36,(1)【经典·椰棕】脊椎不适|硬|20cm 千人加购,20,39.84,796.72,1216,6.6折,平台加补后,https://detail.tmall.com/item.htm?b_s_f=sycm&b_spm=a21ag.29085015&id=644816479592
53,644816479592,林氏家居官方旗舰店,林氏家居官方椰棕床垫180x200黄麻家用弹簧护脊专用棕榈垫子木业,758.36,(2)【经典·椰棕】适配高箱床|硬|15cm,15,53.11,796.72,1216,6.6折,平台加补后,https://detail.tmall.com/item.htm?b_s_f=sycm&b_spm=a21ag.29085015&id=644816479592
53,644816479592,林氏家居官方旗舰店,林氏家居官方椰棕床垫180x200黄麻家用弹簧护脊专用棕榈垫子木业,758.36,(3)【经典·乳胶】夫妻同睡静音抗干扰|偏硬|22cm,22,44.39,976.64,1492,6.5折,平台加补后,https://detail.tmall.com/item.htm?b_s_f=sycm&b_spm=a21ag.29085015&id=644816479592
53,644816479592,林氏家居官方旗舰店,林氏家居官方椰棕床垫180x200黄麻家用弹簧护脊专用棕榈垫子木业,758.36,(4)【经典·双面睡】全家适用|正偏硬 反硬|22cm,22,46.59,1024.88,1564,6.6折,平台加补后,https://detail.tmall.com/item.htm?b_s_f=sycm&b_spm=a21ag.29085015&id=644816479592
53,644816479592,林氏家居官方旗舰店,林氏家居官方椰棕床垫180x200黄麻家用弹簧护脊专用棕榈垫子木业,758.36,(5)【经典·黄麻棕】母婴同睡|硬|20cm,20,45.05,900.92,1376,6.5折,平台加补后,https://detail.tmall.com/item.htm?b_s_f=sycm&b_spm=a21ag.29085015&id=644816479592
53,644816479592,林氏家居官方旗舰店,林氏家居官方椰棕床垫180x200黄麻家用弹簧护脊专用棕榈垫子木业,758.36,(6)【经典·黄麻丝】租房族首挑|硬|20cm,20,37.92,758.36,1158,6.5折,平台加补后,https://detail.tmall.com/item.htm?b_s_f=sycm&b_spm=a21ag.29085015&id=644816479592
53,644816479592,林氏家居官方旗舰店,林氏家居官方椰棕床垫180x200黄麻家用弹簧护脊专用棕榈垫子木业,758.36,(7)【Plus·椰棕】加厚椰棕强化护脊|多1层乳胶更贴合|升级静音独袋簧|偏硬|22cm,22,56.06,1233.36,1883,6.5折,平台加补后,https://detail.tmall.com/item.htm?b_s_f=sycm&b_spm=a21ag.29085015&id=644816479592
53,644816479592,林氏家居官方旗舰店,林氏家居官方椰棕床垫180x200黄麻家用弹簧护脊专用棕榈垫子木业,758.36,(8)【Plus·椰棕双睡】三分区静音弹簧|加厚乳胶椰棕舒脊承托|正偏硬 反硬|24cm,24,63.27,1518.56,2318,6.6折,平台加补后,https://detail.tmall.com/item.htm?b_s_f=sycm&b_spm=a21ag.29085015&id=644816479592
53,644816479592,林氏家居官方旗舰店,林氏家居官方椰棕床垫180x200黄麻家用弹簧护脊专用棕榈垫子木业,758.36,(9)【Plus·4D空气芯】腰椎不适|硬弹护脊不黏腻|硬|21cm,21,58.73,1233.36,1883,6.5折,平台加补后,https://detail.tmall.com/item.htm?b_s_f=sycm&b_spm=a21ag.29085015&id=644816479592
53,644816479592,林氏家居官方旗舰店,林氏家居官方椰棕床垫180x200黄麻家用弹簧护脊专用棕榈垫子木业,758.36,(10)【Plus·4D空气芯双睡】上班族包裹释压深睡|正适中 反偏硬|24cm,24,59.3,1423.24,2172,6.6折,平台加补后,https://detail.tmall.com/item.htm?b_s_f=sycm&b_spm=a21ag.29085015&id=644816479592
54,673717376032,喜临门官方旗舰店,【漾Pro+】喜临门官方正品主卧双人席梦思乳胶mini簧七区弹簧床垫,2464.15,漾Pro+（升级款） 【双睡感/27CM】支撑升级透气升级 店长主推,27,97.56,2634.15,4099,6.4折,平台加补后,https://detail.tmall.com/item.htm?b_s_f=sycm&b_spm=a21ag.29085015&id=673717376032
54,673717376032,喜临门官方旗舰店,【漾Pro+】喜临门官方正品主卧双人席梦思乳胶mini簧七区弹簧床垫,2464.15,漾Pro（基础款） 【双睡感/24CM】七区支撑舒爽透气 万人加购,24,102.67,2464.15,3899,6.3折,平台加补后,https://detail.tmall.com/item.htm?b_s_f=sycm&b_spm=a21ag.29085015&id=673717376032
54,673717376032,喜临门官方旗舰店,【漾Pro+】喜临门官方正品主卧双人席梦思乳胶mini簧七区弹簧床垫,2464.15,漾Plus（基础款） 【双睡感/26CM】三项专利全新升级,26,94.78,2464.15,3899,6.3折,平台加补后,https://detail.tmall.com/item.htm?b_s_f=sycm&b_spm=a21ag.29085015&id=673717376032
54,673717376032,喜临门官方旗舰店,【漾Pro+】喜临门官方正品主卧双人席梦思乳胶mini簧七区弹簧床垫,2464.15,漾ProS 0胶款【双睡感/26.5CM】整垫0胶透气支撑,26.5,112.23,2974.15,4499,6.6折,平台加补后,https://detail.tmall.com/item.htm?b_s_f=sycm&b_spm=a21ag.29085015&id=673717376032
55,974246528539,喜临门官方旗舰店,【店播专享】喜临门塔利亚床垫A类面料主卧乳胶舒脊独袋弹簧床垫,1571.65,塔利亚Pro（旗舰升级款）【双睡感/23CM】,23,83.12,1911.65,2849,6.7折,平台加补后,https://detail.tmall.com/item.htm?b_s_f=sycm&b_spm=a21ag.29085015&id=974246528539
55,974246528539,喜临门官方旗舰店,【店播专享】喜临门塔利亚床垫A类面料主卧乳胶舒脊独袋弹簧床垫,1571.65,塔利亚Plus（双睡升级款）【双睡感/22CM】,22,81.1,1784.15,2699,6.6折,平台加补后,https://detail.tmall.com/item.htm?b_s_f=sycm&b_spm=a21ag.29085015&id=974246528539
55,974246528539,喜临门官方旗舰店,【店播专享】喜临门塔利亚床垫A类面料主卧乳胶舒脊独袋弹簧床垫,1571.65,塔利亚Fit（舒脊升级款）【硬睡感/20CM】,20,80.71,1614.15,2499,6.5折,平台加补后,https://detail.tmall.com/item.htm?b_s_f=sycm&b_spm=a21ag.29085015&id=974246528539
55,974246528539,喜临门官方旗舰店,【店播专享】喜临门塔利亚床垫A类面料主卧乳胶舒脊独袋弹簧床垫,1571.65,塔利亚Air（经典升级款）【适中睡感/19CM】 千人加购,19,84.96,1614.15,2499,6.5折,平台加补后,https://detail.tmall.com/item.htm?b_s_f=sycm&b_spm=a21ag.29085015&id=974246528539
55,974246528539,喜临门官方旗舰店,【店播专享】喜临门塔利亚床垫A类面料主卧乳胶舒脊独袋弹簧床垫,1571.65,塔利亚slim（薄垫）【双睡感/12.5CM】,12.5,125.73,1571.65,2449,6.4折,平台加补后,https://detail.tmall.com/item.htm?b_s_f=sycm&b_spm=a21ag.29085015&id=974246528539
56,828062195107,喜临门家居旗舰店,【大白垫】城市爱情席梦思弹簧软硬两用乳胶椰棕家用乳胶床垫,1036.15,大白垫 软硬双睡款【双睡感/21CM】 一面舒适 一面撑脊,21,58.65,1231.65,1649,7.5折,平台加补后,https://detail.tmall.com/item.htm?b_s_f=sycm&b_spm=a21ag.29085015&id=828062195107
56,828062195107,喜临门家居旗舰店,【大白垫】城市爱情席梦思弹簧软硬两用乳胶椰棕家用乳胶床垫,1036.15,大白H 软硬适中【单睡感/23CM】 双效支撑 老少皆宜,23,45.05,1036.15,1419,7.3折,平台加补后,https://detail.tmall.com/item.htm?b_s_f=sycm&b_spm=a21ag.29085015&id=828062195107
56,828062195107,喜临门家居旗舰店,【大白垫】城市爱情席梦思弹簧软硬两用乳胶椰棕家用乳胶床垫,1036.15,大白Pro 双层黄麻【单面偏硬/24CM】 立体舒脊 支撑更强劲,24,54.15,1299.65,1729,7.5折,平台加补后,https://detail.tmall.com/item.htm?b_s_f=sycm&b_spm=a21ag.29085015&id=828062195107
56,828062195107,喜临门家居旗舰店,【大白垫】城市爱情席梦思弹簧软硬两用乳胶椰棕家用乳胶床垫,1036.15,大白 LiteH1 硬睡感【单睡感/21CM】 黄麻舒脊,21,54.6,1146.65,1549,7.4折,平台加补后,https://detail.tmall.com/item.htm?b_s_f=sycm&b_spm=a21ag.29085015&id=828062195107
57,39187765503,源氏木语官方旗舰店,源氏木语0胶水床垫天然椰棕环保家用棕垫双人硬垫小椰薄款,786.2,椰棕·加硬承托/8CM|J11 近期热销,8,117.55,940.4,1206,7.8折,平台加补后,https://detail.tmall.com/item.htm?b_s_f=sycm&b_spm=a21ag.29085015&id=39187765503
57,39187765503,源氏木语官方旗舰店,源氏木语0胶水床垫天然椰棕环保家用棕垫双人硬垫小椰薄款,786.2,椰棕·加硬承托/6CM|J102,6,131.03,786.2,1008,7.8折,平台加补后,https://detail.tmall.com/item.htm?b_s_f=sycm&b_spm=a21ag.29085015&id=39187765503
57,39187765503,源氏木语官方旗舰店,源氏木语0胶水床垫天然椰棕环保家用棕垫双人硬垫小椰薄款,786.2,椰棕+海绵·加硬承托/12CM|J105,12,115.23,1382.7,1773,7.8折,平台加补后,https://detail.tmall.com/item.htm?b_s_f=sycm&b_spm=a21ag.29085015&id=39187765503
57,39187765503,源氏木语官方旗舰店,源氏木语0胶水床垫天然椰棕环保家用棕垫双人硬垫小椰薄款,786.2,(4)椰棕护脊(厚8cm/加硬H1)+ 防水床笠(白色RA05501)J11,8,129.85,1038.8,1332,7.8折,平台加补后,https://detail.tmall.com/item.htm?b_s_f=sycm&b_spm=a21ag.29085015&id=39187765503
57,39187765503,源氏木语官方旗舰店,源氏木语0胶水床垫天然椰棕环保家用棕垫双人硬垫小椰薄款,786.2,(5)椰棕护脊(厚6cm/加硬H1)+防水床笠(白色RA05501)J102,6,134.67,808,1080,7.5折,平台加补后,https://detail.tmall.com/item.htm?b_s_f=sycm&b_spm=a21ag.29085015&id=39187765503
57,39187765503,源氏木语官方旗舰店,源氏木语0胶水床垫天然椰棕环保家用棕垫双人硬垫小椰薄款,786.2,(6)椰棕护脊(厚12cm/加硬H1)+防水床笠(白色RA05501)J105,12,119.88,1438.5,1845,7.8折,平台加补后,https://detail.tmall.com/item.htm?b_s_f=sycm&b_spm=a21ag.29085015&id=39187765503
58,917436417979,蓝盒子官方旗舰店,蓝盒子方块床垫独立袋装弹簧记忆棉柔中带硬家用卧室双人厚席梦思,4997.15,蓝【超贴合强支撑】,,,4997.15,7306,6.8折,平台加补后,https://detail.tmall.com/item.htm?b_s_f=sycm&b_spm=a21ag.29085015&id=917436417979
58,917436417979,蓝盒子官方旗舰店,蓝盒子方块床垫独立袋装弹簧记忆棉柔中带硬家用卧室双人厚席梦思,4997.15,灰【超贴合强支撑】,,,4997.15,7306,6.8折,平台加补后,https://detail.tmall.com/item.htm?b_s_f=sycm&b_spm=a21ag.29085015&id=917436417979
58,917436417979,蓝盒子官方旗舰店,蓝盒子方块床垫独立袋装弹簧记忆棉柔中带硬家用卧室双人厚席梦思,4997.15,紫【超贴合强支撑】,,,4997.15,7306,6.8折,平台加补后,https://detail.tmall.com/item.htm?b_s_f=sycm&b_spm=a21ag.29085015&id=917436417979
59,665056457391,喜临门官方旗舰店,【光年护脊3.0】喜临门主卧透气席梦思偏硬舒脊黄麻独袋弹簧床垫,1784.15,光年护脊3.0【偏硬睡感/21CM】超6成用户选Ta☆☆☆,21,84.96,1784.15,2999,5.9折,平台加补后,https://detail.tmall.com/item.htm?b_s_f=sycm&b_spm=a21ag.29085015&id=665056457391
59,665056457391,喜临门官方旗舰店,【光年护脊3.0】喜临门主卧透气席梦思偏硬舒脊黄麻独袋弹簧床垫,1784.15,【软床床垫卧室套餐】星选（馥芮白）+光年护脊3.0(床垫),,,2974.15,4399,6.8折,平台加补后,https://detail.tmall.com/item.htm?b_s_f=sycm&b_spm=a21ag.29085015&id=665056457391
60,900205276337,佰舒顿BOIRSDOL家具,席梦思床垫1米5家用卧室独立弹簧厚20cm乳胶软垫180x200租房专用,339,特惠款:亲肤透气+加密整网簧 20cm适中 万人加购,20,16.95,339,429,7.9折,平台加补后,https://detail.tmall.com/item.htm?b_s_f=sycm&b_spm=a21ag.29085015&id=900205276337
60,900205276337,佰舒顿BOIRSDOL家具,席梦思床垫1米5家用卧室独立弹簧厚20cm乳胶软垫180x200租房专用,339,特惠款:亲肤透气+加密整网簧+乳胶 22cm偏软,22,19.32,425,529,8.0折,平台加补后,https://detail.tmall.com/item.htm?b_s_f=sycm&b_spm=a21ag.29085015&id=900205276337
60,900205276337,佰舒顿BOIRSDOL家具,席梦思床垫1米5家用卧室独立弹簧厚20cm乳胶软垫180x200租房专用,339,特惠款:亲肤透气+加密整网簧+3E棕 22cm偏硬,22,19.32,425,529,8.0折,平台加补后,https://detail.tmall.com/item.htm?b_s_f=sycm&b_spm=a21ag.29085015&id=900205276337
60,900205276337,佰舒顿BOIRSDOL家具,席梦思床垫1米5家用卧室独立弹簧厚20cm乳胶软垫180x200租房专用,339,实用款:亲肤透气+碳钢加固簧 20cm适中,20,17.45,349,453,7.7折,平台加补后,https://detail.tmall.com/item.htm?b_s_f=sycm&b_spm=a21ag.29085015&id=900205276337
60,900205276337,佰舒顿BOIRSDOL家具,席梦思床垫1米5家用卧室独立弹簧厚20cm乳胶软垫180x200租房专用,339,实用款:亲肤透气+碳钢加固簧+乳胶 22cm偏软,22,19.77,435,541,8.0折,平台加补后,https://detail.tmall.com/item.htm?b_s_f=sycm&b_spm=a21ag.29085015&id=900205276337
60,900205276337,佰舒顿BOIRSDOL家具,席梦思床垫1米5家用卧室独立弹簧厚20cm乳胶软垫180x200租房专用,339,实用款:亲肤透气+碳钢加固簧+3E棕 22cm偏硬,22,19.77,435,541,8.0折,平台加补后,https://detail.tmall.com/item.htm?b_s_f=sycm&b_spm=a21ag.29085015&id=900205276337
60,900205276337,佰舒顿BOIRSDOL家具,席梦思床垫1米5家用卧室独立弹簧厚20cm乳胶软垫180x200租房专用,339,弹簧新升级:亲肤透气+独立静音簧 20cm适中,20,19.45,389,494,7.9折,平台加补后,https://detail.tmall.com/item.htm?b_s_f=sycm&b_spm=a21ag.29085015&id=900205276337
60,900205276337,佰舒顿BOIRSDOL家具,席梦思床垫1米5家用卧室独立弹簧厚20cm乳胶软垫180x200租房专用,339,弹簧新升级:亲肤透气+独立静音 +乳胶 22cm偏软,22,19.95,439,547,8.0折,平台加补后,https://detail.tmall.com/item.htm?b_s_f=sycm&b_spm=a21ag.29085015&id=900205276337
60,900205276337,佰舒顿BOIRSDOL家具,席梦思床垫1米5家用卧室独立弹簧厚20cm乳胶软垫180x200租房专用,339,弹簧新升级:亲肤透气+独立静音 +3E棕 22cm偏硬,22,19.95,439,547,8.0折,平台加补后,https://detail.tmall.com/item.htm?b_s_f=sycm&b_spm=a21ag.29085015&id=900205276337
60,900205276337,佰舒顿BOIRSDOL家具,席梦思床垫1米5家用卧室独立弹簧厚20cm乳胶软垫180x200租房专用,339,弹簧新升级:亲肤透气+独立静音 +棕乳胶 23cm两用,23,21.52,495,616,8.0折,平台加补后,https://detail.tmall.com/item.htm?b_s_f=sycm&b_spm=a21ag.29085015&id=900205276337
60,900205276337,佰舒顿BOIRSDOL家具,席梦思床垫1米5家用卧室独立弹簧厚20cm乳胶软垫180x200租房专用,339,家用首选:3D透气+尊贵布袋簧 20cm适中 店长主推,20,33.5,670,828,8.1折,平台加补后,https://detail.tmall.com/item.htm?b_s_f=sycm&b_spm=a21ag.29085015&id=900205276337
60,900205276337,佰舒顿BOIRSDOL家具,席梦思床垫1米5家用卧室独立弹簧厚20cm乳胶软垫180x200租房专用,339,家用首选:3D透气+尊贵布袋簧+乳胶 22cm偏软,22,32.73,720,887,8.1折,平台加补后,https://detail.tmall.com/item.htm?b_s_f=sycm&b_spm=a21ag.29085015&id=900205276337
60,900205276337,佰舒顿BOIRSDOL家具,席梦思床垫1米5家用卧室独立弹簧厚20cm乳胶软垫180x200租房专用,339,家用首选:3D透气+尊贵布袋簧+3E棕 22cm偏硬,22,32.73,720,887,8.1折,平台加补后,https://detail.tmall.com/item.htm?b_s_f=sycm&b_spm=a21ag.29085015&id=900205276337
60,900205276337,佰舒顿BOIRSDOL家具,席梦思床垫1米5家用卧室独立弹簧厚20cm乳胶软垫180x200租房专用,339,家用首选:3D透气+尊贵布袋簧+棕乳胶 23cm双面,23,34.78,800,981,8.2折,平台加补后,https://detail.tmall.com/item.htm?b_s_f=sycm&b_spm=a21ag.29085015&id=900205276337
60,900205276337,佰舒顿BOIRSDOL家具,席梦思床垫1米5家用卧室独立弹簧厚20cm乳胶软垫180x200租房专用,339,特惠款:防螨抑菌+加密整网簧 20cm适中,20,17.0,340,412,8.3折,平台加补后,https://detail.tmall.com/item.htm?b_s_f=sycm&b_spm=a21ag.29085015&id=900205276337
60,900205276337,佰舒顿BOIRSDOL家具,席梦思床垫1米5家用卧室独立弹簧厚20cm乳胶软垫180x200租房专用,339,特惠款:防螨抑菌+加密整网簧+乳胶 22cm偏软,22,19.32,425,529,8.0折,平台加补后,https://detail.tmall.com/item.htm?b_s_f=sycm&b_spm=a21ag.29085015&id=900205276337
60,900205276337,佰舒顿BOIRSDOL家具,席梦思床垫1米5家用卧室独立弹簧厚20cm乳胶软垫180x200租房专用,339,特惠款:防螨抑菌+加密整网簧+3E棕 22cm偏硬,22,19.32,425,529,8.0折,平台加补后,https://detail.tmall.com/item.htm?b_s_f=sycm&b_spm=a21ag.29085015&id=900205276337
60,900205276337,佰舒顿BOIRSDOL家具,席梦思床垫1米5家用卧室独立弹簧厚20cm乳胶软垫180x200租房专用,339,实用款:防螨抑菌+碳钢加固簧 20cm适中,20,17.75,355,447,7.9折,平台加补后,https://detail.tmall.com/item.htm?b_s_f=sycm&b_spm=a21ag.29085015&id=900205276337
60,900205276337,佰舒顿BOIRSDOL家具,席梦思床垫1米5家用卧室独立弹簧厚20cm乳胶软垫180x200租房专用,339,实用款:防螨抑菌+碳钢加固簧+乳胶 22cm偏软,22,19.77,435,541,8.0折,平台加补后,https://detail.tmall.com/item.htm?b_s_f=sycm&b_spm=a21ag.29085015&id=900205276337
60,900205276337,佰舒顿BOIRSDOL家具,席梦思床垫1米5家用卧室独立弹簧厚20cm乳胶软垫180x200租房专用,339,实用款:防螨抑菌+碳钢加固簧+3E棕 22cm偏硬,22,19.77,435,541,8.0折,平台加补后,https://detail.tmall.com/item.htm?b_s_f=sycm&b_spm=a21ag.29085015&id=900205276337
60,900205276337,佰舒顿BOIRSDOL家具,席梦思床垫1米5家用卧室独立弹簧厚20cm乳胶软垫180x200租房专用,339,弹簧新升级:防螨抑菌+独立静音簧 20cm适中,20,19.45,389,494,7.9折,平台加补后,https://detail.tmall.com/item.htm?b_s_f=sycm&b_spm=a21ag.29085015&id=900205276337
60,900205276337,佰舒顿BOIRSDOL家具,席梦思床垫1米5家用卧室独立弹簧厚20cm乳胶软垫180x200租房专用,339,弹簧新升级:防螨抑菌+独立静音簧 +乳胶 22cm偏软,22,19.95,439,547,8.0折,平台加补后,https://detail.tmall.com/item.htm?b_s_f=sycm&b_spm=a21ag.29085015&id=900205276337
60,900205276337,佰舒顿BOIRSDOL家具,席梦思床垫1米5家用卧室独立弹簧厚20cm乳胶软垫180x200租房专用,339,弹簧新升级:防螨抑菌+独立静音簧 +3E棕 22cm偏硬,22,19.55,430,524,8.2折,平台加补后,https://detail.tmall.com/item.htm?b_s_f=sycm&b_spm=a21ag.29085015&id=900205276337
60,900205276337,佰舒顿BOIRSDOL家具,席梦思床垫1米5家用卧室独立弹簧厚20cm乳胶软垫180x200租房专用,339,弹簧新升级:防螨抑菌+独立静音簧 +棕乳胶 23cm两用,23,21.52,495,616,8.0折,平台加补后,https://detail.tmall.com/item.htm?b_s_f=sycm&b_spm=a21ag.29085015&id=900205276337
61,892940840440,梦百合官方旗舰店,梦百合快充小蓝钻护脊0压记忆棉家用卧室硬床垫独立弹簧席梦思,2846.65,✅快充小蓝钻【偏硬睡感/支撑更强】-22cm 千人加购,22,129.39,2846.65,3940,7.2折,平台加补后,https://detail.tmall.com/item.htm?b_s_f=sycm&b_spm=a21ag.29085015&id=892940840440
62,594327913928,佰舒顿BOIRSDOL家具,床垫子1米5x2米家庭用软垫卧室静音弹簧180x200出租房专用20cm厚,335,租房经济:羊绒+加固防塌簧 适中20cm,20,19.0,380,459,8.3折,平台加补后,https://detail.tmall.com/item.htm?b_s_f=sycm&b_spm=a21ag.29085015&id=594327913928
62,594327913928,佰舒顿BOIRSDOL家具,床垫子1米5x2米家庭用软垫卧室静音弹簧180x200出租房专用20cm厚,335,租房经济:羊绒+加固防塌簧+3E棕 偏硬22cm,22,20.41,449,541,8.3折,平台加补后,https://detail.tmall.com/item.htm?b_s_f=sycm&b_spm=a21ag.29085015&id=594327913928
62,594327913928,佰舒顿BOIRSDOL家具,床垫子1米5x2米家庭用软垫卧室静音弹簧180x200出租房专用20cm厚,335,租房经济:羊绒+加固防塌簧+乳胶 偏软22cm,22,20.41,449,541,8.3折,平台加补后,https://detail.tmall.com/item.htm?b_s_f=sycm&b_spm=a21ag.29085015&id=594327913928
62,594327913928,佰舒顿BOIRSDOL家具,床垫子1米5x2米家庭用软垫卧室静音弹簧180x200出租房专用20cm厚,335,家用高端静音❤️:羊绒+静音独立簧 适中20cm 万人加购,20,20.45,409,494,8.3折,平台加补后,https://detail.tmall.com/item.htm?b_s_f=sycm&b_spm=a21ag.29085015&id=594327913928
62,594327913928,佰舒顿BOIRSDOL家具,床垫子1米5x2米家庭用软垫卧室静音弹簧180x200出租房专用20cm厚,335,家用高端静音❤️:羊绒+静音独立簧+3E棕 偏硬22cm 店长主推,22,22.0,484,582,8.3折,平台加补后,https://detail.tmall.com/item.htm?b_s_f=sycm&b_spm=a21ag.29085015&id=594327913928
62,594327913928,佰舒顿BOIRSDOL家具,床垫子1米5x2米家庭用软垫卧室静音弹簧180x200出租房专用20cm厚,335,家用高端静音❤️:羊绒+静音独立簧+乳胶 偏软22cm,22,22.0,484,582,8.3折,平台加补后,https://detail.tmall.com/item.htm?b_s_f=sycm&b_spm=a21ag.29085015&id=594327913928
62,594327913928,佰舒顿BOIRSDOL家具,床垫子1米5x2米家庭用软垫卧室静音弹簧180x200出租房专用20cm厚,335,家用高端静音❤️:羊绒+静音独立簧+棕乳胶 双面23cm,23,24.13,555,665,8.3折,平台加补后,https://detail.tmall.com/item.htm?b_s_f=sycm&b_spm=a21ag.29085015&id=594327913928
62,594327913928,佰舒顿BOIRSDOL家具,床垫子1米5x2米家庭用软垫卧室静音弹簧180x200出租房专用20cm厚,335,尊享七星酒店❤️:羊绒+静音布袋簧 软硬适中20cm,20,31.75,635,759,8.4折,平台加补后,https://detail.tmall.com/item.htm?b_s_f=sycm&b_spm=a21ag.29085015&id=594327913928
62,594327913928,佰舒顿BOIRSDOL家具,床垫子1米5x2米家庭用软垫卧室静音弹簧180x200出租房专用20cm厚,335,尊享七星酒店❤️:羊绒+静音布袋簧+3E棕 偏硬22cm,22,31.14,685,818,8.4折,平台加补后,https://detail.tmall.com/item.htm?b_s_f=sycm&b_spm=a21ag.29085015&id=594327913928
62,594327913928,佰舒顿BOIRSDOL家具,床垫子1米5x2米家庭用软垫卧室静音弹簧180x200出租房专用20cm厚,335,尊享七星酒店❤️:羊绒+静音布袋簧+乳胶 偏软22cm,22,31.14,685,818,8.4折,平台加补后,https://detail.tmall.com/item.htm?b_s_f=sycm&b_spm=a21ag.29085015&id=594327913928
62,594327913928,佰舒顿BOIRSDOL家具,床垫子1米5x2米家庭用软垫卧室静音弹簧180x200出租房专用20cm厚,335,尊享七星酒店❤️:羊绒+静音布袋簧+棕乳胶 双面23cm,23,34.52,794,947,8.4折,平台加补后,https://detail.tmall.com/item.htm?b_s_f=sycm&b_spm=a21ag.29085015&id=594327913928
62,594327913928,佰舒顿BOIRSDOL家具,床垫子1米5x2米家庭用软垫卧室静音弹簧180x200出租房专用20cm厚,335,七星酒店加厚❤️:羊绒+静音布袋簧+椰棕+3cm乳胶 奢华双面25cm,25,37.0,925,1100,8.4折,平台加补后,https://detail.tmall.com/item.htm?b_s_f=sycm&b_spm=a21ag.29085015&id=594327913928
62,594327913928,佰舒顿BOIRSDOL家具,床垫子1米5x2米家庭用软垫卧室静音弹簧180x200出租房专用20cm厚,335,七星酒店加厚❤️:羊绒+静音布袋簧+5cm乳胶 云端超软25cm,25,37.0,925,1100,8.4折,平台加补后,https://detail.tmall.com/item.htm?b_s_f=sycm&b_spm=a21ag.29085015&id=594327913928
62,594327913928,佰舒顿BOIRSDOL家具,床垫子1米5x2米家庭用软垫卧室静音弹簧180x200出租房专用20cm厚,335,静音矮款❤️:羊绒+压缩静音簧 软硬适中12cm,12,31.67,380,459,8.3折,平台加补后,https://detail.tmall.com/item.htm?b_s_f=sycm&b_spm=a21ag.29085015&id=594327913928
62,594327913928,佰舒顿BOIRSDOL家具,床垫子1米5x2米家庭用软垫卧室静音弹簧180x200出租房专用20cm厚,335,静音矮款:羊绒+压缩静音簧 +3E棕 偏硬14cm,14,30.36,425,512,8.3折,平台加补后,https://detail.tmall.com/item.htm?b_s_f=sycm&b_spm=a21ag.29085015&id=594327913928
62,594327913928,佰舒顿BOIRSDOL家具,床垫子1米5x2米家庭用软垫卧室静音弹簧180x200出租房专用20cm厚,335,静音矮款:羊绒+压缩静音簧+乳胶 偏软14cm,14,30.36,425,512,8.3折,平台加补后,https://detail.tmall.com/item.htm?b_s_f=sycm&b_spm=a21ag.29085015&id=594327913928
62,594327913928,佰舒顿BOIRSDOL家具,床垫子1米5x2米家庭用软垫卧室静音弹簧180x200出租房专用20cm厚,335,静音矮款:羊绒+压缩静音簧+棕乳胶 双面15cm,15,34.87,523,628,8.3折,平台加补后,https://detail.tmall.com/item.htm?b_s_f=sycm&b_spm=a21ag.29085015&id=594327913928
62,594327913928,佰舒顿BOIRSDOL家具,床垫子1米5x2米家庭用软垫卧室静音弹簧180x200出租房专用20cm厚,335,特惠款:防螨面料+加固防塌簧 适中20cm,20,16.75,335,406,8.3折,平台加补后,https://detail.tmall.com/item.htm?b_s_f=sycm&b_spm=a21ag.29085015&id=594327913928
62,594327913928,佰舒顿BOIRSDOL家具,床垫子1米5x2米家庭用软垫卧室静音弹簧180x200出租房专用20cm厚,335,护脊款:防螨面料+加固防塌簧+3E棕 护脊22cm,22,19.77,435,524,8.3折,平台加补后,https://detail.tmall.com/item.htm?b_s_f=sycm&b_spm=a21ag.29085015&id=594327913928
62,594327913928,佰舒顿BOIRSDOL家具,床垫子1米5x2米家庭用软垫卧室静音弹簧180x200出租房专用20cm厚,335,舒适款:防螨面料+加固防塌簧+乳胶 舒适22cm,22,19.77,435,524,8.3折,平台加补后,https://detail.tmall.com/item.htm?b_s_f=sycm&b_spm=a21ag.29085015&id=594327913928
62,594327913928,佰舒顿BOIRSDOL家具,床垫子1米5x2米家庭用软垫卧室静音弹簧180x200出租房专用20cm厚,335,特惠升级:防螨面料+碳钢独立簧 适中20cm,20,20.75,415,500,8.3折,平台加补后,https://detail.tmall.com/item.htm?b_s_f=sycm&b_spm=a21ag.29085015&id=594327913928
62,594327913928,佰舒顿BOIRSDOL家具,床垫子1米5x2米家庭用软垫卧室静音弹簧180x200出租房专用20cm厚,335,护脊升级:防螨面料+碳钢独立簧+3E棕 护脊22cm,22,20.91,460,553,8.3折,平台加补后,https://detail.tmall.com/item.htm?b_s_f=sycm&b_spm=a21ag.29085015&id=594327913928
62,594327913928,佰舒顿BOIRSDOL家具,床垫子1米5x2米家庭用软垫卧室静音弹簧180x200出租房专用20cm厚,335,舒适升级:防螨面料+碳钢独立簧+乳胶 舒适22cm,22,20.91,460,553,8.3折,平台加补后,https://detail.tmall.com/item.htm?b_s_f=sycm&b_spm=a21ag.29085015&id=594327913928
62,594327913928,佰舒顿BOIRSDOL家具,床垫子1米5x2米家庭用软垫卧室静音弹簧180x200出租房专用20cm厚,335,软硬双面:防螨面料+碳钢独立簧+棕乳胶 双面23cm,23,22.74,523,628,8.3折,平台加补后,https://detail.tmall.com/item.htm?b_s_f=sycm&b_spm=a21ag.29085015&id=594327913928
63,675142171103,Serta舒达官方旗舰店,Serta/舒达 妙享 乳胶弹簧床垫国家补贴软硬家用主卧双人厚床垫,5693.06,妙享儿童【22cm/偏硬】|A类亲肤面料 儿童护脊,22,270.37,5948.15,9738,6.1折,平台加补后,https://detail.tmall.com/item.htm?b_s_f=sycm&b_spm=a21ag.29085015&id=675142171103
63,675142171103,Serta舒达官方旗舰店,Serta/舒达 妙享 乳胶弹簧床垫国家补贴软硬家用主卧双人厚床垫,5693.06,妙享-经典版【25cm适中/硬】|双面睡感 经典热销,25,237.93,5948.15,9738,6.1折,平台加补后,https://detail.tmall.com/item.htm?b_s_f=sycm&b_spm=a21ag.29085015&id=675142171103
63,675142171103,Serta舒达官方旗舰店,Serta/舒达 妙享 乳胶弹簧床垫国家补贴软硬家用主卧双人厚床垫,5693.06,妙享One-升级版【26cm/适中】|细腻亲肤 轻奢之选,26,251.66,6543.16,10647,6.1折,平台加补后,https://detail.tmall.com/item.htm?b_s_f=sycm&b_spm=a21ag.29085015&id=675142171103
63,675142171103,Serta舒达官方旗舰店,Serta/舒达 妙享 乳胶弹簧床垫国家补贴软硬家用主卧双人厚床垫,5693.06,妙享舒压-进阶版【27cm/适中】| 酒店同款 品质之选,27,251.79,6798.24,11037,6.2折,平台加补后,https://detail.tmall.com/item.htm?b_s_f=sycm&b_spm=a21ag.29085015&id=675142171103
63,675142171103,Serta舒达官方旗舰店,Serta/舒达 妙享 乳胶弹簧床垫国家补贴软硬家用主卧双人厚床垫,5693.06,【新品首发】妙享0胶【28cm/睡感可调节】|黄麻护脊 可拆卸晾晒,28,203.32,5693.06,9348,6.1折,平台加补后,https://detail.tmall.com/item.htm?b_s_f=sycm&b_spm=a21ag.29085015&id=675142171103
63,675142171103,Serta舒达官方旗舰店,Serta/舒达 妙享 乳胶弹簧床垫国家补贴软硬家用主卧双人厚床垫,5693.06,妙享舒睡-高奢版【28cm/偏软】|包裹感更强 甄享好眠,28,358.13,10027.61,15971,6.3折,平台加补后,https://detail.tmall.com/item.htm?b_s_f=sycm&b_spm=a21ag.29085015&id=675142171103
63,675142171103,Serta舒达官方旗舰店,Serta/舒达 妙享 乳胶弹簧床垫国家补贴软硬家用主卧双人厚床垫,5693.06,【妙享+星享Ⅱ】套床 咨询客服 享补贴价11299起,,,9603.7,15323,6.3折,平台加补后,https://detail.tmall.com/item.htm?b_s_f=sycm&b_spm=a21ag.29085015&id=675142171103
63,675142171103,Serta舒达官方旗舰店,Serta/舒达 妙享 乳胶弹簧床垫国家补贴软硬家用主卧双人厚床垫,5693.06,【妙享+大象耳朵悬浮床】套床 咨询客服 享补贴价9299起,,,9347.86,14932,6.3折,平台加补后,https://detail.tmall.com/item.htm?b_s_f=sycm&b_spm=a21ag.29085015&id=675142171103
63,675142171103,Serta舒达官方旗舰店,Serta/舒达 妙享 乳胶弹簧床垫国家补贴软硬家用主卧双人厚床垫,5693.06,【妙享舒压+星享Ⅱ】套床 咨询客服 享补贴价10399起,,,10282.7,16361,6.3折,平台加补后,https://detail.tmall.com/item.htm?b_s_f=sycm&b_spm=a21ag.29085015&id=675142171103
63,675142171103,Serta舒达官方旗舰店,Serta/舒达 妙享 乳胶弹簧床垫国家补贴软硬家用主卧双人厚床垫,5693.06,【妙享舒压+大象耳朵悬浮床】套床 咨询客服 享补贴价10199起,,,10113.11,16102,6.3折,平台加补后,https://detail.tmall.com/item.htm?b_s_f=sycm&b_spm=a21ag.29085015&id=675142171103
64,616851999134,龙凤床垫旗舰店,龙凤云睡国补席梦思床垫厚乳胶家用护脊护腰0胶黄麻弹簧硬垫双人,1207.42,70年国货老字号--顺丰急速发货+送货入户 千人加购,,,1207.42,2194.5,5.5折,平台加补后,https://detail.tmall.com/item.htm?b_s_f=sycm&b_spm=a21ag.29085015&id=616851999134
64,616851999134,龙凤床垫旗舰店,龙凤云睡国补席梦思床垫厚乳胶家用护脊护腰0胶黄麻弹簧硬垫双人,1207.42,云睡B【6成用户之选|偏硬护脊｜老少皆宜】（约23cm） 店长主推,23,67.04,1541.9,2641,5.8折,平台加补后,https://detail.tmall.com/item.htm?b_s_f=sycm&b_spm=a21ag.29085015&id=616851999134
64,616851999134,龙凤床垫旗舰店,龙凤云睡国补席梦思床垫厚乳胶家用护脊护腰0胶黄麻弹簧硬垫双人,1207.42,云睡D【适中偏硬・兼顾护脊&贴合｜网红爆款】（约23cm）,23,79.38,1825.8,3021,6.0折,平台加补后,https://detail.tmall.com/item.htm?b_s_f=sycm&b_spm=a21ag.29085015&id=616851999134
64,616851999134,龙凤床垫旗舰店,龙凤云睡国补席梦思床垫厚乳胶家用护脊护腰0胶黄麻弹簧硬垫双人,1207.42,云睡A【中硬护脊｜儿童青少年成长】（约23cm）,23,60.24,1385.5,2432,5.7折,平台加补后,https://detail.tmall.com/item.htm?b_s_f=sycm&b_spm=a21ag.29085015&id=616851999134
64,616851999134,龙凤床垫旗舰店,龙凤云睡国补席梦思床垫厚乳胶家用护脊护腰0胶黄麻弹簧硬垫双人,1207.42,云睡001【高性价比・适中睡感｜经济之选】（约21cm）,21,57.5,1207.42,2194.5,5.5折,平台加补后,https://detail.tmall.com/item.htm?b_s_f=sycm&b_spm=a21ag.29085015&id=616851999134
64,616851999134,龙凤床垫旗舰店,龙凤云睡国补席梦思床垫厚乳胶家用护脊护腰0胶黄麻弹簧硬垫双人,1207.42,云睡C【适中偏软・包裹舒睡｜五星酒店睡感】（约24cm）,24,67.19,1612.45,2736,5.9折,平台加补后,https://detail.tmall.com/item.htm?b_s_f=sycm&b_spm=a21ag.29085015&id=616851999134
64,616851999134,龙凤床垫旗舰店,龙凤云睡国补席梦思床垫厚乳胶家用护脊护腰0胶黄麻弹簧硬垫双人,1207.42,云睡Y【卷包压缩｜适中睡感|上楼困难首选】（约25cm）,25,61.68,1541.9,2641,5.8折,平台加补后,https://detail.tmall.com/item.htm?b_s_f=sycm&b_spm=a21ag.29085015&id=616851999134
64,616851999134,龙凤床垫旗舰店,龙凤云睡国补席梦思床垫厚乳胶家用护脊护腰0胶黄麻弹簧硬垫双人,1207.42,云睡3.0深睡版【0胶】 睡感可调+全拆可机洗 约23cm,23,101.6,2336.69,3704.05,6.3折,平台加补后,https://detail.tmall.com/item.htm?b_s_f=sycm&b_spm=a21ag.29085015&id=616851999134
64,616851999134,龙凤床垫旗舰店,龙凤云睡国补席梦思床垫厚乳胶家用护脊护腰0胶黄麻弹簧硬垫双人,1207.42,"云睡3.0护脊版【0胶】儿童,老人及腰背不好专用 22cm",22,110.41,2428.92,3827.55,6.3折,平台加补后,https://detail.tmall.com/item.htm?b_s_f=sycm&b_spm=a21ag.29085015&id=616851999134
64,616851999134,龙凤床垫旗舰店,龙凤云睡国补席梦思床垫厚乳胶家用护脊护腰0胶黄麻弹簧硬垫双人,1207.42,云睡3.0舒享版【0胶】成人适用+多重Q弹睡感+全拆可机洗 约26cm,26,109.0,2833.94,4369.05,6.5折,平台加补后,https://detail.tmall.com/item.htm?b_s_f=sycm&b_spm=a21ag.29085015&id=616851999134
64,616851999134,龙凤床垫旗舰店,龙凤云睡国补席梦思床垫厚乳胶家用护脊护腰0胶黄麻弹簧硬垫双人,1207.42,----------↓↓↓孟加拉进口黄麻系列【真正黄麻】↓↓↓----------,,,1207.42,2194.5,5.5折,平台加补后,https://detail.tmall.com/item.htm?b_s_f=sycm&b_spm=a21ag.29085015&id=616851999134
64,616851999134,龙凤床垫旗舰店,龙凤云睡国补席梦思床垫厚乳胶家用护脊护腰0胶黄麻弹簧硬垫双人,1207.42,云睡002【偏硬护脊・黄麻款｜喜好偏硬首选】（约23cm）,23,72.23,1661.37,2801.55,5.9折,平台加补后,https://detail.tmall.com/item.htm?b_s_f=sycm&b_spm=a21ag.29085015&id=616851999134
64,616851999134,龙凤床垫旗舰店,龙凤云睡国补席梦思床垫厚乳胶家用护脊护腰0胶黄麻弹簧硬垫双人,1207.42,云睡005【黄麻适中偏硬｜兼顾护脊&舒适】（约25cm）,25,82.11,2052.79,3324.05,6.2折,平台加补后,https://detail.tmall.com/item.htm?b_s_f=sycm&b_spm=a21ag.29085015&id=616851999134
64,616851999134,龙凤床垫旗舰店,龙凤云睡国补席梦思床垫厚乳胶家用护脊护腰0胶黄麻弹簧硬垫双人,1207.42,云睡006【加硬护脊・黄麻款｜大体重首选】（约20cm）,20,94.1,1881.94,3096.05,6.1折,平台加补后,https://detail.tmall.com/item.htm?b_s_f=sycm&b_spm=a21ag.29085015&id=616851999134
64,616851999134,龙凤床垫旗舰店,龙凤云睡国补席梦思床垫厚乳胶家用护脊护腰0胶黄麻弹簧硬垫双人,1207.42,云睡007【黄麻软硬两用｜一面偏软一面硬】（约25cm）,25,82.11,2052.79,3324.05,6.2折,平台加补后,https://detail.tmall.com/item.htm?b_s_f=sycm&b_spm=a21ag.29085015&id=616851999134
64,616851999134,龙凤床垫旗舰店,龙凤云睡国补席梦思床垫厚乳胶家用护脊护腰0胶黄麻弹簧硬垫双人,1207.42,云睡008【加硬护脊・黄麻款｜大体重首选】（约24cm）,24,78.41,1881.94,3096.05,6.1折,平台加补后,https://detail.tmall.com/item.htm?b_s_f=sycm&b_spm=a21ag.29085015&id=616851999134
64,616851999134,龙凤床垫旗舰店,龙凤云睡国补席梦思床垫厚乳胶家用护脊护腰0胶黄麻弹簧硬垫双人,1207.42,云睡009【适中睡感｜黄麻乳胶款|兼顾护脊&舒适】（约25cm）,25,82.11,2052.79,3324.05,6.2折,平台加补后,https://detail.tmall.com/item.htm?b_s_f=sycm&b_spm=a21ag.29085015&id=616851999134
64,616851999134,龙凤床垫旗舰店,龙凤云睡国补席梦思床垫厚乳胶家用护脊护腰0胶黄麻弹簧硬垫双人,1207.42,支持定制厚度、尺寸等 详询客服,,,1207.42,2194.5,5.5折,平台加补后,https://detail.tmall.com/item.htm?b_s_f=sycm&b_spm=a21ag.29085015&id=616851999134
65,991965876138,Serta舒达官方旗舰店,【国家补贴】Serta/舒达 妙享one记忆绵弹簧床垫双人,5098.91,妙享One 【26cm|适中|MIRA COIL 连续弹簧】,26,196.11,5098.91,7894,6.5折,平台加补后,https://detail.tmall.com/item.htm?b_s_f=sycm&b_spm=a21ag.29085015&id=991965876138
66,559827776917,金橡树官方旗舰店,【泰享】金橡树泰国进口乳胶床垫天然橡胶家用榻榻米0胶水薄垫子,1569.95,泰享经典款 厚5cm【85D】软硬适中 【防螨抑菌面料】,5,313.99,1569.95,2184,7.2折,平台加补后,https://detail.tmall.com/item.htm?b_s_f=sycm&b_spm=a21ag.29085015&id=559827776917
66,559827776917,金橡树官方旗舰店,【泰享】金橡树泰国进口乳胶床垫天然橡胶家用榻榻米0胶水薄垫子,1569.95,泰享经典款 厚7.5cm【85D】软硬适中 【防螨抑菌面料】,7.5,278.69,2090.15,2904,7.2折,平台加补后,https://detail.tmall.com/item.htm?b_s_f=sycm&b_spm=a21ag.29085015&id=559827776917
66,559827776917,金橡树官方旗舰店,【泰享】金橡树泰国进口乳胶床垫天然橡胶家用榻榻米0胶水薄垫子,1569.95,泰享经典款 厚5cm【95D】护脊撑腰【防螨抑菌面料】,5,334.05,1670.25,2323,7.2折,平台加补后,https://detail.tmall.com/item.htm?b_s_f=sycm&b_spm=a21ag.29085015&id=559827776917
66,559827776917,金橡树官方旗舰店,【泰享】金橡树泰国进口乳胶床垫天然橡胶家用榻榻米0胶水薄垫子,1569.95,泰享经典款 厚7.5cm【95D】护脊撑腰【防螨抑菌面料】,7.5,306.68,2300.1,3195,7.2折,平台加补后,https://detail.tmall.com/item.htm?b_s_f=sycm&b_spm=a21ag.29085015&id=559827776917
66,559827776917,金橡树官方旗舰店,【泰享】金橡树泰国进口乳胶床垫天然橡胶家用榻榻米0胶水薄垫子,1569.95,泰享经典款 厚10cm【85D】软硬适中 【防螨抑菌面料】,10,272.0,2720,3776,7.2折,平台加补后,https://detail.tmall.com/item.htm?b_s_f=sycm&b_spm=a21ag.29085015&id=559827776917
66,559827776917,金橡树官方旗舰店,【泰享】金橡树泰国进口乳胶床垫天然橡胶家用榻榻米0胶水薄垫子,1569.95,泰享经典款 厚10cm【95D】护脊撑腰【防螨抑菌面料】,10,293.0,2929.95,4067,7.2折,平台加补后,https://detail.tmall.com/item.htm?b_s_f=sycm&b_spm=a21ag.29085015&id=559827776917
66,559827776917,金橡树官方旗舰店,【泰享】金橡树泰国进口乳胶床垫天然橡胶家用榻榻米0胶水薄垫子,1569.95,泰享Pura升级款 厚5cm【85D】软硬适中 【专利耐老化+温控防螨抑菌面料】 店长主推,5,457.98,2289.9,3181,7.2折,平台加补后,https://detail.tmall.com/item.htm?b_s_f=sycm&b_spm=a21ag.29085015&id=559827776917
66,559827776917,金橡树官方旗舰店,【泰享】金橡树泰国进口乳胶床垫天然橡胶家用榻榻米0胶水薄垫子,1569.95,泰享Pura升级款 厚5cm【95D】护脊撑腰 【专利耐老化+温控防螨抑菌面料】,5,478.04,2390.2,3320,7.2折,平台加补后,https://detail.tmall.com/item.htm?b_s_f=sycm&b_spm=a21ag.29085015&id=559827776917
66,559827776917,金橡树官方旗舰店,【泰享】金橡树泰国进口乳胶床垫天然橡胶家用榻榻米0胶水薄垫子,1569.95,泰享Pura升级款 厚7.5cm【85D】软硬适中 【专利耐老化+温控防螨抑菌面料】,7.5,414.69,3110.15,4316,7.2折,平台加补后,https://detail.tmall.com/item.htm?b_s_f=sycm&b_spm=a21ag.29085015&id=559827776917
66,559827776917,金橡树官方旗舰店,【泰享】金橡树泰国进口乳胶床垫天然橡胶家用榻榻米0胶水薄垫子,1569.95,泰享Pura升级款 厚7.5cm【95D】护脊撑腰 【专利耐老化+温控防螨抑菌面料】,7.5,428.06,3210.45,4455,7.2折,平台加补后,https://detail.tmall.com/item.htm?b_s_f=sycm&b_spm=a21ag.29085015&id=559827776917
66,559827776917,金橡树官方旗舰店,【泰享】金橡树泰国进口乳胶床垫天然橡胶家用榻榻米0胶水薄垫子,1569.95,泰享Pura升级款 厚10cm【85D】软硬适中 【专利耐老化+温控防螨抑菌面料】,10,392.02,3920.2,5437,7.2折,平台加补后,https://detail.tmall.com/item.htm?b_s_f=sycm&b_spm=a21ag.29085015&id=559827776917
66,559827776917,金橡树官方旗舰店,【泰享】金橡树泰国进口乳胶床垫天然橡胶家用榻榻米0胶水薄垫子,1569.95,泰享Pura升级款 厚10cm【95D】护脊撑腰 【专利耐老化+温控防螨抑菌面料】,10,395.0,3949.95,5478,7.2折,平台加补后,https://detail.tmall.com/item.htm?b_s_f=sycm&b_spm=a21ag.29085015&id=559827776917
67,755867221660,亚朵星球官方旗舰店,亚朵星球深睡控温床垫护脊软硬适中人体工学支撑独立袋装弹簧卧室,5199,深睡控温分区护脊床垫｜厚28cm 万人加购,28,185.68,5199,6576,7.9折,平台加补后,https://detail.tmall.com/item.htm?b_s_f=sycm&b_spm=a21ag.29085015&id=755867221660
68,18842339279,喜临门官方旗舰店,【伊菲】喜临门学生硬垫椰棕A类面料乳胶加硬神器榻榻米薄床垫,1061.65,伊菲H10【双睡感/10CM】超6成用户选Ta ☆ ☆ ☆,10,127.42,1274.15,2049,6.2折,平台加补后,https://detail.tmall.com/item.htm?b_s_f=sycm&b_spm=a21ag.29085015&id=18842339279
68,18842339279,喜临门官方旗舰店,【伊菲】喜临门学生硬垫椰棕A类面料乳胶加硬神器榻榻米薄床垫,1061.65,伊菲H8【双睡感/8CM】泰国乳胶A类面料,8,148.64,1189.15,1949,6.1折,平台加补后,https://detail.tmall.com/item.htm?b_s_f=sycm&b_spm=a21ag.29085015&id=18842339279
68,18842339279,喜临门官方旗舰店,【伊菲】喜临门学生硬垫椰棕A类面料乳胶加硬神器榻榻米薄床垫,1061.65,伊菲H6【硬睡感/6CM】A类面料可视窗口,6,176.94,1061.65,1799,5.9折,平台加补后,https://detail.tmall.com/item.htm?b_s_f=sycm&b_spm=a21ag.29085015&id=18842339279
68,18842339279,喜临门官方旗舰店,【伊菲】喜临门学生硬垫椰棕A类面料乳胶加硬神器榻榻米薄床垫,1061.65,伊菲Slim【硬睡感/6CM】可折叠款舒脊黄麻 万人加购,6,176.94,1061.65,1799,5.9折,平台加补后,https://detail.tmall.com/item.htm?b_s_f=sycm&b_spm=a21ag.29085015&id=18842339279
69,532699395603,香港海马家具国际集团有限公司,补贴15%禧海马弹簧椰棕席梦床垫十大名官方牌思乳胶软垫家用卧室,581.4,云禧A【加固精钢弹簧】稍软≈20CM,20,29.07,581.4,1012,5.7折,平台加补后,https://detail.tmall.com/item.htm?b_s_f=sycm&b_spm=a21ag.29085015&id=532699395603
69,532699395603,香港海马家具国际集团有限公司,补贴15%禧海马弹簧椰棕席梦床垫十大名官方牌思乳胶软垫家用卧室,581.4,云禧B【加固精钢弹簧】中硬≈22CM,22,31.84,700.4,1199,5.8折,平台加补后,https://detail.tmall.com/item.htm?b_s_f=sycm&b_spm=a21ag.29085015&id=532699395603
69,532699395603,香港海马家具国际集团有限公司,补贴15%禧海马弹簧椰棕席梦床垫十大名官方牌思乳胶软垫家用卧室,581.4,云禧B2【二次加强护腰弹簧】中硬≈22CM,22,37.9,833.85,1408,5.9折,平台加补后,https://detail.tmall.com/item.htm?b_s_f=sycm&b_spm=a21ag.29085015&id=532699395603
69,532699395603,香港海马家具国际集团有限公司,补贴15%禧海马弹簧椰棕席梦床垫十大名官方牌思乳胶软垫家用卧室,581.4,云禧 C 【二次加强护腰弹簧】中软≈22CM,22,38.21,840.65,1419,5.9折,平台加补后,https://detail.tmall.com/item.htm?b_s_f=sycm&b_spm=a21ag.29085015&id=532699395603
69,532699395603,香港海马家具国际集团有限公司,补贴15%禧海马弹簧椰棕席梦床垫十大名官方牌思乳胶软垫家用卧室,581.4,云禧D2【二次加强护腰弹簧】适中≈15CM,15,65.39,980.9,1639,6.0折,平台加补后,https://detail.tmall.com/item.htm?b_s_f=sycm&b_spm=a21ag.29085015&id=532699395603
69,532699395603,香港海马家具国际集团有限公司,补贴15%禧海马弹簧椰棕席梦床垫十大名官方牌思乳胶软垫家用卧室,581.4,云禧D【静音缓震专利弹簧】软硬两用≈23CM,23,40.69,935.85,1569,6.0折,平台加补后,https://detail.tmall.com/item.htm?b_s_f=sycm&b_spm=a21ag.29085015&id=532699395603
69,532699395603,香港海马家具国际集团有限公司,补贴15%禧海马弹簧椰棕席梦床垫十大名官方牌思乳胶软垫家用卧室,581.4,云禧E【静音缓震专利弹簧】软硬两用≈24CM,24,44.55,1069.3,1778,6.0折,平台加补后,https://detail.tmall.com/item.htm?b_s_f=sycm&b_spm=a21ag.29085015&id=532699395603
69,532699395603,香港海马家具国际集团有限公司,补贴15%禧海马弹簧椰棕席梦床垫十大名官方牌思乳胶软垫家用卧室,581.4,明禧 【静音缓震专利弹簧】全拆卷包≈24CM,24,51.35,1232.5,2134,5.8折,平台加补后,https://detail.tmall.com/item.htm?b_s_f=sycm&b_spm=a21ag.29085015&id=532699395603
69,532699395603,香港海马家具国际集团有限公司,补贴15%禧海马弹簧椰棕席梦床垫十大名官方牌思乳胶软垫家用卧室,581.4,漠境G【驼绒恒温 舒适透气】中硬≈24CM,24,48.34,1160.25,2020,5.7折,平台加补后,https://detail.tmall.com/item.htm?b_s_f=sycm&b_spm=a21ag.29085015&id=532699395603
69,532699395603,香港海马家具国际集团有限公司,补贴15%禧海马弹簧椰棕席梦床垫十大名官方牌思乳胶软垫家用卧室,581.4,漠境H【驼绒恒温 舒适透气】中软≈24CM,24,51.85,1244.4,2152,5.8折,平台加补后,https://detail.tmall.com/item.htm?b_s_f=sycm&b_spm=a21ag.29085015&id=532699395603
69,532699395603,香港海马家具国际集团有限公司,补贴15%禧海马弹簧椰棕席梦床垫十大名官方牌思乳胶软垫家用卧室,581.4,漠境I 【驼绒恒温 舒适透气】软硬两用≈26CM,26,51.1,1328.55,2284,5.8折,平台加补后,https://detail.tmall.com/item.htm?b_s_f=sycm&b_spm=a21ag.29085015&id=532699395603
69,532699395603,香港海马家具国际集团有限公司,补贴15%禧海马弹簧椰棕席梦床垫十大名官方牌思乳胶软垫家用卧室,581.4,【脊衡·智适Pro】双电机旗舰电动床垫,,,2485.4,4199,5.9折,平台加补后,https://detail.tmall.com/item.htm?b_s_f=sycm&b_spm=a21ag.29085015&id=532699395603
70,734639776446,栖作官方旗舰店,栖作旷野2代床垫政府补贴0胶水弹簧硅胶海绵可洗软垫家用软硬适中,3552.15,1800mm*2000mm 标准配置款,,,3552.15,5800,6.1折,平台加补后,https://detail.tmall.com/item.htm?b_s_f=sycm&b_spm=a21ag.29085015&id=734639776446
71,854197101651,乐吾手工床垫企业店,【羊毛】乐吾手工床垫阿正整床无胶水独立袋弹簧席梦思家用双人垫,4018,1800mm*2000mm 标准配置款,,,4018,,,平台加补后,https://detail.tmall.com/item.htm?b_s_f=sycm&b_spm=a21ag.29085015&id=854197101651
72,572250608782,金可儿旗舰店,【百补】金可儿弹簧床垫席梦思酒店护脊乳胶床垫 世茂喜来登,5098.3,世茂-喜来登 【22cm|7度】 酒店联名+星级睡感 万人加购,22,231.74,5098.3,6998,7.3折,平台加补后,https://detail.tmall.com/item.htm?b_s_f=sycm&b_spm=a21ag.29085015&id=572250608782
72,572250608782,金可儿旗舰店,【百补】金可儿弹簧床垫席梦思酒店护脊乳胶床垫 世茂喜来登,5098.3,世茂-喜来登collection【26cm|8度】三区弹簧 亲肤面料+深睡乳胶,26,269.19,6998.9,9234,7.6折,平台加补后,https://detail.tmall.com/item.htm?b_s_f=sycm&b_spm=a21ag.29085015&id=572250608782
72,572250608782,金可儿旗舰店,【百补】金可儿弹簧床垫席梦思酒店护脊乳胶床垫 世茂喜来登,5098.3,世茂-艾美H【30cm|5度】 凝胶记忆棉+深睡乳胶,30,273.3,8199.1,10646,7.7折,平台加补后,https://detail.tmall.com/item.htm?b_s_f=sycm&b_spm=a21ag.29085015&id=572250608782
72,572250608782,金可儿旗舰店,【百补】金可儿弹簧床垫席梦思酒店护脊乳胶床垫 世茂喜来登,5098.3,世茂-艾美+【32cm|6度】 五区弹簧 阻菌阻螨 +七区乳胶,32,312.48,9999.4,12764,7.8折,平台加补后,https://detail.tmall.com/item.htm?b_s_f=sycm&b_spm=a21ag.29085015&id=572250608782
72,572250608782,金可儿旗舰店,【百补】金可儿弹簧床垫席梦思酒店护脊乳胶床垫 世茂喜来登,5098.3,【月牙灰】世茂-喜来登床垫 + 云梦床架 到手价 8198,,,8698.05,11233,7.7折,平台加补后,https://detail.tmall.com/item.htm?b_s_f=sycm&b_spm=a21ag.29085015&id=572250608782
72,572250608782,金可儿旗舰店,【百补】金可儿弹簧床垫席梦思酒店护脊乳胶床垫 世茂喜来登,5098.3,【石墨灰】世茂-喜来登床垫 + 云梦床架 到手价 8198,,,8698.05,11233,7.7折,平台加补后,https://detail.tmall.com/item.htm?b_s_f=sycm&b_spm=a21ag.29085015&id=572250608782
72,572250608782,金可儿旗舰店,【百补】金可儿弹簧床垫席梦思酒店护脊乳胶床垫 世茂喜来登,5098.3,【冰瓷白】世茂-喜来登床垫 + 乐轩床架 到手价7199,,,7697.6,10056,7.7折,平台加补后,https://detail.tmall.com/item.htm?b_s_f=sycm&b_spm=a21ag.29085015&id=572250608782
72,572250608782,金可儿旗舰店,【百补】金可儿弹簧床垫席梦思酒店护脊乳胶床垫 世茂喜来登,5098.3,【禅石灰】世茂-喜来登床垫 + 乐轩床架 到手价7199,,,7697.6,10056,7.7折,平台加补后,https://detail.tmall.com/item.htm?b_s_f=sycm&b_spm=a21ag.29085015&id=572250608782
73,746683178170,yarges悠梦思旗舰店,悠梦思乳胶床垫独立弹簧1.5米1.8五星酒店席梦思软硬两用厚款定制,682.55,经济A≈20cm【防塌邦尼尔弹簧】 适中睡感 万人加购,20,34.13,682.55,958,7.1折,平台加补后,https://detail.tmall.com/item.htm?b_s_f=sycm&b_spm=a21ag.29085015&id=746683178170
73,746683178170,yarges悠梦思旗舰店,悠梦思乳胶床垫独立弹簧1.5米1.8五星酒店席梦思软硬两用厚款定制,682.55,经济B≈22cm【防塌邦尼尔弹簧】 偏硬睡感,22,34.43,757.35,1058,7.2折,平台加补后,https://detail.tmall.com/item.htm?b_s_f=sycm&b_spm=a21ag.29085015&id=746683178170
73,746683178170,yarges悠梦思旗舰店,悠梦思乳胶床垫独立弹簧1.5米1.8五星酒店席梦思软硬两用厚款定制,682.55,经济C≈22cm【防塌邦尼尔弹簧】 稍软睡感,22,34.43,757.35,1058,7.2折,平台加补后,https://detail.tmall.com/item.htm?b_s_f=sycm&b_spm=a21ag.29085015&id=746683178170
73,746683178170,yarges悠梦思旗舰店,悠梦思乳胶床垫独立弹簧1.5米1.8五星酒店席梦思软硬两用厚款定制,682.55,经济D≈24cm【防塌邦尼尔弹簧】 两面可用,24,34.35,824.5,1148,7.2折,平台加补后,https://detail.tmall.com/item.htm?b_s_f=sycm&b_spm=a21ag.29085015&id=746683178170
73,746683178170,yarges悠梦思旗舰店,悠梦思乳胶床垫独立弹簧1.5米1.8五星酒店席梦思软硬两用厚款定制,682.55,舒睡A≈20cm【防塌护脊独立弹簧】 适中护脊,20,38.21,764.15,1068,7.2折,平台加补后,https://detail.tmall.com/item.htm?b_s_f=sycm&b_spm=a21ag.29085015&id=746683178170
73,746683178170,yarges悠梦思旗舰店,悠梦思乳胶床垫独立弹簧1.5米1.8五星酒店席梦思软硬两用厚款定制,682.55,舒睡B≈22cm【防塌护脊独立弹簧】 偏硬护脊,22,37.82,832.15,1158,7.2折,平台加补后,https://detail.tmall.com/item.htm?b_s_f=sycm&b_spm=a21ag.29085015&id=746683178170
73,746683178170,yarges悠梦思旗舰店,悠梦思乳胶床垫独立弹簧1.5米1.8五星酒店席梦思软硬两用厚款定制,682.55,舒睡Bpro≈23cm【3cm黄麻+双线防塌独立弹簧】 偏硬护脊 店长主推,23,39.43,906.95,1258,7.2折,平台加补后,https://detail.tmall.com/item.htm?b_s_f=sycm&b_spm=a21ag.29085015&id=746683178170
73,746683178170,yarges悠梦思旗舰店,悠梦思乳胶床垫独立弹簧1.5米1.8五星酒店席梦思软硬两用厚款定制,682.55,舒睡C≈22cm【防塌护脊独立弹簧】 适中偏软,22,37.82,832.15,1158,7.2折,平台加补后,https://detail.tmall.com/item.htm?b_s_f=sycm&b_spm=a21ag.29085015&id=746683178170
73,746683178170,yarges悠梦思旗舰店,悠梦思乳胶床垫独立弹簧1.5米1.8五星酒店席梦思软硬两用厚款定制,682.55,舒睡Cpro≈23cm【3cm乳胶+双线防塌独立弹簧】 适中偏软,23,39.43,906.95,1258,7.2折,平台加补后,https://detail.tmall.com/item.htm?b_s_f=sycm&b_spm=a21ag.29085015&id=746683178170
73,746683178170,yarges悠梦思旗舰店,悠梦思乳胶床垫独立弹簧1.5米1.8五星酒店席梦思软硬两用厚款定制,682.55,舒睡D≈24cm【防塌护脊独立弹簧】 两面可用,24,35.91,861.9,1198,7.2折,平台加补后,https://detail.tmall.com/item.htm?b_s_f=sycm&b_spm=a21ag.29085015&id=746683178170
73,746683178170,yarges悠梦思旗舰店,悠梦思乳胶床垫独立弹簧1.5米1.8五星酒店席梦思软硬两用厚款定制,682.55,舒睡Epro≈23cm【3cm记忆棉+双线防塌独立弹簧】 适中贴合,23,39.43,906.95,1258,7.2折,平台加补后,https://detail.tmall.com/item.htm?b_s_f=sycm&b_spm=a21ag.29085015&id=746683178170
73,746683178170,yarges悠梦思旗舰店,悠梦思乳胶床垫独立弹簧1.5米1.8五星酒店席梦思软硬两用厚款定制,682.55,升级A≈22cm【防塌九区独立袋弹簧】 静音稍软,22,43.58,958.8,1328,7.2折,平台加补后,https://detail.tmall.com/item.htm?b_s_f=sycm&b_spm=a21ag.29085015&id=746683178170
73,746683178170,yarges悠梦思旗舰店,悠梦思乳胶床垫独立弹簧1.5米1.8五星酒店席梦思软硬两用厚款定制,682.55,升级Apro≈23cm【3cm乳胶+专利防塌独立袋弹簧】 静音稍软,23,44.94,1033.6,1428,7.2折,平台加补后,https://detail.tmall.com/item.htm?b_s_f=sycm&b_spm=a21ag.29085015&id=746683178170
73,746683178170,yarges悠梦思旗舰店,悠梦思乳胶床垫独立弹簧1.5米1.8五星酒店席梦思软硬两用厚款定制,682.55,升级B≈22cm【防塌九区独立袋弹簧】 静音偏硬,22,43.58,958.8,1328,7.2折,平台加补后,https://detail.tmall.com/item.htm?b_s_f=sycm&b_spm=a21ag.29085015&id=746683178170
73,746683178170,yarges悠梦思旗舰店,悠梦思乳胶床垫独立弹簧1.5米1.8五星酒店席梦思软硬两用厚款定制,682.55,升级Bpro≈23cm【3cm黄麻+专利防塌独立袋弹簧】 静音偏硬,23,44.94,1033.6,1428,7.2折,平台加补后,https://detail.tmall.com/item.htm?b_s_f=sycm&b_spm=a21ag.29085015&id=746683178170
73,746683178170,yarges悠梦思旗舰店,悠梦思乳胶床垫独立弹簧1.5米1.8五星酒店席梦思软硬两用厚款定制,682.55,升级C≈24cm【防塌九区独立袋弹簧】 软硬两用,24,41.83,1003.85,1388,7.2折,平台加补后,https://detail.tmall.com/item.htm?b_s_f=sycm&b_spm=a21ag.29085015&id=746683178170
73,746683178170,yarges悠梦思旗舰店,悠梦思乳胶床垫独立弹簧1.5米1.8五星酒店席梦思软硬两用厚款定制,682.55,升级Dpro≈23cm【3cm记忆棉+专利防塌独立袋弹簧】 静音贴合,23,44.94,1033.6,1428,7.2折,平台加补后,https://detail.tmall.com/item.htm?b_s_f=sycm&b_spm=a21ag.29085015&id=746683178170
73,746683178170,yarges悠梦思旗舰店,悠梦思乳胶床垫独立弹簧1.5米1.8五星酒店席梦思软硬两用厚款定制,682.55,轻奢A≈22cm【专利防塌独立袋弹簧】 适中偏硬,22,49.03,1078.65,1488,7.2折,平台加补后,https://detail.tmall.com/item.htm?b_s_f=sycm&b_spm=a21ag.29085015&id=746683178170
73,746683178170,yarges悠梦思旗舰店,悠梦思乳胶床垫独立弹簧1.5米1.8五星酒店席梦思软硬两用厚款定制,682.55,轻奢B≈22cm【专利防塌独立袋弹簧】 适中偏软,22,49.03,1078.65,1488,7.2折,平台加补后,https://detail.tmall.com/item.htm?b_s_f=sycm&b_spm=a21ag.29085015&id=746683178170
74,653721783543,源氏木语官方旗舰店,源氏木语抗菌防螨天然黄麻0胶水床垫家用护脊薄垫榻榻米海绵硬垫,1856.5,黄麻床垫(厚12cm/H2偏硬)J113 千人加购,12,179.31,2151.7,2763,7.8折,平台加补后,https://detail.tmall.com/item.htm?b_s_f=sycm&b_spm=a21ag.29085015&id=653721783543
74,653721783543,源氏木语官方旗舰店,源氏木语抗菌防螨天然黄麻0胶水床垫家用护脊薄垫榻榻米海绵硬垫,1856.5,黄麻床垫(厚8cm/H2偏硬)J91,8,232.06,1856.5,2385,7.8折,平台加补后,https://detail.tmall.com/item.htm?b_s_f=sycm&b_spm=a21ag.29085015&id=653721783543
75,968349160470,宝康杰家居旗舰店,天然椰棕榈床垫硬垫子儿童护脊乳胶黄麻棕垫床家用卧室榻榻米定制,259.11,A偏硬6CM=4cm黄麻3E棕+防螨羊绒面料 万人加购,6,43.19,259.11,717,3.6折,平台加补后,https://detail.tmall.com/item.htm?b_s_f=sycm&b_spm=a21ag.29085015&id=968349160470
75,968349160470,宝康杰家居旗舰店,天然椰棕榈床垫硬垫子儿童护脊乳胶黄麻棕垫床家用卧室榻榻米定制,259.11,B偏硬6CM=4cm黄麻3E棕+防螨竹炭面料,6,43.19,259.11,717,3.6折,平台加补后,https://detail.tmall.com/item.htm?b_s_f=sycm&b_spm=a21ag.29085015&id=968349160470
75,968349160470,宝康杰家居旗舰店,天然椰棕榈床垫硬垫子儿童护脊乳胶黄麻棕垫床家用卧室榻榻米定制,259.11,A偏硬8CM=6cm黄麻3E棕+防螨羊绒面料,8,39.32,314.54,795,4.0折,平台加补后,https://detail.tmall.com/item.htm?b_s_f=sycm&b_spm=a21ag.29085015&id=968349160470
75,968349160470,宝康杰家居旗舰店,天然椰棕榈床垫硬垫子儿童护脊乳胶黄麻棕垫床家用卧室榻榻米定制,259.11,B偏硬8CM=6cm黄麻3E棕+防螨竹炭面料,8,39.32,314.54,795,4.0折,平台加补后,https://detail.tmall.com/item.htm?b_s_f=sycm&b_spm=a21ag.29085015&id=968349160470
75,968349160470,宝康杰家居旗舰店,天然椰棕榈床垫硬垫子儿童护脊乳胶黄麻棕垫床家用卧室榻榻米定制,259.11,A偏硬10CM=8cm黄麻3E棕+防螨羊绒面料,10,42.84,428.4,1021,4.2折,平台加补后,https://detail.tmall.com/item.htm?b_s_f=sycm&b_spm=a21ag.29085015&id=968349160470
75,968349160470,宝康杰家居旗舰店,天然椰棕榈床垫硬垫子儿童护脊乳胶黄麻棕垫床家用卧室榻榻米定制,259.11,B偏硬10CM=8cm黄麻3E棕+防螨竹炭面料,10,42.84,428.4,1021,4.2折,平台加补后,https://detail.tmall.com/item.htm?b_s_f=sycm&b_spm=a21ag.29085015&id=968349160470
75,968349160470,宝康杰家居旗舰店,天然椰棕榈床垫硬垫子儿童护脊乳胶黄麻棕垫床家用卧室榻榻米定制,259.11,A适中7CM=4cm黄麻3E棕+1cm乳胶+防螨羊绒面料,7,45.9,321.27,804,4.0折,平台加补后,https://detail.tmall.com/item.htm?b_s_f=sycm&b_spm=a21ag.29085015&id=968349160470
75,968349160470,宝康杰家居旗舰店,天然椰棕榈床垫硬垫子儿童护脊乳胶黄麻棕垫床家用卧室榻榻米定制,259.11,B适中7CM=4cm黄麻3E棕+1cm乳胶+防螨竹炭面料,7,45.9,321.27,804,4.0折,平台加补后,https://detail.tmall.com/item.htm?b_s_f=sycm&b_spm=a21ag.29085015&id=968349160470
75,968349160470,宝康杰家居旗舰店,天然椰棕榈床垫硬垫子儿童护脊乳胶黄麻棕垫床家用卧室榻榻米定制,259.11,A适中9CM=6cm黄麻3E棕+1cm乳胶+防螨羊绒面料,9,46.18,415.65,1003,4.1折,平台加补后,https://detail.tmall.com/item.htm?b_s_f=sycm&b_spm=a21ag.29085015&id=968349160470
75,968349160470,宝康杰家居旗舰店,天然椰棕榈床垫硬垫子儿童护脊乳胶黄麻棕垫床家用卧室榻榻米定制,259.11,B适中9CM=6cm黄麻3E棕+1cm乳胶+防螨竹炭面料,9,46.18,415.65,1003,4.1折,平台加补后,https://detail.tmall.com/item.htm?b_s_f=sycm&b_spm=a21ag.29085015&id=968349160470
75,968349160470,宝康杰家居旗舰店,天然椰棕榈床垫硬垫子儿童护脊乳胶黄麻棕垫床家用卧室榻榻米定制,259.11,A适中11CM=8cm黄麻3E棕+1cm乳胶+防螨羊绒面料,11,45.44,499.8,1119,4.5折,平台加补后,https://detail.tmall.com/item.htm?b_s_f=sycm&b_spm=a21ag.29085015&id=968349160470
75,968349160470,宝康杰家居旗舰店,天然椰棕榈床垫硬垫子儿童护脊乳胶黄麻棕垫床家用卧室榻榻米定制,259.11,B适中11CM=8cm黄麻3E棕+1cm乳胶+防螨竹炭面料,11,45.44,499.8,1119,4.5折,平台加补后,https://detail.tmall.com/item.htm?b_s_f=sycm&b_spm=a21ag.29085015&id=968349160470
75,968349160470,宝康杰家居旗舰店,天然椰棕榈床垫硬垫子儿童护脊乳胶黄麻棕垫床家用卧室榻榻米定制,259.11,舒适升级A款8CM=4cm黄麻3E棕+2cm乳胶+防螨羊绒面料,8,56.1,448.8,1049,4.3折,平台加补后,https://detail.tmall.com/item.htm?b_s_f=sycm&b_spm=a21ag.29085015&id=968349160470
75,968349160470,宝康杰家居旗舰店,天然椰棕榈床垫硬垫子儿童护脊乳胶黄麻棕垫床家用卧室榻榻米定制,259.11,舒适升级B款8CM=4cm黄麻3E棕+2cm乳胶+防螨竹炭面料,8,56.1,448.8,1049,4.3折,平台加补后,https://detail.tmall.com/item.htm?b_s_f=sycm&b_spm=a21ag.29085015&id=968349160470
75,968349160470,宝康杰家居旗舰店,天然椰棕榈床垫硬垫子儿童护脊乳胶黄麻棕垫床家用卧室榻榻米定制,259.11,舒适升级A款10CM=6cm黄麻3E棕+2cm乳胶+防螨羊绒面料,10,51.94,519.35,1146,4.5折,平台加补后,https://detail.tmall.com/item.htm?b_s_f=sycm&b_spm=a21ag.29085015&id=968349160470
75,968349160470,宝康杰家居旗舰店,天然椰棕榈床垫硬垫子儿童护脊乳胶黄麻棕垫床家用卧室榻榻米定制,259.11,舒适升级B款10CM=6cm黄麻3E棕+2cm乳胶+防螨竹炭面料,10,51.94,519.35,1146,4.5折,平台加补后,https://detail.tmall.com/item.htm?b_s_f=sycm&b_spm=a21ag.29085015&id=968349160470
75,968349160470,宝康杰家居旗舰店,天然椰棕榈床垫硬垫子儿童护脊乳胶黄麻棕垫床家用卧室榻榻米定制,259.11,舒适升级A款15CM=11cm黄麻3E棕+2cm乳胶+防螨羊绒面料,15,48.28,724.2,1696,4.3折,平台加补后,https://detail.tmall.com/item.htm?b_s_f=sycm&b_spm=a21ag.29085015&id=968349160470
75,968349160470,宝康杰家居旗舰店,天然椰棕榈床垫硬垫子儿童护脊乳胶黄麻棕垫床家用卧室榻榻米定制,259.11,舒适升级B款15CM=11cm黄麻3E棕+2cm乳胶+防螨竹炭面料,15,48.28,724.2,1696,4.3折,平台加补后,https://detail.tmall.com/item.htm?b_s_f=sycm&b_spm=a21ag.29085015&id=968349160470
75,968349160470,宝康杰家居旗舰店,天然椰棕榈床垫硬垫子儿童护脊乳胶黄麻棕垫床家用卧室榻榻米定制,259.11,Pro拆洗A【偏硬护脊】6CM=4cm黄麻3E棕+防螨羊绒面料,6,60.97,365.79,866,4.2折,平台加补后,https://detail.tmall.com/item.htm?b_s_f=sycm&b_spm=a21ag.29085015&id=968349160470
75,968349160470,宝康杰家居旗舰店,天然椰棕榈床垫硬垫子儿童护脊乳胶黄麻棕垫床家用卧室榻榻米定制,259.11,Pro拆洗A【偏硬护脊】8CM=6cm黄麻3E棕+防螨羊绒面料,8,54.65,437.19,966,4.5折,平台加补后,https://detail.tmall.com/item.htm?b_s_f=sycm&b_spm=a21ag.29085015&id=968349160470
75,968349160470,宝康杰家居旗舰店,天然椰棕榈床垫硬垫子儿童护脊乳胶黄麻棕垫床家用卧室榻榻米定制,259.11,Pro拆洗A【软硬两用】10CM=6cm黄麻3E棕+2cm乳胶+防螨羊绒面料,10,67.58,675.75,1629,4.1折,平台加补后,https://detail.tmall.com/item.htm?b_s_f=sycm&b_spm=a21ag.29085015&id=968349160470
75,968349160470,宝康杰家居旗舰店,天然椰棕榈床垫硬垫子儿童护脊乳胶黄麻棕垫床家用卧室榻榻米定制,259.11,【护脊Pro】6CM=4cmS型黄麻+防螨羊绒面料,6,69.27,415.65,1003,4.1折,平台加补后,https://detail.tmall.com/item.htm?b_s_f=sycm&b_spm=a21ag.29085015&id=968349160470
75,968349160470,宝康杰家居旗舰店,天然椰棕榈床垫硬垫子儿童护脊乳胶黄麻棕垫床家用卧室榻榻米定制,259.11,【护脊Pro】8CM=6cmS型黄麻+防螨羊绒面料,8,69.17,553.35,1194,4.6折,平台加补后,https://detail.tmall.com/item.htm?b_s_f=sycm&b_spm=a21ag.29085015&id=968349160470
75,968349160470,宝康杰家居旗舰店,天然椰棕榈床垫硬垫子儿童护脊乳胶黄麻棕垫床家用卧室榻榻米定制,259.11,【护脊Pro】10CM=8cmS型黄麻+防螨羊绒面料,10,75.99,759.9,1745,4.4折,平台加补后,https://detail.tmall.com/item.htm?b_s_f=sycm&b_spm=a21ag.29085015&id=968349160470
75,968349160470,宝康杰家居旗舰店,天然椰棕榈床垫硬垫子儿童护脊乳胶黄麻棕垫床家用卧室榻榻米定制,259.11,【适中Pro】7CM=1cm乳胶+4cmS型黄麻+防螨羊绒面料,7,67.51,472.6,1082,4.4折,平台加补后,https://detail.tmall.com/item.htm?b_s_f=sycm&b_spm=a21ag.29085015&id=968349160470
75,968349160470,宝康杰家居旗舰店,天然椰棕榈床垫硬垫子儿童护脊乳胶黄麻棕垫床家用卧室榻榻米定制,259.11,【适中Pro】9CM=1cm乳胶+6cmS型黄麻+防螨羊绒面料,9,73.29,659.6,1606,4.1折,平台加补后,https://detail.tmall.com/item.htm?b_s_f=sycm&b_spm=a21ag.29085015&id=968349160470
75,968349160470,宝康杰家居旗舰店,天然椰棕榈床垫硬垫子儿童护脊乳胶黄麻棕垫床家用卧室榻榻米定制,259.11,【适中Pro】11CM=1cm乳胶+8cmS型黄麻+防螨羊绒面料,11,73.1,804.1,1806,4.5折,平台加补后,https://detail.tmall.com/item.htm?b_s_f=sycm&b_spm=a21ag.29085015&id=968349160470
75,968349160470,宝康杰家居旗舰店,天然椰棕榈床垫硬垫子儿童护脊乳胶黄麻棕垫床家用卧室榻榻米定制,259.11,【舒适Pro】8CM=2cm乳胶+4cmS型黄麻+防螨羊绒面料,8,74.69,597.55,1521,3.9折,平台加补后,https://detail.tmall.com/item.htm?b_s_f=sycm&b_spm=a21ag.29085015&id=968349160470
75,968349160470,宝康杰家居旗舰店,天然椰棕榈床垫硬垫子儿童护脊乳胶黄麻棕垫床家用卧室榻榻米定制,259.11,【舒适Pro】10CM=2cm乳胶+6cmS型黄麻+防螨羊绒面料,10,72.42,724.2,1696,4.3折,平台加补后,https://detail.tmall.com/item.htm?b_s_f=sycm&b_spm=a21ag.29085015&id=968349160470
75,968349160470,宝康杰家居旗舰店,天然椰棕榈床垫硬垫子儿童护脊乳胶黄麻棕垫床家用卧室榻榻米定制,259.11,【舒适Pro】12CM=2cm乳胶+8cmS型黄麻+防螨羊绒面料,12,73.24,878.9,1910,4.6折,平台加补后,https://detail.tmall.com/item.htm?b_s_f=sycm&b_spm=a21ag.29085015&id=968349160470
75,968349160470,宝康杰家居旗舰店,天然椰棕榈床垫硬垫子儿童护脊乳胶黄麻棕垫床家用卧室榻榻米定制,259.11,【舒适Pro】15CM=2cm乳胶+11cmS型黄麻+防螨羊绒面料,15,76.73,1150.9,2286,5.0折,平台加补后,https://detail.tmall.com/item.htm?b_s_f=sycm&b_spm=a21ag.29085015&id=968349160470
76,1020526206828,梦百合官方旗舰店,梦百合三体电动智能卧室独立弹簧静音深睡护脊家用可调升降夫妻床,9292,1800mm*2000mm 标准配置款,,,9292,10932,8.5折,平台加补后,https://detail.tmall.com/item.htm?b_s_f=sycm&b_spm=a21ag.29085015&id=1020526206828
77,602942107845,金可儿旗舰店,国家补贴 | 金可儿乳胶弹簧床垫 深睡宝护脊厚垫软垫子 繁星A+,5998.45,繁星A+ 【30cm|5度】 ⭐入店首选 星级睡感⭐ 店长主推,30,199.95,5998.45,9447,6.3折,平台加补后,https://detail.tmall.com/item.htm?b_s_f=sycm&b_spm=a21ag.29085015&id=602942107845
77,602942107845,金可儿旗舰店,国家补贴 | 金可儿乳胶弹簧床垫 深睡宝护脊厚垫软垫子 繁星A+,5998.45,繁星A AIR 【25cm|5度】 更轻更薄有质感,25,239.94,5998.45,9447,6.3折,平台加补后,https://detail.tmall.com/item.htm?b_s_f=sycm&b_spm=a21ag.29085015&id=602942107845
77,602942107845,金可儿旗舰店,国家补贴 | 金可儿乳胶弹簧床垫 深睡宝护脊厚垫软垫子 繁星A+,5998.45,繁星B+ 【32cm|5度】 升级五区弹簧 精准支撑,32,221.85,7099.2,11065,6.4折,平台加补后,https://detail.tmall.com/item.htm?b_s_f=sycm&b_spm=a21ag.29085015&id=602942107845
77,602942107845,金可儿旗舰店,国家补贴 | 金可儿乳胶弹簧床垫 深睡宝护脊厚垫软垫子 繁星A+,5998.45,繁星 C+ 【32cm|6度】 升级恒温凝胶记忆棉 24h控温,32,240.58,7698.45,11947,6.4折,平台加补后,https://detail.tmall.com/item.htm?b_s_f=sycm&b_spm=a21ag.29085015&id=602942107845
77,602942107845,金可儿旗舰店,国家补贴 | 金可儿乳胶弹簧床垫 深睡宝护脊厚垫软垫子 繁星A+,5998.45,繁星 Collection 【32cm|4度】 顶配七区乳胶+七区弹簧,32,321.83,10298.6,15771,6.5折,平台加补后,https://detail.tmall.com/item.htm?b_s_f=sycm&b_spm=a21ag.29085015&id=602942107845
77,602942107845,金可儿旗舰店,国家补贴 | 金可儿乳胶弹簧床垫 深睡宝护脊厚垫软垫子 繁星A+,5998.45,力荐套床【魅影黑】 繁星A+搭繁星床架 详询客服享优惠,,,9598.2,14740,6.5折,平台加补后,https://detail.tmall.com/item.htm?b_s_f=sycm&b_spm=a21ag.29085015&id=602942107845
77,602942107845,金可儿旗舰店,国家补贴 | 金可儿乳胶弹簧床垫 深睡宝护脊厚垫软垫子 繁星A+,5998.45,力荐套床【月球灰】 繁星A+搭繁星床架 详询客服享优惠,,,9598.2,14740,6.5折,平台加补后,https://detail.tmall.com/item.htm?b_s_f=sycm&b_spm=a21ag.29085015&id=602942107845
78,45590433293,铂马仕旗舰店,铂马仕独立弹簧床垫乳胶席梦思软垫椰棕垫护脊偏硬家用双人1.8米,1048.05,护脊2.0A【22cm/护脊释压 适中睡感】2cm乳胶,22,48.99,1077.8,1498,7.2折,平台加补后,https://detail.tmall.com/item.htm?b_s_f=sycm&b_spm=a21ag.29085015&id=45590433293
78,45590433293,铂马仕旗舰店,铂马仕独立弹簧床垫乳胶席梦思软垫椰棕垫护脊偏硬家用双人1.8米,1048.05,护脊2.0B【22cm/推荐 偏硬护脊】2cm黄麻 万人加购,22,47.64,1048.05,1458,7.2折,平台加补后,https://detail.tmall.com/item.htm?b_s_f=sycm&b_spm=a21ag.29085015&id=45590433293
78,45590433293,铂马仕旗舰店,铂马仕独立弹簧床垫乳胶席梦思软垫椰棕垫护脊偏硬家用双人1.8米,1048.05,护脊2.0C【24cm/软硬两面睡】2cm乳胶+2cm黄麻,24,46.96,1127.1,1598,7.1折,平台加补后,https://detail.tmall.com/item.htm?b_s_f=sycm&b_spm=a21ag.29085015&id=45590433293
78,45590433293,铂马仕旗舰店,铂马仕独立弹簧床垫乳胶席梦思软垫椰棕垫护脊偏硬家用双人1.8米,1048.05,舒脊2.0A【22cm/柔软适中】2cm乳胶,22,56.99,1253.75,1768,7.1折,平台加补后,https://detail.tmall.com/item.htm?b_s_f=sycm&b_spm=a21ag.29085015&id=45590433293
78,45590433293,铂马仕旗舰店,铂马仕独立弹簧床垫乳胶席梦思软垫椰棕垫护脊偏硬家用双人1.8米,1048.05,舒脊2.0B【22cm/中硬睡感】2cm黄麻,22,55.64,1224,1728,7.1折,平台加补后,https://detail.tmall.com/item.htm?b_s_f=sycm&b_spm=a21ag.29085015&id=45590433293
78,45590433293,铂马仕旗舰店,铂马仕独立弹簧床垫乳胶席梦思软垫椰棕垫护脊偏硬家用双人1.8米,1048.05,舒脊2.0C【24cm/软硬双面睡】2cm乳胶+黄麻,24,55.99,1343.85,1888,7.1折,平台加补后,https://detail.tmall.com/item.htm?b_s_f=sycm&b_spm=a21ag.29085015&id=45590433293
78,45590433293,铂马仕旗舰店,铂马仕独立弹簧床垫乳胶席梦思软垫椰棕垫护脊偏硬家用双人1.8米,1048.05,舒脊2.0D（热销)【24cm/柔软舒适】3cm乳胶,24,55.99,1343.85,1888,7.1折,平台加补后,https://detail.tmall.com/item.htm?b_s_f=sycm&b_spm=a21ag.29085015&id=45590433293
78,45590433293,铂马仕旗舰店,铂马仕独立弹簧床垫乳胶席梦思软垫椰棕垫护脊偏硬家用双人1.8米,1048.05,舒脊2.0E【26cm/柔软双面】3cm乳胶+黄麻,26,54.86,1426.3,1998,7.1折,平台加补后,https://detail.tmall.com/item.htm?b_s_f=sycm&b_spm=a21ag.29085015&id=45590433293
78,45590433293,铂马仕旗舰店,铂马仕独立弹簧床垫乳胶席梦思软垫椰棕垫护脊偏硬家用双人1.8米,1048.05,旗舰透气2.0A 23cm【1886颗专利小弹簧】2cm乳胶+8CC 3D 适中 店长主推,23,62.01,1426.3,1998,7.1折,平台加补后,https://detail.tmall.com/item.htm?b_s_f=sycm&b_spm=a21ag.29085015&id=45590433293
78,45590433293,铂马仕旗舰店,铂马仕独立弹簧床垫乳胶席梦思软垫椰棕垫护脊偏硬家用双人1.8米,1048.05,旗舰透气2.0B 25cm【1886颗专利小弹簧】2cm乳胶+8CC3D+黄麻 双面,25,59.36,1484.1,2098,7.1折,平台加补后,https://detail.tmall.com/item.htm?b_s_f=sycm&b_spm=a21ag.29085015&id=45590433293
78,45590433293,铂马仕旗舰店,铂马仕独立弹簧床垫乳胶席梦思软垫椰棕垫护脊偏硬家用双人1.8米,1048.05,旗舰透气2.0C(护脊)24cm【1886颗专利小弹簧】2cm乳胶+黄麻,24,61.52,1476.45,2088,7.1折,平台加补后,https://detail.tmall.com/item.htm?b_s_f=sycm&b_spm=a21ag.29085015&id=45590433293
78,45590433293,铂马仕旗舰店,铂马仕独立弹簧床垫乳胶席梦思软垫椰棕垫护脊偏硬家用双人1.8米,1048.05,旗舰透气2.0D 23cm【1886颗专利小弹簧】2cm 3D芯 适中,23,61.02,1403.35,1968,7.1折,平台加补后,https://detail.tmall.com/item.htm?b_s_f=sycm&b_spm=a21ag.29085015&id=45590433293
78,45590433293,铂马仕旗舰店,铂马仕独立弹簧床垫乳胶席梦思软垫椰棕垫护脊偏硬家用双人1.8米,1048.05,旗舰透气2.0E(荐) 25cm【1886颗专利小弹簧】2cm 3D芯+黄麻 偏硬,25,59.06,1476.45,2088,7.1折,平台加补后,https://detail.tmall.com/item.htm?b_s_f=sycm&b_spm=a21ag.29085015&id=45590433293
78,45590433293,铂马仕旗舰店,铂马仕独立弹簧床垫乳胶席梦思软垫椰棕垫护脊偏硬家用双人1.8米,1048.05,奢睡2.0A 26cm【2cm乳胶+气泡簧+2cm记忆棉+1886颗专利小弹簧】 超柔软软,26,63.39,1648.15,2318,7.1折,平台加补后,https://detail.tmall.com/item.htm?b_s_f=sycm&b_spm=a21ag.29085015&id=45590433293
78,45590433293,铂马仕旗舰店,铂马仕独立弹簧床垫乳胶席梦思软垫椰棕垫护脊偏硬家用双人1.8米,1048.05,奢睡2.0B 28cm【2cm乳胶+气泡簧+2cm记忆棉+1886颗专利小弹簧】S黄麻 超软双面睡,28,61.53,1722.95,2418,7.1折,平台加补后,https://detail.tmall.com/item.htm?b_s_f=sycm&b_spm=a21ag.29085015&id=45590433293
78,45590433293,铂马仕旗舰店,铂马仕独立弹簧床垫乳胶席梦思软垫椰棕垫护脊偏硬家用双人1.8米,1048.05,奢睡2.0C 26cm【护脊3垫层-双簧舒压+S黄麻】柔韧护脊,26,63.39,1648.15,2318,7.1折,平台加补后,https://detail.tmall.com/item.htm?b_s_f=sycm&b_spm=a21ag.29085015&id=45590433293
78,45590433293,铂马仕旗舰店,铂马仕独立弹簧床垫乳胶席梦思软垫椰棕垫护脊偏硬家用双人1.8米,1048.05,奢睡2.0D 26cm 推荐【护脊3垫层-双簧舒压+透气3D芯】护脊透气,26,64.57,1678.75,2358,7.1折,平台加补后,https://detail.tmall.com/item.htm?b_s_f=sycm&b_spm=a21ag.29085015&id=45590433293
79,969291574167,林氏家居官方旗舰店,林氏家居卷包独立弹簧床垫护脊家用卧室双人床垫林氏木业CDE610A,1998.24,(1)【CDE610A】卷包分区护脊|偏硬|20cm 千人加购,20,99.91,1998.24,2897,6.9折,平台加补后,https://detail.tmall.com/item.htm?b_s_f=sycm&b_spm=a21ag.29085015&id=969291574167
79,969291574167,林氏家居官方旗舰店,林氏家居卷包独立弹簧床垫护脊家用卧室双人床垫林氏木业CDE610A,1998.24,(2)【CDE630A】卷包分区双重护脊|偏硬|23cm,23,126.04,2898.84,4202,6.9折,平台加补后,https://detail.tmall.com/item.htm?b_s_f=sycm&b_spm=a21ag.29085015&id=969291574167
79,969291574167,林氏家居官方旗舰店,林氏家居卷包独立弹簧床垫护脊家用卧室双人床垫林氏木业CDE610A,1998.24,(3) 【家纺套餐】CDE610A床垫+花生枕1对,,,2297.52,3331,6.9折,平台加补后,https://detail.tmall.com/item.htm?b_s_f=sycm&b_spm=a21ag.29085015&id=969291574167
80,522648528552,丝涟旗舰店,【揽月】Sealy丝涟爆款揽月奢享系列升级美姿弹簧乳胶床垫席梦思,5990.8,【升级款】揽月奢享晨雾灰-入门承托-26cm-偏硬,26,268.86,6990.4,10393,6.7折,平台加补后,https://detail.tmall.com/item.htm?b_s_f=sycm&b_spm=a21ag.29085015&id=522648528552
80,522648528552,丝涟旗舰店,【揽月】Sealy丝涟爆款揽月奢享系列升级美姿弹簧乳胶床垫席梦思,5990.8,【升级款】揽月奢享皇家蓝-柔护承托-26cm-偏硬,26,318.88,8290.9,12193,6.8折,平台加补后,https://detail.tmall.com/item.htm?b_s_f=sycm&b_spm=a21ag.29085015&id=522648528552
80,522648528552,丝涟旗舰店,【揽月】Sealy丝涟爆款揽月奢享系列升级美姿弹簧乳胶床垫席梦思,5990.8,【升级款】揽月奢享静谧蓝-专业承托-28cm-软硬适中 店长主推,28,338.94,9490.25,13853,6.9折,平台加补后,https://detail.tmall.com/item.htm?b_s_f=sycm&b_spm=a21ag.29085015&id=522648528552
80,522648528552,丝涟旗舰店,【揽月】Sealy丝涟爆款揽月奢享系列升级美姿弹簧乳胶床垫席梦思,5990.8,【升级款】揽月奢享黑金-奢享承托-30cm-偏软,30,449.63,13489,18940,7.1折,平台加补后,https://detail.tmall.com/item.htm?b_s_f=sycm&b_spm=a21ag.29085015&id=522648528552
80,522648528552,丝涟旗舰店,【揽月】Sealy丝涟爆款揽月奢享系列升级美姿弹簧乳胶床垫席梦思,5990.8,【升级款灵动组合】揽月奢享皇家蓝（灵动款）+灵睿升级款（功能升级）,,,15989,21882,7.3折,平台加补后,https://detail.tmall.com/item.htm?b_s_f=sycm&b_spm=a21ag.29085015&id=522648528552
80,522648528552,丝涟旗舰店,【揽月】Sealy丝涟爆款揽月奢享系列升级美姿弹簧乳胶床垫席梦思,5990.8,【升级款灵动组合】揽月奢享静谧蓝（灵动款）+灵睿升级款（功能升级）,,,17289,23411,7.4折,平台加补后,https://detail.tmall.com/item.htm?b_s_f=sycm&b_spm=a21ag.29085015&id=522648528552
80,522648528552,丝涟旗舰店,【揽月】Sealy丝涟爆款揽月奢享系列升级美姿弹簧乳胶床垫席梦思,5990.8,【升级款灵动组合】揽月奢享黑金（灵动款）+灵睿升级款（功能升级）,,,21189,27999,7.6折,平台加补后,https://detail.tmall.com/item.htm?b_s_f=sycm&b_spm=a21ag.29085015&id=522648528552
80,522648528552,丝涟旗舰店,【揽月】Sealy丝涟爆款揽月奢享系列升级美姿弹簧乳胶床垫席梦思,5990.8,【基础款】揽月Slim-睡感提升-24cm-软硬适中,24,270.44,6490.6,9702,6.7折,平台加补后,https://detail.tmall.com/item.htm?b_s_f=sycm&b_spm=a21ag.29085015&id=522648528552
80,522648528552,丝涟旗舰店,【揽月】Sealy丝涟爆款揽月奢享系列升级美姿弹簧乳胶床垫席梦思,5990.8,【基础款】揽月-护腰经典-28cm-软硬适中 千人加购,28,213.96,5990.8,9010,6.6折,平台加补后,https://detail.tmall.com/item.htm?b_s_f=sycm&b_spm=a21ag.29085015&id=522648528552
80,522648528552,丝涟旗舰店,【揽月】Sealy丝涟爆款揽月奢享系列升级美姿弹簧乳胶床垫席梦思,5990.8,【基础款】揽月Pro-双核升级-26cm-偏硬,26,291.94,7590.5,11224,6.8折,平台加补后,https://detail.tmall.com/item.htm?b_s_f=sycm&b_spm=a21ag.29085015&id=522648528552
80,522648528552,丝涟旗舰店,【揽月】Sealy丝涟爆款揽月奢享系列升级美姿弹簧乳胶床垫席梦思,5990.8,【基础款】揽月Pro+-双核释压-30cm-偏软,30,286.34,8590.1,12608,6.8折,平台加补后,https://detail.tmall.com/item.htm?b_s_f=sycm&b_spm=a21ag.29085015&id=522648528552
81,617746601334,梦百合官方旗舰店,梦百合床垫软垫子学生宿舍榻榻米家用记忆棉租房加厚10cm定制舒梦,1478.15,【四季柔软-双面可睡】-6cm,6,246.36,1478.15,2139,6.9折,平台加补后,https://detail.tmall.com/item.htm?b_s_f=sycm&b_spm=a21ag.29085015&id=617746601334
81,617746601334,梦百合官方旗舰店,梦百合床垫软垫子学生宿舍榻榻米家用记忆棉租房加厚10cm定制舒梦,1478.15,【四季柔软-双面可睡】-标准款10cm,10,186.06,1860.65,2589,7.2折,平台加补后,https://detail.tmall.com/item.htm?b_s_f=sycm&b_spm=a21ag.29085015&id=617746601334
82,837933218269,韩悦旗舰店,天然椰棕棕榈床垫家用卧室180x200护腰护脊硬垫名牌儿童折叠床垫,147.58,【一体款】椰影星澜 6CM厚=4CM零胶水椰棕+2CM针织面料,6,24.6,147.58,445,3.3折,平台加补后,https://detail.tmall.com/item.htm?b_s_f=sycm&b_spm=a21ag.29085015&id=837933218269
82,837933218269,韩悦旗舰店,天然椰棕棕榈床垫家用卧室180x200护腰护脊硬垫名牌儿童折叠床垫,147.58,【偏硬】6CM厚=4CM无胶水3E棕+防螨抗菌提花面料,6,28.18,169.09,477,3.5折,平台加补后,https://detail.tmall.com/item.htm?b_s_f=sycm&b_spm=a21ag.29085015&id=837933218269
82,837933218269,韩悦旗舰店,天然椰棕棕榈床垫家用卧室180x200护腰护脊硬垫名牌儿童折叠床垫,147.58,【偏硬】8CM厚=6CM无胶水3E棕+防螨抗菌提花面料,8,28.64,229.11,565,4.1折,平台加补后,https://detail.tmall.com/item.htm?b_s_f=sycm&b_spm=a21ag.29085015&id=837933218269
82,837933218269,韩悦旗舰店,天然椰棕棕榈床垫家用卧室180x200护腰护脊硬垫名牌儿童折叠床垫,147.58,【偏硬】10CM厚=8CM无胶水3E棕+防螨抗菌提花面料 万人加购,10,29.04,290.36,731,4.0折,平台加补后,https://detail.tmall.com/item.htm?b_s_f=sycm&b_spm=a21ag.29085015&id=837933218269
82,837933218269,韩悦旗舰店,天然椰棕棕榈床垫家用卧室180x200护腰护脊硬垫名牌儿童折叠床垫,147.58,【偏硬】13CM厚=11CM无胶水3E棕+防螨抗菌提花面料,13,31.16,405.04,970,4.2折,平台加补后,https://detail.tmall.com/item.htm?b_s_f=sycm&b_spm=a21ag.29085015&id=837933218269
82,837933218269,韩悦旗舰店,天然椰棕棕榈床垫家用卧室180x200护腰护脊硬垫名牌儿童折叠床垫,147.58,【偏硬】16CM厚=14CM无胶水3E棕+防螨抗菌提花面料,16,30.27,484.24,1087,4.5折,平台加补后,https://detail.tmall.com/item.htm?b_s_f=sycm&b_spm=a21ag.29085015&id=837933218269
82,837933218269,韩悦旗舰店,天然椰棕棕榈床垫家用卧室180x200护腰护脊硬垫名牌儿童折叠床垫,147.58,【偏硬】18CM厚=16CM无胶水3E棕+防螨抗菌提花面料,18,28.01,504.19,1117,4.5折,平台加补后,https://detail.tmall.com/item.htm?b_s_f=sycm&b_spm=a21ag.29085015&id=837933218269
82,837933218269,韩悦旗舰店,天然椰棕棕榈床垫家用卧室180x200护腰护脊硬垫名牌儿童折叠床垫,147.58,【偏硬】20CM厚=18CM无胶水3E棕+防螨抗菌提花面料,20,30.21,604.2,1264,4.8折,平台加补后,https://detail.tmall.com/item.htm?b_s_f=sycm&b_spm=a21ag.29085015&id=837933218269
82,837933218269,韩悦旗舰店,天然椰棕棕榈床垫家用卧室180x200护腰护脊硬垫名牌儿童折叠床垫,147.58,【适中】7CM厚=4CM无胶水3E棕+1CM乳胶 防螨提花面料,7,37.19,260.35,687,3.8折,平台加补后,https://detail.tmall.com/item.htm?b_s_f=sycm&b_spm=a21ag.29085015&id=837933218269
82,837933218269,韩悦旗舰店,天然椰棕棕榈床垫家用卧室180x200护腰护脊硬垫名牌儿童折叠床垫,147.58,【适中】8CM厚=4CM无胶水3E棕+2CM乳胶 防螨提花面料,8,41.29,330.34,790,4.2折,平台加补后,https://detail.tmall.com/item.htm?b_s_f=sycm&b_spm=a21ag.29085015&id=837933218269
82,837933218269,韩悦旗舰店,天然椰棕棕榈床垫家用卧室180x200护腰护脊硬垫名牌儿童折叠床垫,147.58,【适中】9CM厚=6CM无胶水3E棕+1CM乳胶 防螨提花面料,9,37.73,339.54,804,4.2折,平台加补后,https://detail.tmall.com/item.htm?b_s_f=sycm&b_spm=a21ag.29085015&id=837933218269
82,837933218269,韩悦旗舰店,天然椰棕棕榈床垫家用卧室180x200护腰护脊硬垫名牌儿童折叠床垫,147.58,【适中】10CM厚=6CM无胶水3E棕+2CM乳胶 防螨提花面料,10,40.5,405.04,970,4.2折,平台加补后,https://detail.tmall.com/item.htm?b_s_f=sycm&b_spm=a21ag.29085015&id=837933218269
82,837933218269,韩悦旗舰店,天然椰棕棕榈床垫家用卧室180x200护腰护脊硬垫名牌儿童折叠床垫,147.58,【适中】11CM厚=8CM无胶水3E棕+1CM乳胶 防螨提花面料,11,37.66,414.24,984,4.2折,平台加补后,https://detail.tmall.com/item.htm?b_s_f=sycm&b_spm=a21ag.29085015&id=837933218269
82,837933218269,韩悦旗舰店,天然椰棕棕榈床垫家用卧室180x200护腰护脊硬垫名牌儿童折叠床垫,147.58,【适中】12CM厚=8CM无胶水3E棕+2CM乳胶 防螨提花面料,12,39.59,475.04,1073,4.4折,平台加补后,https://detail.tmall.com/item.htm?b_s_f=sycm&b_spm=a21ag.29085015&id=837933218269
82,837933218269,韩悦旗舰店,天然椰棕棕榈床垫家用卧室180x200护腰护脊硬垫名牌儿童折叠床垫,147.58,【适中】15CM厚=11CM无胶水3E棕+2CM乳胶 防螨提花面料,15,32.28,484.24,1087,4.5折,平台加补后,https://detail.tmall.com/item.htm?b_s_f=sycm&b_spm=a21ag.29085015&id=837933218269
82,837933218269,韩悦旗舰店,天然椰棕棕榈床垫家用卧室180x200护腰护脊硬垫名牌儿童折叠床垫,147.58,【适中】20CM厚=16CM无胶水3E棕+2CM乳胶 防螨提花面料,20,32.21,644.19,1323,4.9折,平台加补后,https://detail.tmall.com/item.htm?b_s_f=sycm&b_spm=a21ag.29085015&id=837933218269
82,837933218269,韩悦旗舰店,天然椰棕棕榈床垫家用卧室180x200护腰护脊硬垫名牌儿童折叠床垫,147.58,【可折叠】6CM厚=4CM无胶水3E棕+防螨提花面料,6,28.18,169.09,477,3.5折,平台加补后,https://detail.tmall.com/item.htm?b_s_f=sycm&b_spm=a21ag.29085015&id=837933218269
82,837933218269,韩悦旗舰店,天然椰棕棕榈床垫家用卧室180x200护腰护脊硬垫名牌儿童折叠床垫,147.58,【可折叠】8CM厚=6CM无胶水3E棕+防螨提花面料,8,28.64,229.11,565,4.1折,平台加补后,https://detail.tmall.com/item.htm?b_s_f=sycm&b_spm=a21ag.29085015&id=837933218269
82,837933218269,韩悦旗舰店,天然椰棕棕榈床垫家用卧室180x200护腰护脊硬垫名牌儿童折叠床垫,147.58,【可折叠】10CM厚=8CM无胶水3E棕+防螨提花面料,10,29.04,290.36,731,4.0折,平台加补后,https://detail.tmall.com/item.htm?b_s_f=sycm&b_spm=a21ag.29085015&id=837933218269
82,837933218269,韩悦旗舰店,天然椰棕棕榈床垫家用卧室180x200护腰护脊硬垫名牌儿童折叠床垫,147.58,【可折叠】13CM厚=11CM无胶水3E棕+防螨提花面料,13,31.16,405.04,970,4.2折,平台加补后,https://detail.tmall.com/item.htm?b_s_f=sycm&b_spm=a21ag.29085015&id=837933218269
82,837933218269,韩悦旗舰店,天然椰棕棕榈床垫家用卧室180x200护腰护脊硬垫名牌儿童折叠床垫,147.58,【可折叠】16CM厚=14CM无胶水3E棕+防螨提花面料,16,27.81,445.03,1029,4.3折,平台加补后,https://detail.tmall.com/item.htm?b_s_f=sycm&b_spm=a21ag.29085015&id=837933218269
82,837933218269,韩悦旗舰店,天然椰棕棕榈床垫家用卧室180x200护腰护脊硬垫名牌儿童折叠床垫,147.58,【可折叠】18CM厚=16CM无胶水3E棕+防螨提花面料,18,28.01,504.19,1117,4.5折,平台加补后,https://detail.tmall.com/item.htm?b_s_f=sycm&b_spm=a21ag.29085015&id=837933218269
82,837933218269,韩悦旗舰店,天然椰棕棕榈床垫家用卧室180x200护腰护脊硬垫名牌儿童折叠床垫,147.58,【可折叠】20CM厚=18CM无胶水3E棕+防螨提花面料,20,30.21,604.2,1264,4.8折,平台加补后,https://detail.tmall.com/item.htm?b_s_f=sycm&b_spm=a21ag.29085015&id=837933218269
82,837933218269,韩悦旗舰店,天然椰棕棕榈床垫家用卧室180x200护腰护脊硬垫名牌儿童折叠床垫,147.58,【可折叠】7CM厚=4CM无胶水3E棕+1CM乳胶防螨提花面料,7,37.19,260.35,687,3.8折,平台加补后,https://detail.tmall.com/item.htm?b_s_f=sycm&b_spm=a21ag.29085015&id=837933218269
82,837933218269,韩悦旗舰店,天然椰棕棕榈床垫家用卧室180x200护腰护脊硬垫名牌儿童折叠床垫,147.58,【可折叠】8CM厚=4CM无胶水3E棕+2CM乳胶防螨提花面料,8,41.29,330.34,790,4.2折,平台加补后,https://detail.tmall.com/item.htm?b_s_f=sycm&b_spm=a21ag.29085015&id=837933218269
82,837933218269,韩悦旗舰店,天然椰棕棕榈床垫家用卧室180x200护腰护脊硬垫名牌儿童折叠床垫,147.58,【可折叠】9CM厚=6CM无胶水3E棕+1CM乳胶防螨提花面料,9,37.99,341.88,807,4.2折,平台加补后,https://detail.tmall.com/item.htm?b_s_f=sycm&b_spm=a21ag.29085015&id=837933218269
82,837933218269,韩悦旗舰店,天然椰棕棕榈床垫家用卧室180x200护腰护脊硬垫名牌儿童折叠床垫,147.58,【可折叠】10CM厚=6CM无胶水3E棕+2CM乳胶防螨提花面料,10,40.5,405.04,970,4.2折,平台加补后,https://detail.tmall.com/item.htm?b_s_f=sycm&b_spm=a21ag.29085015&id=837933218269
82,837933218269,韩悦旗舰店,天然椰棕棕榈床垫家用卧室180x200护腰护脊硬垫名牌儿童折叠床垫,147.58,【可折叠】11CM厚=8CM无胶水3E棕+1CM乳胶防螨提花面料,11,37.66,414.24,984,4.2折,平台加补后,https://detail.tmall.com/item.htm?b_s_f=sycm&b_spm=a21ag.29085015&id=837933218269
82,837933218269,韩悦旗舰店,天然椰棕棕榈床垫家用卧室180x200护腰护脊硬垫名牌儿童折叠床垫,147.58,【可折叠】12CM厚=8CM无胶水3E棕+2CM乳胶防螨提花面料,12,39.59,475.04,1073,4.4折,平台加补后,https://detail.tmall.com/item.htm?b_s_f=sycm&b_spm=a21ag.29085015&id=837933218269
82,837933218269,韩悦旗舰店,天然椰棕棕榈床垫家用卧室180x200护腰护脊硬垫名牌儿童折叠床垫,147.58,【可折叠】15CM厚=11CM无胶水3E棕+2CM乳胶防螨提花面料,15,32.28,484.24,1087,4.5折,平台加补后,https://detail.tmall.com/item.htm?b_s_f=sycm&b_spm=a21ag.29085015&id=837933218269
82,837933218269,韩悦旗舰店,天然椰棕棕榈床垫家用卧室180x200护腰护脊硬垫名牌儿童折叠床垫,147.58,【可折叠】20CM厚=16CM无胶水3E棕+2CM乳胶防螨提花面料,20,32.21,644.19,1323,4.9折,平台加补后,https://detail.tmall.com/item.htm?b_s_f=sycm&b_spm=a21ag.29085015&id=837933218269
83,775750528964,Royal vip泰国乳胶总部,泰国乳胶床垫正品官方旗舰店家用10cm厚5学生宿舍软全橡胶薄垫子,143,【泰国进口一代款95D】2.5cm (送内套+防螨外套),2.5,126.0,315,501,6.3折,平台加补后,https://detail.tmall.com/item.htm?b_s_f=sycm&b_spm=a21ag.29085015&id=775750528964
83,775750528964,Royal vip泰国乳胶总部,泰国乳胶床垫正品官方旗舰店家用10cm厚5学生宿舍软全橡胶薄垫子,143,【泰国进口一代款95D】3.5cm (送内套+防螨外套),3.5,113.43,397,597,6.6折,平台加补后,https://detail.tmall.com/item.htm?b_s_f=sycm&b_spm=a21ag.29085015&id=775750528964
83,775750528964,Royal vip泰国乳胶总部,泰国乳胶床垫正品官方旗舰店家用10cm厚5学生宿舍软全橡胶薄垫子,143,【泰国进口一代款95D】5cm(送内套+防螨外套),5,95.8,479,693,6.9折,平台加补后,https://detail.tmall.com/item.htm?b_s_f=sycm&b_spm=a21ag.29085015&id=775750528964
83,775750528964,Royal vip泰国乳胶总部,泰国乳胶床垫正品官方旗舰店家用10cm厚5学生宿舍软全橡胶薄垫子,143,【泰国进口一代款95D】7.5cm (送内套+防螨外套),7.5,82.8,621,861,7.2折,平台加补后,https://detail.tmall.com/item.htm?b_s_f=sycm&b_spm=a21ag.29085015&id=775750528964
83,775750528964,Royal vip泰国乳胶总部,泰国乳胶床垫正品官方旗舰店家用10cm厚5学生宿舍软全橡胶薄垫子,143,【泰国进口一代款95D】10cm (送内套+防螨外套),10,78.5,785,1053,7.5折,平台加补后,https://detail.tmall.com/item.htm?b_s_f=sycm&b_spm=a21ag.29085015&id=775750528964
83,775750528964,Royal vip泰国乳胶总部,泰国乳胶床垫正品官方旗舰店家用10cm厚5学生宿舍软全橡胶薄垫子,143,【泰国进口一代款95D】15cm (送内套+防螨外套),15,83.6,1254,1605,7.8折,平台加补后,https://detail.tmall.com/item.htm?b_s_f=sycm&b_spm=a21ag.29085015&id=775750528964
83,775750528964,Royal vip泰国乳胶总部,泰国乳胶床垫正品官方旗舰店家用10cm厚5学生宿舍软全橡胶薄垫子,143,【泰国进口二代款105D】2.5cm (送内套+防螨外套),2.5,146.0,365,559,6.5折,平台加补后,https://detail.tmall.com/item.htm?b_s_f=sycm&b_spm=a21ag.29085015&id=775750528964
83,775750528964,Royal vip泰国乳胶总部,泰国乳胶床垫正品官方旗舰店家用10cm厚5学生宿舍软全橡胶薄垫子,143,【泰国进口二代款105D】3.5cm (送内套+防螨外套),3.5,142.57,499,717,7.0折,平台加补后,https://detail.tmall.com/item.htm?b_s_f=sycm&b_spm=a21ag.29085015&id=775750528964
83,775750528964,Royal vip泰国乳胶总部,泰国乳胶床垫正品官方旗舰店家用10cm厚5学生宿舍软全橡胶薄垫子,143,【泰国进口二代款105D】5cm (送内套+防螨外套),5,108.0,540,765,7.1折,平台加补后,https://detail.tmall.com/item.htm?b_s_f=sycm&b_spm=a21ag.29085015&id=775750528964
83,775750528964,Royal vip泰国乳胶总部,泰国乳胶床垫正品官方旗舰店家用10cm厚5学生宿舍软全橡胶薄垫子,143,【泰国进口二代款105D】7.5cm (送内套+防螨外套),7.5,96.4,723,981,7.4折,平台加补后,https://detail.tmall.com/item.htm?b_s_f=sycm&b_spm=a21ag.29085015&id=775750528964
83,775750528964,Royal vip泰国乳胶总部,泰国乳胶床垫正品官方旗舰店家用10cm厚5学生宿舍软全橡胶薄垫子,143,【泰国进口二代款105D】10cm (送内套+防螨外套),10,90.7,907,1197,7.6折,平台加补后,https://detail.tmall.com/item.htm?b_s_f=sycm&b_spm=a21ag.29085015&id=775750528964
83,775750528964,Royal vip泰国乳胶总部,泰国乳胶床垫正品官方旗舰店家用10cm厚5学生宿舍软全橡胶薄垫子,143,【泰国进口二代款105D】15cm (送内套+防螨外套),15,87.67,1315,1677,7.8折,平台加补后,https://detail.tmall.com/item.htm?b_s_f=sycm&b_spm=a21ag.29085015&id=775750528964
83,775750528964,Royal vip泰国乳胶总部,泰国乳胶床垫正品官方旗舰店家用10cm厚5学生宿舍软全橡胶薄垫子,143,热销【升级三代款115D】2.5cm (送内套+防螨外套),2.5,183.2,458,669,6.8折,平台加补后,https://detail.tmall.com/item.htm?b_s_f=sycm&b_spm=a21ag.29085015&id=775750528964
83,775750528964,Royal vip泰国乳胶总部,泰国乳胶床垫正品官方旗舰店家用10cm厚5学生宿舍软全橡胶薄垫子,143,热销【升级三代款115D】3.5cm (送内套+防螨外套),3.5,152.0,532,756,7.0折,平台加补后,https://detail.tmall.com/item.htm?b_s_f=sycm&b_spm=a21ag.29085015&id=775750528964
83,775750528964,Royal vip泰国乳胶总部,泰国乳胶床垫正品官方旗舰店家用10cm厚5学生宿舍软全橡胶薄垫子,143,热销【升级三代款115D】5cm (送内套+防螨外套),5,118.4,592,826,7.2折,平台加补后,https://detail.tmall.com/item.htm?b_s_f=sycm&b_spm=a21ag.29085015&id=775750528964
83,775750528964,Royal vip泰国乳胶总部,泰国乳胶床垫正品官方旗舰店家用10cm厚5学生宿舍软全橡胶薄垫子,143,热销【升级三代款115D】7.5cm (送内套+防螨外套),7.5,97.07,728,987,7.4折,平台加补后,https://detail.tmall.com/item.htm?b_s_f=sycm&b_spm=a21ag.29085015&id=775750528964
83,775750528964,Royal vip泰国乳胶总部,泰国乳胶床垫正品官方旗舰店家用10cm厚5学生宿舍软全橡胶薄垫子,143,热销【升级三代款115D】10cm (送内套+防螨外套),10,88.8,888,1175,7.6折,平台加补后,https://detail.tmall.com/item.htm?b_s_f=sycm&b_spm=a21ag.29085015&id=775750528964
83,775750528964,Royal vip泰国乳胶总部,泰国乳胶床垫正品官方旗舰店家用10cm厚5学生宿舍软全橡胶薄垫子,143,热销【升级三代款115D】15cm (送内套+防螨外套),15,86.13,1292,1650,7.8折,平台加补后,https://detail.tmall.com/item.htm?b_s_f=sycm&b_spm=a21ag.29085015&id=775750528964
83,775750528964,Royal vip泰国乳胶总部,泰国乳胶床垫正品官方旗舰店家用10cm厚5学生宿舍软全橡胶薄垫子,143,【支持定制任意尺寸】定制专拍,10,14.3,143,298,4.8折,平台加补后,https://detail.tmall.com/item.htm?b_s_f=sycm&b_spm=a21ag.29085015&id=775750528964
83,775750528964,Royal vip泰国乳胶总部,泰国乳胶床垫正品官方旗舰店家用10cm厚5学生宿舍软全橡胶薄垫子,143,【泰国进口一代款95D】5cm (送内套+防螨外套),5,59.8,299,482,6.2折,平台加补后,https://detail.tmall.com/item.htm?b_s_f=sycm&b_spm=a21ag.29085015&id=775750528964
84,1026991064778,源氏木语官方旗舰店,源氏木语0胶水护脊床垫家用弹簧厚垫塔塔三层海绵垫防螨椰棕垫子,1361.4,塔塔·双效承托·偏硬护脊/22CM|JH2CYC000 万人加购,22,61.88,1361.4,1746,7.8折,平台加补后,https://detail.tmall.com/item.htm?b_s_f=sycm&b_spm=a21ag.29085015&id=1026991064778
85,587017600971,Serta舒达官方旗舰店,Serta/舒达 杜克护脊偏硬弹簧床垫双人主卧软硬双面独立袋静音垫,4332.7,杜克S-【20cm/单面睡】-护脊入门选择,20,216.63,4332.7,7270,6.0折,平台加补后,https://detail.tmall.com/item.htm?b_s_f=sycm&b_spm=a21ag.29085015&id=587017600971
85,587017600971,Serta舒达官方旗舰店,Serta/舒达 杜克护脊偏硬弹簧床垫双人主卧软硬双面独立袋静音垫,4332.7,杜克Plus-【24cm/双面睡】-经典热销,24,194.69,4672.63,7789,6.0折,平台加补后,https://detail.tmall.com/item.htm?b_s_f=sycm&b_spm=a21ag.29085015&id=587017600971
85,587017600971,Serta舒达官方旗舰店,Serta/舒达 杜克护脊偏硬弹簧床垫双人主卧软硬双面独立袋静音垫,4332.7,杜克0胶-【24cm/偏硬睡感】-新品上市,24,212.45,5098.81,8440,6.0折,平台加补后,https://detail.tmall.com/item.htm?b_s_f=sycm&b_spm=a21ag.29085015&id=587017600971
85,587017600971,Serta舒达官方旗舰店,Serta/舒达 杜克护脊偏硬弹簧床垫双人主卧软硬双面独立袋静音垫,4332.7,杜克Pro-【25cm/双面睡感】-旗舰升级,25,193.72,4842.97,8049,6.0折,平台加补后,https://detail.tmall.com/item.htm?b_s_f=sycm&b_spm=a21ag.29085015&id=587017600971
85,587017600971,Serta舒达官方旗舰店,Serta/舒达 杜克护脊偏硬弹簧床垫双人主卧软硬双面独立袋静音垫,4332.7,【杜克pro+星耀】套床 咨询客服 享补贴价7599起,,,7733.17,12465,6.2折,平台加补后,https://detail.tmall.com/item.htm?b_s_f=sycm&b_spm=a21ag.29085015&id=587017600971
85,587017600971,Serta舒达官方旗舰店,Serta/舒达 杜克护脊偏硬弹簧床垫双人主卧软硬双面独立袋静音垫,4332.7,【杜克plus+星耀】套床 咨询客服 享补贴价7199起,,,7393.25,11946,6.2折,平台加补后,https://detail.tmall.com/item.htm?b_s_f=sycm&b_spm=a21ag.29085015&id=587017600971
86,986140397293,源氏木语官方旗舰店,源氏木语0胶水床垫卧室0压记忆棉垫3D芯材厚垫家用独立弹簧垫吐司,3345.4,吐司·零压包裹·软硬适中/26CM|JH3SJD001 万人加购,26,128.67,3345.4,4356,7.7折,平台加补后,https://detail.tmall.com/item.htm?b_s_f=sycm&b_spm=a21ag.29085015&id=986140397293
86,986140397293,源氏木语官方旗舰店,源氏木语0胶水床垫卧室0压记忆棉垫3D芯材厚垫家用独立弹簧垫吐司,3345.4,吐司·零压包裹·偏硬护脊/26CM|JH3SJD001,26,128.67,3345.4,4356,7.7折,平台加补后,https://detail.tmall.com/item.htm?b_s_f=sycm&b_spm=a21ag.29085015&id=986140397293
87,568092089747,慕思官方旗舰店,【云栖】慕思天然乳胶床垫0胶水家用泰国进口橡胶榻榻米垫薄垫,1006.91,3cm平面乳胶款/外套可拆洗-MCW1-080,3,335.64,1006.91,2194.6,4.6折,平台加补后,https://detail.tmall.com/item.htm?b_s_f=sycm&b_spm=a21ag.29085015&id=568092089747
87,568092089747,慕思官方旗舰店,【云栖】慕思天然乳胶床垫0胶水家用泰国进口橡胶榻榻米垫薄垫,1006.91,5cm平面乳胶款/外套可拆洗-MZZ6-001A,5,279.68,1398.42,2855.2,4.9折,平台加补后,https://detail.tmall.com/item.htm?b_s_f=sycm&b_spm=a21ag.29085015&id=568092089747
87,568092089747,慕思官方旗舰店,【云栖】慕思天然乳胶床垫0胶水家用泰国进口橡胶榻榻米垫薄垫,1006.91,7.5cm七区乳胶款/外套可拆洗-MCW1-075,7.5,258.43,1938.2,3990.24,4.9折,平台加补后,https://detail.tmall.com/item.htm?b_s_f=sycm&b_spm=a21ag.29085015&id=568092089747
87,568092089747,慕思官方旗舰店,【云栖】慕思天然乳胶床垫0胶水家用泰国进口橡胶榻榻米垫薄垫,1006.91,10cm七区乳胶款/外套可拆洗-MZZ6-006,10,246.72,2467.16,4612.54,5.3折,平台加补后,https://detail.tmall.com/item.htm?b_s_f=sycm&b_spm=a21ag.29085015&id=568092089747
87,568092089747,慕思官方旗舰店,【云栖】慕思天然乳胶床垫0胶水家用泰国进口橡胶榻榻米垫薄垫,1006.91,5cm泰国进口乳胶垫/外套可拆洗-MZZ6-007,5,354.32,1771.6,3794.24,4.7折,平台加补后,https://detail.tmall.com/item.htm?b_s_f=sycm&b_spm=a21ag.29085015&id=568092089747
87,568092089747,慕思官方旗舰店,【云栖】慕思天然乳胶床垫0胶水家用泰国进口橡胶榻榻米垫薄垫,1006.91,7.5cm泰国进口乳胶垫/外套可拆洗-MZZ6-007,7.5,302.85,2271.4,4382.24,5.2折,平台加补后,https://detail.tmall.com/item.htm?b_s_f=sycm&b_spm=a21ag.29085015&id=568092089747
87,568092089747,慕思官方旗舰店,【云栖】慕思天然乳胶床垫0胶水家用泰国进口橡胶榻榻米垫薄垫,1006.91,10cm泰国进口乳胶垫/外套可拆洗-MZZ6-007,10,295.7,2956.96,5188.78,5.7折,平台加补后,https://detail.tmall.com/item.htm?b_s_f=sycm&b_spm=a21ag.29085015&id=568092089747
88,1046616090321,蓝盒子官方旗舰店,【达人直播】蓝盒子升级款 Z+记忆绵弹簧床垫,5435,1800mm*2000mm 标准配置款,,,5435,,,平台加补后,https://detail.tmall.com/item.htm?b_s_f=sycm&b_spm=a21ag.29085015&id=1046616090321
89,820641438679,全友家居官方旗舰店,全友家居0胶水椰棕儿童床垫硬垫子卧室家用单人护脊弹簧床垫1米5,819.4,(1)【小云朵薄垫版|全垫0胶水+护脊椰丝棉+邦尼尔弹簧】床垫（厚15cm）,15,61.37,920.55,1570,5.9折,平台加补后,https://detail.tmall.com/item.htm?b_s_f=sycm&b_spm=a21ag.29085015&id=820641438679
89,820641438679,全友家居官方旗舰店,全友家居0胶水椰棕儿童床垫硬垫子卧室家用单人护脊弹簧床垫1米5,819.4,(2)【小云朵薄垫版|全垫0胶水+护脊椰丝棉+邦尼尔弹簧】床垫（厚18cm）,18,53.5,963.05,1642,5.9折,平台加补后,https://detail.tmall.com/item.htm?b_s_f=sycm&b_spm=a21ag.29085015&id=820641438679
89,820641438679,全友家居官方旗舰店,全友家居0胶水椰棕儿童床垫硬垫子卧室家用单人护脊弹簧床垫1米5,819.4,(5)【小云朵|全垫0胶水+护脊椰丝棉+邦尼尔弹簧】床垫（厚23cm） 店长主推,23,42.98,988.55,1685,5.9折,平台加补后,https://detail.tmall.com/item.htm?b_s_f=sycm&b_spm=a21ag.29085015&id=820641438679
89,820641438679,全友家居官方旗舰店,全友家居0胶水椰棕儿童床垫硬垫子卧室家用单人护脊弹簧床垫1米5,819.4,(3)【小云朵pro薄垫版|全垫0胶水+A类面料+黄麻+邦尼尔弹簧】床垫（厚15cm） 千人加购,15,77.24,1158.55,1970,5.9折,平台加补后,https://detail.tmall.com/item.htm?b_s_f=sycm&b_spm=a21ag.29085015&id=820641438679
89,820641438679,全友家居官方旗舰店,全友家居0胶水椰棕儿童床垫硬垫子卧室家用单人护脊弹簧床垫1米5,819.4,(4)【小云朵pro薄垫版|全垫0胶水+A类面料+黄麻+邦尼尔弹簧】床垫（厚18cm）,18,66.72,1201.05,2042,5.9折,平台加补后,https://detail.tmall.com/item.htm?b_s_f=sycm&b_spm=a21ag.29085015&id=820641438679
89,820641438679,全友家居官方旗舰店,全友家居0胶水椰棕儿童床垫硬垫子卧室家用单人护脊弹簧床垫1米5,819.4,(6)【小云朵pro|A类面料可拆洗+乳胶+黄麻+独袋弹簧】床垫（厚23cm）,23,66.56,1530.85,2599,5.9折,平台加补后,https://detail.tmall.com/item.htm?b_s_f=sycm&b_spm=a21ag.29085015&id=820641438679
89,820641438679,全友家居官方旗舰店,全友家居0胶水椰棕儿童床垫硬垫子卧室家用单人护脊弹簧床垫1米5,819.4,(7)【小云朵Slim|全垫0胶水+净氧竹炭绵+护脊椰丝棉】床垫（厚10cm）,10,81.94,819.4,1399,5.9折,平台加补后,https://detail.tmall.com/item.htm?b_s_f=sycm&b_spm=a21ag.29085015&id=820641438679
89,820641438679,全友家居官方旗舰店,全友家居0胶水椰棕儿童床垫硬垫子卧室家用单人护脊弹簧床垫1米5,819.4,(8)【小云朵ProMax|双面可睡+乳胶+四叶草独袋弹簧+黄麻】床垫（厚23cm）,23,71.73,1649.85,2799,5.9折,平台加补后,https://detail.tmall.com/item.htm?b_s_f=sycm&b_spm=a21ag.29085015&id=820641438679
90,953047458999,峻泽旗舰店,床垫加硬神器天然黄麻护腰护脊席梦思软床垫变硬垫子母婴超薄家用,240.22,【护脊宝】高硬3cm厚【高密3E棕】+4D灰色透气面料（全拆可机洗+送固定带）,3,80.07,240.22,654.41,3.7折,平台加补后,https://detail.tmall.com/item.htm?b_s_f=sycm&b_spm=a21ag.29085015&id=953047458999
90,953047458999,峻泽旗舰店,床垫加硬神器天然黄麻护腰护脊席梦思软床垫变硬垫子母婴超薄家用,240.22,【护脊宝】高硬3.5cm厚【高密3E棕】+4D灰色透气面料（全拆可机洗+送固定带）,3.5,72.33,253.16,673.53,3.8折,平台加补后,https://detail.tmall.com/item.htm?b_s_f=sycm&b_spm=a21ag.29085015&id=953047458999
90,953047458999,峻泽旗舰店,床垫加硬神器天然黄麻护腰护脊席梦思软床垫变硬垫子母婴超薄家用,240.22,【护脊宝】高硬4cm厚【高密3E棕】+4D灰色透气面料（全拆可机洗+送固定带）,4,66.72,266.86,692.65,3.9折,平台加补后,https://detail.tmall.com/item.htm?b_s_f=sycm&b_spm=a21ag.29085015&id=953047458999
90,953047458999,峻泽旗舰店,床垫加硬神器天然黄麻护腰护脊席梦思软床垫变硬垫子母婴超薄家用,240.22,【护脊宝】高硬3cm厚【高密3E棕】+4D卡其色透气面料（全拆可机洗+送固定带）,3,80.07,240.22,654.41,3.7折,平台加补后,https://detail.tmall.com/item.htm?b_s_f=sycm&b_spm=a21ag.29085015&id=953047458999
90,953047458999,峻泽旗舰店,床垫加硬神器天然黄麻护腰护脊席梦思软床垫变硬垫子母婴超薄家用,240.22,【护脊宝】高硬3.5cm厚【高密3E棕】+4D卡其色透气面料（全拆可机洗+送固定带）,3.5,72.33,253.16,673.53,3.8折,平台加补后,https://detail.tmall.com/item.htm?b_s_f=sycm&b_spm=a21ag.29085015&id=953047458999
90,953047458999,峻泽旗舰店,床垫加硬神器天然黄麻护腰护脊席梦思软床垫变硬垫子母婴超薄家用,240.22,【护脊宝】高硬4cm厚【高密3E棕】+4D卡其色透气面料（全拆可机洗+送固定带）,4,66.72,266.86,692.65,3.9折,平台加补后,https://detail.tmall.com/item.htm?b_s_f=sycm&b_spm=a21ag.29085015&id=953047458999
90,953047458999,峻泽旗舰店,床垫加硬神器天然黄麻护腰护脊席梦思软床垫变硬垫子母婴超薄家用,240.22,【护脊宝4.0】偏硬款3.5cm厚=3cm【S型黄麻】+4D灰色透气面料（可拆洗+固定带）,3.5,88.06,308.22,754.41,4.1折,平台加补后,https://detail.tmall.com/item.htm?b_s_f=sycm&b_spm=a21ag.29085015&id=953047458999
90,953047458999,峻泽旗舰店,床垫加硬神器天然黄麻护腰护脊席梦思软床垫变硬垫子母婴超薄家用,240.22,【护脊宝4.0】偏硬款5.5cm厚=5cm【S型黄麻】+4D灰色透气面料（可拆洗+固定带）,5.5,67.95,373.74,925,4.0折,平台加补后,https://detail.tmall.com/item.htm?b_s_f=sycm&b_spm=a21ag.29085015&id=953047458999
90,953047458999,峻泽旗舰店,床垫加硬神器天然黄麻护腰护脊席梦思软床垫变硬垫子母婴超薄家用,240.22,【护脊宝4.0】偏硬款3.5cm厚=3cm【S型黄麻】+4D卡其色透气面料（可拆洗+固定带）,3.5,88.06,308.22,754.41,4.1折,平台加补后,https://detail.tmall.com/item.htm?b_s_f=sycm&b_spm=a21ag.29085015&id=953047458999
90,953047458999,峻泽旗舰店,床垫加硬神器天然黄麻护腰护脊席梦思软床垫变硬垫子母婴超薄家用,240.22,【护脊宝4.0】偏硬款5.5cm厚=5cm【S型黄麻】+4D卡其色透气面料（可拆洗+固定带）,5.5,67.95,373.74,925,4.0折,平台加补后,https://detail.tmall.com/item.htm?b_s_f=sycm&b_spm=a21ag.29085015&id=953047458999
90,953047458999,峻泽旗舰店,床垫加硬神器天然黄麻护腰护脊席梦思软床垫变硬垫子母婴超薄家用,240.22,【护脊宝4.0Pro】适中款5.5cm厚=S型黄麻+记忆棉+4D灰色透气面料 可拆洗+固定带 万人加购,5.5,68.17,374.91,926.47,4.0折,平台加补后,https://detail.tmall.com/item.htm?b_s_f=sycm&b_spm=a21ag.29085015&id=953047458999
90,953047458999,峻泽旗舰店,床垫加硬神器天然黄麻护腰护脊席梦思软床垫变硬垫子母婴超薄家用,240.22,【护脊宝4.0Pro】适中款7.5cm厚=S型黄麻+记忆棉+4D灰色透气面料 可拆洗+固定带,7.5,58.59,439.42,1022.06,4.3折,平台加补后,https://detail.tmall.com/item.htm?b_s_f=sycm&b_spm=a21ag.29085015&id=953047458999
90,953047458999,峻泽旗舰店,床垫加硬神器天然黄麻护腰护脊席梦思软床垫变硬垫子母婴超薄家用,240.22,【护脊宝4.0Pro】适中款5.5cm厚=S型黄麻+记忆棉+4D卡其色透气面料 可拆洗+固定带,5.5,68.17,374.91,926.47,4.0折,平台加补后,https://detail.tmall.com/item.htm?b_s_f=sycm&b_spm=a21ag.29085015&id=953047458999
90,953047458999,峻泽旗舰店,床垫加硬神器天然黄麻护腰护脊席梦思软床垫变硬垫子母婴超薄家用,240.22,【护脊宝4.0Pro】适中款7.5cm厚=S型黄麻+记忆棉+4D卡其色透气面料 可拆洗+固定带,7.5,58.59,439.42,1022.06,4.3折,平台加补后,https://detail.tmall.com/item.htm?b_s_f=sycm&b_spm=a21ag.29085015&id=953047458999
91,577954512043,雅兰官方旗舰店,【硬核】雅兰床垫国家补贴椰棕黄麻护脊儿童薄硬垫折叠榻榻米学生,1265.65,【椰棕垫】5cm 万人加购,5,253.13,1265.65,1999,6.3折,平台加补后,https://detail.tmall.com/item.htm?b_s_f=sycm&b_spm=a21ag.29085015&id=577954512043
91,577954512043,雅兰官方旗舰店,【硬核】雅兰床垫国家补贴椰棕黄麻护脊儿童薄硬垫折叠榻榻米学生,1265.65,【椰棕垫】8cm,8,179.46,1435.65,2199,6.5折,平台加补后,https://detail.tmall.com/item.htm?b_s_f=sycm&b_spm=a21ag.29085015&id=577954512043
91,577954512043,雅兰官方旗舰店,【硬核】雅兰床垫国家补贴椰棕黄麻护脊儿童薄硬垫折叠榻榻米学生,1265.65,【椰棕垫】10cm,10,160.56,1605.65,2399,6.7折,平台加补后,https://detail.tmall.com/item.htm?b_s_f=sycm&b_spm=a21ag.29085015&id=577954512043
91,577954512043,雅兰官方旗舰店,【硬核】雅兰床垫国家补贴椰棕黄麻护脊儿童薄硬垫折叠榻榻米学生,1265.65,【椰棕+乳胶垫】5cm,5,287.13,1435.65,2199,6.5折,平台加补后,https://detail.tmall.com/item.htm?b_s_f=sycm&b_spm=a21ag.29085015&id=577954512043
91,577954512043,雅兰官方旗舰店,【硬核】雅兰床垫国家补贴椰棕黄麻护脊儿童薄硬垫折叠榻榻米学生,1265.65,【椰棕+乳胶垫】8cm,8,200.71,1605.65,2399,6.7折,平台加补后,https://detail.tmall.com/item.htm?b_s_f=sycm&b_spm=a21ag.29085015&id=577954512043
91,577954512043,雅兰官方旗舰店,【硬核】雅兰床垫国家补贴椰棕黄麻护脊儿童薄硬垫折叠榻榻米学生,1265.65,【椰棕+乳胶垫】10cm,10,177.56,1775.65,2599,6.8折,平台加补后,https://detail.tmall.com/item.htm?b_s_f=sycm&b_spm=a21ag.29085015&id=577954512043
91,577954512043,雅兰官方旗舰店,【硬核】雅兰床垫国家补贴椰棕黄麻护脊儿童薄硬垫折叠榻榻米学生,1265.65,【黄麻垫】5cm·,5,270.13,1350.65,2099,6.4折,平台加补后,https://detail.tmall.com/item.htm?b_s_f=sycm&b_spm=a21ag.29085015&id=577954512043
91,577954512043,雅兰官方旗舰店,【硬核】雅兰床垫国家补贴椰棕黄麻护脊儿童薄硬垫折叠榻榻米学生,1265.65,【黄麻垫】8cm,8,190.08,1520.65,2299,6.6折,平台加补后,https://detail.tmall.com/item.htm?b_s_f=sycm&b_spm=a21ag.29085015&id=577954512043
91,577954512043,雅兰官方旗舰店,【硬核】雅兰床垫国家补贴椰棕黄麻护脊儿童薄硬垫折叠榻榻米学生,1265.65,【黄麻垫】10cm·,10,194.56,1945.65,2799,7.0折,平台加补后,https://detail.tmall.com/item.htm?b_s_f=sycm&b_spm=a21ag.29085015&id=577954512043
91,577954512043,雅兰官方旗舰店,【硬核】雅兰床垫国家补贴椰棕黄麻护脊儿童薄硬垫折叠榻榻米学生,1265.65,【黄麻+乳胶垫】5cm,5,304.13,1520.65,2299,6.6折,平台加补后,https://detail.tmall.com/item.htm?b_s_f=sycm&b_spm=a21ag.29085015&id=577954512043
91,577954512043,雅兰官方旗舰店,【硬核】雅兰床垫国家补贴椰棕黄麻护脊儿童薄硬垫折叠榻榻米学生,1265.65,【黄麻+乳胶垫】8cm,8,211.33,1690.65,2499,6.8折,平台加补后,https://detail.tmall.com/item.htm?b_s_f=sycm&b_spm=a21ag.29085015&id=577954512043
91,577954512043,雅兰官方旗舰店,【硬核】雅兰床垫国家补贴椰棕黄麻护脊儿童薄硬垫折叠榻榻米学生,1265.65,【黄麻+乳胶垫】10cm,10,211.56,2115.65,2999,7.1折,平台加补后,https://detail.tmall.com/item.htm?b_s_f=sycm&b_spm=a21ag.29085015&id=577954512043
91,577954512043,雅兰官方旗舰店,【硬核】雅兰床垫国家补贴椰棕黄麻护脊儿童薄硬垫折叠榻榻米学生,1265.65,【黄麻垫】5cm-可折叠（不可定制）·,5,287.13,1435.65,2199,6.5折,平台加补后,https://detail.tmall.com/item.htm?b_s_f=sycm&b_spm=a21ag.29085015&id=577954512043
91,577954512043,雅兰官方旗舰店,【硬核】雅兰床垫国家补贴椰棕黄麻护脊儿童薄硬垫折叠榻榻米学生,1265.65,【黄麻垫】8cm-可折叠（不可定制）,8,200.71,1605.65,2399,6.7折,平台加补后,https://detail.tmall.com/item.htm?b_s_f=sycm&b_spm=a21ag.29085015&id=577954512043
91,577954512043,雅兰官方旗舰店,【硬核】雅兰床垫国家补贴椰棕黄麻护脊儿童薄硬垫折叠榻榻米学生,1265.65,【黄麻垫】10cm-可折叠（不可定制）·,10,203.06,2030.65,2899,7.0折,平台加补后,https://detail.tmall.com/item.htm?b_s_f=sycm&b_spm=a21ag.29085015&id=577954512043
91,577954512043,雅兰官方旗舰店,【硬核】雅兰床垫国家补贴椰棕黄麻护脊儿童薄硬垫折叠榻榻米学生,1265.65,【黄麻+乳胶垫】5cm-可折叠（不可定制）,5,321.13,1605.65,2399,6.7折,平台加补后,https://detail.tmall.com/item.htm?b_s_f=sycm&b_spm=a21ag.29085015&id=577954512043
91,577954512043,雅兰官方旗舰店,【硬核】雅兰床垫国家补贴椰棕黄麻护脊儿童薄硬垫折叠榻榻米学生,1265.65,【黄麻+乳胶垫】8cm-可折叠（不可定制）,8,221.96,1775.65,2599,6.8折,平台加补后,https://detail.tmall.com/item.htm?b_s_f=sycm&b_spm=a21ag.29085015&id=577954512043
91,577954512043,雅兰官方旗舰店,【硬核】雅兰床垫国家补贴椰棕黄麻护脊儿童薄硬垫折叠榻榻米学生,1265.65,【黄麻+乳胶垫】10cm-可折叠（不可定制）,10,220.06,2200.65,3099,7.1折,平台加补后,https://detail.tmall.com/item.htm?b_s_f=sycm&b_spm=a21ag.29085015&id=577954512043
92,602097991418,金可儿旗舰店,金可儿护脊软硬床垫五星酒店独立袋弹簧乳胶床垫国家补贴 护脊2.0,5498.65,护脊2.0【22cm厚度|三区护脊】 ★★护脊首选 经典爆款★★,22,249.94,5498.65,8712,6.3折,平台加补后,https://detail.tmall.com/item.htm?b_s_f=sycm&b_spm=a21ag.29085015&id=602097991418
92,602097991418,金可儿旗舰店,金可儿护脊软硬床垫五星酒店独立袋弹簧乳胶床垫国家补贴 护脊2.0,5498.65,护脊2.0+【26cm厚度|加硬护边】 经典再升级 厚度up！,26,230.71,5998.45,9447,6.3折,平台加补后,https://detail.tmall.com/item.htm?b_s_f=sycm&b_spm=a21ag.29085015&id=602097991418
92,602097991418,金可儿旗舰店,金可儿护脊软硬床垫五星酒店独立袋弹簧乳胶床垫国家补贴 护脊2.0,5498.65,护脊2.0+Double【双面版】 一张床垫 两种选择,,,6498.25,10182,6.4折,平台加补后,https://detail.tmall.com/item.htm?b_s_f=sycm&b_spm=a21ag.29085015&id=602097991418
92,602097991418,金可儿旗舰店,金可儿护脊软硬床垫五星酒店独立袋弹簧乳胶床垫国家补贴 护脊2.0,5498.65,护脊双睡【20cm|双面睡感】 护脊系列 薄款选择,20,314.93,6298.5,9888,6.4折,平台加补后,https://detail.tmall.com/item.htm?b_s_f=sycm&b_spm=a21ag.29085015&id=602097991418
92,602097991418,金可儿旗舰店,金可儿护脊软硬床垫五星酒店独立袋弹簧乳胶床垫国家补贴 护脊2.0,5498.65,护脊双逸【25cm|双面睡感】 重磅新品 三区护脊,25,244.77,6119.15,9624,6.4折,平台加补后,https://detail.tmall.com/item.htm?b_s_f=sycm&b_spm=a21ag.29085015&id=602097991418
92,602097991418,金可儿旗舰店,金可儿护脊软硬床垫五星酒店独立袋弹簧乳胶床垫国家补贴 护脊2.0,5498.65,护脊3.0AIR-S【双面版床垫|5区护脊设计】 爆款升级 达人力荐,,,7198.65,11212,6.4折,平台加补后,https://detail.tmall.com/item.htm?b_s_f=sycm&b_spm=a21ag.29085015&id=602097991418
92,602097991418,金可儿旗舰店,金可儿护脊软硬床垫五星酒店独立袋弹簧乳胶床垫国家补贴 护脊2.0,5498.65,护脊3.0-S【28cm厚度|7区护脊设计】 护脊高端 系列首选,28,273.18,7649.15,11874,6.4折,平台加补后,https://detail.tmall.com/item.htm?b_s_f=sycm&b_spm=a21ag.29085015&id=602097991418
92,602097991418,金可儿旗舰店,金可儿护脊软硬床垫五星酒店独立袋弹簧乳胶床垫国家补贴 护脊2.0,5498.65,护脊4.0【31cm厚度|7区设计】 阻菌阻螨 顶奢之选,31,329.0,10199.15,15624,6.5折,平台加补后,https://detail.tmall.com/item.htm?b_s_f=sycm&b_spm=a21ag.29085015&id=602097991418
92,602097991418,金可儿旗舰店,金可儿护脊软硬床垫五星酒店独立袋弹簧乳胶床垫国家补贴 护脊2.0,5498.65,护脊2.0+搭配云梦床架【月牙灰】,,,9997.7,15328,6.5折,平台加补后,https://detail.tmall.com/item.htm?b_s_f=sycm&b_spm=a21ag.29085015&id=602097991418
92,602097991418,金可儿旗舰店,金可儿护脊软硬床垫五星酒店独立袋弹簧乳胶床垫国家补贴 护脊2.0,5498.65,护脊2.0+搭云梦床架【石墨灰】,,,9997.7,15328,6.5折,平台加补后,https://detail.tmall.com/item.htm?b_s_f=sycm&b_spm=a21ag.29085015&id=602097991418
92,602097991418,金可儿旗舰店,金可儿护脊软硬床垫五星酒店独立袋弹簧乳胶床垫国家补贴 护脊2.0,5498.65,护脊2.0搭云梦床架【月牙灰】,,,9497.9,14593,6.5折,平台加补后,https://detail.tmall.com/item.htm?b_s_f=sycm&b_spm=a21ag.29085015&id=602097991418
92,602097991418,金可儿旗舰店,金可儿护脊软硬床垫五星酒店独立袋弹簧乳胶床垫国家补贴 护脊2.0,5498.65,护脊2.0搭云梦床架【山石灰】,,,9497.9,14593,6.5折,平台加补后,https://detail.tmall.com/item.htm?b_s_f=sycm&b_spm=a21ag.29085015&id=602097991418
92,602097991418,金可儿旗舰店,金可儿护脊软硬床垫五星酒店独立袋弹簧乳胶床垫国家补贴 护脊2.0,5498.65,护脊2.0床垫+护脊床架【石墨灰】,,,8897.8,13710,6.5折,平台加补后,https://detail.tmall.com/item.htm?b_s_f=sycm&b_spm=a21ag.29085015&id=602097991418
92,602097991418,金可儿旗舰店,金可儿护脊软硬床垫五星酒店独立袋弹簧乳胶床垫国家补贴 护脊2.0,5498.65,护脊2.0床垫+护脊床架【月牙灰】,,,8897.8,13710,6.5折,平台加补后,https://detail.tmall.com/item.htm?b_s_f=sycm&b_spm=a21ag.29085015&id=602097991418
92,602097991418,金可儿旗舰店,金可儿护脊软硬床垫五星酒店独立袋弹簧乳胶床垫国家补贴 护脊2.0,5498.65,护脊2.0+床垫+护脊床架【石墨灰】,,,9397.6,14446,6.5折,平台加补后,https://detail.tmall.com/item.htm?b_s_f=sycm&b_spm=a21ag.29085015&id=602097991418
92,602097991418,金可儿旗舰店,金可儿护脊软硬床垫五星酒店独立袋弹簧乳胶床垫国家补贴 护脊2.0,5498.65,护脊2.0+床垫+护脊床架【月牙灰】,,,9397.6,14446,6.5折,平台加补后,https://detail.tmall.com/item.htm?b_s_f=sycm&b_spm=a21ag.29085015&id=602097991418
93,1027492173124,喜临门官方旗舰店,【白骑士Plus+】喜临门A类席梦思乳胶黄麻偏硬垫子三区弹簧厚床垫,2379.15,白骑士Plus+（主推升级款）【双面睡感/25CM】四重升级主卧推荐,25,105.37,2634.15,4099,6.4折,平台加补后,https://detail.tmall.com/item.htm?b_s_f=sycm&b_spm=a21ag.29085015&id=1027492173124
93,1027492173124,喜临门官方旗舰店,【白骑士Plus+】喜临门A类席梦思乳胶黄麻偏硬垫子三区弹簧厚床垫,2379.15,白骑士Plus（主推款）【双面睡感/25CM】双面可睡经典之选 千人加购,25,98.57,2464.15,3899,6.3折,平台加补后,https://detail.tmall.com/item.htm?b_s_f=sycm&b_spm=a21ag.29085015&id=1027492173124
93,1027492173124,喜临门官方旗舰店,【白骑士Plus+】喜临门A类席梦思乳胶黄麻偏硬垫子三区弹簧厚床垫,2379.15,白骑士Lite+（基础升级款）【偏硬睡感/22CM】A类面料三区舒脊,22,108.14,2379.15,3799,6.3折,平台加补后,https://detail.tmall.com/item.htm?b_s_f=sycm&b_spm=a21ag.29085015&id=1027492173124
93,1027492173124,喜临门官方旗舰店,【白骑士Plus+】喜临门A类席梦思乳胶黄麻偏硬垫子三区弹簧厚床垫,2379.15,白骑士Pros0胶（可拆洗款）【双睡感/26cm】支撑升级透气升级,26,114.39,2974.15,4499,6.6折,平台加补后,https://detail.tmall.com/item.htm?b_s_f=sycm&b_spm=a21ag.29085015&id=1027492173124
93,1027492173124,喜临门官方旗舰店,【白骑士Plus+】喜临门A类席梦思乳胶黄麻偏硬垫子三区弹簧厚床垫,2379.15,白骑士卷装（卷装款）【适中睡感/25CM】三区弹簧抑菌防螨,25,95.17,2379.15,3799,6.3折,平台加补后,https://detail.tmall.com/item.htm?b_s_f=sycm&b_spm=a21ag.29085015&id=1027492173124
94,568174570294,慕思官方旗舰店,【净棕】慕思旗舰店十大名牌天然椰棕床垫席梦慕斯榻榻米乳胶硬垫,1810.5,6cm【乳胶+椰棕】防螨面料(适中偏硬)-MCW2-016,6,409.28,2455.65,3049,8.1折,平台加补后,https://detail.tmall.com/item.htm?b_s_f=sycm&b_spm=a21ag.29085015&id=568174570294
94,568174570294,慕思官方旗舰店,【净棕】慕思旗舰店十大名牌天然椰棕床垫席梦慕斯榻榻米乳胶硬垫,1810.5,5cm【椰棕2cm】防螨面料(偏硬护脊)-MKA2-036,5,362.1,1810.5,2290,7.9折,平台加补后,https://detail.tmall.com/item.htm?b_s_f=sycm&b_spm=a21ag.29085015&id=568174570294
94,568174570294,慕思官方旗舰店,【净棕】慕思旗舰店十大名牌天然椰棕床垫席梦慕斯榻榻米乳胶硬垫,1810.5,8cm【椰棕5cm】防螨面料(偏硬护脊)-MKA2-036,8,238.85,1910.8,2408,7.9折,平台加补后,https://detail.tmall.com/item.htm?b_s_f=sycm&b_spm=a21ag.29085015&id=568174570294
94,568174570294,慕思官方旗舰店,【净棕】慕思旗舰店十大名牌天然椰棕床垫席梦慕斯榻榻米乳胶硬垫,1810.5,10cm【椰棕8cm】防螨面料(偏硬护脊)-MKA2-036,10,216.07,2160.7,2702,8.0折,平台加补后,https://detail.tmall.com/item.htm?b_s_f=sycm&b_spm=a21ag.29085015&id=568174570294
94,568174570294,慕思官方旗舰店,【净棕】慕思旗舰店十大名牌天然椰棕床垫席梦慕斯榻榻米乳胶硬垫,1810.5,5cm【竹炭椰棕】竹炭面料(偏硬)-MCW1-093,5,491.13,2455.65,3049,8.1折,平台加补后,https://detail.tmall.com/item.htm?b_s_f=sycm&b_spm=a21ag.29085015&id=568174570294
94,568174570294,慕思官方旗舰店,【净棕】慕思旗舰店十大名牌天然椰棕床垫席梦慕斯榻榻米乳胶硬垫,1810.5,8cm【竹炭椰棕】竹炭面料(偏硬)-MCW1-093,8,328.21,2625.65,3249,8.1折,平台加补后,https://detail.tmall.com/item.htm?b_s_f=sycm&b_spm=a21ag.29085015&id=568174570294
94,568174570294,慕思官方旗舰店,【净棕】慕思旗舰店十大名牌天然椰棕床垫席梦慕斯榻榻米乳胶硬垫,1810.5,12cm【竹炭椰棕】竹炭面料(偏硬)-MCW1-093,12,254.22,3050.65,3749,8.1折,平台加补后,https://detail.tmall.com/item.htm?b_s_f=sycm&b_spm=a21ag.29085015&id=568174570294
95,533678597780,雅兰官方旗舰店,【梦寐】雅兰弹簧床垫国家补贴乳胶护脊椰棕硬垫儿童家用席梦思,1749.3,梦寐3.0【双睡感/21cm】轻音抗扰·舒适支撑升级,21,111.63,2344.3,3999,5.9折,平台加补后,https://detail.tmall.com/item.htm?b_s_f=sycm&b_spm=a21ag.29085015&id=533678597780
95,533678597780,雅兰官方旗舰店,【梦寐】雅兰弹簧床垫国家补贴乳胶护脊椰棕硬垫儿童家用席梦思,1749.3,梦寐2.0【双睡感/21cm】强效支撑·舒适贴身,21,103.54,2174.3,3799,5.7折,平台加补后,https://detail.tmall.com/item.htm?b_s_f=sycm&b_spm=a21ag.29085015&id=533678597780
95,533678597780,雅兰官方旗舰店,【梦寐】雅兰弹簧床垫国家补贴乳胶护脊椰棕硬垫儿童家用席梦思,1749.3,梦寐【双睡感/15cm】优省空间·优良支撑,15,127.95,1919.3,3499,5.5折,平台加补后,https://detail.tmall.com/item.htm?b_s_f=sycm&b_spm=a21ag.29085015&id=533678597780
95,533678597780,雅兰官方旗舰店,【梦寐】雅兰弹簧床垫国家补贴乳胶护脊椰棕硬垫儿童家用席梦思,1749.3,梦寐儿童版【护脊硬睡感/13cm】适用成长全阶段,13,134.56,1749.3,2899,6.0折,平台加补后,https://detail.tmall.com/item.htm?b_s_f=sycm&b_spm=a21ag.29085015&id=533678597780
95,533678597780,雅兰官方旗舰店,【梦寐】雅兰弹簧床垫国家补贴乳胶护脊椰棕硬垫儿童家用席梦思,1749.3,梦谣【15cm独立弹簧薄垫】双面可拆洗 千人加购,15,161.95,2429.3,4099,5.9折,平台加补后,https://detail.tmall.com/item.htm?b_s_f=sycm&b_spm=a21ag.29085015&id=533678597780
95,533678597780,雅兰官方旗舰店,【梦寐】雅兰弹簧床垫国家补贴乳胶护脊椰棕硬垫儿童家用席梦思,1749.3,童谣【12cm独立弹簧薄垫】单面可拆洗,12,174.11,2089.3,3699,5.6折,平台加补后,https://detail.tmall.com/item.htm?b_s_f=sycm&b_spm=a21ag.29085015&id=533678597780
95,533678597780,雅兰官方旗舰店,【梦寐】雅兰弹簧床垫国家补贴乳胶护脊椰棕硬垫儿童家用席梦思,1749.3,【套餐】白露真皮床(珍珠白)+梦寐3.0,,,4214.3,6999,6.0折,平台加补后,https://detail.tmall.com/item.htm?b_s_f=sycm&b_spm=a21ag.29085015&id=533678597780
96,985183758776,源氏木语官方旗舰店,源氏木语0胶水床垫家用大豆纤维垫卧室独立弹簧垫麻豆Pro乳胶厚垫,4214.8,乳胶款·偏硬护脊/23CM|J161 万人加购,23,183.25,4214.8,5472,7.7折,平台加补后,https://detail.tmall.com/item.htm?b_s_f=sycm&b_spm=a21ag.29085015&id=985183758776
96,985183758776,源氏木语官方旗舰店,源氏木语0胶水床垫家用大豆纤维垫卧室独立弹簧垫麻豆Pro乳胶厚垫,4214.8,海绵款·加硬承托/23CM|J161,23,183.25,4214.8,5472,7.7折,平台加补后,https://detail.tmall.com/item.htm?b_s_f=sycm&b_spm=a21ag.29085015&id=985183758776
97,1013393968376,Hey Sleep家具旗舰店,【山隐】HEY马尾毛手工床垫0胶水软硬适中高端品牌弹簧家用厚床垫,2897.38,【软硬适中】山隐-A级舒睡版28cm厚【2kg马尾毛】 【纯手工0胶水-100天试睡】,28,120.89,3384.85,6362.85,5.3折,平台加补后,https://detail.tmall.com/item.htm?b_s_f=sycm&b_spm=a21ag.29085015&id=1013393968376
97,1013393968376,Hey Sleep家具旗舰店,【山隐】HEY马尾毛手工床垫0胶水软硬适中高端品牌弹簧家用厚床垫,2897.38,【适中偏软】山隐-A级奢睡版30cm厚【4kg马尾毛】 【纯手工0胶水-100天试睡】 千人加购,30,138.87,4166.2,7285.2,5.7折,平台加补后,https://detail.tmall.com/item.htm?b_s_f=sycm&b_spm=a21ag.29085015&id=1013393968376
97,1013393968376,Hey Sleep家具旗舰店,【山隐】HEY马尾毛手工床垫0胶水软硬适中高端品牌弹簧家用厚床垫,2897.38,【适中稍软】山隐-S级舒睡版38cm厚+顶垫【4kg马尾毛】 【纯手工0胶水-100天试睡】,38,165.67,6295.61,9798.61,6.4折,平台加补后,https://detail.tmall.com/item.htm?b_s_f=sycm&b_spm=a21ag.29085015&id=1013393968376
97,1013393968376,Hey Sleep家具旗舰店,【山隐】HEY马尾毛手工床垫0胶水软硬适中高端品牌弹簧家用厚床垫,2897.38,【偏软系列】山隐-S级奢睡版40cm厚+顶垫【6kg马尾毛】 【纯手工0胶水-100天试睡】,40,176.9,7075.96,10720.96,6.6折,平台加补后,https://detail.tmall.com/item.htm?b_s_f=sycm&b_spm=a21ag.29085015&id=1013393968376
97,1013393968376,Hey Sleep家具旗舰店,【山隐】HEY马尾毛手工床垫0胶水软硬适中高端品牌弹簧家用厚床垫,2897.38,【马尾毛顶垫】山隐-10cm厚 【纯手工0胶水-100天试睡】,10,289.74,2897.38,5786.38,5.0折,平台加补后,https://detail.tmall.com/item.htm?b_s_f=sycm&b_spm=a21ag.29085015&id=1013393968376
98,701732482427,香港海马家具国际集团有限公司,补贴15%禧海马十大压缩卷包盒子床垫家用卧室弹簧乳胶席梦官方思,505.75,禧盒D【主卧舒睡/22CM】适中,22,33.23,731,1772,4.1折,平台加补后,https://detail.tmall.com/item.htm?b_s_f=sycm&b_spm=a21ag.29085015&id=701732482427
98,701732482427,香港海马家具国际集团有限公司,补贴15%禧海马十大压缩卷包盒子床垫家用卧室弹簧乳胶席梦官方思,505.75,禧盒E2【主卧臻选/24CM】适中,24,39.99,959.65,2699,3.6折,平台加补后,https://detail.tmall.com/item.htm?b_s_f=sycm&b_spm=a21ag.29085015&id=701732482427
98,701732482427,香港海马家具国际集团有限公司,补贴15%禧海马十大压缩卷包盒子床垫家用卧室弹簧乳胶席梦官方思,505.75,禧云盒H【主卧舒睡PLUS/24CM】适中,24,45.72,1097.35,2930,3.7折,平台加补后,https://detail.tmall.com/item.htm?b_s_f=sycm&b_spm=a21ag.29085015&id=701732482427
98,701732482427,香港海马家具国际集团有限公司,补贴15%禧海马十大压缩卷包盒子床垫家用卧室弹簧乳胶席梦官方思,505.75,禧云盒I【主卧臻选PLUS/24CM】适中,24,48.77,1170.45,3053,3.8折,平台加补后,https://detail.tmall.com/item.htm?b_s_f=sycm&b_spm=a21ag.29085015&id=701732482427
98,701732482427,香港海马家具国际集团有限公司,补贴15%禧海马十大压缩卷包盒子床垫家用卧室弹簧乳胶席梦官方思,505.75,禧盒B【次卧舒睡/21CM】稍硬,21,26.19,549.95,1468,3.7折,平台加补后,https://detail.tmall.com/item.htm?b_s_f=sycm&b_spm=a21ag.29085015&id=701732482427
98,701732482427,香港海马家具国际集团有限公司,补贴15%禧海马十大压缩卷包盒子床垫家用卧室弹簧乳胶席梦官方思,505.75,禧盒F【次卧臻选/23cm】稍硬,23,41.72,959.65,2699,3.6折,平台加补后,https://detail.tmall.com/item.htm?b_s_f=sycm&b_spm=a21ag.29085015&id=701732482427
98,701732482427,香港海马家具国际集团有限公司,补贴15%禧海马十大压缩卷包盒子床垫家用卧室弹簧乳胶席梦官方思,505.75,禧盒A【客房民宿/20CM】稍软,20,25.29,505.75,1394,3.6折,平台加补后,https://detail.tmall.com/item.htm?b_s_f=sycm&b_spm=a21ag.29085015&id=701732482427
98,701732482427,香港海马家具国际集团有限公司,补贴15%禧海马十大压缩卷包盒子床垫家用卧室弹簧乳胶席梦官方思,505.75,禧盒C【缓压舒睡/22CM】稍软,22,30.06,661.3,1655,4.0折,平台加补后,https://detail.tmall.com/item.htm?b_s_f=sycm&b_spm=a21ag.29085015&id=701732482427
98,701732482427,香港海马家具国际集团有限公司,补贴15%禧海马十大压缩卷包盒子床垫家用卧室弹簧乳胶席梦官方思,505.75,禧盒E【释压深睡/24CM】中软,24,36.94,886.55,2577,3.4折,平台加补后,https://detail.tmall.com/item.htm?b_s_f=sycm&b_spm=a21ag.29085015&id=701732482427
98,701732482427,香港海马家具国际集团有限公司,补贴15%禧海马十大压缩卷包盒子床垫家用卧室弹簧乳胶席梦官方思,505.75,禧云盒G【零压独享/24CM】中软,24,42.22,1013.2,2789,3.6折,平台加补后,https://detail.tmall.com/item.htm?b_s_f=sycm&b_spm=a21ag.29085015&id=701732482427
98,701732482427,香港海马家具国际集团有限公司,补贴15%禧海马十大压缩卷包盒子床垫家用卧室弹簧乳胶席梦官方思,505.75,明禧【软硬可调/25CM】护脊魔方,25,48.89,1222.3,3140,3.9折,平台加补后,https://detail.tmall.com/item.htm?b_s_f=sycm&b_spm=a21ag.29085015&id=701732482427
99,715104818947,香港床垫家俱佛山直销,乳胶席记忆棉压缩卷包盒子梦思床垫软垫家用独立弹簧床垫名牌厚20,432.99,A柔软款（厚度20CM）实用之选 卷包发货,20,21.65,432.99,566.65,7.6折,平台加补后,https://detail.tmall.com/item.htm?b_s_f=sycm&b_spm=a21ag.29085015&id=715104818947
99,715104818947,香港床垫家俱佛山直销,乳胶席记忆棉压缩卷包盒子梦思床垫软垫家用独立弹簧床垫名牌厚20,432.99,B适中款（厚度21CM）软硬适中 卷包发货,21,23.36,490.55,632.87,7.8折,平台加补后,https://detail.tmall.com/item.htm?b_s_f=sycm&b_spm=a21ag.29085015&id=715104818947
99,715104818947,香港床垫家俱佛山直销,乳胶席记忆棉压缩卷包盒子梦思床垫软垫家用独立弹簧床垫名牌厚20,432.99,B偏硬款（厚度22CM）护脊发育 非卷包款,22,23.77,523.01,670.71,7.8折,平台加补后,https://detail.tmall.com/item.htm?b_s_f=sycm&b_spm=a21ag.29085015&id=715104818947
99,715104818947,香港床垫家俱佛山直销,乳胶席记忆棉压缩卷包盒子梦思床垫软垫家用独立弹簧床垫名牌厚20,432.99,C乳胶舒适款（厚度22CM）乳胶防螨 卷包发货,22,24.91,548.1,699.09,7.8折,平台加补后,https://detail.tmall.com/item.htm?b_s_f=sycm&b_spm=a21ag.29085015&id=715104818947
99,715104818947,香港床垫家俱佛山直销,乳胶席记忆棉压缩卷包盒子梦思床垫软垫家用独立弹簧床垫名牌厚20,432.99,D记忆绵零压款（厚度22CM）主卧推荐 卷包发货,22,29.01,638.12,803.15,7.9折,平台加补后,https://detail.tmall.com/item.htm?b_s_f=sycm&b_spm=a21ag.29085015&id=715104818947
99,715104818947,香港床垫家俱佛山直销,乳胶席记忆棉压缩卷包盒子梦思床垫软垫家用独立弹簧床垫名牌厚20,432.99,B适中款（厚度12CM）软硬适中 卷包发货,12,40.88,490.55,632.87,7.8折,平台加补后,https://detail.tmall.com/item.htm?b_s_f=sycm&b_spm=a21ag.29085015&id=715104818947
99,715104818947,香港床垫家俱佛山直销,乳胶席记忆棉压缩卷包盒子梦思床垫软垫家用独立弹簧床垫名牌厚20,432.99,B偏硬款（厚度14CM）护脊发育 非卷包款,14,37.36,523.01,670.71,7.8折,平台加补后,https://detail.tmall.com/item.htm?b_s_f=sycm&b_spm=a21ag.29085015&id=715104818947
99,715104818947,香港床垫家俱佛山直销,乳胶席记忆棉压缩卷包盒子梦思床垫软垫家用独立弹簧床垫名牌厚20,432.99,C乳胶款（厚度14CM）静音舒适 卷包发货,14,39.15,548.1,699.09,7.8折,平台加补后,https://detail.tmall.com/item.htm?b_s_f=sycm&b_spm=a21ag.29085015&id=715104818947
99,715104818947,香港床垫家俱佛山直销,乳胶席记忆棉压缩卷包盒子梦思床垫软垫家用独立弹簧床垫名牌厚20,432.99,D记忆绵款（厚度14CM）主卧推荐 卷包发货,14,45.58,638.12,803.15,7.9折,平台加补后,https://detail.tmall.com/item.htm?b_s_f=sycm&b_spm=a21ag.29085015&id=715104818947
99,715104818947,香港床垫家俱佛山直销,乳胶席记忆棉压缩卷包盒子梦思床垫软垫家用独立弹簧床垫名牌厚20,432.99,A1偏软款（厚度20CM）实用之选 卷包发货,20,21.65,432.99,566.65,7.6折,平台加补后,https://detail.tmall.com/item.htm?b_s_f=sycm&b_spm=a21ag.29085015&id=715104818947
99,715104818947,香港床垫家俱佛山直销,乳胶席记忆棉压缩卷包盒子梦思床垫软垫家用独立弹簧床垫名牌厚20,432.99,A2适中款（厚度21CM）软硬适中 卷包发货,21,23.36,490.55,632.87,7.8折,平台加补后,https://detail.tmall.com/item.htm?b_s_f=sycm&b_spm=a21ag.29085015&id=715104818947
99,715104818947,香港床垫家俱佛山直销,乳胶席记忆棉压缩卷包盒子梦思床垫软垫家用独立弹簧床垫名牌厚20,432.99,A2偏硬款（厚度22CM）椰棕护脊 非卷包款,22,23.77,523.01,670.71,7.8折,平台加补后,https://detail.tmall.com/item.htm?b_s_f=sycm&b_spm=a21ag.29085015&id=715104818947
99,715104818947,香港床垫家俱佛山直销,乳胶席记忆棉压缩卷包盒子梦思床垫软垫家用独立弹簧床垫名牌厚20,432.99,A3乳胶款（厚度22CM）舒适防螨 卷包发货,22,24.91,548.1,699.09,7.8折,平台加补后,https://detail.tmall.com/item.htm?b_s_f=sycm&b_spm=a21ag.29085015&id=715104818947
99,715104818947,香港床垫家俱佛山直销,乳胶席记忆棉压缩卷包盒子梦思床垫软垫家用独立弹簧床垫名牌厚20,432.99,A4记忆棉款（厚度22CM）主卧推荐 卷包发货,22,29.01,638.12,803.15,7.9折,平台加补后,https://detail.tmall.com/item.htm?b_s_f=sycm&b_spm=a21ag.29085015&id=715104818947
99,715104818947,香港床垫家俱佛山直销,乳胶席记忆棉压缩卷包盒子梦思床垫软垫家用独立弹簧床垫名牌厚20,432.99,A2适中款（厚度12CM）软硬适中 卷包发货,12,40.88,490.55,632.87,7.8折,平台加补后,https://detail.tmall.com/item.htm?b_s_f=sycm&b_spm=a21ag.29085015&id=715104818947
99,715104818947,香港床垫家俱佛山直销,乳胶席记忆棉压缩卷包盒子梦思床垫软垫家用独立弹簧床垫名牌厚20,432.99,A2偏硬款（厚度14CM）椰棕护脊 非卷包款,14,37.36,523.01,670.71,7.8折,平台加补后,https://detail.tmall.com/item.htm?b_s_f=sycm&b_spm=a21ag.29085015&id=715104818947
99,715104818947,香港床垫家俱佛山直销,乳胶席记忆棉压缩卷包盒子梦思床垫软垫家用独立弹簧床垫名牌厚20,432.99,A3乳胶款（厚度14CM）舒适防螨 卷包发货,14,39.15,548.1,699.09,7.8折,平台加补后,https://detail.tmall.com/item.htm?b_s_f=sycm&b_spm=a21ag.29085015&id=715104818947
99,715104818947,香港床垫家俱佛山直销,乳胶席记忆棉压缩卷包盒子梦思床垫软垫家用独立弹簧床垫名牌厚20,432.99,A4记忆棉款（厚度14CM）主卧推荐 卷包发货,14,45.58,638.12,803.15,7.9折,平台加补后,https://detail.tmall.com/item.htm?b_s_f=sycm&b_spm=a21ag.29085015&id=715104818947
100,1045264952721,全友家居官方旗舰店,【白月光H】全友家居席梦思弹簧床垫硬垫子A类面料护脊垫国家补贴,925.65,(1)白月光Pro【双面可睡/21cm】一面舒适一面护脊全家适用 万人加购,21,45.82,962.2,1640,5.9折,平台加补后,https://detail.tmall.com/item.htm?b_s_f=sycm&b_spm=a21ag.29085015&id=1045264952721
100,1045264952721,全友家居官方旗舰店,【白月光H】全友家居席梦思弹簧床垫硬垫子A类面料护脊垫国家补贴,925.65,(2)白月光Lite【睡感偏软/23cm】云柔透气适合浅睡眠人群,23,46.31,1065.05,1813,5.9折,平台加补后,https://detail.tmall.com/item.htm?b_s_f=sycm&b_spm=a21ag.29085015&id=1045264952721
100,1045264952721,全友家居官方旗舰店,【白月光H】全友家居席梦思弹簧床垫硬垫子A类面料护脊垫国家补贴,925.65,(3)白月光H【睡感中硬/23cm】硬感舒脊适合久坐党、中老年人群,23,40.25,925.65,1579,5.9折,平台加补后,https://detail.tmall.com/item.htm?b_s_f=sycm&b_spm=a21ag.29085015&id=1045264952721
100,1045264952721,全友家居官方旗舰店,【白月光H】全友家居席梦思弹簧床垫硬垫子A类面料护脊垫国家补贴,925.65,(4)白月光【软硬适中/20cm】乳胶释压适合年轻上班族,20,49.26,985.15,1679,5.9折,平台加补后,https://detail.tmall.com/item.htm?b_s_f=sycm&b_spm=a21ag.29085015&id=1045264952721
101,45688759130,大自然家具官方旗舰店,【爆款A1】大自然5A级家用山棕床垫非椰棕黄麻护脊椎可定制可拆卸,3079.55,7cm厚(山棕内芯 老少皆宜 腰痛人群使用),7,439.94,3079.55,5376,5.7折,平台加补后,https://detail.tmall.com/item.htm?b_s_f=sycm&b_spm=a21ag.29085015&id=45688759130
101,45688759130,大自然家具官方旗舰店,【爆款A1】大自然5A级家用山棕床垫非椰棕黄麻护脊椎可定制可拆卸,3079.55,13cm厚(山棕内芯 老少皆宜 腰痛人群使用),13,321.5,4179.45,7225,5.8折,平台加补后,https://detail.tmall.com/item.htm?b_s_f=sycm&b_spm=a21ag.29085015&id=45688759130
101,45688759130,大自然家具官方旗舰店,【爆款A1】大自然5A级家用山棕床垫非椰棕黄麻护脊椎可定制可拆卸,3079.55,16cm厚(山棕内芯 老少皆宜 腰痛人群使用),16,336.23,5379.65,9242,5.8折,平台加补后,https://detail.tmall.com/item.htm?b_s_f=sycm&b_spm=a21ag.29085015&id=45688759130
101,45688759130,大自然家具官方旗舰店,【爆款A1】大自然5A级家用山棕床垫非椰棕黄麻护脊椎可定制可拆卸,3079.55,19cm厚(山棕内芯 老少皆宜 腰痛人群使用),19,341.03,6479.55,11091,5.8折,平台加补后,https://detail.tmall.com/item.htm?b_s_f=sycm&b_spm=a21ag.29085015&id=45688759130
101,45688759130,大自然家具官方旗舰店,【爆款A1】大自然5A级家用山棕床垫非椰棕黄麻护脊椎可定制可拆卸,3079.55,21cm厚(山棕内芯 老少皆宜 腰痛人群使用),21,351.41,7379.7,12603,5.9折,平台加补后,https://detail.tmall.com/item.htm?b_s_f=sycm&b_spm=a21ag.29085015&id=45688759130
101,45688759130,大自然家具官方旗舰店,【爆款A1】大自然5A级家用山棕床垫非椰棕黄麻护脊椎可定制可拆卸,3079.55,A1(13CM)床垫+YM1201床具,13,552.17,7178.25,12265,5.9折,平台加补后,https://detail.tmall.com/item.htm?b_s_f=sycm&b_spm=a21ag.29085015&id=45688759130
101,45688759130,大自然家具官方旗舰店,【爆款A1】大自然5A级家用山棕床垫非椰棕黄麻护脊椎可定制可拆卸,3079.55,A1(13CM)床垫+YM1206床具,13,585.26,7608.35,12988,5.9折,平台加补后,https://detail.tmall.com/item.htm?b_s_f=sycm&b_spm=a21ag.29085015&id=45688759130
102,41233159726,乐仕家具旗舰店,棕垫天然椰棕床垫儿童硬棕榈家用1.35厚薄1.8m1.5米1.2可折叠定做,186.2,D6cm厚(织锦面料+4cm棕+0胶水+质保20年),6,31.03,186.2,380,4.9折,平台加补后,https://detail.tmall.com/item.htm?b_s_f=sycm&b_spm=a21ag.29085015&id=41233159726
102,41233159726,乐仕家具旗舰店,棕垫天然椰棕床垫儿童硬棕榈家用1.35厚薄1.8m1.5米1.2可折叠定做,186.2,升级【黄麻棕】B6cm厚(防螨针织+4cm黄麻3E棕+0胶水+质保20年),6,36.26,217.58,442,4.9折,平台加补后,https://detail.tmall.com/item.htm?b_s_f=sycm&b_spm=a21ag.29085015&id=41233159726
102,41233159726,乐仕家具旗舰店,棕垫天然椰棕床垫儿童硬棕榈家用1.35厚薄1.8m1.5米1.2可折叠定做,186.2,pro款B6cm(防螨竹炭+4cm黄麻3e棕+质保20年) 万人加购,6,46.09,276.53,547,5.1折,平台加补后,https://detail.tmall.com/item.htm?b_s_f=sycm&b_spm=a21ag.29085015&id=41233159726
102,41233159726,乐仕家具旗舰店,棕垫天然椰棕床垫儿童硬棕榈家用1.35厚薄1.8m1.5米1.2可折叠定做,186.2,升级【黄麻棕】B6cm折叠(防螨针织+4cm黄麻3E棕+0胶水+质保20年),6,37.09,222.53,447,5.0折,平台加补后,https://detail.tmall.com/item.htm?b_s_f=sycm&b_spm=a21ag.29085015&id=41233159726
102,41233159726,乐仕家具旗舰店,棕垫天然椰棕床垫儿童硬棕榈家用1.35厚薄1.8m1.5米1.2可折叠定做,186.2,升级【黄麻棕】B8cm厚(防螨针织+6cm黄麻3E棕+0胶水)质保20年,8,35.68,285.44,556,5.1折,平台加补后,https://detail.tmall.com/item.htm?b_s_f=sycm&b_spm=a21ag.29085015&id=41233159726
102,41233159726,乐仕家具旗舰店,棕垫天然椰棕床垫儿童硬棕榈家用1.35厚薄1.8m1.5米1.2可折叠定做,186.2,升级【黄麻棕】B10cm厚(防螨针织+8cm黄麻3E棕+0胶水)质保20年,10,38.34,383.45,655,5.9折,平台加补后,https://detail.tmall.com/item.htm?b_s_f=sycm&b_spm=a21ag.29085015&id=41233159726
102,41233159726,乐仕家具旗舰店,棕垫天然椰棕床垫儿童硬棕榈家用1.35厚薄1.8m1.5米1.2可折叠定做,186.2,升级【黄麻棕】B+7cm厚(防螨针织+1cm乳胶+4cm黄麻3E棕+0胶水)质保20年,7,41.48,290.39,561,5.2折,平台加补后,https://detail.tmall.com/item.htm?b_s_f=sycm&b_spm=a21ag.29085015&id=41233159726
102,41233159726,乐仕家具旗舰店,棕垫天然椰棕床垫儿童硬棕榈家用1.35厚薄1.8m1.5米1.2可折叠定做,186.2,升级【黄麻棕】B+9cm厚(防螨针织+1cm乳胶+6cm黄麻3E棕+0胶水)质保20年,9,39.64,356.72,628,5.7折,平台加补后,https://detail.tmall.com/item.htm?b_s_f=sycm&b_spm=a21ag.29085015&id=41233159726
102,41233159726,乐仕家具旗舰店,棕垫天然椰棕床垫儿童硬棕榈家用1.35厚薄1.8m1.5米1.2可折叠定做,186.2,升级【黄麻棕】B+10cm厚(防螨针织+2cm乳胶+6cm黄麻3E棕+0胶水)质保20年,10,44.38,443.84,716,6.2折,平台加补后,https://detail.tmall.com/item.htm?b_s_f=sycm&b_spm=a21ag.29085015&id=41233159726
102,41233159726,乐仕家具旗舰店,棕垫天然椰棕床垫儿童硬棕榈家用1.35厚薄1.8m1.5米1.2可折叠定做,186.2,5cm防螨抗菌(0胶水天然椰棕+软硬两用+全拆洗)20年质保,5,60.85,304.25,575,5.3折,平台加补后,https://detail.tmall.com/item.htm?b_s_f=sycm&b_spm=a21ag.29085015&id=41233159726
102,41233159726,乐仕家具旗舰店,棕垫天然椰棕床垫儿童硬棕榈家用1.35厚薄1.8m1.5米1.2可折叠定做,186.2,6cm防螨抗菌(0胶水天然椰棕+软硬两用+全拆洗)20年质保,6,56.48,338.9,610,5.6折,平台加补后,https://detail.tmall.com/item.htm?b_s_f=sycm&b_spm=a21ag.29085015&id=41233159726
102,41233159726,乐仕家具旗舰店,棕垫天然椰棕床垫儿童硬棕榈家用1.35厚薄1.8m1.5米1.2可折叠定做,186.2,8cm防螨抗菌(0胶水天然椰棕+软硬两用+全拆洗)20年质保,8,53.5,428,700,6.1折,平台加补后,https://detail.tmall.com/item.htm?b_s_f=sycm&b_spm=a21ag.29085015&id=41233159726
102,41233159726,乐仕家具旗舰店,棕垫天然椰棕床垫儿童硬棕榈家用1.35厚薄1.8m1.5米1.2可折叠定做,186.2,10cm防螨抗菌(0胶水天然椰棕+软硬两用+全拆洗)20年质保,10,49.73,497.3,770,6.5折,平台加补后,https://detail.tmall.com/item.htm?b_s_f=sycm&b_spm=a21ag.29085015&id=41233159726
102,41233159726,乐仕家具旗舰店,棕垫天然椰棕床垫儿童硬棕榈家用1.35厚薄1.8m1.5米1.2可折叠定做,186.2,12cm竹纤维(0胶水天然椰棕+软硬两用+全拆洗)20年质保,12,54.62,655.5,950,6.9折,平台加补后,https://detail.tmall.com/item.htm?b_s_f=sycm&b_spm=a21ag.29085015&id=41233159726
102,41233159726,乐仕家具旗舰店,棕垫天然椰棕床垫儿童硬棕榈家用1.35厚薄1.8m1.5米1.2可折叠定做,186.2,15cm竹纤维(0胶水天然椰棕+软硬两用+全拆洗)20年质保,15,55.67,835,1168,7.1折,平台加补后,https://detail.tmall.com/item.htm?b_s_f=sycm&b_spm=a21ag.29085015&id=41233159726
102,41233159726,乐仕家具旗舰店,棕垫天然椰棕床垫儿童硬棕榈家用1.35厚薄1.8m1.5米1.2可折叠定做,186.2,18cm竹纤维(0胶水天然椰棕+软硬两用+全拆洗)20年质保,18,56.11,1010,1343,7.5折,平台加补后,https://detail.tmall.com/item.htm?b_s_f=sycm&b_spm=a21ag.29085015&id=41233159726
102,41233159726,乐仕家具旗舰店,棕垫天然椰棕床垫儿童硬棕榈家用1.35厚薄1.8m1.5米1.2可折叠定做,186.2,C7cm3D(0胶水天然椰棕+1cm乳胶+软硬两用+全拆洗)20年质保,7,49.83,348.8,620,5.6折,平台加补后,https://detail.tmall.com/item.htm?b_s_f=sycm&b_spm=a21ag.29085015&id=41233159726
102,41233159726,乐仕家具旗舰店,棕垫天然椰棕床垫儿童硬棕榈家用1.35厚薄1.8m1.5米1.2可折叠定做,186.2,C8cm3D(0胶水天然椰棕+2cm乳胶+软硬两用+全拆洗)20年质保,8,60.8,486.41,759,6.4折,平台加补后,https://detail.tmall.com/item.htm?b_s_f=sycm&b_spm=a21ag.29085015&id=41233159726
102,41233159726,乐仕家具旗舰店,棕垫天然椰棕床垫儿童硬棕榈家用1.35厚薄1.8m1.5米1.2可折叠定做,186.2,C10cm3D(0胶水天然椰棕+2cm乳胶+软硬两用+全拆洗)20年质保,10,61.79,617.88,912,6.8折,平台加补后,https://detail.tmall.com/item.htm?b_s_f=sycm&b_spm=a21ag.29085015&id=41233159726
102,41233159726,乐仕家具旗舰店,棕垫天然椰棕床垫儿童硬棕榈家用1.35厚薄1.8m1.5米1.2可折叠定做,186.2,C12cm3D(0胶水天然椰棕+2cm乳胶+软硬两用+全拆洗)20年质保,12,56.08,673,1005,6.7折,平台加补后,https://detail.tmall.com/item.htm?b_s_f=sycm&b_spm=a21ag.29085015&id=41233159726
102,41233159726,乐仕家具旗舰店,棕垫天然椰棕床垫儿童硬棕榈家用1.35厚薄1.8m1.5米1.2可折叠定做,186.2,10cm双层(0胶水天然椰棕+2cm乳胶+软硬两用+全拆洗)20年质保,10,100.2,1002,1335,7.5折,平台加补后,https://detail.tmall.com/item.htm?b_s_f=sycm&b_spm=a21ag.29085015&id=41233159726
102,41233159726,乐仕家具旗舰店,棕垫天然椰棕床垫儿童硬棕榈家用1.35厚薄1.8m1.5米1.2可折叠定做,186.2,12cm双层(0胶水天然椰棕+2cm乳胶+软硬两用+全拆洗)20年质保,12,104.67,1256,1638,7.7折,平台加补后,https://detail.tmall.com/item.htm?b_s_f=sycm&b_spm=a21ag.29085015&id=41233159726
102,41233159726,乐仕家具旗舰店,棕垫天然椰棕床垫儿童硬棕榈家用1.35厚薄1.8m1.5米1.2可折叠定做,186.2,15cm双层(0胶水天然椰棕+2cm乳胶+软硬两用+全拆洗)20年质保,15,96.27,1444,1920,7.5折,平台加补后,https://detail.tmall.com/item.htm?b_s_f=sycm&b_spm=a21ag.29085015&id=41233159726
102,41233159726,乐仕家具旗舰店,棕垫天然椰棕床垫儿童硬棕榈家用1.35厚薄1.8m1.5米1.2可折叠定做,186.2,D学生儿童宿舍床垫护脊高密度款5cm（高密度0胶水净味棕+耐磨面料）,5,42.33,211.64,436,4.9折,平台加补后,https://detail.tmall.com/item.htm?b_s_f=sycm&b_spm=a21ag.29085015&id=41233159726
102,41233159726,乐仕家具旗舰店,棕垫天然椰棕床垫儿童硬棕榈家用1.35厚薄1.8m1.5米1.2可折叠定做,186.2,D6cm高密度款（织锦面料+高密度0胶水天然椰棕）,6,35.27,211.64,436,4.9折,平台加补后,https://detail.tmall.com/item.htm?b_s_f=sycm&b_spm=a21ag.29085015&id=41233159726
102,41233159726,乐仕家具旗舰店,棕垫天然椰棕床垫儿童硬棕榈家用1.35厚薄1.8m1.5米1.2可折叠定做,186.2,升级【黄麻棕】D款D6cm厚(织锦面料+4cm黄麻3E棕+0胶水),6,35.44,212.63,437,4.9折,平台加补后,https://detail.tmall.com/item.htm?b_s_f=sycm&b_spm=a21ag.29085015&id=41233159726
102,41233159726,乐仕家具旗舰店,棕垫天然椰棕床垫儿童硬棕榈家用1.35厚薄1.8m1.5米1.2可折叠定做,186.2,pro+款B7cm(防螨竹炭+1cm乳胶+4cm黄麻3e棕+质保20年),7,43.32,303.26,574,5.3折,平台加补后,https://detail.tmall.com/item.htm?b_s_f=sycm&b_spm=a21ag.29085015&id=41233159726
102,41233159726,乐仕家具旗舰店,棕垫天然椰棕床垫儿童硬棕榈家用1.35厚薄1.8m1.5米1.2可折叠定做,186.2,pro款B8cm(防螨竹炭+6cm黄麻3e棕+质保20年),8,42.12,336.92,608,5.5折,平台加补后,https://detail.tmall.com/item.htm?b_s_f=sycm&b_spm=a21ag.29085015&id=41233159726
102,41233159726,乐仕家具旗舰店,棕垫天然椰棕床垫儿童硬棕榈家用1.35厚薄1.8m1.5米1.2可折叠定做,186.2,pro+款B9cm(防螨竹炭+1cm乳胶+6cm黄麻3e棕+质保20年),9,44.92,404.24,676,6.0折,平台加补后,https://detail.tmall.com/item.htm?b_s_f=sycm&b_spm=a21ag.29085015&id=41233159726
102,41233159726,乐仕家具旗舰店,棕垫天然椰棕床垫儿童硬棕榈家用1.35厚薄1.8m1.5米1.2可折叠定做,186.2,pro款B10cm(防螨竹炭+8cm黄麻3e棕+质保20年),10,43.49,434.93,707,6.2折,平台加补后,https://detail.tmall.com/item.htm?b_s_f=sycm&b_spm=a21ag.29085015&id=41233159726
102,41233159726,乐仕家具旗舰店,棕垫天然椰棕床垫儿童硬棕榈家用1.35厚薄1.8m1.5米1.2可折叠定做,186.2,pro+款B11cm(防螨竹炭+1cm乳胶+8cm黄麻3e棕+质保20年),11,43.95,483.44,756,6.4折,平台加补后,https://detail.tmall.com/item.htm?b_s_f=sycm&b_spm=a21ag.29085015&id=41233159726
103,697411560199,香港海马集团商城企业店,记忆棉乳胶独立弹簧床垫卷包压缩盒子席梦海思马拆洗家用卧室软硬,492.15,A柔软款 厚≈20CM 实用之选,20,24.61,492.15,788,6.2折,平台加补后,https://detail.tmall.com/item.htm?b_s_f=sycm&b_spm=a21ag.29085015&id=697411560199
103,697411560199,香港海马集团商城企业店,记忆棉乳胶独立弹簧床垫卷包压缩盒子席梦海思马拆洗家用卧室软硬,492.15,B偏硬款 厚≈21CM 护脊发育,21,25.86,543.15,858,6.3折,平台加补后,https://detail.tmall.com/item.htm?b_s_f=sycm&b_spm=a21ag.29085015&id=697411560199
103,697411560199,香港海马集团商城企业店,记忆棉乳胶独立弹簧床垫卷包压缩盒子席梦海思马拆洗家用卧室软硬,492.15,C静音舒适款 厚≈22CM 静音享受（热销款♚）,22,29.17,641.75,1159,5.5折,平台加补后,https://detail.tmall.com/item.htm?b_s_f=sycm&b_spm=a21ag.29085015&id=697411560199
103,697411560199,香港海马集团商城企业店,记忆棉乳胶独立弹簧床垫卷包压缩盒子席梦海思马拆洗家用卧室软硬,492.15,D慢回弹支撑款 厚≈22CM 主卧首选（热销款♚）,22,31.02,682.55,1228,5.6折,平台加补后,https://detail.tmall.com/item.htm?b_s_f=sycm&b_spm=a21ag.29085015&id=697411560199
103,697411560199,香港海马集团商城企业店,记忆棉乳胶独立弹簧床垫卷包压缩盒子席梦海思马拆洗家用卧室软硬,492.15,E豪华酒店款 厚≈24CM 星级酒店享受,24,32.19,772.65,1388,5.6折,平台加补后,https://detail.tmall.com/item.htm?b_s_f=sycm&b_spm=a21ag.29085015&id=697411560199
103,697411560199,香港海马集团商城企业店,记忆棉乳胶独立弹簧床垫卷包压缩盒子席梦海思马拆洗家用卧室软硬,492.15,E2卧室首选款 厚≈24CM 双面睡感软硬兼备,24,33.11,794.75,1418,5.6折,平台加补后,https://detail.tmall.com/item.htm?b_s_f=sycm&b_spm=a21ag.29085015&id=697411560199
103,697411560199,香港海马集团商城企业店,记忆棉乳胶独立弹簧床垫卷包压缩盒子席梦海思马拆洗家用卧室软硬,492.15,F空气纤维POE旗舰款偏硬 厚≈23CM 透气强支撑,23,42.35,974.1,1666,5.8折,平台加补后,https://detail.tmall.com/item.htm?b_s_f=sycm&b_spm=a21ag.29085015&id=697411560199
103,697411560199,香港海马集团商城企业店,记忆棉乳胶独立弹簧床垫卷包压缩盒子席梦海思马拆洗家用卧室软硬,492.15,G全拆水洗透气凝胶记忆棉 厚度22CM 主卧首选（热销款♚）,22,34.46,758.2,1368,5.5折,平台加补后,https://detail.tmall.com/item.htm?b_s_f=sycm&b_spm=a21ag.29085015&id=697411560199
103,697411560199,香港海马集团商城企业店,记忆棉乳胶独立弹簧床垫卷包压缩盒子席梦海思马拆洗家用卧室软硬,492.15,H全拆水洗高密支撑海绵厚度22CM 护脊必备,22,32.84,722.5,1318,5.5折,平台加补后,https://detail.tmall.com/item.htm?b_s_f=sycm&b_spm=a21ag.29085015&id=697411560199
103,697411560199,香港海马集团商城企业店,记忆棉乳胶独立弹簧床垫卷包压缩盒子席梦海思马拆洗家用卧室软硬,492.15,I全拆水洗可切换软硬睡感25CM 软硬兼备（热销款♚）,25,44.78,1119.45,1868,6.0折,平台加补后,https://detail.tmall.com/item.htm?b_s_f=sycm&b_spm=a21ag.29085015&id=697411560199
104,823199668749,栖作官方旗舰店,栖作奇遇黄麻床垫儿童小硬垫子可拆洗榻榻米折叠床垫薄垫软加硬,1581.85,【6cm】0胶黄麻薄垫lite （推荐软床加硬/塌陷老床垫改善,6,263.64,1581.85,2319,6.8折,平台加补后,https://detail.tmall.com/item.htm?b_s_f=sycm&b_spm=a21ag.29085015&id=823199668749
104,823199668749,栖作官方旗舰店,栖作奇遇黄麻床垫儿童小硬垫子可拆洗榻榻米折叠床垫薄垫软加硬,1581.85,【9cm】0胶小弹簧薄垫 （五星级酒店睡感）,9,193.52,1741.65,2860,6.1折,平台加补后,https://detail.tmall.com/item.htm?b_s_f=sycm&b_spm=a21ag.29085015&id=823199668749
105,704475125539,海马亦言床垫企业店,海马亦言国家补贴儿童床垫家用0胶水薄款独立弹簧软硬12/15CM定制,551.65,柔软款【厚度约12CM】独立弹簧+高弹棉,12,58.37,700.4,999,7.0折,平台加补后,https://detail.tmall.com/item.htm?b_s_f=sycm&b_spm=a21ag.29085015&id=704475125539
105,704475125539,海马亦言床垫企业店,海马亦言国家补贴儿童床垫家用0胶水薄款独立弹簧软硬12/15CM定制,551.65,偏硬款【厚度约12CM】加密独立弹簧+硬感棉,12,63.4,760.75,1097,6.9折,平台加补后,https://detail.tmall.com/item.htm?b_s_f=sycm&b_spm=a21ag.29085015&id=704475125539
105,704475125539,海马亦言床垫企业店,海马亦言国家补贴儿童床垫家用0胶水薄款独立弹簧软硬12/15CM定制,551.65,静音舒适款【厚度约12CM】独立弹簧+2CM乳胶棉,12,69.63,835.55,1237,6.8折,平台加补后,https://detail.tmall.com/item.htm?b_s_f=sycm&b_spm=a21ag.29085015&id=704475125539
105,704475125539,海马亦言床垫企业店,海马亦言国家补贴儿童床垫家用0胶水薄款独立弹簧软硬12/15CM定制,551.65,零压舒适款【厚度约12CM】独立弹簧+2CM记忆棉,12,91.87,1102.45,1594,6.9折,平台加补后,https://detail.tmall.com/item.htm?b_s_f=sycm&b_spm=a21ag.29085015&id=704475125539
105,704475125539,海马亦言床垫企业店,海马亦言国家补贴儿童床垫家用0胶水薄款独立弹簧软硬12/15CM定制,551.65,柔软款【厚度约15CM】独立弹簧+高弹棉,15,46.69,700.4,999,7.0折,平台加补后,https://detail.tmall.com/item.htm?b_s_f=sycm&b_spm=a21ag.29085015&id=704475125539
105,704475125539,海马亦言床垫企业店,海马亦言国家补贴儿童床垫家用0胶水薄款独立弹簧软硬12/15CM定制,551.65,偏硬款【厚度约15CM】加密独立弹簧+硬感棉,15,50.72,760.75,1097,6.9折,平台加补后,https://detail.tmall.com/item.htm?b_s_f=sycm&b_spm=a21ag.29085015&id=704475125539
105,704475125539,海马亦言床垫企业店,海马亦言国家补贴儿童床垫家用0胶水薄款独立弹簧软硬12/15CM定制,551.65,静音舒适款【厚度约15CM】独立弹簧+2CM乳胶棉,15,55.7,835.55,1237,6.8折,平台加补后,https://detail.tmall.com/item.htm?b_s_f=sycm&b_spm=a21ag.29085015&id=704475125539
105,704475125539,海马亦言床垫企业店,海马亦言国家补贴儿童床垫家用0胶水薄款独立弹簧软硬12/15CM定制,551.65,零压舒适款【厚度约15CM】独立弹簧+2CM记忆棉,15,73.5,1102.45,1594,6.9折,平台加补后,https://detail.tmall.com/item.htm?b_s_f=sycm&b_spm=a21ag.29085015&id=704475125539
105,704475125539,海马亦言床垫企业店,海马亦言国家补贴儿童床垫家用0胶水薄款独立弹簧软硬12/15CM定制,551.65,柔软款【厚度约20CM】独立弹簧+高弹棉,20,34.89,697.85,1013,6.9折,平台加补后,https://detail.tmall.com/item.htm?b_s_f=sycm&b_spm=a21ag.29085015&id=704475125539
105,704475125539,海马亦言床垫企业店,海马亦言国家补贴儿童床垫家用0胶水薄款独立弹簧软硬12/15CM定制,551.65,偏硬款（厚度约20CM）加密独立弹簧+硬感棉 万人加购,20,38.55,770.95,1111,6.9折,平台加补后,https://detail.tmall.com/item.htm?b_s_f=sycm&b_spm=a21ag.29085015&id=704475125539
105,704475125539,海马亦言床垫企业店,海马亦言国家补贴儿童床垫家用0胶水薄款独立弹簧软硬12/15CM定制,551.65,静音舒适款（厚度约22CM）独立弹簧+2CM乳胶棉,22,42.38,932.45,1367,6.8折,平台加补后,https://detail.tmall.com/item.htm?b_s_f=sycm&b_spm=a21ag.29085015&id=704475125539
105,704475125539,海马亦言床垫企业店,海马亦言国家补贴儿童床垫家用0胶水薄款独立弹簧软硬12/15CM定制,551.65,零压舒适款（厚度约22CM）独立弹簧+2CM记忆棉,22,50.61,1113.5,1608,6.9折,平台加补后,https://detail.tmall.com/item.htm?b_s_f=sycm&b_spm=a21ag.29085015&id=704475125539
105,704475125539,海马亦言床垫企业店,海马亦言国家补贴儿童床垫家用0胶水薄款独立弹簧软硬12/15CM定制,551.65,升级版-偏硬护脊款【厚度约9CM】加密独立弹簧+2CM竹炭护脊棉,9,135.53,1219.75,1751,7.0折,平台加补后,https://detail.tmall.com/item.htm?b_s_f=sycm&b_spm=a21ag.29085015&id=704475125539
105,704475125539,海马亦言床垫企业店,海马亦言国家补贴儿童床垫家用0胶水薄款独立弹簧软硬12/15CM定制,551.65,升级版-缓脊款【厚度约9CM】独立弹簧+2CM记忆棉,9,123.34,1110.1,1604,6.9折,平台加补后,https://detail.tmall.com/item.htm?b_s_f=sycm&b_spm=a21ag.29085015&id=704475125539
105,704475125539,海马亦言床垫企业店,海马亦言国家补贴儿童床垫家用0胶水薄款独立弹簧软硬12/15CM定制,551.65,升级版-舒脊款【厚度约9CM】独立弹簧+2CM乳胶棉,9,111.16,1000.45,1457,6.9折,平台加补后,https://detail.tmall.com/item.htm?b_s_f=sycm&b_spm=a21ag.29085015&id=704475125539
105,704475125539,海马亦言床垫企业店,海马亦言国家补贴儿童床垫家用0胶水薄款独立弹簧软硬12/15CM定制,551.65,升级版-偏硬款【厚度约22CM】加密独立弹簧+2CM竹炭护脊棉,22,63.52,1397.4,2028,6.9折,平台加补后,https://detail.tmall.com/item.htm?b_s_f=sycm&b_spm=a21ag.29085015&id=704475125539
105,704475125539,海马亦言床垫企业店,海马亦言国家补贴儿童床垫家用0胶水薄款独立弹簧软硬12/15CM定制,551.65,升级版-舒脊款【厚度约22CM】独立弹簧+2CM乳胶棉,22,52.39,1152.6,1661,6.9折,平台加补后,https://detail.tmall.com/item.htm?b_s_f=sycm&b_spm=a21ag.29085015&id=704475125539
105,704475125539,海马亦言床垫企业店,海马亦言国家补贴儿童床垫家用0胶水薄款独立弹簧软硬12/15CM定制,551.65,升级版-缓脊款【厚度约22CM】独立弹簧+2CM记忆棉,22,59.89,1317.5,1881,7.0折,平台加补后,https://detail.tmall.com/item.htm?b_s_f=sycm&b_spm=a21ag.29085015&id=704475125539
105,704475125539,海马亦言床垫企业店,海马亦言国家补贴儿童床垫家用0胶水薄款独立弹簧软硬12/15CM定制,551.65,【定制请咨询客服】,15,36.78,551.65,800,6.9折,平台加补后,https://detail.tmall.com/item.htm?b_s_f=sycm&b_spm=a21ag.29085015&id=704475125539
106,1066888440277,佰舒顿BOIRSDOL家具,席梦思床垫1米5家用卧室独立弹簧厚20cm乳胶软垫180x200租房专用,340.42,特惠款:防螨抑菌+加密整网簧 20cm适中,20,17.02,340.42,429,7.9折,平台加补后,https://detail.tmall.com/item.htm?b_s_f=sycm&b_spm=a21ag.29085015&id=1066888440277
106,1066888440277,佰舒顿BOIRSDOL家具,席梦思床垫1米5家用卧室独立弹簧厚20cm乳胶软垫180x200租房专用,340.42,特惠款:防螨抑菌+加密整网簧+3E棕 22cm偏硬,22,19.09,420,524,8.0折,平台加补后,https://detail.tmall.com/item.htm?b_s_f=sycm&b_spm=a21ag.29085015&id=1066888440277
106,1066888440277,佰舒顿BOIRSDOL家具,席梦思床垫1米5家用卧室独立弹簧厚20cm乳胶软垫180x200租房专用,340.42,特惠款:防螨抑菌+加密整网簧+乳胶 22cm偏软,22,19.09,420,524,8.0折,平台加补后,https://detail.tmall.com/item.htm?b_s_f=sycm&b_spm=a21ag.29085015&id=1066888440277
106,1066888440277,佰舒顿BOIRSDOL家具,席梦思床垫1米5家用卧室独立弹簧厚20cm乳胶软垫180x200租房专用,340.42,实用款:防螨抑菌+碳钢加固簧 20cm适中,20,18.78,375.58,471,8.0折,平台加补后,https://detail.tmall.com/item.htm?b_s_f=sycm&b_spm=a21ag.29085015&id=1066888440277
106,1066888440277,佰舒顿BOIRSDOL家具,席梦思床垫1米5家用卧室独立弹簧厚20cm乳胶软垫180x200租房专用,340.42,实用款:防螨抑菌+碳钢加固簧+3E棕 22cm偏硬,22,19.73,434,541,8.0折,平台加补后,https://detail.tmall.com/item.htm?b_s_f=sycm&b_spm=a21ag.29085015&id=1066888440277
106,1066888440277,佰舒顿BOIRSDOL家具,席梦思床垫1米5家用卧室独立弹簧厚20cm乳胶软垫180x200租房专用,340.42,实用款:防螨抑菌+碳钢加固簧+乳胶 22cm偏软,22,19.73,434,541,8.0折,平台加补后,https://detail.tmall.com/item.htm?b_s_f=sycm&b_spm=a21ag.29085015&id=1066888440277
106,1066888440277,佰舒顿BOIRSDOL家具,席梦思床垫1米5家用卧室独立弹簧厚20cm乳胶软垫180x200租房专用,340.42,弹簧新升级❤️:防螨抑菌+独立静音簧 20cm适中 店长主推,20,20.0,400,500,8.0折,平台加补后,https://detail.tmall.com/item.htm?b_s_f=sycm&b_spm=a21ag.29085015&id=1066888440277
106,1066888440277,佰舒顿BOIRSDOL家具,席梦思床垫1米5家用卧室独立弹簧厚20cm乳胶软垫180x200租房专用,340.42,弹簧新升级❤️:防螨抑菌+独立静音簧 +3E棕 22cm偏硬,22,20.23,445,553,8.0折,平台加补后,https://detail.tmall.com/item.htm?b_s_f=sycm&b_spm=a21ag.29085015&id=1066888440277
106,1066888440277,佰舒顿BOIRSDOL家具,席梦思床垫1米5家用卧室独立弹簧厚20cm乳胶软垫180x200租房专用,340.42,弹簧新升级❤️:防螨抑菌+独立静音簧 +乳胶 22cm偏软,22,20.23,445,553,8.0折,平台加补后,https://detail.tmall.com/item.htm?b_s_f=sycm&b_spm=a21ag.29085015&id=1066888440277
106,1066888440277,佰舒顿BOIRSDOL家具,席梦思床垫1米5家用卧室独立弹簧厚20cm乳胶软垫180x200租房专用,340.42,弹簧新升级❤️:防螨抑菌+独立静音簧 +棕乳胶 23cm两用,23,21.52,495,612,8.1折,平台加补后,https://detail.tmall.com/item.htm?b_s_f=sycm&b_spm=a21ag.29085015&id=1066888440277
106,1066888440277,佰舒顿BOIRSDOL家具,席梦思床垫1米5家用卧室独立弹簧厚20cm乳胶软垫180x200租房专用,340.42,家用首选❤️:3D透气+尊贵布袋簧 20cm适中,20,32.45,649,794,8.2折,平台加补后,https://detail.tmall.com/item.htm?b_s_f=sycm&b_spm=a21ag.29085015&id=1066888440277
106,1066888440277,佰舒顿BOIRSDOL家具,席梦思床垫1米5家用卧室独立弹簧厚20cm乳胶软垫180x200租房专用,340.42,家用首选❤️:3D透气+尊贵布袋簧+3E棕 22cm偏硬,22,31.82,700,853,8.2折,平台加补后,https://detail.tmall.com/item.htm?b_s_f=sycm&b_spm=a21ag.29085015&id=1066888440277
106,1066888440277,佰舒顿BOIRSDOL家具,席梦思床垫1米5家用卧室独立弹簧厚20cm乳胶软垫180x200租房专用,340.42,家用首选❤️:3D透气+尊贵布袋簧+乳胶 22cm偏软,22,31.82,700,853,8.2折,平台加补后,https://detail.tmall.com/item.htm?b_s_f=sycm&b_spm=a21ag.29085015&id=1066888440277
106,1066888440277,佰舒顿BOIRSDOL家具,席梦思床垫1米5家用卧室独立弹簧厚20cm乳胶软垫180x200租房专用,340.42,家用首选❤️:3D透气+尊贵布袋簧+棕乳胶 23cm双面,23,35.17,809,982,8.2折,平台加补后,https://detail.tmall.com/item.htm?b_s_f=sycm&b_spm=a21ag.29085015&id=1066888440277
106,1066888440277,佰舒顿BOIRSDOL家具,席梦思床垫1米5家用卧室独立弹簧厚20cm乳胶软垫180x200租房专用,340.42,特惠款:亲肤透气+加密整网簧 20cm适中,20,17.02,340.42,429,7.9折,平台加补后,https://detail.tmall.com/item.htm?b_s_f=sycm&b_spm=a21ag.29085015&id=1066888440277
106,1066888440277,佰舒顿BOIRSDOL家具,席梦思床垫1米5家用卧室独立弹簧厚20cm乳胶软垫180x200租房专用,340.42,特惠款:亲肤透气+加密整网簧+乳胶 22cm偏软,22,19.09,420,524,8.0折,平台加补后,https://detail.tmall.com/item.htm?b_s_f=sycm&b_spm=a21ag.29085015&id=1066888440277
106,1066888440277,佰舒顿BOIRSDOL家具,席梦思床垫1米5家用卧室独立弹簧厚20cm乳胶软垫180x200租房专用,340.42,特惠款:亲肤透气+加密整网簧+3E棕 22cm偏硬,22,19.09,420,524,8.0折,平台加补后,https://detail.tmall.com/item.htm?b_s_f=sycm&b_spm=a21ag.29085015&id=1066888440277
106,1066888440277,佰舒顿BOIRSDOL家具,席梦思床垫1米5家用卧室独立弹簧厚20cm乳胶软垫180x200租房专用,340.42,实用款:亲肤透气+碳钢加固簧 20cm适中,20,18.78,375.58,471,8.0折,平台加补后,https://detail.tmall.com/item.htm?b_s_f=sycm&b_spm=a21ag.29085015&id=1066888440277
106,1066888440277,佰舒顿BOIRSDOL家具,席梦思床垫1米5家用卧室独立弹簧厚20cm乳胶软垫180x200租房专用,340.42,实用款:亲肤透气+碳钢加固簧+乳胶 22cm偏软,22,19.73,434,541,8.0折,平台加补后,https://detail.tmall.com/item.htm?b_s_f=sycm&b_spm=a21ag.29085015&id=1066888440277
106,1066888440277,佰舒顿BOIRSDOL家具,席梦思床垫1米5家用卧室独立弹簧厚20cm乳胶软垫180x200租房专用,340.42,实用款:亲肤透气+碳钢加固簧+3E棕 22cm偏硬,22,19.73,434,541,8.0折,平台加补后,https://detail.tmall.com/item.htm?b_s_f=sycm&b_spm=a21ag.29085015&id=1066888440277
106,1066888440277,佰舒顿BOIRSDOL家具,席梦思床垫1米5家用卧室独立弹簧厚20cm乳胶软垫180x200租房专用,340.42,弹簧新升级❤️:亲肤透气+独立静音簧 20cm适中,20,20.0,400,500,8.0折,平台加补后,https://detail.tmall.com/item.htm?b_s_f=sycm&b_spm=a21ag.29085015&id=1066888440277
106,1066888440277,佰舒顿BOIRSDOL家具,席梦思床垫1米5家用卧室独立弹簧厚20cm乳胶软垫180x200租房专用,340.42,弹簧新升级❤️:亲肤透气+独立静音 +乳胶 22cm偏软,22,20.23,445,553,8.0折,平台加补后,https://detail.tmall.com/item.htm?b_s_f=sycm&b_spm=a21ag.29085015&id=1066888440277
106,1066888440277,佰舒顿BOIRSDOL家具,席梦思床垫1米5家用卧室独立弹簧厚20cm乳胶软垫180x200租房专用,340.42,弹簧新升级❤️:亲肤透气+独立静音 +3E棕 22cm偏硬,22,20.23,445,553,8.0折,平台加补后,https://detail.tmall.com/item.htm?b_s_f=sycm&b_spm=a21ag.29085015&id=1066888440277
106,1066888440277,佰舒顿BOIRSDOL家具,席梦思床垫1米5家用卧室独立弹簧厚20cm乳胶软垫180x200租房专用,340.42,弹簧新升级❤️:亲肤透气+独立静音 +棕乳胶 23cm两用,23,21.52,495,612,8.1折,平台加补后,https://detail.tmall.com/item.htm?b_s_f=sycm&b_spm=a21ag.29085015&id=1066888440277
107,984167511186,帕沙曼官方旗舰店,帕沙曼 独立弹簧床垫家用儿童床垫180x200乳胶黄麻床垫护脊席梦思,815.15,【A款微硬丨23cm厚】DC动态护脊棉+圆网精钢弹簧（Z0051）,23,36.18,832.15,1413,5.9折,平台加补后,https://detail.tmall.com/item.htm?b_s_f=sycm&b_spm=a21ag.29085015&id=984167511186
107,984167511186,帕沙曼官方旗舰店,帕沙曼 独立弹簧床垫家用儿童床垫180x200乳胶黄麻床垫护脊席梦思,815.15,【H款偏硬丨23cm厚】0胶护脊黄麻棕+圆网精钢弹簧(Z0051),23,35.44,815.15,1385,5.9折,平台加补后,https://detail.tmall.com/item.htm?b_s_f=sycm&b_spm=a21ag.29085015&id=984167511186
107,984167511186,帕沙曼官方旗舰店,帕沙曼 独立弹簧床垫家用儿童床垫180x200乳胶黄麻床垫护脊席梦思,815.15,【B款偏硬丨23cm厚】0胶护脊黄麻棕+静音独立袋装弹簧（Z0051）,23,40.02,920.55,1563,5.9折,平台加补后,https://detail.tmall.com/item.htm?b_s_f=sycm&b_spm=a21ag.29085015&id=984167511186
107,984167511186,帕沙曼官方旗舰店,帕沙曼 独立弹簧床垫家用儿童床垫180x200乳胶黄麻床垫护脊席梦思,815.15,【C款适中丨23cm厚】天然乳胶+静音独立袋装弹簧（Z0051）,23,48.52,1116.05,1891,5.9折,平台加补后,https://detail.tmall.com/item.htm?b_s_f=sycm&b_spm=a21ag.29085015&id=984167511186
107,984167511186,帕沙曼官方旗舰店,帕沙曼 独立弹簧床垫家用儿童床垫180x200乳胶黄麻床垫护脊席梦思,815.15,【D款偏软丨23cm厚】波浪记忆棉+静音独立袋装弹簧（Z0051） 千人加购,23,51.92,1194.25,2023,5.9折,平台加补后,https://detail.tmall.com/item.htm?b_s_f=sycm&b_spm=a21ag.29085015&id=984167511186
107,984167511186,帕沙曼官方旗舰店,帕沙曼 独立弹簧床垫家用儿童床垫180x200乳胶黄麻床垫护脊席梦思,815.15,【E款适中/偏硬（正反两用）丨23cm厚】乳胶+静音独立弹簧+0胶护脊黄麻棕（Z0051）,23,56.06,1289.45,2183,5.9折,平台加补后,https://detail.tmall.com/item.htm?b_s_f=sycm&b_spm=a21ag.29085015&id=984167511186
107,984167511186,帕沙曼官方旗舰店,帕沙曼 独立弹簧床垫家用儿童床垫180x200乳胶黄麻床垫护脊席梦思,815.15,【F款软糯深睡（五星酒店）丨25cm厚】七区独立弹簧+乳胶+慢回弹记忆棉（Z0053）,25,60.66,1516.4,2564,5.9折,平台加补后,https://detail.tmall.com/item.htm?b_s_f=sycm&b_spm=a21ag.29085015&id=984167511186
107,984167511186,帕沙曼官方旗舰店,帕沙曼 独立弹簧床垫家用儿童床垫180x200乳胶黄麻床垫护脊席梦思,815.15,【G款6睡感可调丨25cm厚】0胶独袋弹簧+3D科技层+乳胶+记忆棉（Z0013）,25,82.96,2074,3500,5.9折,平台加补后,https://detail.tmall.com/item.htm?b_s_f=sycm&b_spm=a21ag.29085015&id=984167511186
107,984167511186,帕沙曼官方旗舰店,帕沙曼 独立弹簧床垫家用儿童床垫180x200乳胶黄麻床垫护脊席梦思,815.15,现货速发【A款丨23cm厚】DC动态护脊棉+圆网精钢弹簧（Z0051）,23,36.18,832.15,1413,5.9折,平台加补后,https://detail.tmall.com/item.htm?b_s_f=sycm&b_spm=a21ag.29085015&id=984167511186
107,984167511186,帕沙曼官方旗舰店,帕沙曼 独立弹簧床垫家用儿童床垫180x200乳胶黄麻床垫护脊席梦思,815.15,现货速发【B款丨23cm厚】0胶护脊黄麻棕+静音独立袋装弹簧（Z0051）,23,40.02,920.55,1563,5.9折,平台加补后,https://detail.tmall.com/item.htm?b_s_f=sycm&b_spm=a21ag.29085015&id=984167511186
107,984167511186,帕沙曼官方旗舰店,帕沙曼 独立弹簧床垫家用儿童床垫180x200乳胶黄麻床垫护脊席梦思,815.15,现货速发【C款丨23cm厚】天然乳胶+静音独立袋装弹簧（Z0051）,23,48.52,1116.05,1891,5.9折,平台加补后,https://detail.tmall.com/item.htm?b_s_f=sycm&b_spm=a21ag.29085015&id=984167511186
107,984167511186,帕沙曼官方旗舰店,帕沙曼 独立弹簧床垫家用儿童床垫180x200乳胶黄麻床垫护脊席梦思,815.15,现货速发【D款丨23cm厚】波浪记忆棉+静音独立袋装弹簧（Z0051）,23,51.92,1194.25,2023,5.9折,平台加补后,https://detail.tmall.com/item.htm?b_s_f=sycm&b_spm=a21ag.29085015&id=984167511186
107,984167511186,帕沙曼官方旗舰店,帕沙曼 独立弹簧床垫家用儿童床垫180x200乳胶黄麻床垫护脊席梦思,815.15,现货速发【E款（正反两用）丨23cm厚】乳胶+静音独立弹簧+0胶护脊黄麻棕（Z0051）,23,56.06,1289.45,2183,5.9折,平台加补后,https://detail.tmall.com/item.htm?b_s_f=sycm&b_spm=a21ag.29085015&id=984167511186
108,559960280555,海德兰床垫品牌店,海德兰天然椰棕榈床垫儿童护腰护脊硬棕垫家用0胶水薄乳胶可定制,391,A款6cm偏硬=3cm无胶3E椰棕+防螨针织 仅适合无缝隙床板,6,65.17,391,508,7.7折,平台加补后,https://detail.tmall.com/item.htm?b_s_f=sycm&b_spm=a21ag.29085015&id=559960280555
108,559960280555,海德兰床垫品牌店,海德兰天然椰棕榈床垫儿童护腰护脊硬棕垫家用0胶水薄乳胶可定制,391,A款8cm偏硬=5cm无胶3E椰棕+ 防螨针织面料,8,61.25,490,638,7.7折,平台加补后,https://detail.tmall.com/item.htm?b_s_f=sycm&b_spm=a21ag.29085015&id=559960280555
108,559960280555,海德兰床垫品牌店,海德兰天然椰棕榈床垫儿童护腰护脊硬棕垫家用0胶水薄乳胶可定制,391,A款10cm偏硬=7cm无胶3E椰棕+ 防螨针织面料 店长主推,10,58.4,584,758,7.7折,平台加补后,https://detail.tmall.com/item.htm?b_s_f=sycm&b_spm=a21ag.29085015&id=559960280555
108,559960280555,海德兰床垫品牌店,海德兰天然椰棕榈床垫儿童护腰护脊硬棕垫家用0胶水薄乳胶可定制,391,A款12cm偏硬=9cm无胶3E椰棕+ 防螨针织面料,12,57.5,690,907,7.6折,平台加补后,https://detail.tmall.com/item.htm?b_s_f=sycm&b_spm=a21ag.29085015&id=559960280555
108,559960280555,海德兰床垫品牌店,海德兰天然椰棕榈床垫儿童护腰护脊硬棕垫家用0胶水薄乳胶可定制,391,A款16cm超硬=13cm无胶3E椰棕+ 防螨针织面料,16,57.31,917,1209,7.6折,平台加补后,https://detail.tmall.com/item.htm?b_s_f=sycm&b_spm=a21ag.29085015&id=559960280555
108,559960280555,海德兰床垫品牌店,海德兰天然椰棕榈床垫儿童护腰护脊硬棕垫家用0胶水薄乳胶可定制,391,A款20cm超硬=17cm无胶3E椰棕+ 防螨针织面料,20,58.85,1177,1538,7.7折,平台加补后,https://detail.tmall.com/item.htm?b_s_f=sycm&b_spm=a21ag.29085015&id=559960280555
108,559960280555,海德兰床垫品牌店,海德兰天然椰棕榈床垫儿童护腰护脊硬棕垫家用0胶水薄乳胶可定制,391,A款7cm适中=1cm乳胶+3cm无胶3E椰棕 +防螨针织面料,7,70.14,491,639,7.7折,平台加补后,https://detail.tmall.com/item.htm?b_s_f=sycm&b_spm=a21ag.29085015&id=559960280555
108,559960280555,海德兰床垫品牌店,海德兰天然椰棕榈床垫儿童护腰护脊硬棕垫家用0胶水薄乳胶可定制,391,A款9cm适中=1cm乳胶+5cm无胶3E椰棕 +防螨针织面料,9,64.89,584,758,7.7折,平台加补后,https://detail.tmall.com/item.htm?b_s_f=sycm&b_spm=a21ag.29085015&id=559960280555
108,559960280555,海德兰床垫品牌店,海德兰天然椰棕榈床垫儿童护腰护脊硬棕垫家用0胶水薄乳胶可定制,391,A款11cm适中=1cm乳胶+7cm无胶3E椰棕 +防螨针织面料,11,62.18,684,888,7.7折,平台加补后,https://detail.tmall.com/item.htm?b_s_f=sycm&b_spm=a21ag.29085015&id=559960280555
108,559960280555,海德兰床垫品牌店,海德兰天然椰棕榈床垫儿童护腰护脊硬棕垫家用0胶水薄乳胶可定制,391,A款13cm适中=1cm乳胶+9cm无胶3E椰棕 +防螨针织面料,13,62.15,808,1069,7.6折,平台加补后,https://detail.tmall.com/item.htm?b_s_f=sycm&b_spm=a21ag.29085015&id=559960280555
108,559960280555,海德兰床垫品牌店,海德兰天然椰棕榈床垫儿童护腰护脊硬棕垫家用0胶水薄乳胶可定制,391,A款15cm适中=1cm乳胶+11cm无胶3E椰棕 +防螨针织面料,15,64.33,965,1265,7.6折,平台加补后,https://detail.tmall.com/item.htm?b_s_f=sycm&b_spm=a21ag.29085015&id=559960280555
108,559960280555,海德兰床垫品牌店,海德兰天然椰棕榈床垫儿童护腰护脊硬棕垫家用0胶水薄乳胶可定制,391,舒弹0压A款10cm=2cm乳胶+5cm无胶3E椰棕 +防螨针织面料,10,69.3,693,898,7.7折,平台加补后,https://detail.tmall.com/item.htm?b_s_f=sycm&b_spm=a21ag.29085015&id=559960280555
108,559960280555,海德兰床垫品牌店,海德兰天然椰棕榈床垫儿童护腰护脊硬棕垫家用0胶水薄乳胶可定制,391,舒弹0压A款12cm=2cm乳胶+7cm无胶3E椰棕 +防螨针织面料,12,66.58,799,1058,7.6折,平台加补后,https://detail.tmall.com/item.htm?b_s_f=sycm&b_spm=a21ag.29085015&id=559960280555
108,559960280555,海德兰床垫品牌店,海德兰天然椰棕榈床垫儿童护腰护脊硬棕垫家用0胶水薄乳胶可定制,391,舒弹0压A款20cm=2cm乳胶+15cm无胶3E椰棕 +防螨针织面料,20,64.35,1287,1668,7.7折,平台加补后,https://detail.tmall.com/item.htm?b_s_f=sycm&b_spm=a21ag.29085015&id=559960280555
108,559960280555,海德兰床垫品牌店,海德兰天然椰棕榈床垫儿童护腰护脊硬棕垫家用0胶水薄乳胶可定制,391,【360°全拆】C款纯椰棕 | 6cm超硬=5cm高密3E椰棕 +提花针织面料,6,85.83,515,668,7.7折,平台加补后,https://detail.tmall.com/item.htm?b_s_f=sycm&b_spm=a21ag.29085015&id=559960280555
108,559960280555,海德兰床垫品牌店,海德兰天然椰棕榈床垫儿童护腰护脊硬棕垫家用0胶水薄乳胶可定制,391,【360°全拆】C款纯椰棕 | 8cm超硬=7cm高密3E椰棕 +提花针织面料,8,75.12,601,778,7.7折,平台加补后,https://detail.tmall.com/item.htm?b_s_f=sycm&b_spm=a21ag.29085015&id=559960280555
108,559960280555,海德兰床垫品牌店,海德兰天然椰棕榈床垫儿童护腰护脊硬棕垫家用0胶水薄乳胶可定制,391,【360°全拆】C款纯椰棕 | 10cm超硬=9cm高密3E椰棕 +提花针织面料,10,73.2,732,956,7.7折,平台加补后,https://detail.tmall.com/item.htm?b_s_f=sycm&b_spm=a21ag.29085015&id=559960280555
108,559960280555,海德兰床垫品牌店,海德兰天然椰棕榈床垫儿童护腰护脊硬棕垫家用0胶水薄乳胶可定制,391,【360°全拆】D款乳胶椰棕 | 8cm适中=2cm乳胶+5cm高密3E椰棕 +提花针织面料,8,88.12,705,924,7.6折,平台加补后,https://detail.tmall.com/item.htm?b_s_f=sycm&b_spm=a21ag.29085015&id=559960280555
108,559960280555,海德兰床垫品牌店,海德兰天然椰棕榈床垫儿童护腰护脊硬棕垫家用0胶水薄乳胶可定制,391,【360°全拆】D款乳胶椰棕 | 10cm适中=2cm乳胶+7cm高密3E椰棕 +提花针织面料,10,82.4,824,1088,7.6折,平台加补后,https://detail.tmall.com/item.htm?b_s_f=sycm&b_spm=a21ag.29085015&id=559960280555
108,559960280555,海德兰床垫品牌店,海德兰天然椰棕榈床垫儿童护腰护脊硬棕垫家用0胶水薄乳胶可定制,391,B款6cm偏硬=3cm无胶3E椰棕+竹炭纤维 仅适合无缝隙床板,6,69.5,417,538,7.8折,平台加补后,https://detail.tmall.com/item.htm?b_s_f=sycm&b_spm=a21ag.29085015&id=559960280555
108,559960280555,海德兰床垫品牌店,海德兰天然椰棕榈床垫儿童护腰护脊硬棕垫家用0胶水薄乳胶可定制,391,B款8cm偏硬=5cm无胶3E椰棕+ 竹炭纤维面料,8,64.38,515,668,7.7折,平台加补后,https://detail.tmall.com/item.htm?b_s_f=sycm&b_spm=a21ag.29085015&id=559960280555
108,559960280555,海德兰床垫品牌店,海德兰天然椰棕榈床垫儿童护腰护脊硬棕垫家用0胶水薄乳胶可定制,391,B款10cm偏硬=7cm无胶3E椰棕+ 竹炭纤维面料,10,61.6,616,808,7.6折,平台加补后,https://detail.tmall.com/item.htm?b_s_f=sycm&b_spm=a21ag.29085015&id=559960280555
108,559960280555,海德兰床垫品牌店,海德兰天然椰棕榈床垫儿童护腰护脊硬棕垫家用0胶水薄乳胶可定制,391,B款12cm偏硬=9cm无胶3E椰棕+ 竹炭纤维面料,12,61.67,740,965,7.7折,平台加补后,https://detail.tmall.com/item.htm?b_s_f=sycm&b_spm=a21ag.29085015&id=559960280555
108,559960280555,海德兰床垫品牌店,海德兰天然椰棕榈床垫儿童护腰护脊硬棕垫家用0胶水薄乳胶可定制,391,B款9cm适中=1cm乳胶+5cm无胶3E椰棕+1cm +竹炭纤维面料,9,67.67,609,788,7.7折,平台加补后,https://detail.tmall.com/item.htm?b_s_f=sycm&b_spm=a21ag.29085015&id=559960280555
108,559960280555,海德兰床垫品牌店,海德兰天然椰棕榈床垫儿童护腰护脊硬棕垫家用0胶水薄乳胶可定制,391,B款11cm适中=1cm乳胶+7cm无胶3E椰棕 +竹炭纤维面料,11,65.73,723,945,7.7折,平台加补后,https://detail.tmall.com/item.htm?b_s_f=sycm&b_spm=a21ag.29085015&id=559960280555
108,559960280555,海德兰床垫品牌店,海德兰天然椰棕榈床垫儿童护腰护脊硬棕垫家用0胶水薄乳胶可定制,391,舒弹0压B款10cm=2cm乳胶+5cm无胶3E椰棕 +竹炭纤维面料,10,71.4,714,935,7.6折,平台加补后,https://detail.tmall.com/item.htm?b_s_f=sycm&b_spm=a21ag.29085015&id=559960280555
108,559960280555,海德兰床垫品牌店,海德兰天然椰棕榈床垫儿童护腰护脊硬棕垫家用0胶水薄乳胶可定制,391,舒弹0压B款12cm=2cm乳胶+7cm无胶3E椰棕 +竹炭纤维面料,12,68.08,817,1079,7.6折,平台加补后,https://detail.tmall.com/item.htm?b_s_f=sycm&b_spm=a21ag.29085015&id=559960280555
108,559960280555,海德兰床垫品牌店,海德兰天然椰棕榈床垫儿童护腰护脊硬棕垫家用0胶水薄乳胶可定制,391,舒弹0压B款15cm=2cm乳胶+10cm无胶3E椰棕 +竹炭纤维面料,15,69.47,1042,1356,7.7折,平台加补后,https://detail.tmall.com/item.htm?b_s_f=sycm&b_spm=a21ag.29085015&id=559960280555
108,559960280555,海德兰床垫品牌店,海德兰天然椰棕榈床垫儿童护腰护脊硬棕垫家用0胶水薄乳胶可定制,391,B款16cm超硬=13cm无胶3E椰棕+ 竹炭纤维面料,16,60.44,967,1268,7.6折,平台加补后,https://detail.tmall.com/item.htm?b_s_f=sycm&b_spm=a21ag.29085015&id=559960280555
108,559960280555,海德兰床垫品牌店,海德兰天然椰棕榈床垫儿童护腰护脊硬棕垫家用0胶水薄乳胶可定制,391,B款20cm超硬=17cm无胶3E椰棕+ 竹炭纤维面料 千人加购,20,64.35,1287,1668,7.7折,平台加补后,https://detail.tmall.com/item.htm?b_s_f=sycm&b_spm=a21ag.29085015&id=559960280555
109,969996685431,Royal vip泰国乳胶总部,泰国进口乳胶床垫学生宿舍定制单人10cm厚5全正品薄垫软1.8m家用,148.9,1800mm*2000mm 标准配置款,10,14.89,148.9,306.9,4.9折,平台加补后,https://detail.tmall.com/item.htm?b_s_f=sycm&b_spm=a21ag.29085015&id=969996685431
110,786713219934,喜临门官方旗舰店,【白骑士喜礼】喜临门主卧席梦思加厚乳胶偏硬黄麻七区弹簧床垫,2634.15,白骑士喜礼【双睡感/25CM】双重支撑 软硬两睡 店长主推,25,112.17,2804.15,4299,6.5折,平台加补后,https://detail.tmall.com/item.htm?b_s_f=sycm&b_spm=a21ag.29085015&id=786713219934
110,786713219934,喜临门官方旗舰店,【白骑士喜礼】喜临门主卧席梦思加厚乳胶偏硬黄麻七区弹簧床垫,2634.15,白骑士Plus+【双面睡感/25CM】四重升级睡得舒服,25,105.37,2634.15,4099,6.4折,平台加补后,https://detail.tmall.com/item.htm?b_s_f=sycm&b_spm=a21ag.29085015&id=786713219934
111,789493172852,芝华仕官方旗舰店,【爆款乳胶】政府补贴床垫芝华仕弹簧乳胶床垫席梦思卧室厚垫子,1302.2,【经典乳胶】Q弹适中|进口乳胶抑菌防螨|23cm,23,60.72,1396.55,1945,7.2折,平台加补后,https://detail.tmall.com/item.htm?b_s_f=sycm&b_spm=a21ag.29085015&id=789493172852
111,789493172852,芝华仕官方旗舰店,【爆款乳胶】政府补贴床垫芝华仕弹簧乳胶床垫席梦思卧室厚垫子,1302.2,【护脊棕垫】硬感护脊|加硬支撑科学护脊|24cm,24,54.26,1302.2,1815,7.2折,平台加补后,https://detail.tmall.com/item.htm?b_s_f=sycm&b_spm=a21ag.29085015&id=789493172852
111,789493172852,芝华仕官方旗舰店,【爆款乳胶】政府补贴床垫芝华仕弹簧乳胶床垫席梦思卧室厚垫子,1302.2,【记忆棉版】适中偏软|柔软包裹全身放松|26cm,26,64.5,1677.05,2334,7.2折,平台加补后,https://detail.tmall.com/item.htm?b_s_f=sycm&b_spm=a21ag.29085015&id=789493172852
111,789493172852,芝华仕官方旗舰店,【爆款乳胶】政府补贴床垫芝华仕弹簧乳胶床垫席梦思卧室厚垫子,1302.2,【撑腰旗舰】云端睡感|加倍填充精准护腰|22cm,22,84.58,1860.65,2588,7.2折,平台加补后,https://detail.tmall.com/item.htm?b_s_f=sycm&b_spm=a21ag.29085015&id=789493172852
112,604414206393,全友家居官方旗舰店,全友家居进口乳胶床垫硬垫卧室家用护脊席梦思弹簧床垫子180x200,884,(1)国民深睡25版【高睡眠需求/23cm厚】 店长主推,23,49.3,1133.9,1929,5.9折,平台加补后,https://detail.tmall.com/item.htm?b_s_f=sycm&b_spm=a21ag.29085015&id=604414206393
112,604414206393,全友家居官方旗舰店,全友家居进口乳胶床垫硬垫卧室家用护脊席梦思弹簧床垫子180x200,884,(2)国民深睡【轻音抗干扰/22cm厚】,22,55.21,1214.65,2065,5.9折,平台加补后,https://detail.tmall.com/item.htm?b_s_f=sycm&b_spm=a21ag.29085015&id=604414206393
112,604414206393,全友家居官方旗舰店,全友家居进口乳胶床垫硬垫卧室家用护脊席梦思弹簧床垫子180x200,884,(3)国民深睡Pure【母婴级呵护/黄麻棕护脊/20cm厚】床垫,20,49.26,985.15,1679,5.9折,平台加补后,https://detail.tmall.com/item.htm?b_s_f=sycm&b_spm=a21ag.29085015&id=604414206393
112,604414206393,全友家居官方旗舰店,全友家居进口乳胶床垫硬垫卧室家用护脊席梦思弹簧床垫子180x200,884,(4)国民深睡Pure+【母婴级呵护/双面睡感/24cm厚】床垫,24,57.62,1382.95,2350,5.9折,平台加补后,https://detail.tmall.com/item.htm?b_s_f=sycm&b_spm=a21ag.29085015&id=604414206393
112,604414206393,全友家居官方旗舰店,全友家居进口乳胶床垫硬垫卧室家用护脊席梦思弹簧床垫子180x200,884,(5)国民深睡PureS【母婴级呵护/加厚乳胶/23cm厚】床垫,23,53.7,1235.05,2099,5.9折,平台加补后,https://detail.tmall.com/item.htm?b_s_f=sycm&b_spm=a21ag.29085015&id=604414206393
112,604414206393,全友家居官方旗舰店,全友家居进口乳胶床垫硬垫卧室家用护脊席梦思弹簧床垫子180x200,884,(6)国民深睡Promax【豪华双面睡/23cm厚】,23,60.13,1382.95,2350,5.9折,平台加补后,https://detail.tmall.com/item.htm?b_s_f=sycm&b_spm=a21ag.29085015&id=604414206393
112,604414206393,全友家居官方旗舰店,全友家居进口乳胶床垫硬垫卧室家用护脊席梦思弹簧床垫子180x200,884,(7)国民深睡Plus【加厚乳胶/23cm厚】,23,57.54,1323.45,2250,5.9折,平台加补后,https://detail.tmall.com/item.htm?b_s_f=sycm&b_spm=a21ag.29085015&id=604414206393
112,604414206393,全友家居官方旗舰店,全友家居进口乳胶床垫硬垫卧室家用护脊席梦思弹簧床垫子180x200,884,(8)国民深睡Pro【洁净双面睡/23cm厚】,23,55.32,1272.45,2165,5.9折,平台加补后,https://detail.tmall.com/item.htm?b_s_f=sycm&b_spm=a21ag.29085015&id=604414206393
112,604414206393,全友家居官方旗舰店,全友家居进口乳胶床垫硬垫卧室家用护脊席梦思弹簧床垫子180x200,884,(9)国民黄麻垫【黄麻舒脊/15cm厚】,15,58.93,884,1509,5.9折,平台加补后,https://detail.tmall.com/item.htm?b_s_f=sycm&b_spm=a21ag.29085015&id=604414206393
113,643525164031,梦百合官方旗舰店,【五星酒店同款】梦百合YLCD护脊释压记忆棉弹簧床垫全家用席梦思,2261,酒店热销爆款YLCD 23cm【软硬适中/150w+客房认可】,23,143.06,3290.35,4769,6.9折,平台加补后,https://detail.tmall.com/item.htm?b_s_f=sycm&b_spm=a21ag.29085015&id=643525164031
113,643525164031,梦百合官方旗舰店,【五星酒店同款】梦百合YLCD护脊释压记忆棉弹簧床垫全家用席梦思,2261,酒店家庭款XYCD 20cm【偏硬睡感/护脊】,20,113.05,2261,3558,6.4折,平台加补后,https://detail.tmall.com/item.htm?b_s_f=sycm&b_spm=a21ag.29085015&id=643525164031
113,643525164031,梦百合官方旗舰店,【五星酒店同款】梦百合YLCD护脊释压记忆棉弹簧床垫全家用席梦思,2261,酒店舒睡款星光 22cm【偏硬睡感/释压】,22,113.2,2490.5,3828,6.5折,平台加补后,https://detail.tmall.com/item.htm?b_s_f=sycm&b_spm=a21ag.29085015&id=643525164031
113,643525164031,梦百合官方旗舰店,【五星酒店同款】梦百合YLCD护脊释压记忆棉弹簧床垫全家用席梦思,2261,酒店灵动款YMBH 25cm【双面可睡/正面适中 反面偏硬】,25,159.63,3990.66,5592.9,7.1折,平台加补后,https://detail.tmall.com/item.htm?b_s_f=sycm&b_spm=a21ag.29085015&id=643525164031
113,643525164031,梦百合官方旗舰店,【五星酒店同款】梦百合YLCD护脊释压记忆棉弹簧床垫全家用席梦思,2261,酒店深睡款BACD 28cm【睡感偏软 亲肤】,28,178.23,4990.35,6769,7.4折,平台加补后,https://detail.tmall.com/item.htm?b_s_f=sycm&b_spm=a21ag.29085015&id=643525164031
114,569845999690,顾家家居官方旗舰店,顾家家居天然椰棕黄麻乳胶席梦思床垫0胶弹簧卧室护脊护腰梦想垫,1227.4,【梦想乳胶·适中】22cm 50%客户选择,22,55.79,1227.4,2044,6.0折,平台加补后,https://detail.tmall.com/item.htm?b_s_f=sycm&b_spm=a21ag.29085015&id=569845999690
114,569845999690,顾家家居官方旗舰店,顾家家居天然椰棕黄麻乳胶席梦思床垫0胶弹簧卧室护脊护腰梦想垫,1227.4,【(全垫0胶水)梦想椰棕·双睡】22cm 正面适中反面硬,22,74.92,1648.15,2539,6.5折,平台加补后,https://detail.tmall.com/item.htm?b_s_f=sycm&b_spm=a21ag.29085015&id=569845999690
114,569845999690,顾家家居官方旗舰店,顾家家居天然椰棕黄麻乳胶席梦思床垫0胶弹簧卧室护脊护腰梦想垫,1227.4,【(全垫0胶水)梦想黄麻·偏硬】23cm 硬挺支撑,23,84.7,1948.2,2892,6.7折,平台加补后,https://detail.tmall.com/item.htm?b_s_f=sycm&b_spm=a21ag.29085015&id=569845999690
114,569845999690,顾家家居官方旗舰店,顾家家居天然椰棕黄麻乳胶席梦思床垫0胶弹簧卧室护脊护腰梦想垫,1227.4,【梦想椰棕·偏硬】23cm 硬挺支撑,23,65.12,1497.7,2362,6.3折,平台加补后,https://detail.tmall.com/item.htm?b_s_f=sycm&b_spm=a21ag.29085015&id=569845999690
114,569845999690,顾家家居官方旗舰店,顾家家居天然椰棕黄麻乳胶席梦思床垫0胶弹簧卧室护脊护腰梦想垫,1227.4,【(全垫0胶水)梦想乳胶·偏硬】23cm A类面料,23,70.77,1627.75,2515,6.5折,平台加补后,https://detail.tmall.com/item.htm?b_s_f=sycm&b_spm=a21ag.29085015&id=569845999690
114,569845999690,顾家家居官方旗舰店,顾家家居天然椰棕黄麻乳胶席梦思床垫0胶弹簧卧室护脊护腰梦想垫,1227.4,【梦想乳胶·偏硬】22cm 腰部支撑,22,64.91,1428,2280,6.3折,平台加补后,https://detail.tmall.com/item.htm?b_s_f=sycm&b_spm=a21ag.29085015&id=569845999690
114,569845999690,顾家家居官方旗舰店,顾家家居天然椰棕黄麻乳胶席梦思床垫0胶弹簧卧室护脊护腰梦想垫,1227.4,【梦想椰棕·偏硬】22cm 支撑护脊,22,60.81,1337.9,2174,6.2折,平台加补后,https://detail.tmall.com/item.htm?b_s_f=sycm&b_spm=a21ag.29085015&id=569845999690
114,569845999690,顾家家居官方旗舰店,顾家家居天然椰棕黄麻乳胶席梦思床垫0胶弹簧卧室护脊护腰梦想垫,1227.4,【梦想乳胶·双睡】23cm 正面适中反面硬,23,73.84,1698.3,2598,6.5折,平台加补后,https://detail.tmall.com/item.htm?b_s_f=sycm&b_spm=a21ag.29085015&id=569845999690
114,569845999690,顾家家居官方旗舰店,顾家家居天然椰棕黄麻乳胶席梦思床垫0胶弹簧卧室护脊护腰梦想垫,1227.4,(￥2000+)乳胶双垫套餐【适中+双睡】,,,2848.35,3351,8.5折,平台加补后,https://detail.tmall.com/item.htm?b_s_f=sycm&b_spm=a21ag.29085015&id=569845999690
115,852428204978,林氏家居官方旗舰店,0闷感林氏家居人体工学分区弹簧床垫家用卧室透气偏硬垫子CDT550,3398.13,(1)【CDT550A】恒温五分区支撑|偏硬|25cm 近期热销,25,135.93,3398.13,5940,5.7折,平台加补后,https://detail.tmall.com/item.htm?b_s_f=sycm&b_spm=a21ag.29085015&id=852428204978
115,852428204978,林氏家居官方旗舰店,0闷感林氏家居人体工学分区弹簧床垫家用卧室透气偏硬垫子CDT550,3398.13,(2)【CDT530A】多重释压深睡层|适中|28cm,28,135.64,3798,6622,5.7折,平台加补后,https://detail.tmall.com/item.htm?b_s_f=sycm&b_spm=a21ag.29085015&id=852428204978
115,852428204978,林氏家居官方旗舰店,0闷感林氏家居人体工学分区弹簧床垫家用卧室透气偏硬垫子CDT550,3398.13,(3)【CDT520A】恒温人体工学深睡|适中|25cm,25,135.93,3398.13,5940,5.7折,平台加补后,https://detail.tmall.com/item.htm?b_s_f=sycm&b_spm=a21ag.29085015&id=852428204978
116,697607895940,林氏家居官方旗舰店,泰国天然乳胶床垫林氏家居家用卧室独立弹簧天然乳胶床垫护脊,2058.28,(1)【CDS300A】抑菌防螨|硬|21cm,21,98.01,2058.28,2984,6.9折,平台加补后,https://detail.tmall.com/item.htm?b_s_f=sycm&b_spm=a21ag.29085015&id=697607895940
116,697607895940,林氏家居官方旗舰店,泰国天然乳胶床垫林氏家居家用卧室独立弹簧天然乳胶床垫护脊,2058.28,(2)【CDS350A】0胶护脊|硬|20cm,20,184.93,3698.52,5506,6.7折,平台加补后,https://detail.tmall.com/item.htm?b_s_f=sycm&b_spm=a21ag.29085015&id=697607895940
116,697607895940,林氏家居官方旗舰店,泰国天然乳胶床垫林氏家居家用卧室独立弹簧天然乳胶床垫护脊,2058.28,(3)【CDS350B】0胶护脊|硬|15cm,15,199.89,2998.32,4346,6.9折,平台加补后,https://detail.tmall.com/item.htm?b_s_f=sycm&b_spm=a21ag.29085015&id=697607895940
116,697607895940,林氏家居官方旗舰店,泰国天然乳胶床垫林氏家居家用卧室独立弹簧天然乳胶床垫护脊,2058.28,(4)【CDS360A】0胶记忆棉|偏硬|22cm,22,145.37,3198.12,4636,6.9折,平台加补后,https://detail.tmall.com/item.htm?b_s_f=sycm&b_spm=a21ag.29085015&id=697607895940
116,697607895940,林氏家居官方旗舰店,泰国天然乳胶床垫林氏家居家用卧室独立弹簧天然乳胶床垫护脊,2058.28,(5)【CDS370A】全拆睡感可调节|偏硬|24cm,24,137.44,3298.52,4781,6.9折,平台加补后,https://detail.tmall.com/item.htm?b_s_f=sycm&b_spm=a21ag.29085015&id=697607895940
117,857252159552,林氏家居官方旗舰店,【门店同款0胶】林氏家居竹麻弹簧床垫家用卧室抑菌护脊厚硬垫子,2398.84,(1)【CDS310A】抑菌护脊|硬|21cm,21,123.74,2598.64,3767,6.9折,平台加补后,https://detail.tmall.com/item.htm?b_s_f=sycm&b_spm=a21ag.29085015&id=857252159552
117,857252159552,林氏家居官方旗舰店,【门店同款0胶】林氏家居竹麻弹簧床垫家用卧室抑菌护脊厚硬垫子,2398.84,(2)【CDS315A】全垫0胶水|偏硬|22cm,22,109.04,2398.84,3477,6.9折,平台加补后,https://detail.tmall.com/item.htm?b_s_f=sycm&b_spm=a21ag.29085015&id=857252159552
117,857252159552,林氏家居官方旗舰店,【门店同款0胶】林氏家居竹麻弹簧床垫家用卧室抑菌护脊厚硬垫子,2398.84,(3)【CDS330A】抗菌防螨|偏硬|23cm 近期热销,23,117.31,2698.12,3911,6.9折,平台加补后,https://detail.tmall.com/item.htm?b_s_f=sycm&b_spm=a21ag.29085015&id=857252159552
118,966357138382,香港岶兰海马家具床垫,岶兰海马席梦思乳胶弹簧压缩床垫家庭用卧室软垫30cm厚护腰1米5,458,希尔顿基础款20CM【适中稍硬】 卷包,20,22.9,458,841,5.4折,平台加补后,https://detail.tmall.com/item.htm?b_s_f=sycm&b_spm=a21ag.29085015&id=966357138382
118,966357138382,香港岶兰海马家具床垫,岶兰海马席梦思乳胶弹簧压缩床垫家庭用卧室软垫30cm厚护腰1米5,458,希尔顿家用款22CM【适中偏软】 卷包 万人加购,22,22.05,485,879,5.5折,平台加补后,https://detail.tmall.com/item.htm?b_s_f=sycm&b_spm=a21ag.29085015&id=966357138382
118,966357138382,香港岶兰海马家具床垫,岶兰海马席梦思乳胶弹簧压缩床垫家庭用卧室软垫30cm厚护腰1米5,458,希尔顿主卧款24CM【舒适稍软】 卷包,24,21.42,514,920,5.6折,平台加补后,https://detail.tmall.com/item.htm?b_s_f=sycm&b_spm=a21ag.29085015&id=966357138382
118,966357138382,香港岶兰海马家具床垫,岶兰海马席梦思乳胶弹簧压缩床垫家庭用卧室软垫30cm厚护腰1米5,458,希尔顿主卧款25CM【五星睡感】 卷包,25,22.36,559,985,5.7折,平台加补后,https://detail.tmall.com/item.htm?b_s_f=sycm&b_spm=a21ag.29085015&id=966357138382
118,966357138382,香港岶兰海马家具床垫,岶兰海马席梦思乳胶弹簧压缩床垫家庭用卧室软垫30cm厚护腰1米5,458,希尔顿酒店款27CM【零压舒适】 卷包,27,22.11,597,1039,5.7折,平台加补后,https://detail.tmall.com/item.htm?b_s_f=sycm&b_spm=a21ag.29085015&id=966357138382
118,966357138382,香港岶兰海马家具床垫,岶兰海马席梦思乳胶弹簧压缩床垫家庭用卧室软垫30cm厚护腰1米5,458,希尔顿总统款30CM【超软加厚】 卷包,30,24.1,723,1219,5.9折,平台加补后,https://detail.tmall.com/item.htm?b_s_f=sycm&b_spm=a21ag.29085015&id=966357138382
118,966357138382,香港岶兰海马家具床垫,岶兰海马席梦思乳胶弹簧压缩床垫家庭用卧室软垫30cm厚护腰1米5,458,希尔顿脊护款21CM【护脊护腰】 整张,21,31.9,670,1144,5.9折,平台加补后,https://detail.tmall.com/item.htm?b_s_f=sycm&b_spm=a21ag.29085015&id=966357138382
118,966357138382,香港岶兰海马家具床垫,岶兰海马席梦思乳胶弹簧压缩床垫家庭用卧室软垫30cm厚护腰1米5,458,希尔顿两用款23CM【双面睡感】 整张,23,32.78,754,1264,6.0折,平台加补后,https://detail.tmall.com/item.htm?b_s_f=sycm&b_spm=a21ag.29085015&id=966357138382
118,966357138382,香港岶兰海马家具床垫,岶兰海马席梦思乳胶弹簧压缩床垫家庭用卧室软垫30cm厚护腰1米5,458,希尔顿酒店款25CM【超软睡感】 整张,25,32.04,801,1331,6.0折,平台加补后,https://detail.tmall.com/item.htm?b_s_f=sycm&b_spm=a21ag.29085015&id=966357138382
119,1042598671305,喜临门官方旗舰店,【白骑士0胶2.0】喜临门官方家用主卧席梦思记忆棉四叶草弹簧床垫,2719.15,白骑士0胶2.0（0胶透气款）【双重睡感/26cm】透气升级久睡清爽,26,111.12,2889.15,4899,5.9折,平台加补后,https://detail.tmall.com/item.htm?b_s_f=sycm&b_spm=a21ag.29085015&id=1042598671305
119,1042598671305,喜临门官方旗舰店,【白骑士0胶2.0】喜临门官方家用主卧席梦思记忆棉四叶草弹簧床垫,2719.15,白骑士0胶（0胶经典款）【双重睡感/26cm】整垫0胶软硬可调 千人加购,26,104.58,2719.15,4699,5.8折,平台加补后,https://detail.tmall.com/item.htm?b_s_f=sycm&b_spm=a21ag.29085015&id=1042598671305
120,609863484066,慕思官方旗舰店,【绿野山棕】慕思天然山棕床垫护脊硬垫家用薄垫榻榻米席梦思慕斯,1675.81,山棕款6CM【偏硬护脊】双重防螨,6,279.3,1675.81,3181.54,5.3折,平台加补后,https://detail.tmall.com/item.htm?b_s_f=sycm&b_spm=a21ag.29085015&id=609863484066
120,609863484066,慕思官方旗舰店,【绿野山棕】慕思天然山棕床垫护脊硬垫家用薄垫榻榻米席梦思慕斯,1675.81,山棕款9CM【偏硬护脊】双重防螨 万人加购,9,235.16,2116.47,3699.96,5.7折,平台加补后,https://detail.tmall.com/item.htm?b_s_f=sycm&b_spm=a21ag.29085015&id=609863484066
121,936929713080,雅兰官方旗舰店,【梦谣】雅兰薄款弹簧床垫国家补贴15cm乳胶儿童席梦思榻榻米垫,1945.65,梦谣【15cm独立弹簧薄垫】双面可拆洗,15,163.71,2455.65,4099,6.0折,平台加补后,https://detail.tmall.com/item.htm?b_s_f=sycm&b_spm=a21ag.29085015&id=936929713080
121,936929713080,雅兰官方旗舰店,【梦谣】雅兰薄款弹簧床垫国家补贴15cm乳胶儿童席梦思榻榻米垫,1945.65,童谣【12cm独立弹簧薄垫】单面可拆洗 万人加购,12,176.3,2115.65,3699,5.7折,平台加补后,https://detail.tmall.com/item.htm?b_s_f=sycm&b_spm=a21ag.29085015&id=936929713080
121,936929713080,雅兰官方旗舰店,【梦谣】雅兰薄款弹簧床垫国家补贴15cm乳胶儿童席梦思榻榻米垫,1945.65,梦寐15【双面可睡弹簧薄垫】优良支撑,15,129.71,1945.65,3499,5.6折,平台加补后,https://detail.tmall.com/item.htm?b_s_f=sycm&b_spm=a21ag.29085015&id=936929713080
122,1042703383518,月光岛旗舰店,【月光岛PRO】独立弹簧床垫护脊支撑深睡透气家用偏软30cm厚床垫,4199,PRO支撑版【28cm厚】适中偏硬,28,149.96,4199,4940,8.5折,平台加补后,https://detail.tmall.com/item.htm?b_s_f=sycm&b_spm=a21ag.29085015&id=1042703383518
122,1042703383518,月光岛旗舰店,【月光岛PRO】独立弹簧床垫护脊支撑深睡透气家用偏软30cm厚床垫,4199,PRO版【30cm厚】适中偏软 店长主推,30,139.97,4199,4940,8.5折,平台加补后,https://detail.tmall.com/item.htm?b_s_f=sycm&b_spm=a21ag.29085015&id=1042703383518
122,1042703383518,月光岛旗舰店,【月光岛PRO】独立弹簧床垫护脊支撑深睡透气家用偏软30cm厚床垫,4199,以下人群慎拍,30,283.3,8499,9999,8.5折,平台加补后,https://detail.tmall.com/item.htm?b_s_f=sycm&b_spm=a21ag.29085015&id=1042703383518
122,1042703383518,月光岛旗舰店,【月光岛PRO】独立弹簧床垫护脊支撑深睡透气家用偏软30cm厚床垫,4199,【购前必看❕】,30,283.3,8499,9999,8.5折,平台加补后,https://detail.tmall.com/item.htm?b_s_f=sycm&b_spm=a21ag.29085015&id=1042703383518
123,891773422566,佰舒顿BOIRSDOL家具,床垫子180x200独立弹簧1米5高质量家庭用卧室乳胶席梦思加厚20cm,340.78,特惠款:碳钢加密弹簧 20cm适中,20,17.04,340.78,411,8.3折,平台加补后,https://detail.tmall.com/item.htm?b_s_f=sycm&b_spm=a21ag.29085015&id=891773422566
123,891773422566,佰舒顿BOIRSDOL家具,床垫子180x200独立弹簧1米5高质量家庭用卧室乳胶席梦思加厚20cm,340.78,特惠款:碳钢加密弹簧+乳胶 22cm偏软,22,19.27,424,511,8.3折,平台加补后,https://detail.tmall.com/item.htm?b_s_f=sycm&b_spm=a21ag.29085015&id=891773422566
123,891773422566,佰舒顿BOIRSDOL家具,床垫子180x200独立弹簧1米5高质量家庭用卧室乳胶席梦思加厚20cm,340.78,特惠款:碳钢加密弹簧+3E棕 22cm偏硬 千人加购,22,19.27,424,511,8.3折,平台加补后,https://detail.tmall.com/item.htm?b_s_f=sycm&b_spm=a21ag.29085015&id=891773422566
123,891773422566,佰舒顿BOIRSDOL家具,床垫子180x200独立弹簧1米5高质量家庭用卧室乳胶席梦思加厚20cm,340.78,弹簧升级更耐用❤️:静音独立簧 20cm适中,20,19.97,399.36,482,8.3折,平台加补后,https://detail.tmall.com/item.htm?b_s_f=sycm&b_spm=a21ag.29085015&id=891773422566
123,891773422566,佰舒顿BOIRSDOL家具,床垫子180x200独立弹簧1米5高质量家庭用卧室乳胶席梦思加厚20cm,340.78,弹簧升级更耐用❤️:静音独立簧+乳胶 22cm偏软,22,19.91,438,528,8.3折,平台加补后,https://detail.tmall.com/item.htm?b_s_f=sycm&b_spm=a21ag.29085015&id=891773422566
123,891773422566,佰舒顿BOIRSDOL家具,床垫子180x200独立弹簧1米5高质量家庭用卧室乳胶席梦思加厚20cm,340.78,弹簧升级更耐用❤️:静音独立簧+3E棕 22cm偏硬,22,19.91,438,528,8.3折,平台加补后,https://detail.tmall.com/item.htm?b_s_f=sycm&b_spm=a21ag.29085015&id=891773422566
123,891773422566,佰舒顿BOIRSDOL家具,床垫子180x200独立弹簧1米5高质量家庭用卧室乳胶席梦思加厚20cm,340.78,弹簧升级更耐用❤️:静音独立簧+棕乳胶 23cm两用,23,22.13,509,611,8.3折,平台加补后,https://detail.tmall.com/item.htm?b_s_f=sycm&b_spm=a21ag.29085015&id=891773422566
123,891773422566,佰舒顿BOIRSDOL家具,床垫子180x200独立弹簧1米5高质量家庭用卧室乳胶席梦思加厚20cm,340.78,面料升级加倍透气↓:碳钢加密簧 20cm适中,20,19.68,393.5,475,8.3折,平台加补后,https://detail.tmall.com/item.htm?b_s_f=sycm&b_spm=a21ag.29085015&id=891773422566
123,891773422566,佰舒顿BOIRSDOL家具,床垫子180x200独立弹簧1米5高质量家庭用卧室乳胶席梦思加厚20cm,340.78,面料升级加倍透气↓:碳钢加密簧+乳胶 22cm偏软,22,21.09,464,558,8.3折,平台加补后,https://detail.tmall.com/item.htm?b_s_f=sycm&b_spm=a21ag.29085015&id=891773422566
123,891773422566,佰舒顿BOIRSDOL家具,床垫子180x200独立弹簧1米5高质量家庭用卧室乳胶席梦思加厚20cm,340.78,面料升级加倍透气↓:碳钢加密簧+3E棕 22cm偏硬,22,21.09,464,558,8.3折,平台加补后,https://detail.tmall.com/item.htm?b_s_f=sycm&b_spm=a21ag.29085015&id=891773422566
123,891773422566,佰舒顿BOIRSDOL家具,床垫子180x200独立弹簧1米5高质量家庭用卧室乳胶席梦思加厚20cm,340.78,87%高端家用首选❤️:静音独立簧 20cm适中,20,21.2,424,511,8.3折,平台加补后,https://detail.tmall.com/item.htm?b_s_f=sycm&b_spm=a21ag.29085015&id=891773422566
123,891773422566,佰舒顿BOIRSDOL家具,床垫子180x200独立弹簧1米5高质量家庭用卧室乳胶席梦思加厚20cm,340.78,87%高端家用首选❤️:静音独立簧+乳胶 22cm偏软,22,22.73,500,600,8.3折,平台加补后,https://detail.tmall.com/item.htm?b_s_f=sycm&b_spm=a21ag.29085015&id=891773422566
123,891773422566,佰舒顿BOIRSDOL家具,床垫子180x200独立弹簧1米5高质量家庭用卧室乳胶席梦思加厚20cm,340.78,87%高端家用首选❤️:静音独立簧+3E棕 22cm偏硬 店长主推,22,22.73,500,600,8.3折,平台加补后,https://detail.tmall.com/item.htm?b_s_f=sycm&b_spm=a21ag.29085015&id=891773422566
123,891773422566,佰舒顿BOIRSDOL家具,床垫子180x200独立弹簧1米5高质量家庭用卧室乳胶席梦思加厚20cm,340.78,87%高端家用首选❤️:静音独立+棕乳胶 23cm两用,23,24.26,558,669,8.3折,平台加补后,https://detail.tmall.com/item.htm?b_s_f=sycm&b_spm=a21ag.29085015&id=891773422566
123,891773422566,佰舒顿BOIRSDOL家具,床垫子180x200独立弹簧1米5高质量家庭用卧室乳胶席梦思加厚20cm,340.78,至尊豪华酒店款:分区静音零噪音 20cm适中,20,34.15,683,816,8.4折,平台加补后,https://detail.tmall.com/item.htm?b_s_f=sycm&b_spm=a21ag.29085015&id=891773422566
123,891773422566,佰舒顿BOIRSDOL家具,床垫子180x200独立弹簧1米5高质量家庭用卧室乳胶席梦思加厚20cm,340.78,至尊豪华酒店款:分区静音零噪音+乳胶 22cm偏软,22,33.59,739,882,8.4折,平台加补后,https://detail.tmall.com/item.htm?b_s_f=sycm&b_spm=a21ag.29085015&id=891773422566
123,891773422566,佰舒顿BOIRSDOL家具,床垫子180x200独立弹簧1米5高质量家庭用卧室乳胶席梦思加厚20cm,340.78,至尊豪华酒店款:分区静音零噪音+3E棕 22cm偏硬,22,33.59,739,882,8.4折,平台加补后,https://detail.tmall.com/item.htm?b_s_f=sycm&b_spm=a21ag.29085015&id=891773422566
123,891773422566,佰舒顿BOIRSDOL家具,床垫子180x200独立弹簧1米5高质量家庭用卧室乳胶席梦思加厚20cm,340.78,至尊豪华酒店款:分区静音零噪音+棕乳胶 23cm两用,23,35.17,809,964,8.4折,平台加补后,https://detail.tmall.com/item.htm?b_s_f=sycm&b_spm=a21ag.29085015&id=891773422566
123,891773422566,佰舒顿BOIRSDOL家具,床垫子180x200独立弹簧1米5高质量家庭用卧室乳胶席梦思加厚20cm,340.78,高箱矮款:压缩静音独立簧 10cm适中,10,39.94,399.36,482,8.3折,平台加补后,https://detail.tmall.com/item.htm?b_s_f=sycm&b_spm=a21ag.29085015&id=891773422566
123,891773422566,佰舒顿BOIRSDOL家具,床垫子180x200独立弹簧1米5高质量家庭用卧室乳胶席梦思加厚20cm,340.78,高箱矮款:压缩静音独立簧+乳胶 14cm偏软,14,32.86,460,553,8.3折,平台加补后,https://detail.tmall.com/item.htm?b_s_f=sycm&b_spm=a21ag.29085015&id=891773422566
123,891773422566,佰舒顿BOIRSDOL家具,床垫子180x200独立弹簧1米5高质量家庭用卧室乳胶席梦思加厚20cm,340.78,高箱矮款:压缩静音独立簧+3E棕 14cm偏硬,14,32.86,460,553,8.3折,平台加补后,https://detail.tmall.com/item.htm?b_s_f=sycm&b_spm=a21ag.29085015&id=891773422566
123,891773422566,佰舒顿BOIRSDOL家具,床垫子180x200独立弹簧1米5高质量家庭用卧室乳胶席梦思加厚20cm,340.78,特惠款灰色:碳钢加密弹簧 20cm适中,20,17.04,340.78,411,8.3折,平台加补后,https://detail.tmall.com/item.htm?b_s_f=sycm&b_spm=a21ag.29085015&id=891773422566
123,891773422566,佰舒顿BOIRSDOL家具,床垫子180x200独立弹簧1米5高质量家庭用卧室乳胶席梦思加厚20cm,340.78,特惠款灰色:碳钢加密弹簧+3E棕 22cm偏硬,22,19.45,428,516,8.3折,平台加补后,https://detail.tmall.com/item.htm?b_s_f=sycm&b_spm=a21ag.29085015&id=891773422566
123,891773422566,佰舒顿BOIRSDOL家具,床垫子180x200独立弹簧1米5高质量家庭用卧室乳胶席梦思加厚20cm,340.78,特惠款灰色:碳钢加密弹簧+乳胶 22cm偏软,22,19.45,428,516,8.3折,平台加补后,https://detail.tmall.com/item.htm?b_s_f=sycm&b_spm=a21ag.29085015&id=891773422566
124,539395409756,香榭柏兰床垫,天然椰棕榈床垫硬垫子家用卧室护脊乳胶婴儿童棕垫厚薄榻榻米定制,398.02,偏硬6CM=3cm环保无胶3E椰棕+防螨亚麻面料 万人加购,6,66.34,398.02,498,8.0折,平台加补后,https://detail.tmall.com/item.htm?b_s_f=sycm&b_spm=a21ag.29085015&id=539395409756
124,539395409756,香榭柏兰床垫,天然椰棕榈床垫硬垫子家用卧室护脊乳胶婴儿童棕垫厚薄榻榻米定制,398.02,偏硬8CM=5cm环保无胶3E椰棕+防螨亚麻面料,8,59.87,478.93,607,7.9折,平台加补后,https://detail.tmall.com/item.htm?b_s_f=sycm&b_spm=a21ag.29085015&id=539395409756
124,539395409756,香榭柏兰床垫,天然椰棕榈床垫硬垫子家用卧室护脊乳胶婴儿童棕垫厚薄榻榻米定制,398.02,偏硬10CM=7cm环保无胶3E椰棕+防螨亚麻面料,10,59.75,597.52,748,8.0折,平台加补后,https://detail.tmall.com/item.htm?b_s_f=sycm&b_spm=a21ag.29085015&id=539395409756
124,539395409756,香榭柏兰床垫,天然椰棕榈床垫硬垫子家用卧室护脊乳胶婴儿童棕垫厚薄榻榻米定制,398.02,偏硬15CM=12cm环保无胶3E椰棕+防螨亚麻面料,15,61.73,926,1160,8.0折,平台加补后,https://detail.tmall.com/item.htm?b_s_f=sycm&b_spm=a21ag.29085015&id=539395409756
124,539395409756,香榭柏兰床垫,天然椰棕榈床垫硬垫子家用卧室护脊乳胶婴儿童棕垫厚薄榻榻米定制,398.02,适中7CM=1cm乳胶+3cm环保无胶3E椰棕+防螨亚麻面料,7,70.11,490.8,620,7.9折,平台加补后,https://detail.tmall.com/item.htm?b_s_f=sycm&b_spm=a21ag.29085015&id=539395409756
124,539395409756,香榭柏兰床垫,天然椰棕榈床垫硬垫子家用卧室护脊乳胶婴儿童棕垫厚薄榻榻米定制,398.02,适中9CM=1cm乳胶+5cm环保无胶3E椰棕+防螨亚麻面料,9,65.18,586.65,735,8.0折,平台加补后,https://detail.tmall.com/item.htm?b_s_f=sycm&b_spm=a21ag.29085015&id=539395409756
124,539395409756,香榭柏兰床垫,天然椰棕榈床垫硬垫子家用卧室护脊乳胶婴儿童棕垫厚薄榻榻米定制,398.02,适中11CM=1cm乳胶+7cm环保无胶3E椰棕+防螨亚麻面料,11,63.02,693.27,873,7.9折,平台加补后,https://detail.tmall.com/item.htm?b_s_f=sycm&b_spm=a21ag.29085015&id=539395409756
124,539395409756,香榭柏兰床垫,天然椰棕榈床垫硬垫子家用卧室护脊乳胶婴儿童棕垫厚薄榻榻米定制,398.02,舒适升级8CM=2cm乳胶+3cm环保无胶3E椰棕+防螨亚麻面料,8,80.0,640.02,798,8.0折,平台加补后,https://detail.tmall.com/item.htm?b_s_f=sycm&b_spm=a21ag.29085015&id=539395409756
124,539395409756,香榭柏兰床垫,天然椰棕榈床垫硬垫子家用卧室护脊乳胶婴儿童棕垫厚薄榻榻米定制,398.02,舒适升级10CM=2cm乳胶+5cm环保无胶3E椰棕+防螨亚麻面料,10,72.49,724.89,911,8.0折,平台加补后,https://detail.tmall.com/item.htm?b_s_f=sycm&b_spm=a21ag.29085015&id=539395409756
124,539395409756,香榭柏兰床垫,天然椰棕榈床垫硬垫子家用卧室护脊乳胶婴儿童棕垫厚薄榻榻米定制,398.02,舒适升级15CM=2cm乳胶+10cm环保无胶3E椰棕+防螨亚麻面料,15,65.33,980,1236,7.9折,平台加补后,https://detail.tmall.com/item.htm?b_s_f=sycm&b_spm=a21ag.29085015&id=539395409756
124,539395409756,香榭柏兰床垫,天然椰棕榈床垫硬垫子家用卧室护脊乳胶婴儿童棕垫厚薄榻榻米定制,398.02,舒适升级20CM=2cm乳胶+15cm环保无胶3E椰棕+防螨亚麻面料,20,63.95,1279,1599,8.0折,平台加补后,https://detail.tmall.com/item.htm?b_s_f=sycm&b_spm=a21ag.29085015&id=539395409756
124,539395409756,香榭柏兰床垫,天然椰棕榈床垫硬垫子家用卧室护脊乳胶婴儿童棕垫厚薄榻榻米定制,398.02,舒睡升级10CM=2cm云柔释压棉+5cm环保无胶3E椰棕+防螨亚麻面料,10,68.24,682.39,861,7.9折,平台加补后,https://detail.tmall.com/item.htm?b_s_f=sycm&b_spm=a21ag.29085015&id=539395409756
124,539395409756,香榭柏兰床垫,天然椰棕榈床垫硬垫子家用卧室护脊乳胶婴儿童棕垫厚薄榻榻米定制,398.02,舒睡升级12CM=2cm云柔释压棉+7cm环保无胶3E椰棕+防螨亚麻面料,12,62.96,755.52,948,8.0折,平台加补后,https://detail.tmall.com/item.htm?b_s_f=sycm&b_spm=a21ag.29085015&id=539395409756
124,539395409756,香榭柏兰床垫,天然椰棕榈床垫硬垫子家用卧室护脊乳胶婴儿童棕垫厚薄榻榻米定制,398.02,舒睡升级15CM=2cm云柔释压棉+10cm环保无胶3E椰棕+防螨亚麻面料,15,63.2,948,1186,8.0折,平台加补后,https://detail.tmall.com/item.htm?b_s_f=sycm&b_spm=a21ag.29085015&id=539395409756
124,539395409756,香榭柏兰床垫,天然椰棕榈床垫硬垫子家用卧室护脊乳胶婴儿童棕垫厚薄榻榻米定制,398.02,防螨舒适10CM=杜邦防螨层+2cm乳胶+5cm环保无胶3E椰棕+防螨亚麻面料,10,84.1,841,1061,7.9折,平台加补后,https://detail.tmall.com/item.htm?b_s_f=sycm&b_spm=a21ag.29085015&id=539395409756
124,539395409756,香榭柏兰床垫,天然椰棕榈床垫硬垫子家用卧室护脊乳胶婴儿童棕垫厚薄榻榻米定制,398.02,防螨舒适12CM=杜邦防螨层+2cm乳胶+7cm环保无胶3E椰棕+防螨亚麻面料,12,76.25,915,1148,8.0折,平台加补后,https://detail.tmall.com/item.htm?b_s_f=sycm&b_spm=a21ag.29085015&id=539395409756
125,972907294650,喜临门官方旗舰店,【店播专享】喜临门白骑士slim床垫乳胶黄麻记忆棉偏硬薄床垫H,1401.65,【薄垫】白骑士slim 0胶款,,,1401.65,2449,5.7折,平台加补后,https://detail.tmall.com/item.htm?b_s_f=sycm&b_spm=a21ag.29085015&id=972907294650
125,972907294650,喜临门官方旗舰店,【店播专享】喜临门白骑士slim床垫乳胶黄麻记忆棉偏硬薄床垫H,1401.65,【薄垫】白骑士slim 双睡款,,,1401.65,2449,5.7折,平台加补后,https://detail.tmall.com/item.htm?b_s_f=sycm&b_spm=a21ag.29085015&id=972907294650
126,886950842011,喜临门官方旗舰店,【原野垫】喜临门学生宿舍单人租房记忆棉榻榻米折叠软垫薄垫床垫,560.15,原野垫青春版 厚度5cm,5,112.03,560.15,959,5.8折,平台加补后,https://detail.tmall.com/item.htm?b_s_f=sycm&b_spm=a21ag.29085015&id=886950842011
126,886950842011,喜临门官方旗舰店,【原野垫】喜临门学生宿舍单人租房记忆棉榻榻米折叠软垫薄垫床垫,560.15,原野垫 厚度10cm,10,68.77,687.65,1109,6.2折,平台加补后,https://detail.tmall.com/item.htm?b_s_f=sycm&b_spm=a21ag.29085015&id=886950842011
126,886950842011,喜临门官方旗舰店,【原野垫】喜临门学生宿舍单人租房记忆棉榻榻米折叠软垫薄垫床垫,560.15,小宇宙1.0 厚度6cm,6,147.19,883.15,1339,6.6折,平台加补后,https://detail.tmall.com/item.htm?b_s_f=sycm&b_spm=a21ag.29085015&id=886950842011
126,886950842011,喜临门官方旗舰店,【原野垫】喜临门学生宿舍单人租房记忆棉榻榻米折叠软垫薄垫床垫,560.15,小宇宙升级3.0 厚度6cm,6,158.53,951.15,1419,6.7折,平台加补后,https://detail.tmall.com/item.htm?b_s_f=sycm&b_spm=a21ag.29085015&id=886950842011
127,1080525503771,栖作官方旗舰店,栖作坚果硬核床垫独立袋装可拆洗护脊硬儿童卧室家用记忆棉席梦思,4681.8,【0胶坚果·硬核】天然羊毛护脊 24cm 多人加购,24,195.08,4681.8,7499,6.2折,平台加补后,https://detail.tmall.com/item.htm?b_s_f=sycm&b_spm=a21ag.29085015&id=1080525503771
128,703825777106,香港海马集团商城企业店,记忆棉盒子独立弹簧床垫家用卧室12/15CM卷包压缩乳胶酒店软薄垫,492.15,A柔软款 厚≈12CM 实用之选,12,41.01,492.15,788,6.2折,平台加补后,https://detail.tmall.com/item.htm?b_s_f=sycm&b_spm=a21ag.29085015&id=703825777106
128,703825777106,香港海马集团商城企业店,记忆棉盒子独立弹簧床垫家用卧室12/15CM卷包压缩乳胶酒店软薄垫,492.15,B偏硬款 厚≈12CM 护脊发育,12,45.26,543.15,858,6.3折,平台加补后,https://detail.tmall.com/item.htm?b_s_f=sycm&b_spm=a21ag.29085015&id=703825777106
128,703825777106,香港海马集团商城企业店,记忆棉盒子独立弹簧床垫家用卧室12/15CM卷包压缩乳胶酒店软薄垫,492.15,C静音舒适款 厚≈12CM 静音享受（热销款♚）,12,53.48,641.75,1159,5.5折,平台加补后,https://detail.tmall.com/item.htm?b_s_f=sycm&b_spm=a21ag.29085015&id=703825777106
128,703825777106,香港海马集团商城企业店,记忆棉盒子独立弹簧床垫家用卧室12/15CM卷包压缩乳胶酒店软薄垫,492.15,D慢回弹支撑适款 厚≈12CM 主卧首选（热销款♚）,12,56.88,682.55,1228,5.6折,平台加补后,https://detail.tmall.com/item.htm?b_s_f=sycm&b_spm=a21ag.29085015&id=703825777106
128,703825777106,香港海马集团商城企业店,记忆棉盒子独立弹簧床垫家用卧室12/15CM卷包压缩乳胶酒店软薄垫,492.15,A柔软款 厚≈15CM 实用之选,15,32.81,492.15,788,6.2折,平台加补后,https://detail.tmall.com/item.htm?b_s_f=sycm&b_spm=a21ag.29085015&id=703825777106
128,703825777106,香港海马集团商城企业店,记忆棉盒子独立弹簧床垫家用卧室12/15CM卷包压缩乳胶酒店软薄垫,492.15,B偏硬款 厚≈15CM 护脊发育,15,36.21,543.15,858,6.3折,平台加补后,https://detail.tmall.com/item.htm?b_s_f=sycm&b_spm=a21ag.29085015&id=703825777106
128,703825777106,香港海马集团商城企业店,记忆棉盒子独立弹簧床垫家用卧室12/15CM卷包压缩乳胶酒店软薄垫,492.15,C静音舒适款 厚≈15CM 静音享受（热销款♛）,15,42.78,641.75,1159,5.5折,平台加补后,https://detail.tmall.com/item.htm?b_s_f=sycm&b_spm=a21ag.29085015&id=703825777106
128,703825777106,香港海马集团商城企业店,记忆棉盒子独立弹簧床垫家用卧室12/15CM卷包压缩乳胶酒店软薄垫,492.15,D慢慢回弹支撑款 厚≈15CM 主卧首选（热销款♛）,15,45.5,682.55,1228,5.6折,平台加补后,https://detail.tmall.com/item.htm?b_s_f=sycm&b_spm=a21ag.29085015&id=703825777106
128,703825777106,香港海马集团商城企业店,记忆棉盒子独立弹簧床垫家用卧室12/15CM卷包压缩乳胶酒店软薄垫,492.15,A柔软款 厚≈20CM 实用之选,20,24.61,492.15,788,6.2折,平台加补后,https://detail.tmall.com/item.htm?b_s_f=sycm&b_spm=a21ag.29085015&id=703825777106
128,703825777106,香港海马集团商城企业店,记忆棉盒子独立弹簧床垫家用卧室12/15CM卷包压缩乳胶酒店软薄垫,492.15,B偏硬款 厚≈20CM 护脊发育,20,27.16,543.15,858,6.3折,平台加补后,https://detail.tmall.com/item.htm?b_s_f=sycm&b_spm=a21ag.29085015&id=703825777106
128,703825777106,香港海马集团商城企业店,记忆棉盒子独立弹簧床垫家用卧室12/15CM卷包压缩乳胶酒店软薄垫,492.15,C静音舒适款 厚≈20CM 静音享受（热销款♚）,20,32.09,641.75,1159,5.5折,平台加补后,https://detail.tmall.com/item.htm?b_s_f=sycm&b_spm=a21ag.29085015&id=703825777106
128,703825777106,香港海马集团商城企业店,记忆棉盒子独立弹簧床垫家用卧室12/15CM卷包压缩乳胶酒店软薄垫,492.15,D慢回弹支撑款 厚≈20CM 主卧首选（热销款♚）,20,34.13,682.55,1228,5.6折,平台加补后,https://detail.tmall.com/item.htm?b_s_f=sycm&b_spm=a21ag.29085015&id=703825777106
129,828560473259,林芃家品旗舰店,林芃云宿pro3代床垫独立袋装弹簧席梦思家用卧室0胶水护腰护脊硬,3190.5,1800mm*2000mm 标准配置款,,,3190.5,4428.53,7.2折,平台加补后,https://detail.tmall.com/item.htm?b_s_f=sycm&b_spm=a21ag.29085015&id=828560473259
130,973606809400,喜临门官方旗舰店,【店播专享】喜临门伊菲床垫椰棕儿童A类面料加硬神器薄垫榻榻米H,1061.65,伊菲H10【双睡感/10CM】超6成用户选Ta ☆ ☆ ☆,10,127.42,1274.15,1999,6.4折,平台加补后,https://detail.tmall.com/item.htm?b_s_f=sycm&b_spm=a21ag.29085015&id=973606809400
130,973606809400,喜临门官方旗舰店,【店播专享】喜临门伊菲床垫椰棕儿童A类面料加硬神器薄垫榻榻米H,1061.65,伊菲H8【双睡感/8CM】泰国乳胶A类面料 千人加购,8,148.64,1189.15,1899,6.3折,平台加补后,https://detail.tmall.com/item.htm?b_s_f=sycm&b_spm=a21ag.29085015&id=973606809400
130,973606809400,喜临门官方旗舰店,【店播专享】喜临门伊菲床垫椰棕儿童A类面料加硬神器薄垫榻榻米H,1061.65,伊菲H6【硬睡感/6CM】A类面料可视窗口,6,176.94,1061.65,1749,6.1折,平台加补后,https://detail.tmall.com/item.htm?b_s_f=sycm&b_spm=a21ag.29085015&id=973606809400
130,973606809400,喜临门官方旗舰店,【店播专享】喜临门伊菲床垫椰棕儿童A类面料加硬神器薄垫榻榻米H,1061.65,伊菲Slim【硬睡感/6CM】可折叠0胶水黄麻,6,176.94,1061.65,1749,6.1折,平台加补后,https://detail.tmall.com/item.htm?b_s_f=sycm&b_spm=a21ag.29085015&id=973606809400
131,968892500055,KBN家居13年老店品质第一,纯手工拉扣无胶水无甲醛软硬适中护腰护脊a类母婴级羊绒环保床垫,2405.5,软硬适中【纯手工母婴级环保】 万人加购,,,2405.5,3550,6.8折,平台加补后,https://detail.tmall.com/item.htm?b_s_f=sycm&b_spm=a21ag.29085015&id=968892500055
131,968892500055,KBN家居13年老店品质第一,纯手工拉扣无胶水无甲醛软硬适中护腰护脊a类母婴级羊绒环保床垫,2405.5,硬核版【纯手工母婴级环保】,,,2405.5,3550,6.8折,平台加补后,https://detail.tmall.com/item.htm?b_s_f=sycm&b_spm=a21ag.29085015&id=968892500055
131,968892500055,KBN家居13年老店品质第一,纯手工拉扣无胶水无甲醛软硬适中护腰护脊a类母婴级羊绒环保床垫,2405.5,偏软【纯手工母婴级环保】,,,2405.5,3550,6.8折,平台加补后,https://detail.tmall.com/item.htm?b_s_f=sycm&b_spm=a21ag.29085015&id=968892500055
132,1004645121590,Hey Sleep家具旗舰店,【山脉】HEY护腰护脊床垫马尾毛手工家用弹簧十大名牌0胶水硬床垫,3091.96,【适中偏硬】山脉-A级护脊版23cm厚【2kg马尾毛】 【纯手工0胶水-100天试睡】 千人加购,23,134.43,3091.96,6016.96,5.1折,平台加补后,https://detail.tmall.com/item.htm?b_s_f=sycm&b_spm=a21ag.29085015&id=1004645121590
132,1004645121590,Hey Sleep家具旗舰店,【山脉】HEY护腰护脊床垫马尾毛手工家用弹簧十大名牌0胶水硬床垫,3091.96,【软硬适中】山脉-S级舒睡版25cm厚【2kg马尾毛】 【纯手工0胶水-100天试睡】,25,135.39,3384.85,6362.85,5.3折,平台加补后,https://detail.tmall.com/item.htm?b_s_f=sycm&b_spm=a21ag.29085015&id=1004645121590
133,41827761069,慕思官方旗舰店,【护脊版】慕思旗舰店床垫席梦十大慕斯名牌椰棕护脊弹簧棕榈硬垫,3990.75,护脊1.0【偏硬/20cm】基础椰棕-MCW1-014,20,199.54,3990.75,7005,5.7折,平台加补后,https://detail.tmall.com/item.htm?b_s_f=sycm&b_spm=a21ag.29085015&id=41827761069
133,41827761069,慕思官方旗舰店,【护脊版】慕思旗舰店床垫席梦十大慕斯名牌椰棕护脊弹簧棕榈硬垫,3990.75,护脊1.0pro【偏硬/20cm】竹炭椰棕-MCW1-088,20,219.56,4391.1,7476,5.9折,平台加补后,https://detail.tmall.com/item.htm?b_s_f=sycm&b_spm=a21ag.29085015&id=41827761069
133,41827761069,慕思官方旗舰店,【护脊版】慕思旗舰店床垫席梦十大慕斯名牌椰棕护脊弹簧棕榈硬垫,3990.75,护脊2.0【偏硬/21cm】竹炭山棕-MCW1-107 万人加购,21,228.16,4791.45,7947,6.0折,平台加补后,https://detail.tmall.com/item.htm?b_s_f=sycm&b_spm=a21ag.29085015&id=41827761069
133,41827761069,慕思官方旗舰店,【护脊版】慕思旗舰店床垫席梦十大慕斯名牌椰棕护脊弹簧棕榈硬垫,3990.75,护脊2.0Pro【双面睡感/24cm】乳胶+竹炭山棕-MCW1-100,24,201.7,4840.75,8005,6.0折,平台加补后,https://detail.tmall.com/item.htm?b_s_f=sycm&b_spm=a21ag.29085015&id=41827761069
133,41827761069,慕思官方旗舰店,【护脊版】慕思旗舰店床垫席梦十大慕斯名牌椰棕护脊弹簧棕榈硬垫,3990.75,护脊3.0【软硬适中/23cm】4D材质-MCW1-121,23,212.65,4890.9,8064,6.1折,平台加补后,https://detail.tmall.com/item.htm?b_s_f=sycm&b_spm=a21ag.29085015&id=41827761069
133,41827761069,慕思官方旗舰店,【护脊版】慕思旗舰店床垫席梦十大慕斯名牌椰棕护脊弹簧棕榈硬垫,3990.75,护脊3.0Pro【偏硬/28cm】2cm天然乳胶+4D透气纤维-MCW1-178,28,178.26,4991.2,8182,6.1折,平台加补后,https://detail.tmall.com/item.htm?b_s_f=sycm&b_spm=a21ag.29085015&id=41827761069
133,41827761069,慕思官方旗舰店,【护脊版】慕思旗舰店床垫席梦十大慕斯名牌椰棕护脊弹簧棕榈硬垫,3990.75,护脊3.0Plus【偏硬/23cm】2cm黄麻+竹炭山棕,23,225.69,5190.95,8417,6.2折,平台加补后,https://detail.tmall.com/item.htm?b_s_f=sycm&b_spm=a21ag.29085015&id=41827761069
134,876154059604,林氏家居官方旗舰店,黑骑士林氏家居乳胶床垫国家补贴家用护脊独立弹簧硬180x200木业,1042.68,(1)【黑骑士Plus·双睡】浅眠 三维深睡系统 睡更沉|正适中 反硬|25cm,25,60.78,1519.56,2591,5.9折,平台加补后,https://detail.tmall.com/item.htm?b_s_f=sycm&b_spm=a21ag.29085015&id=876154059604
134,876154059604,林氏家居官方旗舰店,黑骑士林氏家居乳胶床垫国家补贴家用护脊独立弹簧硬180x200木业,1042.68,(2)【黑骑士·双睡】上班族全身包裹放松|正软硬适中 反偏硬|25cm,25,53.14,1328.38,2265,5.9折,平台加补后,https://detail.tmall.com/item.htm?b_s_f=sycm&b_spm=a21ag.29085015&id=876154059604
134,876154059604,林氏家居官方旗舰店,黑骑士林氏家居乳胶床垫国家补贴家用护脊独立弹簧硬180x200木业,1042.68,(3)【黑骑士·乳胶】经典乳胶自然防螨 |软硬适中|23cm,23,49.51,1138.69,1942,5.9折,平台加补后,https://detail.tmall.com/item.htm?b_s_f=sycm&b_spm=a21ag.29085015&id=876154059604
134,876154059604,林氏家居官方旗舰店,黑骑士林氏家居乳胶床垫国家补贴家用护脊独立弹簧硬180x200木业,1042.68,(4)【黑骑士·3D芯】透气翻身不黏腻 百万支撑点|偏硬|25cm,25,53.14,1328.38,2265,5.9折,平台加补后,https://detail.tmall.com/item.htm?b_s_f=sycm&b_spm=a21ag.29085015&id=876154059604
134,876154059604,林氏家居官方旗舰店,黑骑士林氏家居乳胶床垫国家补贴家用护脊独立弹簧硬180x200木业,1042.68,(5)【黑骑士·果冻绵】偏爱软包裹|软硬适中|23cm,23,45.33,1042.68,1779,5.9折,平台加补后,https://detail.tmall.com/item.htm?b_s_f=sycm&b_spm=a21ag.29085015&id=876154059604
134,876154059604,林氏家居官方旗舰店,黑骑士林氏家居乳胶床垫国家补贴家用护脊独立弹簧硬180x200木业,1042.68,(6)【黑骑士·绵】青少年/老人脊椎守护|偏硬|21cm,21,49.65,1042.68,1779,5.9折,平台加补后,https://detail.tmall.com/item.htm?b_s_f=sycm&b_spm=a21ag.29085015&id=876154059604
135,930562214289,林氏家居官方旗舰店,大白垫林氏家居官方独立弹簧床垫家用180x200乳胶绵偏硬厚垫木业,898.76,(1)【大白垫Lite】脊椎不适 强力撑腰|硬|20cm,20,47.45,948.92,,,平台加补后,https://detail.tmall.com/item.htm?b_s_f=sycm&b_spm=a21ag.29085015&id=930562214289
135,930562214289,林氏家居官方旗舰店,大白垫林氏家居官方独立弹簧床垫家用180x200乳胶绵偏硬厚垫木业,898.76,(2)【大白垫】久坐上班族 释压柔弹贴合|正适中 反偏硬|22cm 近期热销,22,45.37,998.16,,,平台加补后,https://detail.tmall.com/item.htm?b_s_f=sycm&b_spm=a21ag.29085015&id=930562214289
135,930562214289,林氏家居官方旗舰店,大白垫林氏家居官方独立弹簧床垫家用180x200乳胶绵偏硬厚垫木业,898.76,(3)【大白垫Pro】母婴同睡/青老年|黄麻强韧承托|偏硬|21cm,21,52.31,1098.56,,,平台加补后,https://detail.tmall.com/item.htm?b_s_f=sycm&b_spm=a21ag.29085015&id=930562214289
135,930562214289,林氏家居官方旗舰店,大白垫林氏家居官方独立弹簧床垫家用180x200乳胶绵偏硬厚垫木业,898.76,(4)【大白垫Plus】全家适用|一面舒适一面护脊|正偏硬 反硬|23cm,23,47.76,1098.56,,,平台加补后,https://detail.tmall.com/item.htm?b_s_f=sycm&b_spm=a21ag.29085015&id=930562214289
135,930562214289,林氏家居官方旗舰店,大白垫林氏家居官方独立弹簧床垫家用180x200乳胶绵偏硬厚垫木业,898.76,(6)【纯净垫Lite】租房入门款 经济整网弹簧|硬|21cm,21,42.8,898.76,,,平台加补后,https://detail.tmall.com/item.htm?b_s_f=sycm&b_spm=a21ag.29085015&id=930562214289
135,930562214289,林氏家居官方旗舰店,大白垫林氏家居官方独立弹簧床垫家用180x200乳胶绵偏硬厚垫木业,898.76,(7)【纯净垫】夫妻同睡静音抗干扰|偏硬|20cm,20,49.91,998.16,,,平台加补后,https://detail.tmall.com/item.htm?b_s_f=sycm&b_spm=a21ag.29085015&id=930562214289
135,930562214289,林氏家居官方旗舰店,大白垫林氏家居官方独立弹簧床垫家用180x200乳胶绵偏硬厚垫木业,898.76,(8)【纯净垫Pro】易敏体质 抗菌防螨|正偏硬 反硬|20cm,20,54.93,1098.56,,,平台加补后,https://detail.tmall.com/item.htm?b_s_f=sycm&b_spm=a21ag.29085015&id=930562214289
136,574575426373,慕思官方旗舰店,【奢享】慕思旗舰店十大名牌Smart双层弹簧乳胶床垫席梦思偏软垫,5819.98,偏软奢享版【偏软/30cm】(3q小弹簧+Smart智慧弹簧)+MCW1-072,30,213.44,6403.08,12544.04,5.1折,平台加补后,https://detail.tmall.com/item.htm?b_s_f=sycm&b_spm=a21ag.29085015&id=574575426373
136,574575426373,慕思官方旗舰店,【奢享】慕思旗舰店十大名牌Smart双层弹簧乳胶床垫席梦思偏软垫,5819.98,适中奢享版【软硬适中/25cm】(3q小弹簧+独立筒弹簧)+MCW1-166,25,242.8,6069.88,12152.04,5.0折,平台加补后,https://detail.tmall.com/item.htm?b_s_f=sycm&b_spm=a21ag.29085015&id=574575426373
136,574575426373,慕思官方旗舰店,【奢享】慕思旗舰店十大名牌Smart双层弹簧乳胶床垫席梦思偏软垫,5819.98,偏硬奢享版【偏硬/25cm】(3q小弹簧+整网弹簧)+MCW1-167,25,232.8,5819.98,11858.04,4.9折,平台加补后,https://detail.tmall.com/item.htm?b_s_f=sycm&b_spm=a21ag.29085015&id=574575426373
137,830411175812,SMAN森眠旗舰店,森眠[云榻]床垫硬垫子软床垫加硬神器黄麻床垫薄护腰家用软床变硬,351.3,高硬4cm厚=3cm无胶3E棕+6D面料（全拆洗）,4,87.83,351.3,503.3,7.0折,平台加补后,https://detail.tmall.com/item.htm?b_s_f=sycm&b_spm=a21ag.29085015&id=830411175812
137,830411175812,SMAN森眠旗舰店,森眠[云榻]床垫硬垫子软床垫加硬神器黄麻床垫薄护腰家用软床变硬,351.3,高硬6cm=5cm无胶3E棕+6D面料（全拆可机洗）,6,78.45,470.7,672.76,7.0折,平台加补后,https://detail.tmall.com/item.htm?b_s_f=sycm&b_spm=a21ag.29085015&id=830411175812
137,830411175812,SMAN森眠旗舰店,森眠[云榻]床垫硬垫子软床垫加硬神器黄麻床垫薄护腰家用软床变硬,351.3,中硬7cm=5cm无胶3E棕+1cm乳胶+6D面料（全拆可机洗）,7,88.86,622,884.76,7.0折,平台加补后,https://detail.tmall.com/item.htm?b_s_f=sycm&b_spm=a21ag.29085015&id=830411175812
137,830411175812,SMAN森眠旗舰店,森眠[云榻]床垫硬垫子软床垫加硬神器黄麻床垫薄护腰家用软床变硬,351.3,护脊6cm=3cm无胶3E棕+2cm乳胶+6D面料（全拆可机洗）,6,107.26,643.58,915.15,7.0折,平台加补后,https://detail.tmall.com/item.htm?b_s_f=sycm&b_spm=a21ag.29085015&id=830411175812
137,830411175812,SMAN森眠旗舰店,森眠[云榻]床垫硬垫子软床垫加硬神器黄麻床垫薄护腰家用软床变硬,351.3,护脊8cm=5cm无胶3E棕+2cm乳胶+6D面料（全拆可机洗）,8,95.91,767.24,1088.64,7.0折,平台加补后,https://detail.tmall.com/item.htm?b_s_f=sycm&b_spm=a21ag.29085015&id=830411175812
138,911248167755,喜临门官方旗舰店,【净眠M80】喜临门官方正品线下同款家用席梦思电动卧室乳胶床垫,6884.15,净眠M80(S)【28cm/偏软睡感 奢材羊驼毛】,28,245.86,6884.15,9099,7.6折,平台加补后,https://detail.tmall.com/item.htm?b_s_f=sycm&b_spm=a21ag.29085015&id=911248167755
138,911248167755,喜临门官方旗舰店,【净眠M80】喜临门官方正品线下同款家用席梦思电动卧室乳胶床垫,6884.15,净眠M80(M)【28cm/软硬适中睡感 奢材羊驼毛】,28,245.86,6884.15,9099,7.6折,平台加补后,https://detail.tmall.com/item.htm?b_s_f=sycm&b_spm=a21ag.29085015&id=911248167755
138,911248167755,喜临门官方旗舰店,【净眠M80】喜临门官方正品线下同款家用席梦思电动卧室乳胶床垫,6884.15,净眠M80 舒脊加硬版【28cm/适中偏硬睡感 奢材羊驼毛】,28,245.86,6884.15,9099,7.6折,平台加补后,https://detail.tmall.com/item.htm?b_s_f=sycm&b_spm=a21ag.29085015&id=911248167755
138,911248167755,喜临门官方旗舰店,【净眠M80】喜临门官方正品线下同款家用席梦思电动卧室乳胶床垫,6884.15,【三合一套餐】净眠M80 S（床垫）+智慧T1（床架）+杜松（软床）,,,10299,12799,8.0折,平台加补后,https://detail.tmall.com/item.htm?b_s_f=sycm&b_spm=a21ag.29085015&id=911248167755
138,911248167755,喜临门官方旗舰店,【净眠M80】喜临门官方正品线下同款家用席梦思电动卧室乳胶床垫,6884.15,【三合一套餐】净眠M80 M（床垫）+智慧T1（床架）+杜松（软床）,,,10299,12799,8.0折,平台加补后,https://detail.tmall.com/item.htm?b_s_f=sycm&b_spm=a21ag.29085015&id=911248167755
139,864214347290,乐吾手工床垫企业店,【马尾毛】乐吾手工马尾毛阿正床垫整床无胶水独立袋弹簧席梦思,3780,偏硬（腰椎问题首选款） 千人加购,,,6480,,,平台加补后,https://detail.tmall.com/item.htm?b_s_f=sycm&b_spm=a21ag.29085015&id=864214347290
139,864214347290,乐吾手工床垫企业店,【马尾毛】乐吾手工马尾毛阿正床垫整床无胶水独立袋弹簧席梦思,3780,软硬适中（适合大部分人）,,,6880,,,平台加补后,https://detail.tmall.com/item.htm?b_s_f=sycm&b_spm=a21ag.29085015&id=864214347290
139,864214347290,乐吾手工床垫企业店,【马尾毛】乐吾手工马尾毛阿正床垫整床无胶水独立袋弹簧席梦思,3780,顶垫,,,3780,,,平台加补后,https://detail.tmall.com/item.htm?b_s_f=sycm&b_spm=a21ag.29085015&id=864214347290
139,864214347290,乐吾手工床垫企业店,【马尾毛】乐吾手工马尾毛阿正床垫整床无胶水独立袋弹簧席梦思,3780,偏硬款床垫+顶垫,,,10260,,,平台加补后,https://detail.tmall.com/item.htm?b_s_f=sycm&b_spm=a21ag.29085015&id=864214347290
139,864214347290,乐吾手工床垫企业店,【马尾毛】乐吾手工马尾毛阿正床垫整床无胶水独立袋弹簧席梦思,3780,软硬适中款床垫+顶垫,,,10660,,,平台加补后,https://detail.tmall.com/item.htm?b_s_f=sycm&b_spm=a21ag.29085015&id=864214347290
139,864214347290,乐吾手工床垫企业店,【马尾毛】乐吾手工马尾毛阿正床垫整床无胶水独立袋弹簧席梦思,3780,定制款,,,11800,,,平台加补后,https://detail.tmall.com/item.htm?b_s_f=sycm&b_spm=a21ag.29085015&id=864214347290
139,864214347290,乐吾手工床垫企业店,【马尾毛】乐吾手工马尾毛阿正床垫整床无胶水独立袋弹簧席梦思,3780,偏软,,,7280,,,平台加补后,https://detail.tmall.com/item.htm?b_s_f=sycm&b_spm=a21ag.29085015&id=864214347290
139,864214347290,乐吾手工床垫企业店,【马尾毛】乐吾手工马尾毛阿正床垫整床无胶水独立袋弹簧席梦思,3780,偏软款床垫+顶垫,,,11060,,,平台加补后,https://detail.tmall.com/item.htm?b_s_f=sycm&b_spm=a21ag.29085015&id=864214347290
140,1018646174103,芝华仕睡眠旗舰店,【芝华仕D026】政府补贴弹簧乳胶床垫席梦思护脊厚垫软硬卧室家用,1299.22,26CM经典升级版|软硬适中|进口乳胶 舒适护脊,26,53.71,1396.55,1945,7.2折,平台加补后,https://detail.tmall.com/item.htm?b_s_f=sycm&b_spm=a21ag.29085015&id=1018646174103
140,1018646174103,芝华仕睡眠旗舰店,【芝华仕D026】政府补贴弹簧乳胶床垫席梦思护脊厚垫软硬卧室家用,1299.22,26CM护脊升级版|偏硬支撑双重支撑 科学护脊 店长主推,26,49.97,1299.22,1815,7.2折,平台加补后,https://detail.tmall.com/item.htm?b_s_f=sycm&b_spm=a21ag.29085015&id=1018646174103
140,1018646174103,芝华仕睡眠旗舰店,【芝华仕D026】政府补贴弹簧乳胶床垫席梦思护脊厚垫软硬卧室家用,1299.22,26CM双面版|软硬双睡|睡感可选 双重防螨,26,68.13,1771.4,2464,7.2折,平台加补后,https://detail.tmall.com/item.htm?b_s_f=sycm&b_spm=a21ag.29085015&id=1018646174103
140,1018646174103,芝华仕睡眠旗舰店,【芝华仕D026】政府补贴弹簧乳胶床垫席梦思护脊厚垫软硬卧室家用,1299.22,26CM记忆绵版|适中偏软|一张能撑腰的记忆绵床垫,26,64.5,1677.05,2333,7.2折,平台加补后,https://detail.tmall.com/item.htm?b_s_f=sycm&b_spm=a21ag.29085015&id=1018646174103
140,1018646174103,芝华仕睡眠旗舰店,【芝华仕D026】政府补贴弹簧乳胶床垫席梦思护脊厚垫软硬卧室家用,1299.22,24CM整垫0胶版|软硬双睡|全0胶水工艺A类抑菌面料,24,102.32,2455.65,3411,7.2折,平台加补后,https://detail.tmall.com/item.htm?b_s_f=sycm&b_spm=a21ag.29085015&id=1018646174103
141,734987613271,城市爱情家具旗舰店,【大白垫】城市爱情席梦思弹簧乳胶椰棕软硬两用床垫主卧国家补贴,1027.65,大白垫 【软硬双睡/21CM】一面舒适一面撑脊 店长主推,21,58.25,1223.15,1849,6.6折,平台加补后,https://detail.tmall.com/item.htm?b_s_f=sycm&b_spm=a21ag.29085015&id=734987613271
141,734987613271,城市爱情家具旗舰店,【大白垫】城市爱情席梦思弹簧乳胶椰棕软硬两用床垫主卧国家补贴,1027.65,大白垫2.0【0胶黄麻 软硬双睡】一面舒适一面撑脊,,,1265.65,1899,6.7折,平台加补后,https://detail.tmall.com/item.htm?b_s_f=sycm&b_spm=a21ag.29085015&id=734987613271
141,734987613271,城市爱情家具旗舰店,【大白垫】城市爱情席梦思弹簧乳胶椰棕软硬两用床垫主卧国家补贴,1027.65,大白h【偏硬睡感/23CM】双效支撑老少皆宜 万人加购,23,44.68,1027.65,1619,6.3折,平台加补后,https://detail.tmall.com/item.htm?b_s_f=sycm&b_spm=a21ag.29085015&id=734987613271
141,734987613271,城市爱情家具旗舰店,【大白垫】城市爱情席梦思弹簧乳胶椰棕软硬两用床垫主卧国家补贴,1027.65,大白Lite【偏软睡感 舒适透气/22.5CM】 层层释压 舒软柔弹,22.5,48.7,1095.65,1699,6.4折,平台加补后,https://detail.tmall.com/item.htm?b_s_f=sycm&b_spm=a21ag.29085015&id=734987613271
141,734987613271,城市爱情家具旗舰店,【大白垫】城市爱情席梦思弹簧乳胶椰棕软硬两用床垫主卧国家补贴,1027.65,大白plus 【软硬双睡 爆款升级/ 22CM】专利工学 三区弹簧,22,63.33,1393.15,2049,6.8折,平台加补后,https://detail.tmall.com/item.htm?b_s_f=sycm&b_spm=a21ag.29085015&id=734987613271
142,989911483898,香港(國際)海马锐景企业店,海马锐景五星级酒店床垫家用卧室独立弹簧黄麻棕护腰加厚乳胶软垫,465,希尔顿基础客房款20CM【适中稍硬】,20,23.25,465,770,6.0折,平台加补后,https://detail.tmall.com/item.htm?b_s_f=sycm&b_spm=a21ag.29085015&id=989911483898
142,989911483898,香港(國際)海马锐景企业店,海马锐景五星级酒店床垫家用卧室独立弹簧黄麻棕护腰加厚乳胶软垫,465,希尔顿升级家用款22CM【适中偏软】,22,25.05,551,830,6.6折,平台加补后,https://detail.tmall.com/item.htm?b_s_f=sycm&b_spm=a21ag.29085015&id=989911483898
142,989911483898,香港(國際)海马锐景企业店,海马锐景五星级酒店床垫家用卧室独立弹簧黄麻棕护腰加厚乳胶软垫,465,希尔顿舒适适中款24CM【舒适微硬】,24,24.62,591,890,6.6折,平台加补后,https://detail.tmall.com/item.htm?b_s_f=sycm&b_spm=a21ag.29085015&id=989911483898
142,989911483898,香港(國際)海马锐景企业店,海马锐景五星级酒店床垫家用卧室独立弹簧黄麻棕护腰加厚乳胶软垫,465,希尔顿主卧享受款25CM【五星睡感】,25,23.96,599,920,6.5折,平台加补后,https://detail.tmall.com/item.htm?b_s_f=sycm&b_spm=a21ag.29085015&id=989911483898
142,989911483898,香港(國際)海马锐景企业店,海马锐景五星级酒店床垫家用卧室独立弹簧黄麻棕护腰加厚乳胶软垫,465,希尔顿行政套房款27CM【零压舒适】,27,23.56,636,960,6.6折,平台加补后,https://detail.tmall.com/item.htm?b_s_f=sycm&b_spm=a21ag.29085015&id=989911483898
142,989911483898,香港(國際)海马锐景企业店,海马锐景五星级酒店床垫家用卧室独立弹簧黄麻棕护腰加厚乳胶软垫,465,希尔顿总统套房款30CM【顶级柔软】,30,22.2,666,1000,6.7折,平台加补后,https://detail.tmall.com/item.htm?b_s_f=sycm&b_spm=a21ag.29085015&id=989911483898
142,989911483898,香港(國際)海马锐景企业店,海马锐景五星级酒店床垫家用卧室独立弹簧黄麻棕护腰加厚乳胶软垫,465,希尔顿酒店双面款28CM【双面睡感】,28,26.46,741,1120,6.6折,平台加补后,https://detail.tmall.com/item.htm?b_s_f=sycm&b_spm=a21ag.29085015&id=989911483898
142,989911483898,香港(國際)海马锐景企业店,海马锐景五星级酒店床垫家用卧室独立弹簧黄麻棕护腰加厚乳胶软垫,465,希尔顿护脊护腰款22CM【护脊护腰】,22,30.27,666,1000,6.7折,平台加补后,https://detail.tmall.com/item.htm?b_s_f=sycm&b_spm=a21ag.29085015&id=989911483898
143,943742495983,栀眠旗舰店,床垫椰棕垫羊绒天然棕榈硬垫子1.5米1.8儿童黄麻床垫双面护腰脊垫,271.32,【偏硬支撑3.0】一体6cm=黄麻3E棕+防螨羊绒面料,6,45.22,271.32,380,7.1折,平台加补后,https://detail.tmall.com/item.htm?b_s_f=sycm&b_spm=a21ag.29085015&id=943742495983
143,943742495983,栀眠旗舰店,床垫椰棕垫羊绒天然棕榈硬垫子1.5米1.8儿童黄麻床垫双面护腰脊垫,271.32,【偏硬支撑3.0】折叠6cm=黄麻3E棕+防螨羊绒面料,6,50.12,300.72,421,7.1折,平台加补后,https://detail.tmall.com/item.htm?b_s_f=sycm&b_spm=a21ag.29085015&id=943742495983
143,943742495983,栀眠旗舰店,床垫椰棕垫羊绒天然棕榈硬垫子1.5米1.8儿童黄麻床垫双面护腰脊垫,271.32,【偏硬支撑3.0】一体8cm=黄麻3E棕+防螨羊绒面料 百人购买,8,42.95,343.56,481,7.1折,平台加补后,https://detail.tmall.com/item.htm?b_s_f=sycm&b_spm=a21ag.29085015&id=943742495983
143,943742495983,栀眠旗舰店,床垫椰棕垫羊绒天然棕榈硬垫子1.5米1.8儿童黄麻床垫双面护腰脊垫,271.32,【偏硬支撑3.0】折叠8cm=黄麻3E棕+防螨羊绒面料,8,46.62,372.96,522,7.1折,平台加补后,https://detail.tmall.com/item.htm?b_s_f=sycm&b_spm=a21ag.29085015&id=943742495983
143,943742495983,栀眠旗舰店,床垫椰棕垫羊绒天然棕榈硬垫子1.5米1.8儿童黄麻床垫双面护腰脊垫,271.32,【偏硬支撑3.0】一体10cm=黄麻3E棕+防螨羊绒面料,10,39.98,399.84,560,7.1折,平台加补后,https://detail.tmall.com/item.htm?b_s_f=sycm&b_spm=a21ag.29085015&id=943742495983
143,943742495983,栀眠旗舰店,床垫椰棕垫羊绒天然棕榈硬垫子1.5米1.8儿童黄麻床垫双面护腰脊垫,271.32,【偏硬支撑3.0】折叠10cm=黄麻3E棕+防螨羊绒面料,10,42.92,429.24,601,7.1折,平台加补后,https://detail.tmall.com/item.htm?b_s_f=sycm&b_spm=a21ag.29085015&id=943742495983
143,943742495983,栀眠旗舰店,床垫椰棕垫羊绒天然棕榈硬垫子1.5米1.8儿童黄麻床垫双面护腰脊垫,271.32,【偏硬支撑3.0】一体13cm=黄麻3E棕+防螨羊绒面料,13,40.64,528.36,740,7.1折,平台加补后,https://detail.tmall.com/item.htm?b_s_f=sycm&b_spm=a21ag.29085015&id=943742495983
143,943742495983,栀眠旗舰店,床垫椰棕垫羊绒天然棕榈硬垫子1.5米1.8儿童黄麻床垫双面护腰脊垫,271.32,【偏硬支撑3.0】折叠13cm=黄麻3E棕+防螨羊绒面料,13,42.9,557.76,781,7.1折,平台加补后,https://detail.tmall.com/item.htm?b_s_f=sycm&b_spm=a21ag.29085015&id=943742495983
143,943742495983,栀眠旗舰店,床垫椰棕垫羊绒天然棕榈硬垫子1.5米1.8儿童黄麻床垫双面护腰脊垫,271.32,【偏硬支撑3.0】一体18cm=黄麻3E棕+防螨羊绒面料,18,37.19,669.49,937,7.1折,平台加补后,https://detail.tmall.com/item.htm?b_s_f=sycm&b_spm=a21ag.29085015&id=943742495983
143,943742495983,栀眠旗舰店,床垫椰棕垫羊绒天然棕榈硬垫子1.5米1.8儿童黄麻床垫双面护腰脊垫,271.32,【均衡适中3.0】一体7cm=黄麻3E棕+防螨羊绒面料+1cm乳胶,7,45.84,320.88,449,7.1折,平台加补后,https://detail.tmall.com/item.htm?b_s_f=sycm&b_spm=a21ag.29085015&id=943742495983
143,943742495983,栀眠旗舰店,床垫椰棕垫羊绒天然棕榈硬垫子1.5米1.8儿童黄麻床垫双面护腰脊垫,271.32,【均衡适中3.0】折叠7cm=黄麻3E棕+防螨羊绒面料+1cm乳胶,7,50.04,350.28,490,7.1折,平台加补后,https://detail.tmall.com/item.htm?b_s_f=sycm&b_spm=a21ag.29085015&id=943742495983
143,943742495983,栀眠旗舰店,床垫椰棕垫羊绒天然棕榈硬垫子1.5米1.8儿童黄麻床垫双面护腰脊垫,271.32,【均衡适中3.0】一体9cm=黄麻3E棕+防螨羊绒面料+1cm乳胶,9,44.43,399.84,560,7.1折,平台加补后,https://detail.tmall.com/item.htm?b_s_f=sycm&b_spm=a21ag.29085015&id=943742495983
143,943742495983,栀眠旗舰店,床垫椰棕垫羊绒天然棕榈硬垫子1.5米1.8儿童黄麻床垫双面护腰脊垫,271.32,【均衡适中3.0】折叠9cm=黄麻3E棕+防螨羊绒面料+1cm乳胶,9,47.69,429.24,601,7.1折,平台加补后,https://detail.tmall.com/item.htm?b_s_f=sycm&b_spm=a21ag.29085015&id=943742495983
143,943742495983,栀眠旗舰店,床垫椰棕垫羊绒天然棕榈硬垫子1.5米1.8儿童黄麻床垫双面护腰脊垫,271.32,【均衡适中3.0】一体11cm=黄麻3E棕+防螨羊绒面料+1cm乳胶,11,41.08,451.93,632,7.2折,平台加补后,https://detail.tmall.com/item.htm?b_s_f=sycm&b_spm=a21ag.29085015&id=943742495983
143,943742495983,栀眠旗舰店,床垫椰棕垫羊绒天然棕榈硬垫子1.5米1.8儿童黄麻床垫双面护腰脊垫,271.32,【均衡适中3.0】折叠11cm=黄麻3E棕+防螨羊绒面料+1cm乳胶,11,43.83,482.16,675,7.1折,平台加补后,https://detail.tmall.com/item.htm?b_s_f=sycm&b_spm=a21ag.29085015&id=943742495983
143,943742495983,栀眠旗舰店,床垫椰棕垫羊绒天然棕榈硬垫子1.5米1.8儿童黄麻床垫双面护腰脊垫,271.32,【均衡适中3.0】一体14cm=黄麻3E棕+防螨羊绒面料+1cm乳胶,14,42.0,588,823,7.1折,平台加补后,https://detail.tmall.com/item.htm?b_s_f=sycm&b_spm=a21ag.29085015&id=943742495983
143,943742495983,栀眠旗舰店,床垫椰棕垫羊绒天然棕榈硬垫子1.5米1.8儿童黄麻床垫双面护腰脊垫,271.32,【均衡适中3.0】折叠14cm=黄麻3E棕+防螨羊绒面料+1cm乳胶,14,44.1,617.41,864,7.1折,平台加补后,https://detail.tmall.com/item.htm?b_s_f=sycm&b_spm=a21ag.29085015&id=943742495983
143,943742495983,栀眠旗舰店,床垫椰棕垫羊绒天然棕榈硬垫子1.5米1.8儿童黄麻床垫双面护腰脊垫,271.32,【均衡适中3.0】一体19cm=黄麻3E棕+防螨羊绒面料+1cm乳胶,19,38.74,736.1,1030,7.1折,平台加补后,https://detail.tmall.com/item.htm?b_s_f=sycm&b_spm=a21ag.29085015&id=943742495983
143,943742495983,栀眠旗舰店,床垫椰棕垫羊绒天然棕榈硬垫子1.5米1.8儿童黄麻床垫双面护腰脊垫,271.32,【柔软舒睡3.0】一体8cm=黄麻3E棕+防螨羊绒面料+2cm乳胶,8,51.56,412.45,577,7.1折,平台加补后,https://detail.tmall.com/item.htm?b_s_f=sycm&b_spm=a21ag.29085015&id=943742495983
143,943742495983,栀眠旗舰店,床垫椰棕垫羊绒天然棕榈硬垫子1.5米1.8儿童黄麻床垫双面护腰脊垫,271.32,【柔软舒睡3.0】折叠8cm=黄麻3E棕+防螨羊绒面料+2cm乳胶,8,55.34,442.68,620,7.1折,平台加补后,https://detail.tmall.com/item.htm?b_s_f=sycm&b_spm=a21ag.29085015&id=943742495983
143,943742495983,栀眠旗舰店,床垫椰棕垫羊绒天然棕榈硬垫子1.5米1.8儿童黄麻床垫双面护腰脊垫,271.32,【柔软舒睡3.0】一体10cm=黄麻3E棕+防螨羊绒面料+2cm乳胶,10,48.89,488.89,684,7.1折,平台加补后,https://detail.tmall.com/item.htm?b_s_f=sycm&b_spm=a21ag.29085015&id=943742495983
143,943742495983,栀眠旗舰店,床垫椰棕垫羊绒天然棕榈硬垫子1.5米1.8儿童黄麻床垫双面护腰脊垫,271.32,【柔软舒睡3.0】折叠10cm=黄麻3E棕+防螨羊绒面料+2cm乳胶,10,51.83,518.29,725,7.1折,平台加补后,https://detail.tmall.com/item.htm?b_s_f=sycm&b_spm=a21ag.29085015&id=943742495983
143,943742495983,栀眠旗舰店,床垫椰棕垫羊绒天然棕榈硬垫子1.5米1.8儿童黄麻床垫双面护腰脊垫,271.32,【柔软舒睡3.0】一体12cm=黄麻3E棕+防螨羊绒面料+2cm乳胶,12,45.64,547.68,767,7.1折,平台加补后,https://detail.tmall.com/item.htm?b_s_f=sycm&b_spm=a21ag.29085015&id=943742495983
143,943742495983,栀眠旗舰店,床垫椰棕垫羊绒天然棕榈硬垫子1.5米1.8儿童黄麻床垫双面护腰脊垫,271.32,【柔软舒睡3.0】折叠12cm=黄麻3E棕+防螨羊绒面料+2cm乳胶,12,48.16,577.92,809,7.1折,平台加补后,https://detail.tmall.com/item.htm?b_s_f=sycm&b_spm=a21ag.29085015&id=943742495983
143,943742495983,栀眠旗舰店,床垫椰棕垫羊绒天然棕榈硬垫子1.5米1.8儿童黄麻床垫双面护腰脊垫,271.32,【柔软舒睡3.0】一体15cm=黄麻3E棕+防螨羊绒面料+2cm乳胶,15,47.1,706.44,989,7.1折,平台加补后,https://detail.tmall.com/item.htm?b_s_f=sycm&b_spm=a21ag.29085015&id=943742495983
143,943742495983,栀眠旗舰店,床垫椰棕垫羊绒天然棕榈硬垫子1.5米1.8儿童黄麻床垫双面护腰脊垫,271.32,【柔软舒睡3.0】折叠15cm=黄麻3E棕+防螨羊绒面料+2cm乳胶,15,49.07,736.1,1030,7.1折,平台加补后,https://detail.tmall.com/item.htm?b_s_f=sycm&b_spm=a21ag.29085015&id=943742495983
143,943742495983,栀眠旗舰店,床垫椰棕垫羊绒天然棕榈硬垫子1.5米1.8儿童黄麻床垫双面护腰脊垫,271.32,【柔软舒睡3.0】一体20cm=黄麻3E棕+防螨羊绒面料+2cm乳胶,20,43.31,866.15,1210,7.2折,平台加补后,https://detail.tmall.com/item.htm?b_s_f=sycm&b_spm=a21ag.29085015&id=943742495983
143,943742495983,栀眠旗舰店,床垫椰棕垫羊绒天然棕榈硬垫子1.5米1.8儿童黄麻床垫双面护腰脊垫,271.32,【偏硬支撑5.0】一体6cm=S黄麻+防螨羊绒面料,6,64.96,389.77,545,7.2折,平台加补后,https://detail.tmall.com/item.htm?b_s_f=sycm&b_spm=a21ag.29085015&id=943742495983
143,943742495983,栀眠旗舰店,床垫椰棕垫羊绒天然棕榈硬垫子1.5米1.8儿童黄麻床垫双面护腰脊垫,271.32,【偏硬支撑5.0】折叠6cm=S黄麻+防螨羊绒面料,6,70.0,420,588,7.1折,平台加补后,https://detail.tmall.com/item.htm?b_s_f=sycm&b_spm=a21ag.29085015&id=943742495983
143,943742495983,栀眠旗舰店,床垫椰棕垫羊绒天然棕榈硬垫子1.5米1.8儿童黄麻床垫双面护腰脊垫,271.32,【偏硬支撑5.0】一体8cm=S黄麻+防螨羊绒面料,8,66.05,528.36,740,7.1折,平台加补后,https://detail.tmall.com/item.htm?b_s_f=sycm&b_spm=a21ag.29085015&id=943742495983
143,943742495983,栀眠旗舰店,床垫椰棕垫羊绒天然棕榈硬垫子1.5米1.8儿童黄麻床垫双面护腰脊垫,271.32,【偏硬支撑5.0】折叠8cm=S黄麻+防螨羊绒面料,8,69.72,557.76,781,7.1折,平台加补后,https://detail.tmall.com/item.htm?b_s_f=sycm&b_spm=a21ag.29085015&id=943742495983
143,943742495983,栀眠旗舰店,床垫椰棕垫羊绒天然棕榈硬垫子1.5米1.8儿童黄麻床垫双面护腰脊垫,271.32,【偏硬支撑5.0】一体10cm=S黄麻+防螨羊绒面料,10,63.0,630,882,7.1折,平台加补后,https://detail.tmall.com/item.htm?b_s_f=sycm&b_spm=a21ag.29085015&id=943742495983
143,943742495983,栀眠旗舰店,床垫椰棕垫羊绒天然棕榈硬垫子1.5米1.8儿童黄麻床垫双面护腰脊垫,271.32,【偏硬支撑5.0】折叠10cm=S黄麻+防螨羊绒面料,10,65.94,659.4,923,7.1折,平台加补后,https://detail.tmall.com/item.htm?b_s_f=sycm&b_spm=a21ag.29085015&id=943742495983
143,943742495983,栀眠旗舰店,床垫椰棕垫羊绒天然棕榈硬垫子1.5米1.8儿童黄麻床垫双面护腰脊垫,271.32,【偏硬支撑5.0】一体13cm=S黄麻+防螨羊绒面料,13,68.39,889.1,1242,7.2折,平台加补后,https://detail.tmall.com/item.htm?b_s_f=sycm&b_spm=a21ag.29085015&id=943742495983
143,943742495983,栀眠旗舰店,床垫椰棕垫羊绒天然棕榈硬垫子1.5米1.8儿童黄麻床垫双面护腰脊垫,271.32,【偏硬支撑5.0】折叠13cm=S黄麻+防螨羊绒面料,13,70.68,918.85,1283,7.2折,平台加补后,https://detail.tmall.com/item.htm?b_s_f=sycm&b_spm=a21ag.29085015&id=943742495983
143,943742495983,栀眠旗舰店,床垫椰棕垫羊绒天然棕榈硬垫子1.5米1.8儿童黄麻床垫双面护腰脊垫,271.32,【柔软舒睡5.0】一体8cm=S黄麻+防螨羊绒面料+2cm乳胶,8,69.72,557.76,781,7.1折,平台加补后,https://detail.tmall.com/item.htm?b_s_f=sycm&b_spm=a21ag.29085015&id=943742495983
143,943742495983,栀眠旗舰店,床垫椰棕垫羊绒天然棕榈硬垫子1.5米1.8儿童黄麻床垫双面护腰脊垫,271.32,【柔软舒睡5.0】折叠8cm=S黄麻+防螨羊绒面料+2cm乳胶,8,73.5,588,823,7.1折,平台加补后,https://detail.tmall.com/item.htm?b_s_f=sycm&b_spm=a21ag.29085015&id=943742495983
143,943742495983,栀眠旗舰店,床垫椰棕垫羊绒天然棕榈硬垫子1.5米1.8儿童黄麻床垫双面护腰脊垫,271.32,【柔软舒睡5.0】一体10cm=S黄麻+防螨羊绒面料+2cm乳胶,10,72.59,725.9,1016,7.1折,平台加补后,https://detail.tmall.com/item.htm?b_s_f=sycm&b_spm=a21ag.29085015&id=943742495983
143,943742495983,栀眠旗舰店,床垫椰棕垫羊绒天然棕榈硬垫子1.5米1.8儿童黄麻床垫双面护腰脊垫,271.32,【柔软舒睡5.0】折叠10cm=S黄麻+防螨羊绒面料+2cm乳胶,10,75.65,756.5,1058,7.2折,平台加补后,https://detail.tmall.com/item.htm?b_s_f=sycm&b_spm=a21ag.29085015&id=943742495983
143,943742495983,栀眠旗舰店,床垫椰棕垫羊绒天然棕榈硬垫子1.5米1.8儿童黄麻床垫双面护腰脊垫,271.32,【柔软舒睡5.0】一体12cm=S黄麻+防螨羊绒面料+2cm乳胶,12,70.76,849.15,1187,7.2折,平台加补后,https://detail.tmall.com/item.htm?b_s_f=sycm&b_spm=a21ag.29085015&id=943742495983
143,943742495983,栀眠旗舰店,床垫椰棕垫羊绒天然棕榈硬垫子1.5米1.8儿童黄麻床垫双面护腰脊垫,271.32,【柔软舒睡5.0】折叠12cm=S黄麻+防螨羊绒面料+2cm乳胶,12,73.24,878.9,1228,7.2折,平台加补后,https://detail.tmall.com/item.htm?b_s_f=sycm&b_spm=a21ag.29085015&id=943742495983
143,943742495983,栀眠旗舰店,床垫椰棕垫羊绒天然棕榈硬垫子1.5米1.8儿童黄麻床垫双面护腰脊垫,271.32,【柔软舒睡5.0】一体15cm=S黄麻+防螨羊绒面料+2cm乳胶,15,79.05,1185.75,1652,7.2折,平台加补后,https://detail.tmall.com/item.htm?b_s_f=sycm&b_spm=a21ag.29085015&id=943742495983
143,943742495983,栀眠旗舰店,床垫椰棕垫羊绒天然棕榈硬垫子1.5米1.8儿童黄麻床垫双面护腰脊垫,271.32,【柔软舒睡5.0】折叠15cm=S黄麻+防螨羊绒面料+2cm乳胶,15,81.09,1216.35,1695,7.2折,平台加补后,https://detail.tmall.com/item.htm?b_s_f=sycm&b_spm=a21ag.29085015&id=943742495983
144,1042285515972,喜临门官方旗舰店,【达人推荐】喜临门7区弹簧床垫漾Plus+,2804.15,漾Plus+（升级款） 【双睡感/26CM】透气支撑软硬两睡 千人加购,26,107.85,2804.15,3882,7.2折,平台加补后,https://detail.tmall.com/item.htm?b_s_f=sycm&b_spm=a21ag.29085015&id=1042285515972
145,898040606679,梦百合官方旗舰店,梦百合快充薄垫学生宿舍记忆棉床垫租房专用床垫子单人褥子榻榻米,883.15,快充薄垫AirPro（5cm）,5,176.63,883.15,1448,6.1折,平台加补后,https://detail.tmall.com/item.htm?b_s_f=sycm&b_spm=a21ag.29085015&id=898040606679
145,898040606679,梦百合官方旗舰店,梦百合快充薄垫学生宿舍记忆棉床垫租房专用床垫子单人褥子榻榻米,883.15,深睡薄垫(6cm),6,158.95,953.7,1608,5.9折,平台加补后,https://detail.tmall.com/item.htm?b_s_f=sycm&b_spm=a21ag.29085015&id=898040606679
145,898040606679,梦百合官方旗舰店,梦百合快充薄垫学生宿舍记忆棉床垫租房专用床垫子单人褥子榻榻米,883.15,快充薄垫AirPro（7cm）,7,166.84,1167.9,1788,6.5折,平台加补后,https://detail.tmall.com/item.htm?b_s_f=sycm&b_spm=a21ag.29085015&id=898040606679
146,1000667598371,林氏家居官方旗舰店,【门店同款0闷】林氏家居独立弹簧床垫家用双人透气床垫CDT505A,2398.84,【分区护脊】透气易汗人群|偏硬|23cm 千人加购,23,104.3,2398.84,3477,6.9折,平台加补后,https://detail.tmall.com/item.htm?b_s_f=sycm&b_spm=a21ag.29085015&id=1000667598371
147,641695639040,林芃家品旗舰店,林芃云宿2代席梦思床垫硬垫厚20cm家用0胶弹簧独立乳胶护腰旗舰店,1836.85,1800mm*2000mm 标准配置款,20,91.84,1836.85,2555,7.2折,平台加补后,https://detail.tmall.com/item.htm?b_s_f=sycm&b_spm=a21ag.29085015&id=641695639040
148,628921920766,棕大叔床垫品牌店,席梦思太软加硬垫3e椰棕硬床垫护脊超薄3cm棕榈垫1.8米榻榻米定做,236,加硬3cm（2cm无胶3e棕+针织面料） 送收紧带 万人加购,3,78.67,236,300,7.9折,平台加补后,https://detail.tmall.com/item.htm?b_s_f=sycm&b_spm=a21ag.29085015&id=628921920766
148,628921920766,棕大叔床垫品牌店,席梦思太软加硬垫3e椰棕硬床垫护脊超薄3cm棕榈垫1.8米榻榻米定做,236,【护脊推荐】加硬4cm（3cm无胶3e棕+针织面料） 送收紧带,4,71.85,287.4,360,8.0折,平台加补后,https://detail.tmall.com/item.htm?b_s_f=sycm&b_spm=a21ag.29085015&id=628921920766
148,628921920766,棕大叔床垫品牌店,席梦思太软加硬垫3e椰棕硬床垫护脊超薄3cm棕榈垫1.8米榻榻米定做,236,加硬5cm（4cm无胶3e棕+针织面料） 送收紧带,5,71.52,357.6,440,8.1折,平台加补后,https://detail.tmall.com/item.htm?b_s_f=sycm&b_spm=a21ag.29085015&id=628921920766
148,628921920766,棕大叔床垫品牌店,席梦思太软加硬垫3e椰棕硬床垫护脊超薄3cm棕榈垫1.8米榻榻米定做,236,加硬3cm（2cm无胶3e棕+竹炭面料） 送收紧带,3,99.76,299.27,373,8.0折,平台加补后,https://detail.tmall.com/item.htm?b_s_f=sycm&b_spm=a21ag.29085015&id=628921920766
148,628921920766,棕大叔床垫品牌店,席梦思太软加硬垫3e椰棕硬床垫护脊超薄3cm棕榈垫1.8米榻榻米定做,236,【母婴甄选】加硬4cm（3cm无胶3e棕+竹炭面料） 送收紧带 店长主推,4,89.4,357.6,440,8.1折,平台加补后,https://detail.tmall.com/item.htm?b_s_f=sycm&b_spm=a21ag.29085015&id=628921920766
148,628921920766,棕大叔床垫品牌店,席梦思太软加硬垫3e椰棕硬床垫护脊超薄3cm棕榈垫1.8米榻榻米定做,236,加硬5cm（4cm无胶3e棕+竹炭面料） 送收紧带,5,82.0,410,500,8.2折,平台加补后,https://detail.tmall.com/item.htm?b_s_f=sycm&b_spm=a21ag.29085015&id=628921920766
148,628921920766,棕大叔床垫品牌店,席梦思太软加硬垫3e椰棕硬床垫护脊超薄3cm棕榈垫1.8米榻榻米定做,236,软硬适中4cm（2cm无胶3e棕+针织面料） 送收紧带,4,67.65,270.6,340,8.0折,平台加补后,https://detail.tmall.com/item.htm?b_s_f=sycm&b_spm=a21ag.29085015&id=628921920766
148,628921920766,棕大叔床垫品牌店,席梦思太软加硬垫3e椰棕硬床垫护脊超薄3cm棕榈垫1.8米榻榻米定做,236,软硬适中5cm（3cm无胶3e棕+针织面料） 送收紧带,5,64.6,323,400,8.1折,平台加补后,https://detail.tmall.com/item.htm?b_s_f=sycm&b_spm=a21ag.29085015&id=628921920766
148,628921920766,棕大叔床垫品牌店,席梦思太软加硬垫3e椰棕硬床垫护脊超薄3cm棕榈垫1.8米榻榻米定做,236,软硬适中6cm（4cm无胶3e棕+针织面料） 送收紧带,6,62.4,374.4,460,8.1折,平台加补后,https://detail.tmall.com/item.htm?b_s_f=sycm&b_spm=a21ag.29085015&id=628921920766
148,628921920766,棕大叔床垫品牌店,席梦思太软加硬垫3e椰棕硬床垫护脊超薄3cm棕榈垫1.8米榻榻米定做,236,5cm（2cm无胶3e棕+竹炭+1cm乳胶） 软硬适中,5,78.44,392.2,480,8.2折,平台加补后,https://detail.tmall.com/item.htm?b_s_f=sycm&b_spm=a21ag.29085015&id=628921920766
148,628921920766,棕大叔床垫品牌店,席梦思太软加硬垫3e椰棕硬床垫护脊超薄3cm棕榈垫1.8米榻榻米定做,236,6cm（3cm无胶3e棕+竹炭+1cm乳胶） 软硬适中,6,74.1,444.6,540,8.2折,平台加补后,https://detail.tmall.com/item.htm?b_s_f=sycm&b_spm=a21ag.29085015&id=628921920766
148,628921920766,棕大叔床垫品牌店,席梦思太软加硬垫3e椰棕硬床垫护脊超薄3cm棕榈垫1.8米榻榻米定做,236,7cm（4cm无胶3e棕+竹炭+1cm乳胶） 软硬适中,7,71.0,497,600,8.3折,平台加补后,https://detail.tmall.com/item.htm?b_s_f=sycm&b_spm=a21ag.29085015&id=628921920766
148,628921920766,棕大叔床垫品牌店,席梦思太软加硬垫3e椰棕硬床垫护脊超薄3cm棕榈垫1.8米榻榻米定做,236,需要折叠或定制或全拆款加乳胶 联系客服,3,281.34,844.01,999,8.4折,平台加补后,https://detail.tmall.com/item.htm?b_s_f=sycm&b_spm=a21ag.29085015&id=628921920766
148,628921920766,棕大叔床垫品牌店,席梦思太软加硬垫3e椰棕硬床垫护脊超薄3cm棕榈垫1.8米榻榻米定做,236,高硬4CM全拆=3CM无胶黄麻+3D面料+4D面料 送收紧带,4,110.9,443.61,539,8.2折,平台加补后,https://detail.tmall.com/item.htm?b_s_f=sycm&b_spm=a21ag.29085015&id=628921920766
148,628921920766,棕大叔床垫品牌店,席梦思太软加硬垫3e椰棕硬床垫护脊超薄3cm棕榈垫1.8米榻榻米定做,236,高硬5CM全拆=4CM无胶黄麻+3D面料+4D面料 送收紧带,5,95.64,478.21,579,8.3折,平台加补后,https://detail.tmall.com/item.htm?b_s_f=sycm&b_spm=a21ag.29085015&id=628921920766
148,628921920766,棕大叔床垫品牌店,席梦思太软加硬垫3e椰棕硬床垫护脊超薄3cm棕榈垫1.8米榻榻米定做,236,高硬6CM全拆=5CM无胶黄麻+3D面料+4D面料 送收紧带,6,85.47,512.81,619,8.3折,平台加补后,https://detail.tmall.com/item.htm?b_s_f=sycm&b_spm=a21ag.29085015&id=628921920766
148,628921920766,棕大叔床垫品牌店,席梦思太软加硬垫3e椰棕硬床垫护脊超薄3cm棕榈垫1.8米榻榻米定做,236,中硬6CM全拆=3CM无胶黄麻+2CM乳胶+双层面料 送收紧带软硬适中,6,102.94,617.61,739,8.4折,平台加补后,https://detail.tmall.com/item.htm?b_s_f=sycm&b_spm=a21ag.29085015&id=628921920766
148,628921920766,棕大叔床垫品牌店,席梦思太软加硬垫3e椰棕硬床垫护脊超薄3cm棕榈垫1.8米榻榻米定做,236,特硬3CM全拆=2CM无胶3e棕+3D面料+4D面料 送收紧带,3,107.67,323,400,8.1折,平台加补后,https://detail.tmall.com/item.htm?b_s_f=sycm&b_spm=a21ag.29085015&id=628921920766
148,628921920766,棕大叔床垫品牌店,席梦思太软加硬垫3e椰棕硬床垫护脊超薄3cm棕榈垫1.8米榻榻米定做,236,特硬4CM全拆=3CM无胶3e棕+3D面料+4D面料 送收紧带,4,90.64,362.54,446,8.1折,平台加补后,https://detail.tmall.com/item.htm?b_s_f=sycm&b_spm=a21ag.29085015&id=628921920766
148,628921920766,棕大叔床垫品牌店,席梦思太软加硬垫3e椰棕硬床垫护脊超薄3cm棕榈垫1.8米榻榻米定做,236,特硬5CM全拆=4CM无胶3e棕+3D面料+4D面料 送收紧带,5,74.29,371.44,456,8.1折,平台加补后,https://detail.tmall.com/item.htm?b_s_f=sycm&b_spm=a21ag.29085015&id=628921920766
148,628921920766,棕大叔床垫品牌店,席梦思太软加硬垫3e椰棕硬床垫护脊超薄3cm棕榈垫1.8米榻榻米定做,236,特硬6CM全拆=5CM无胶3e棕+3D面料+4D面料 送收紧带,6,74.27,445.59,541,8.2折,平台加补后,https://detail.tmall.com/item.htm?b_s_f=sycm&b_spm=a21ag.29085015&id=628921920766
148,628921920766,棕大叔床垫品牌店,席梦思太软加硬垫3e椰棕硬床垫护脊超薄3cm棕榈垫1.8米榻榻米定做,236,中硬4CM全拆=2CM无胶3e棕+1cm乳胶+3D面料+4D面料 送收紧带中硬两面可用,4,102.5,410,500,8.2折,平台加补后,https://detail.tmall.com/item.htm?b_s_f=sycm&b_spm=a21ag.29085015&id=628921920766
148,628921920766,棕大叔床垫品牌店,席梦思太软加硬垫3e椰棕硬床垫护脊超薄3cm棕榈垫1.8米榻榻米定做,236,中硬5CM全拆=3CM无胶3e棕+1cm乳胶+3D面料+4D面料 送收紧带中硬两面可用,5,89.91,449.54,546,8.2折,平台加补后,https://detail.tmall.com/item.htm?b_s_f=sycm&b_spm=a21ag.29085015&id=628921920766
148,628921920766,棕大叔床垫品牌店,席梦思太软加硬垫3e椰棕硬床垫护脊超薄3cm棕榈垫1.8米榻榻米定做,236,加硬3cm（2cm无胶3e棕+3D灰面料） 送松紧带,3,90.2,270.6,340,8.0折,平台加补后,https://detail.tmall.com/item.htm?b_s_f=sycm&b_spm=a21ag.29085015&id=628921920766
148,628921920766,棕大叔床垫品牌店,席梦思太软加硬垫3e椰棕硬床垫护脊超薄3cm棕榈垫1.8米榻榻米定做,236,加硬4cm（3cm无胶3e棕+3D灰面料） 送松紧带,4,80.75,323,400,8.1折,平台加补后,https://detail.tmall.com/item.htm?b_s_f=sycm&b_spm=a21ag.29085015&id=628921920766
148,628921920766,棕大叔床垫品牌店,席梦思太软加硬垫3e椰棕硬床垫护脊超薄3cm棕榈垫1.8米榻榻米定做,236,加硬5cm（4cm无胶3e棕+3D灰面料） 送松紧带,5,74.88,374.4,460,8.1折,平台加补后,https://detail.tmall.com/item.htm?b_s_f=sycm&b_spm=a21ag.29085015&id=628921920766
148,628921920766,棕大叔床垫品牌店,席梦思太软加硬垫3e椰棕硬床垫护脊超薄3cm棕榈垫1.8米榻榻米定做,236,★默认整张需要折叠直接备注★ 拍下默认退货包装,3,84.27,252.8,320,7.9折,平台加补后,https://detail.tmall.com/item.htm?b_s_f=sycm&b_spm=a21ag.29085015&id=628921920766
148,628921920766,棕大叔床垫品牌店,席梦思太软加硬垫3e椰棕硬床垫护脊超薄3cm棕榈垫1.8米榻榻米定做,236,☆★可以定制异性缺觉厚度尺寸★☆ 拍下默认退货包装,3,101.73,305.2,380,8.0折,平台加补后,https://detail.tmall.com/item.htm?b_s_f=sycm&b_spm=a21ag.29085015&id=628921920766
148,628921920766,棕大叔床垫品牌店,席梦思太软加硬垫3e椰棕硬床垫护脊超薄3cm棕榈垫1.8米榻榻米定做,236,☆★☆软床垫叠加尺寸测量方式☆★☆ 拍下默认退货包装,3,113.27,339.8,420,8.1折,平台加补后,https://detail.tmall.com/item.htm?b_s_f=sycm&b_spm=a21ag.29085015&id=628921920766
149,949738402009,SLEEMON喜临门家具旗舰店,【大白垫】城市爱情席梦思乳胶椰棕榈软硬舒脊主卧家用弹簧床垫,798.15,大白垫【软硬双睡感/21CM】一面舒适 一面撑脊 店长主推,21,58.25,1223.15,2555,4.8折,平台加补后,https://detail.tmall.com/item.htm?b_s_f=sycm&b_spm=a21ag.29085015&id=949738402009
149,949738402009,SLEEMON喜临门家具旗舰店,【大白垫】城市爱情席梦思乳胶椰棕榈软硬舒脊主卧家用弹簧床垫,798.15,大白H 【软硬适中单睡感/23CM】 双效支撑 老少皆宜 千人加购,23,44.68,1027.65,2333,4.4折,平台加补后,https://detail.tmall.com/item.htm?b_s_f=sycm&b_spm=a21ag.29085015&id=949738402009
149,949738402009,SLEEMON喜临门家具旗舰店,【大白垫】城市爱情席梦思乳胶椰棕榈软硬舒脊主卧家用弹簧床垫,798.15,大白H6 可折叠硬垫【单睡感/6CM】黄麻舒脊,6,133.03,798.15,2222,3.6折,平台加补后,https://detail.tmall.com/item.htm?b_s_f=sycm&b_spm=a21ag.29085015&id=949738402009
149,949738402009,SLEEMON喜临门家具旗舰店,【大白垫】城市爱情席梦思乳胶椰棕榈软硬舒脊主卧家用弹簧床垫,798.15,大白lite H1【偏硬单睡感/21CM】舒脊黄麻,21,54.2,1138.15,2444,4.7折,平台加补后,https://detail.tmall.com/item.htm?b_s_f=sycm&b_spm=a21ag.29085015&id=949738402009
149,949738402009,SLEEMON喜临门家具旗舰店,【大白垫】城市爱情席梦思乳胶椰棕榈软硬舒脊主卧家用弹簧床垫,798.15,大白pro双层黄麻【偏硬单睡感/24CM】立体舒脊 支撑更强劲,24,53.8,1291.15,2777,4.6折,平台加补后,https://detail.tmall.com/item.htm?b_s_f=sycm&b_spm=a21ag.29085015&id=949738402009
150,530279113407,香港海马家具国际集团有限公司,补贴15%禧海马儿童棕垫天然椰棕床垫护脊家用卧室十大官方榈学生,579.7,6CM【防螨抑菌/专利3E椰棕】护脊1.0,6,96.62,579.7,810,7.2折,平台加补后,https://detail.tmall.com/item.htm?b_s_f=sycm&b_spm=a21ag.29085015&id=530279113407
150,530279113407,香港海马家具国际集团有限公司,补贴15%禧海马儿童棕垫天然椰棕床垫护脊家用卧室十大官方榈学生,579.7,7CM【防螨抑菌/专利3E椰棕+乳胶】护脊2.0,7,96.05,672.35,933,7.2折,平台加补后,https://detail.tmall.com/item.htm?b_s_f=sycm&b_spm=a21ag.29085015&id=530279113407
150,530279113407,香港海马家具国际集团有限公司,补贴15%禧海马儿童棕垫天然椰棕床垫护脊家用卧室十大官方榈学生,579.7,⭐9CM【防螨抑菌/专利3E椰棕】护脊1.0,9,77.92,701.25,1023,6.9折,平台加补后,https://detail.tmall.com/item.htm?b_s_f=sycm&b_spm=a21ag.29085015&id=530279113407
150,530279113407,香港海马家具国际集团有限公司,补贴15%禧海马儿童棕垫天然椰棕床垫护脊家用卧室十大官方榈学生,579.7,⭐10CM【防螨抑菌/专利3E椰棕+乳胶】护脊2.0,10,76.41,764.15,1107,6.9折,平台加补后,https://detail.tmall.com/item.htm?b_s_f=sycm&b_spm=a21ag.29085015&id=530279113407
150,530279113407,香港海马家具国际集团有限公司,补贴15%禧海马儿童棕垫天然椰棕床垫护脊家用卧室十大官方榈学生,579.7,11CM【防螨抑菌/专利3E椰棕】护脊1.0,11,73.95,813.45,1173,6.9折,平台加补后,https://detail.tmall.com/item.htm?b_s_f=sycm&b_spm=a21ag.29085015&id=530279113407
150,530279113407,香港海马家具国际集团有限公司,补贴15%禧海马儿童棕垫天然椰棕床垫护脊家用卧室十大官方榈学生,579.7,12CM【防螨抑菌/专利3E椰棕+乳胶】护脊2.0,12,77.49,929.9,1329,7.0折,平台加补后,https://detail.tmall.com/item.htm?b_s_f=sycm&b_spm=a21ag.29085015&id=530279113407
150,530279113407,香港海马家具国际集团有限公司,补贴15%禧海马儿童棕垫天然椰棕床垫护脊家用卧室十大官方榈学生,579.7,15CM【防螨抑菌/专利3E椰棕】护脊1.0,15,70.89,1063.35,1507,7.1折,平台加补后,https://detail.tmall.com/item.htm?b_s_f=sycm&b_spm=a21ag.29085015&id=530279113407
150,530279113407,香港海马家具国际集团有限公司,补贴15%禧海马儿童棕垫天然椰棕床垫护脊家用卧室十大官方榈学生,579.7,16CM【防螨抑菌/专利3E椰棕+乳胶】护脊2.0,16,72.41,1158.55,1635,7.1折,平台加补后,https://detail.tmall.com/item.htm?b_s_f=sycm&b_spm=a21ag.29085015&id=530279113407
150,530279113407,香港海马家具国际集团有限公司,补贴15%禧海马儿童棕垫天然椰棕床垫护脊家用卧室十大官方榈学生,579.7,谨防同款假冒认准外观+椰棕专利,,,1123.7,1588,7.1折,平台加补后,https://detail.tmall.com/item.htm?b_s_f=sycm&b_spm=a21ag.29085015&id=530279113407
150,530279113407,香港海马家具国际集团有限公司,补贴15%禧海马儿童棕垫天然椰棕床垫护脊家用卧室十大官方榈学生,579.7,6CM【银离子升级抑菌/黄麻纤维】护脊1.0,6,119.14,714.85,990,7.2折,平台加补后,https://detail.tmall.com/item.htm?b_s_f=sycm&b_spm=a21ag.29085015&id=530279113407
150,530279113407,香港海马家具国际集团有限公司,补贴15%禧海马儿童棕垫天然椰棕床垫护脊家用卧室十大官方榈学生,579.7,7CM【银离子升级抑菌/黄麻纤维+乳胶】护脊2.0,7,121.31,849.15,1221,7.0折,平台加补后,https://detail.tmall.com/item.htm?b_s_f=sycm&b_spm=a21ag.29085015&id=530279113407
150,530279113407,香港海马家具国际集团有限公司,补贴15%禧海马儿童棕垫天然椰棕床垫护脊家用卧室十大官方榈学生,579.7,9CM【银离子升级抑菌/黄麻纤维】护脊1.0,9,102.38,921.4,1318,7.0折,平台加补后,https://detail.tmall.com/item.htm?b_s_f=sycm&b_spm=a21ag.29085015&id=530279113407
150,530279113407,香港海马家具国际集团有限公司,补贴15%禧海马儿童棕垫天然椰棕床垫护脊家用卧室十大官方榈学生,579.7,10CM【银离子升级抑菌/黄麻纤维+乳胶】护脊2.0,10,101.06,1010.65,1437,7.0折,平台加补后,https://detail.tmall.com/item.htm?b_s_f=sycm&b_spm=a21ag.29085015&id=530279113407
150,530279113407,香港海马家具国际集团有限公司,补贴15%禧海马儿童棕垫天然椰棕床垫护脊家用卧室十大官方榈学生,579.7,11CM【银离子升级抑菌/黄麻纤维】护脊1.0,11,97.36,1071,1518,7.1折,平台加补后,https://detail.tmall.com/item.htm?b_s_f=sycm&b_spm=a21ag.29085015&id=530279113407
150,530279113407,香港海马家具国际集团有限公司,补贴15%禧海马儿童棕垫天然椰棕床垫护脊家用卧室十大官方榈学生,579.7,12CM【银离子升级抑菌/黄麻纤维+乳胶】护脊2.0,12,96.12,1153.45,1628,7.1折,平台加补后,https://detail.tmall.com/item.htm?b_s_f=sycm&b_spm=a21ag.29085015&id=530279113407
150,530279113407,香港海马家具国际集团有限公司,补贴15%禧海马儿童棕垫天然椰棕床垫护脊家用卧室十大官方榈学生,579.7,15CM【银离子升级抑菌/黄麻纤维】护脊1.0,15,91.18,1367.65,1914,7.1折,平台加补后,https://detail.tmall.com/item.htm?b_s_f=sycm&b_spm=a21ag.29085015&id=530279113407
150,530279113407,香港海马家具国际集团有限公司,补贴15%禧海马儿童棕垫天然椰棕床垫护脊家用卧室十大官方榈学生,579.7,16CM【银离子升级抑菌/黄麻纤维+乳胶】护脊2.0,16,89.04,1424.6,2075,6.9折,平台加补后,https://detail.tmall.com/item.htm?b_s_f=sycm&b_spm=a21ag.29085015&id=530279113407
151,1078539337567,喜临门官方旗舰店,【三丽鸥官方授权】喜临门工学HelloKitty联名记忆棉0胶弹簧床垫,3484.15,喜临门Hello Kitty款0胶床垫 店长主推,,,3484.15,7099,4.9折,平台加补后,https://detail.tmall.com/item.htm?b_s_f=sycm&b_spm=a21ag.29085015&id=1078539337567
152,616722065751,龙凤床垫旗舰店,龙凤黄麻床垫天然护脊0胶椰棕棕榈榻榻米乳胶儿童薄加硬垫子定制,867.47,黄麻垫C6cm：抗菌棉+安全海绵+防螨布+3cm生态黄麻,6,148.05,888.29,1234.05,7.2折,平台加补后,https://detail.tmall.com/item.htm?b_s_f=sycm&b_spm=a21ag.29085015&id=616722065751
152,616722065751,龙凤床垫旗舰店,龙凤黄麻床垫天然护脊0胶椰棕棕榈榻榻米乳胶儿童薄加硬垫子定制,867.47,黄麻垫C8cm：抗菌棉+安全海绵+防螨布+5cm生态黄麻,8,128.89,1031.09,1424.05,7.2折,平台加补后,https://detail.tmall.com/item.htm?b_s_f=sycm&b_spm=a21ag.29085015&id=616722065751
152,616722065751,龙凤床垫旗舰店,龙凤黄麻床垫天然护脊0胶椰棕棕榈榻榻米乳胶儿童薄加硬垫子定制,867.47,黄麻垫C10cm：抗菌棉+安全海绵+防螨布+7cm生态黄麻,10,131.5,1314.99,1804.05,7.3折,平台加补后,https://detail.tmall.com/item.htm?b_s_f=sycm&b_spm=a21ag.29085015&id=616722065751
152,616722065751,龙凤床垫旗舰店,龙凤黄麻床垫天然护脊0胶椰棕棕榈榻榻米乳胶儿童薄加硬垫子定制,867.47,黄麻垫C13cm：抗菌棉+安全海绵+防螨布+10cm生态黄麻,13,117.56,1528.34,2089.05,7.3折,平台加补后,https://detail.tmall.com/item.htm?b_s_f=sycm&b_spm=a21ag.29085015&id=616722065751
152,616722065751,龙凤床垫旗舰店,龙凤黄麻床垫天然护脊0胶椰棕棕榈榻榻米乳胶儿童薄加硬垫子定制,867.47,黄麻垫D8cm：抗菌棉+安全海绵+防螨布+2cm天然乳胶+3cm生态黄麻,8,155.45,1243.59,1709.05,7.3折,平台加补后,https://detail.tmall.com/item.htm?b_s_f=sycm&b_spm=a21ag.29085015&id=616722065751
152,616722065751,龙凤床垫旗舰店,龙凤黄麻床垫天然护脊0胶椰棕棕榈榻榻米乳胶儿童薄加硬垫子定制,867.47,黄麻垫D10cm：抗菌棉+安全海绵+防螨布+2cm天然乳胶+5cm生态黄麻,10,138.64,1386.39,1899.05,7.3折,平台加补后,https://detail.tmall.com/item.htm?b_s_f=sycm&b_spm=a21ag.29085015&id=616722065751
152,616722065751,龙凤床垫旗舰店,龙凤黄麻床垫天然护脊0胶椰棕棕榈榻榻米乳胶儿童薄加硬垫子定制,867.47,黄麻垫D12cm：抗菌棉+安全海绵+防螨布+2cm天然乳胶+7cm生态黄麻,12,127.36,1528.34,2089.05,7.3折,平台加补后,https://detail.tmall.com/item.htm?b_s_f=sycm&b_spm=a21ag.29085015&id=616722065751
152,616722065751,龙凤床垫旗舰店,龙凤黄麻床垫天然护脊0胶椰棕棕榈榻榻米乳胶儿童薄加硬垫子定制,867.47,黄麻垫D15cm：抗菌棉+安全海绵+防螨布+2cm天然乳胶+10cm生态黄麻,15,116.11,1741.69,2374.05,7.3折,平台加补后,https://detail.tmall.com/item.htm?b_s_f=sycm&b_spm=a21ag.29085015&id=616722065751
152,616722065751,龙凤床垫旗舰店,龙凤黄麻床垫天然护脊0胶椰棕棕榈榻榻米乳胶儿童薄加硬垫子定制,867.47,黄麻垫E6cm：抗菌棉+安全海绵+防螨布+3cmS型黄麻,6,165.83,994.97,1376.55,7.2折,平台加补后,https://detail.tmall.com/item.htm?b_s_f=sycm&b_spm=a21ag.29085015&id=616722065751
152,616722065751,龙凤床垫旗舰店,龙凤黄麻床垫天然护脊0胶椰棕棕榈榻榻米乳胶儿童薄加硬垫子定制,867.47,黄麻垫E8cm：抗菌棉+安全海绵+防螨布+5cmS型黄麻,8,146.63,1173.04,1614.05,7.3折,平台加补后,https://detail.tmall.com/item.htm?b_s_f=sycm&b_spm=a21ag.29085015&id=616722065751
152,616722065751,龙凤床垫旗舰店,龙凤黄麻床垫天然护脊0胶椰棕棕榈榻榻米乳胶儿童薄加硬垫子定制,867.47,黄麻垫E10cm：抗菌棉+安全海绵+防螨布+7cmS型黄麻 千人加购,10,138.64,1386.39,1899.05,7.3折,平台加补后,https://detail.tmall.com/item.htm?b_s_f=sycm&b_spm=a21ag.29085015&id=616722065751
152,616722065751,龙凤床垫旗舰店,龙凤黄麻床垫天然护脊0胶椰棕棕榈榻榻米乳胶儿童薄加硬垫子定制,867.47,黄麻垫E13cm：抗菌棉+安全海绵+防螨布+10cmS型黄麻,13,128.48,1670.29,2279.05,7.3折,平台加补后,https://detail.tmall.com/item.htm?b_s_f=sycm&b_spm=a21ag.29085015&id=616722065751
152,616722065751,龙凤床垫旗舰店,龙凤黄麻床垫天然护脊0胶椰棕棕榈榻榻米乳胶儿童薄加硬垫子定制,867.47,黄麻垫E15cm：抗菌棉+安全海绵+防螨布+12cmS型黄麻,15,125.58,1883.64,2564.05,7.3折,平台加补后,https://detail.tmall.com/item.htm?b_s_f=sycm&b_spm=a21ag.29085015&id=616722065751
152,616722065751,龙凤床垫旗舰店,龙凤黄麻床垫天然护脊0胶椰棕棕榈榻榻米乳胶儿童薄加硬垫子定制,867.47,黄麻垫E18cm：抗菌棉+安全海绵+防螨布+15cmS型黄麻,18,116.5,2096.99,2849.05,7.4折,平台加补后,https://detail.tmall.com/item.htm?b_s_f=sycm&b_spm=a21ag.29085015&id=616722065751
152,616722065751,龙凤床垫旗舰店,龙凤黄麻床垫天然护脊0胶椰棕棕榈榻榻米乳胶儿童薄加硬垫子定制,867.47,黄麻垫F8cm：抗菌棉+安全海绵+防螨布+2cm天然乳胶+3cmS型黄麻,8,164.37,1314.99,1804.05,7.3折,平台加补后,https://detail.tmall.com/item.htm?b_s_f=sycm&b_spm=a21ag.29085015&id=616722065751
152,616722065751,龙凤床垫旗舰店,龙凤黄麻床垫天然护脊0胶椰棕棕榈榻榻米乳胶儿童薄加硬垫子定制,867.47,黄麻垫F10cm：抗菌棉+安全海绵+防螨布+2cm天然乳胶+5cmS型黄麻,10,152.83,1528.34,2089.05,7.3折,平台加补后,https://detail.tmall.com/item.htm?b_s_f=sycm&b_spm=a21ag.29085015&id=616722065751
152,616722065751,龙凤床垫旗舰店,龙凤黄麻床垫天然护脊0胶椰棕棕榈榻榻米乳胶儿童薄加硬垫子定制,867.47,黄麻垫F12cm：抗菌棉+安全海绵+防螨布+2cm天然乳胶+7cmS型黄麻,12,145.14,1741.69,2374.05,7.3折,平台加补后,https://detail.tmall.com/item.htm?b_s_f=sycm&b_spm=a21ag.29085015&id=616722065751
152,616722065751,龙凤床垫旗舰店,龙凤黄麻床垫天然护脊0胶椰棕棕榈榻榻米乳胶儿童薄加硬垫子定制,867.47,黄麻垫F15cm：抗菌棉+安全海绵+防螨布+2cm天然乳胶+10cmS型黄麻,15,130.28,1954.19,2659.05,7.3折,平台加补后,https://detail.tmall.com/item.htm?b_s_f=sycm&b_spm=a21ag.29085015&id=616722065751
152,616722065751,龙凤床垫旗舰店,龙凤黄麻床垫天然护脊0胶椰棕棕榈榻榻米乳胶儿童薄加硬垫子定制,867.47,黄麻垫H10cm：抗菌棉+安全海绵+防螨布+2cm天然乳胶+2cm3D+3cmS型黄麻,10,163.5,1635.02,2231.55,7.3折,平台加补后,https://detail.tmall.com/item.htm?b_s_f=sycm&b_spm=a21ag.29085015&id=616722065751
152,616722065751,龙凤床垫旗舰店,龙凤黄麻床垫天然护脊0胶椰棕棕榈榻榻米乳胶儿童薄加硬垫子定制,867.47,黄麻垫H12cm：抗菌棉+安全海绵+防螨布+2cm天然乳胶+2cm3D+5cmS型黄麻,12,151.02,1812.24,2469.05,7.3折,平台加补后,https://detail.tmall.com/item.htm?b_s_f=sycm&b_spm=a21ag.29085015&id=616722065751
152,616722065751,龙凤床垫旗舰店,龙凤黄麻床垫天然护脊0胶椰棕棕榈榻榻米乳胶儿童薄加硬垫子定制,867.47,黄麻垫H14cm：抗菌棉+安全海绵+防螨布+2cm天然乳胶+2cm3D+7cmS型黄麻,14,144.69,2025.59,2754.05,7.4折,平台加补后,https://detail.tmall.com/item.htm?b_s_f=sycm&b_spm=a21ag.29085015&id=616722065751
152,616722065751,龙凤床垫旗舰店,龙凤黄麻床垫天然护脊0胶椰棕棕榈榻榻米乳胶儿童薄加硬垫子定制,867.47,黄麻垫H17cm：抗菌棉+安全海绵+防螨布+2cm天然乳胶+2cm3D+10cmS型黄麻,17,135.85,2309.49,3134.05,7.4折,平台加补后,https://detail.tmall.com/item.htm?b_s_f=sycm&b_spm=a21ag.29085015&id=616722065751
152,616722065751,龙凤床垫旗舰店,龙凤黄麻床垫天然护脊0胶椰棕棕榈榻榻米乳胶儿童薄加硬垫子定制,867.47,棕享A6cm：抗菌棉+防螨布+安全海绵+3cm棕,6,144.58,867.47,1205.55,7.2折,平台加补后,https://detail.tmall.com/item.htm?b_s_f=sycm&b_spm=a21ag.29085015&id=616722065751
152,616722065751,龙凤床垫旗舰店,龙凤黄麻床垫天然护脊0胶椰棕棕榈榻榻米乳胶儿童薄加硬垫子定制,867.47,棕享A8cm：抗菌棉+防螨布+安全海绵+5cm棕,8,130.59,1044.69,1443.05,7.2折,平台加补后,https://detail.tmall.com/item.htm?b_s_f=sycm&b_spm=a21ag.29085015&id=616722065751
152,616722065751,龙凤床垫旗舰店,龙凤黄麻床垫天然护脊0胶椰棕棕榈榻榻米乳胶儿童薄加硬垫子定制,867.47,棕享A11cm：抗菌棉+防螨布+安全海绵+8cm棕,11,119.54,1314.99,1804.05,7.3折,平台加补后,https://detail.tmall.com/item.htm?b_s_f=sycm&b_spm=a21ag.29085015&id=616722065751
152,616722065751,龙凤床垫旗舰店,龙凤黄麻床垫天然护脊0胶椰棕棕榈榻榻米乳胶儿童薄加硬垫子定制,867.47,棕享B16cm：抗菌棉+防螨布+安全海绵（加厚）+10cm棕,16,99.93,1598.89,2184.05,7.3折,平台加补后,https://detail.tmall.com/item.htm?b_s_f=sycm&b_spm=a21ag.29085015&id=616722065751
152,616722065751,龙凤床垫旗舰店,龙凤黄麻床垫天然护脊0胶椰棕棕榈榻榻米乳胶儿童薄加硬垫子定制,867.47,棕享B21cm：抗菌棉+防螨布+安全海绵（加厚）+15cm棕,21,86.3,1812.24,2469.05,7.3折,平台加补后,https://detail.tmall.com/item.htm?b_s_f=sycm&b_spm=a21ag.29085015&id=616722065751
152,616722065751,龙凤床垫旗舰店,龙凤黄麻床垫天然护脊0胶椰棕棕榈榻榻米乳胶儿童薄加硬垫子定制,867.47,棕享D10cm：抗菌棉+防螨布+安全海绵+3cm乳胶+5cm棕,10,138.64,1386.39,1899.05,7.3折,平台加补后,https://detail.tmall.com/item.htm?b_s_f=sycm&b_spm=a21ag.29085015&id=616722065751
152,616722065751,龙凤床垫旗舰店,龙凤黄麻床垫天然护脊0胶椰棕棕榈榻榻米乳胶儿童薄加硬垫子定制,867.47,棕享D15cm：抗菌棉+防螨布+安全海绵+3cm乳胶+10cm棕,15,111.35,1670.29,2279.05,7.3折,平台加补后,https://detail.tmall.com/item.htm?b_s_f=sycm&b_spm=a21ag.29085015&id=616722065751
152,616722065751,龙凤床垫旗舰店,龙凤黄麻床垫天然护脊0胶椰棕棕榈榻榻米乳胶儿童薄加硬垫子定制,867.47,棕享D20cm：抗菌棉+防螨布+安全海绵+3cm乳胶+15cm棕,20,97.71,1954.19,2659.05,7.3折,平台加补后,https://detail.tmall.com/item.htm?b_s_f=sycm&b_spm=a21ag.29085015&id=616722065751
153,917007702246,雅兰官方旗舰店,【雅兰60周年】雅兰国家补贴乳胶高端弹簧床垫卧室家用席梦思名牌,5230.9,雅兰60周年·六合·风·【享十年后免费换新&180天试睡】,,,5230.9,9199,5.7折,平台加补后,https://detail.tmall.com/item.htm?b_s_f=sycm&b_spm=a21ag.29085015&id=917007702246
153,917007702246,雅兰官方旗舰店,【雅兰60周年】雅兰国家补贴乳胶高端弹簧床垫卧室家用席梦思名牌,5230.9,雅兰60周年·六合·雅·【享十年后免费换新&180天试睡】,,,6080.9,10199,6.0折,平台加补后,https://detail.tmall.com/item.htm?b_s_f=sycm&b_spm=a21ag.29085015&id=917007702246
154,800178426566,麻大师旗舰店,麻大师豆腐块黄麻偏硬高箱床专用独立弹簧席梦思13cm15公分床垫子,1184.24,豆腐块高箱专用/13cm厚:高支撑绵+10cm独立袋装弹簧,13,91.1,1184.24,1799,6.6折,平台加补后,https://detail.tmall.com/item.htm?b_s_f=sycm&b_spm=a21ag.29085015&id=800178426566
154,800178426566,麻大师旗舰店,麻大师豆腐块黄麻偏硬高箱床专用独立弹簧席梦思13cm15公分床垫子,1184.24,豆腐块生态护脊/15cm厚:2cm黄麻+10cm独立袋装弹簧 万人加购,15,87.79,1316.84,1999,6.6折,平台加补后,https://detail.tmall.com/item.htm?b_s_f=sycm&b_spm=a21ag.29085015&id=800178426566
154,800178426566,麻大师旗舰店,麻大师豆腐块黄麻偏硬高箱床专用独立弹簧席梦思13cm15公分床垫子,1184.24,豆腐块深睡护脊/15cm厚:2cm乳胶+10cm独立袋装弹簧 店长主推,15,92.21,1383.14,2099,6.6折,平台加补后,https://detail.tmall.com/item.htm?b_s_f=sycm&b_spm=a21ag.29085015&id=800178426566
154,800178426566,麻大师旗舰店,麻大师豆腐块黄麻偏硬高箱床专用独立弹簧席梦思13cm15公分床垫子,1184.24,豆腐块生态护脊/19cm厚:2cm黄麻+14cm独立袋装弹簧,19,83.27,1582.04,2399,6.6折,平台加补后,https://detail.tmall.com/item.htm?b_s_f=sycm&b_spm=a21ag.29085015&id=800178426566
154,800178426566,麻大师旗舰店,麻大师豆腐块黄麻偏硬高箱床专用独立弹簧席梦思13cm15公分床垫子,1184.24,豆腐块释压护脊/21cm厚:2cm乳胶+2cm黄麻+14cm独立袋装弹簧,21,91.12,1913.54,2899,6.6折,平台加补后,https://detail.tmall.com/item.htm?b_s_f=sycm&b_spm=a21ag.29085015&id=800178426566
154,800178426566,麻大师旗舰店,麻大师豆腐块黄麻偏硬高箱床专用独立弹簧席梦思13cm15公分床垫子,1184.24,豆腐块透气护脊/21cm厚:2cm3D+2cm黄麻+14cm独立袋装弹簧,21,91.12,1913.54,2899,6.6折,平台加补后,https://detail.tmall.com/item.htm?b_s_f=sycm&b_spm=a21ag.29085015&id=800178426566
154,800178426566,麻大师旗舰店,麻大师豆腐块黄麻偏硬高箱床专用独立弹簧席梦思13cm15公分床垫子,1184.24,定制专用，详询客服,15,109.89,1648.34,2499,6.6折,平台加补后,https://detail.tmall.com/item.htm?b_s_f=sycm&b_spm=a21ag.29085015&id=800178426566
155,855069019800,岶兰海马家具直销店,岶兰海马希尔顿酒店席梦思乳胶独立弹簧压缩床垫家用30cm加厚软垫,456,A希尔顿基础客房款 20CM厚【适中微软】 卷包 万人加购,20,22.8,456,629,7.2折,平台加补后,https://detail.tmall.com/item.htm?b_s_f=sycm&b_spm=a21ag.29085015&id=855069019800
155,855069019800,岶兰海马家具直销店,岶兰海马希尔顿酒店席梦思乳胶独立弹簧压缩床垫家用30cm加厚软垫,456,B希尔顿家用主卧款 22CM厚【适中偏软】 卷包,22,23.91,526,659,8.0折,平台加补后,https://detail.tmall.com/item.htm?b_s_f=sycm&b_spm=a21ag.29085015&id=855069019800
155,855069019800,岶兰海马家具直销店,岶兰海马希尔顿酒店席梦思乳胶独立弹簧压缩床垫家用30cm加厚软垫,456,C希尔顿升级主卧款 24CM厚【偏软舒适】 卷包,24,23.17,556,690,8.1折,平台加补后,https://detail.tmall.com/item.htm?b_s_f=sycm&b_spm=a21ag.29085015&id=855069019800
155,855069019800,岶兰海马家具直销店,岶兰海马希尔顿酒店席梦思乳胶独立弹簧压缩床垫家用30cm加厚软垫,456,D希尔顿五星主卧款 25CM厚【零压舒适】 卷包,25,23.88,597,739,8.1折,平台加补后,https://detail.tmall.com/item.htm?b_s_f=sycm&b_spm=a21ag.29085015&id=855069019800
155,855069019800,岶兰海马家具直销店,岶兰海马希尔顿酒店席梦思乳胶独立弹簧压缩床垫家用30cm加厚软垫,456,E希尔顿奢华酒店款 27CM厚【舒适超软】 卷包,27,23.3,629,779,8.1折,平台加补后,https://detail.tmall.com/item.htm?b_s_f=sycm&b_spm=a21ag.29085015&id=855069019800
155,855069019800,岶兰海马家具直销店,岶兰海马希尔顿酒店席梦思乳胶独立弹簧压缩床垫家用30cm加厚软垫,456,F希尔顿总统顶配款 30CM厚【超软加厚】 卷包,30,24.57,737,914,8.1折,平台加补后,https://detail.tmall.com/item.htm?b_s_f=sycm&b_spm=a21ag.29085015&id=855069019800
155,855069019800,岶兰海马家具直销店,岶兰海马希尔顿酒店席梦思乳胶独立弹簧压缩床垫家用30cm加厚软垫,456,H希尔顿家用偏硬款 21CM厚【偏硬护脊】 整张,21,34.71,729,858,8.5折,平台加补后,https://detail.tmall.com/item.htm?b_s_f=sycm&b_spm=a21ag.29085015&id=855069019800
155,855069019800,岶兰海马家具直销店,岶兰海马希尔顿酒店席梦思乳胶独立弹簧压缩床垫家用30cm加厚软垫,456,G希尔顿家用双面款 23CM厚【软硬两用】 整张,23,35.0,805,948,8.5折,平台加补后,https://detail.tmall.com/item.htm?b_s_f=sycm&b_spm=a21ag.29085015&id=855069019800
155,855069019800,岶兰海马家具直销店,岶兰海马希尔顿酒店席梦思乳胶独立弹簧压缩床垫家用30cm加厚软垫,456,L希尔顿家用适中款 24CM厚【软硬适中】 整张,24,36.75,882,1038,8.5折,平台加补后,https://detail.tmall.com/item.htm?b_s_f=sycm&b_spm=a21ag.29085015&id=855069019800
155,855069019800,岶兰海马家具直销店,岶兰海马希尔顿酒店席梦思乳胶独立弹簧压缩床垫家用30cm加厚软垫,456,K希尔顿家用中硬款 24CM厚【中硬护脊】 整张,24,38.17,916,1078,8.5折,平台加补后,https://detail.tmall.com/item.htm?b_s_f=sycm&b_spm=a21ag.29085015&id=855069019800
156,601825752073,香港海马家具国际集团有限公司,补贴15%禧海马泰国乳胶床垫进口十大官方天然橡胶软垫家用学生宿,622.2,3cm平面款【85D轻柔包裹】SGS+乳胶专利,3,207.4,622.2,867,7.2折,平台加补后,https://detail.tmall.com/item.htm?b_s_f=sycm&b_spm=a21ag.29085015&id=601825752073
156,601825752073,香港海马家具国际集团有限公司,补贴15%禧海马泰国乳胶床垫进口十大官方天然橡胶软垫家用学生宿,622.2,5cm平面款【85D轻柔包裹】SGS+乳胶专利,5,137.36,686.8,953,7.2折,平台加补后,https://detail.tmall.com/item.htm?b_s_f=sycm&b_spm=a21ag.29085015&id=601825752073
156,601825752073,香港海马家具国际集团有限公司,补贴15%禧海马泰国乳胶床垫进口十大官方天然橡胶软垫家用学生宿,622.2,7.5cm平面款【85D柔软舒适】SGS+乳胶专利,7.5,129.31,969.85,1382,7.0折,平台加补后,https://detail.tmall.com/item.htm?b_s_f=sycm&b_spm=a21ag.29085015&id=601825752073
156,601825752073,香港海马家具国际集团有限公司,补贴15%禧海马泰国乳胶床垫进口十大官方天然橡胶软垫家用学生宿,622.2,10cm平面款【85D轻柔包裹】SGS+乳胶专利,10,126.91,1269.05,1782,7.1折,平台加补后,https://detail.tmall.com/item.htm?b_s_f=sycm&b_spm=a21ag.29085015&id=601825752073
156,601825752073,香港海马家具国际集团有限公司,补贴15%禧海马泰国乳胶床垫进口十大官方天然橡胶软垫家用学生宿,622.2,12.5cm平面款【85D轻柔包裹】SGS+乳胶专利,12.5,127.09,1588.65,2295,6.9折,平台加补后,https://detail.tmall.com/item.htm?b_s_f=sycm&b_spm=a21ag.29085015&id=601825752073
156,601825752073,香港海马家具国际集团有限公司,补贴15%禧海马泰国乳胶床垫进口十大官方天然橡胶软垫家用学生宿,622.2,15cm平面款【85D轻柔包裹】SGS+乳胶专利,15,118.55,1778.2,2548,7.0折,平台加补后,https://detail.tmall.com/item.htm?b_s_f=sycm&b_spm=a21ag.29085015&id=601825752073
156,601825752073,香港海马家具国际集团有限公司,补贴15%禧海马泰国乳胶床垫进口十大官方天然橡胶软垫家用学生宿,622.2,谨防同款假冒认准专利乳胶【可定制】,,,1433.95,2088,6.9折,平台加补后,https://detail.tmall.com/item.htm?b_s_f=sycm&b_spm=a21ag.29085015&id=601825752073
156,601825752073,香港海马家具国际集团有限公司,补贴15%禧海马泰国乳胶床垫进口十大官方天然橡胶软垫家用学生宿,622.2,3cm平面款【95D稳托护脊】SGS+乳胶专利,3,238.28,714.85,990,7.2折,平台加补后,https://detail.tmall.com/item.htm?b_s_f=sycm&b_spm=a21ag.29085015&id=601825752073
156,601825752073,香港海马家具国际集团有限公司,补贴15%禧海马泰国乳胶床垫进口十大官方天然橡胶软垫家用学生宿,622.2,5cm平面款【95D稳托护脊】SGS+乳胶专利,5,154.36,771.8,1118,6.9折,平台加补后,https://detail.tmall.com/item.htm?b_s_f=sycm&b_spm=a21ag.29085015&id=601825752073
156,601825752073,香港海马家具国际集团有限公司,补贴15%禧海马泰国乳胶床垫进口十大官方天然橡胶软垫家用学生宿,622.2,⭐7.5cm平面款【95D稳托护脊】SGS+乳胶专利,7.5,145.75,1093.1,1547,7.1折,平台加补后,https://detail.tmall.com/item.htm?b_s_f=sycm&b_spm=a21ag.29085015&id=601825752073
156,601825752073,香港海马家具国际集团有限公司,补贴15%禧海马泰国乳胶床垫进口十大官方天然橡胶软垫家用学生宿,622.2,⭐10cm平面款【95D稳托护脊】SGS+乳胶专利,10,138.38,1383.8,1936,7.1折,平台加补后,https://detail.tmall.com/item.htm?b_s_f=sycm&b_spm=a21ag.29085015&id=601825752073
156,601825752073,香港海马家具国际集团有限公司,补贴15%禧海马泰国乳胶床垫进口十大官方天然橡胶软垫家用学生宿,622.2,12.5cm平面款【95D稳托护脊】SGS+乳胶专利,12.5,139.6,1745.05,2504,7.0折,平台加补后,https://detail.tmall.com/item.htm?b_s_f=sycm&b_spm=a21ag.29085015&id=601825752073
156,601825752073,香港海马家具国际集团有限公司,补贴15%禧海马泰国乳胶床垫进口十大官方天然橡胶软垫家用学生宿,622.2,15cm平面款【95D稳托护脊】SGS+乳胶专利,15,126.2,1892.95,2702,7.0折,平台加补后,https://detail.tmall.com/item.htm?b_s_f=sycm&b_spm=a21ag.29085015&id=601825752073
156,601825752073,香港海马家具国际集团有限公司,补贴15%禧海马泰国乳胶床垫进口十大官方天然橡胶软垫家用学生宿,622.2,谨防同款假冒认准专利乳胶【定制】,,,1433.95,2088,6.9折,平台加补后,https://detail.tmall.com/item.htm?b_s_f=sycm&b_spm=a21ag.29085015&id=601825752073
156,601825752073,香港海马家具国际集团有限公司,补贴15%禧海马泰国乳胶床垫进口十大官方天然橡胶软垫家用学生宿,622.2,5cm按摩款【95D稳托护脊】SGS+乳胶专利,5,154.36,771.8,1118,6.9折,平台加补后,https://detail.tmall.com/item.htm?b_s_f=sycm&b_spm=a21ag.29085015&id=601825752073
156,601825752073,香港海马家具国际集团有限公司,补贴15%禧海马泰国乳胶床垫进口十大官方天然橡胶软垫家用学生宿,622.2,⭐7.5cm按摩款【95D稳托护脊】SGS+乳胶专利,7.5,145.75,1093.1,1547,7.1折,平台加补后,https://detail.tmall.com/item.htm?b_s_f=sycm&b_spm=a21ag.29085015&id=601825752073
156,601825752073,香港海马家具国际集团有限公司,补贴15%禧海马泰国乳胶床垫进口十大官方天然橡胶软垫家用学生宿,622.2,⭐10cm按摩款【95D稳托护脊】SGS+乳胶专利,10,138.38,1383.8,1936,7.1折,平台加补后,https://detail.tmall.com/item.htm?b_s_f=sycm&b_spm=a21ag.29085015&id=601825752073
156,601825752073,香港海马家具国际集团有限公司,补贴15%禧海马泰国乳胶床垫进口十大官方天然橡胶软垫家用学生宿,622.2,12.5cm按摩款【95D稳托护脊】SGS+乳胶专利,12.5,139.6,1745.05,2504,7.0折,平台加补后,https://detail.tmall.com/item.htm?b_s_f=sycm&b_spm=a21ag.29085015&id=601825752073
156,601825752073,香港海马家具国际集团有限公司,补贴15%禧海马泰国乳胶床垫进口十大官方天然橡胶软垫家用学生宿,622.2,15cm按摩款【95D稳托护脊】SGS+乳胶专利,15,126.2,1892.95,2702,7.0折,平台加补后,https://detail.tmall.com/item.htm?b_s_f=sycm&b_spm=a21ag.29085015&id=601825752073
157,702725506857,梦百合官方旗舰店,梦百合三体智能电动床垫国家补贴零重力多功能ai睡眠监测升降双人,3674.55,【三体联名】0压厚垫22cm,22,167.03,3674.55,5098,7.2折,平台加补后,https://detail.tmall.com/item.htm?b_s_f=sycm&b_spm=a21ag.29085015&id=702725506857
157,702725506857,梦百合官方旗舰店,梦百合三体智能电动床垫国家补贴零重力多功能ai睡眠监测升降双人,3674.55,【三体联名】快充-三体Ultra版25cm,25,222.76,5569.11,7721,7.2折,平台加补后,https://detail.tmall.com/item.htm?b_s_f=sycm&b_spm=a21ag.29085015&id=702725506857
157,702725506857,梦百合官方旗舰店,梦百合三体智能电动床垫国家补贴零重力多功能ai睡眠监测升降双人,3674.55,【智能分区床架+22cm厚垫】—不支持语音操控,22,468.43,10305.4,14276,7.2折,平台加补后,https://detail.tmall.com/item.htm?b_s_f=sycm&b_spm=a21ag.29085015&id=702725506857
158,996517826280,源氏木语官方旗舰店,源氏木语0胶水床垫3d透气厚垫双层独立袋弹簧护脊垫云立方防螨垫,4097.8,云立方·双层弹簧·软硬适中/25CM|J150 千人加购,25,163.91,4097.8,6282,6.5折,平台加补后,https://detail.tmall.com/item.htm?b_s_f=sycm&b_spm=a21ag.29085015&id=996517826280
159,25956076042,moonlightfamily旗舰店,月光之家乳胶床垫超薄款家庭用15cm软硬独立弹簧席梦思10厘米1.8m,1268.2,舒豆A款=10cm【适中】2cm乳胶+迷你独立袋,10,129.88,1298.8,1907,6.8折,平台加补后,https://detail.tmall.com/item.htm?b_s_f=sycm&b_spm=a21ag.29085015&id=25956076042
159,25956076042,moonlightfamily旗舰店,月光之家乳胶床垫超薄款家庭用15cm软硬独立弹簧席梦思10厘米1.8m,1268.2,舒豆B款=12cm【适中】2cm乳胶+迷你独立袋,12,110.71,1328.55,1947,6.8折,平台加补后,https://detail.tmall.com/item.htm?b_s_f=sycm&b_spm=a21ag.29085015&id=25956076042
159,25956076042,moonlightfamily旗舰店,月光之家乳胶床垫超薄款家庭用15cm软硬独立弹簧席梦思10厘米1.8m,1268.2,舒豆C款=15cm【正面适中/反面偏硬】反面升级无胶黄麻 店长主推,15,93.22,1398.25,2097,6.7折,平台加补后,https://detail.tmall.com/item.htm?b_s_f=sycm&b_spm=a21ag.29085015&id=25956076042
159,25956076042,moonlightfamily旗舰店,月光之家乳胶床垫超薄款家庭用15cm软硬独立弹簧席梦思10厘米1.8m,1268.2,舒豆D款=20cm【正面适中/反面偏硬】反面升级无胶黄麻,20,73.44,1468.8,2191,6.7折,平台加补后,https://detail.tmall.com/item.htm?b_s_f=sycm&b_spm=a21ag.29085015&id=25956076042
159,25956076042,moonlightfamily旗舰店,月光之家乳胶床垫超薄款家庭用15cm软硬独立弹簧席梦思10厘米1.8m,1268.2,硬豆A款=10cm【偏硬】无胶黄麻+迷你独立袋,10,126.82,1268.2,1866,6.8折,平台加补后,https://detail.tmall.com/item.htm?b_s_f=sycm&b_spm=a21ag.29085015&id=25956076042
159,25956076042,moonlightfamily旗舰店,月光之家乳胶床垫超薄款家庭用15cm软硬独立弹簧席梦思10厘米1.8m,1268.2,硬豆B款=12cm【偏硬】无胶黄麻+迷你独立袋,12,108.23,1298.8,1907,6.8折,平台加补后,https://detail.tmall.com/item.htm?b_s_f=sycm&b_spm=a21ag.29085015&id=25956076042
159,25956076042,moonlightfamily旗舰店,月光之家乳胶床垫超薄款家庭用15cm软硬独立弹簧席梦思10厘米1.8m,1268.2,硬豆C款=15cm【偏硬】无胶黄麻+迷你独立袋,15,88.57,1328.55,1947,6.8折,平台加补后,https://detail.tmall.com/item.htm?b_s_f=sycm&b_spm=a21ag.29085015&id=25956076042
159,25956076042,moonlightfamily旗舰店,月光之家乳胶床垫超薄款家庭用15cm软硬独立弹簧席梦思10厘米1.8m,1268.2,硬豆D款=20cm【偏硬】无胶黄麻+迷你独立袋,20,69.91,1398.25,2097,6.7折,平台加补后,https://detail.tmall.com/item.htm?b_s_f=sycm&b_spm=a21ag.29085015&id=25956076042
159,25956076042,moonlightfamily旗舰店,月光之家乳胶床垫超薄款家庭用15cm软硬独立弹簧席梦思10厘米1.8m,1268.2,软豆A款=12cm【偏软】5cm乳胶+云感独立袋,12,126.51,1518.1,2257,6.7折,平台加补后,https://detail.tmall.com/item.htm?b_s_f=sycm&b_spm=a21ag.29085015&id=25956076042
159,25956076042,moonlightfamily旗舰店,月光之家乳胶床垫超薄款家庭用15cm软硬独立弹簧席梦思10厘米1.8m,1268.2,软豆B款=15cm【偏软】5cm乳胶+云感独立袋,15,104.55,1568.25,2324,6.7折,平台加补后,https://detail.tmall.com/item.htm?b_s_f=sycm&b_spm=a21ag.29085015&id=25956076042
159,25956076042,moonlightfamily旗舰店,月光之家乳胶床垫超薄款家庭用15cm软硬独立弹簧席梦思10厘米1.8m,1268.2,软豆C款=15cm【正面偏软/反面适中】反面升级记忆棉,15,107.89,1618.4,2391,6.8折,平台加补后,https://detail.tmall.com/item.htm?b_s_f=sycm&b_spm=a21ag.29085015&id=25956076042
159,25956076042,moonlightfamily旗舰店,月光之家乳胶床垫超薄款家庭用15cm软硬独立弹簧席梦思10厘米1.8m,1268.2,软豆D款=20cm【正面偏软/反面适中】反面升级记忆棉,20,83.43,1668.55,2458,6.8折,平台加补后,https://detail.tmall.com/item.htm?b_s_f=sycm&b_spm=a21ag.29085015&id=25956076042
160,783167304430,麻师傅家具旗舰店,麻师傅全拆薄S形天然黄麻床垫1.8米家用10cm儿童老人护脊加硬椰棕,555.05,A6cm偏硬=3cm高密双S形黄麻+A类华夫格驱螨面料,6,92.51,555.05,743,7.5折,平台加补后,https://detail.tmall.com/item.htm?b_s_f=sycm&b_spm=a21ag.29085015&id=783167304430
160,783167304430,麻师傅家具旗舰店,麻师傅全拆薄S形天然黄麻床垫1.8米家用10cm儿童老人护脊加硬椰棕,555.05,A8cm偏硬=5cm高密双S形黄麻+A类华夫格驱螨面料,8,88.93,711.45,952,7.5折,平台加补后,https://detail.tmall.com/item.htm?b_s_f=sycm&b_spm=a21ag.29085015&id=783167304430
160,783167304430,麻师傅家具旗舰店,麻师傅全拆薄S形天然黄麻床垫1.8米家用10cm儿童老人护脊加硬椰棕,555.05,A10cm偏硬=7cm高密双S形黄麻+A类华夫格驱螨面料 千人加购,10,83.9,838.95,1122,7.5折,平台加补后,https://detail.tmall.com/item.htm?b_s_f=sycm&b_spm=a21ag.29085015&id=783167304430
160,783167304430,麻师傅家具旗舰店,麻师傅全拆薄S形天然黄麻床垫1.8米家用10cm儿童老人护脊加硬椰棕,555.05,A12cm偏硬=10cm高密双S形黄麻+A类华夫格驱螨面料,12,82.1,985.15,1318,7.5折,平台加补后,https://detail.tmall.com/item.htm?b_s_f=sycm&b_spm=a21ag.29085015&id=783167304430
160,783167304430,麻师傅家具旗舰店,麻师傅全拆薄S形天然黄麻床垫1.8米家用10cm儿童老人护脊加硬椰棕,555.05,"B款不可拆,请拍B8~B20",10,74.72,747.15,999,7.5折,平台加补后,https://detail.tmall.com/item.htm?b_s_f=sycm&b_spm=a21ag.29085015&id=783167304430
160,783167304430,麻师傅家具旗舰店,麻师傅全拆薄S形天然黄麻床垫1.8米家用10cm儿童老人护脊加硬椰棕,555.05,B8cm适中=3cm高密双S形黄麻+2cm乳胶+A类华夫格驱螨面料,8,99.98,799.85,1070,7.5折,平台加补后,https://detail.tmall.com/item.htm?b_s_f=sycm&b_spm=a21ag.29085015&id=783167304430
160,783167304430,麻师傅家具旗舰店,麻师傅全拆薄S形天然黄麻床垫1.8米家用10cm儿童老人护脊加硬椰棕,555.05,B10cm适中=5cm高密双S形黄麻+2cm乳胶+A类华夫格驱螨面料,10,93.67,936.7,1253,7.5折,平台加补后,https://detail.tmall.com/item.htm?b_s_f=sycm&b_spm=a21ag.29085015&id=783167304430
160,783167304430,麻师傅家具旗舰店,麻师傅全拆薄S形天然黄麻床垫1.8米家用10cm儿童老人护脊加硬椰棕,555.05,B12cm适中=7cm高密双S形黄麻+2cm乳胶+A类华夫格驱螨面料,12,91.09,1093.1,1462,7.5折,平台加补后,https://detail.tmall.com/item.htm?b_s_f=sycm&b_spm=a21ag.29085015&id=783167304430
160,783167304430,麻师傅家具旗舰店,麻师傅全拆薄S形天然黄麻床垫1.8米家用10cm儿童老人护脊加硬椰棕,555.05,B15cm适中=10cm高密双S形黄麻+2cm乳胶+A类华夫格驱螨面料,15,89.19,1337.9,1789,7.5折,平台加补后,https://detail.tmall.com/item.htm?b_s_f=sycm&b_spm=a21ag.29085015&id=783167304430
160,783167304430,麻师傅家具旗舰店,麻师傅全拆薄S形天然黄麻床垫1.8米家用10cm儿童老人护脊加硬椰棕,555.05,B20cm适中=15cm高密双S形黄麻+2cm乳胶+A类华夫格驱螨面料,20,81.56,1631.15,2181,7.5折,平台加补后,https://detail.tmall.com/item.htm?b_s_f=sycm&b_spm=a21ag.29085015&id=783167304430
160,783167304430,麻师傅家具旗舰店,麻师傅全拆薄S形天然黄麻床垫1.8米家用10cm儿童老人护脊加硬椰棕,555.05,C款不可拆，请拍C8~C20,10,74.72,747.15,999,7.5折,平台加补后,https://detail.tmall.com/item.htm?b_s_f=sycm&b_spm=a21ag.29085015&id=783167304430
160,783167304430,麻师傅家具旗舰店,麻师傅全拆薄S形天然黄麻床垫1.8米家用10cm儿童老人护脊加硬椰棕,555.05,C8cm适中硬=3cm高密双S形黄麻+2cm3D+A类华夫格驱螨面料,8,99.98,799.85,1070,7.5折,平台加补后,https://detail.tmall.com/item.htm?b_s_f=sycm&b_spm=a21ag.29085015&id=783167304430
160,783167304430,麻师傅家具旗舰店,麻师傅全拆薄S形天然黄麻床垫1.8米家用10cm儿童老人护脊加硬椰棕,555.05,C10cm适中硬=5cm高密双S形黄麻+2cm3D+A类华夫格驱螨面料,10,93.67,936.7,1253,7.5折,平台加补后,https://detail.tmall.com/item.htm?b_s_f=sycm&b_spm=a21ag.29085015&id=783167304430
160,783167304430,麻师傅家具旗舰店,麻师傅全拆薄S形天然黄麻床垫1.8米家用10cm儿童老人护脊加硬椰棕,555.05,C12cm适中硬=7cm高密双S形黄麻+2cm3D+A类华夫格驱螨面料,12,91.09,1093.1,1462,7.5折,平台加补后,https://detail.tmall.com/item.htm?b_s_f=sycm&b_spm=a21ag.29085015&id=783167304430
160,783167304430,麻师傅家具旗舰店,麻师傅全拆薄S形天然黄麻床垫1.8米家用10cm儿童老人护脊加硬椰棕,555.05,C15cm适中硬=10cm高密双S形黄麻+2cm3D+A类华夫格驱螨面料,15,89.19,1337.9,1789,7.5折,平台加补后,https://detail.tmall.com/item.htm?b_s_f=sycm&b_spm=a21ag.29085015&id=783167304430
160,783167304430,麻师傅家具旗舰店,麻师傅全拆薄S形天然黄麻床垫1.8米家用10cm儿童老人护脊加硬椰棕,555.05,C20cm适中硬=15cm高密双S形黄麻+2cm3D+A类华夫格驱螨面料,20,81.56,1631.15,2181,7.5折,平台加补后,https://detail.tmall.com/item.htm?b_s_f=sycm&b_spm=a21ag.29085015&id=783167304430
160,783167304430,麻师傅家具旗舰店,麻师傅全拆薄S形天然黄麻床垫1.8米家用10cm儿童老人护脊加硬椰棕,555.05,H款不可拆，请拍H8~H20,10,74.72,747.15,999,7.5折,平台加补后,https://detail.tmall.com/item.htm?b_s_f=sycm&b_spm=a21ag.29085015&id=783167304430
160,783167304430,麻师傅家具旗舰店,麻师傅全拆薄S形天然黄麻床垫1.8米家用10cm儿童老人护脊加硬椰棕,555.05,H8cm适中=3cm高密双S形黄麻+2cm记忆棉+A类华夫格驱螨面料,8,99.98,799.85,1070,7.5折,平台加补后,https://detail.tmall.com/item.htm?b_s_f=sycm&b_spm=a21ag.29085015&id=783167304430
160,783167304430,麻师傅家具旗舰店,麻师傅全拆薄S形天然黄麻床垫1.8米家用10cm儿童老人护脊加硬椰棕,555.05,H10cm适中=5cm高密双S形黄麻+2cm记忆棉+A类华夫格驱螨面料,10,93.67,936.7,1253,7.5折,平台加补后,https://detail.tmall.com/item.htm?b_s_f=sycm&b_spm=a21ag.29085015&id=783167304430
160,783167304430,麻师傅家具旗舰店,麻师傅全拆薄S形天然黄麻床垫1.8米家用10cm儿童老人护脊加硬椰棕,555.05,H12cm适中=7cm高密双S形黄麻+2cm记忆棉+A类华夫格驱螨面料,12,91.09,1093.1,1462,7.5折,平台加补后,https://detail.tmall.com/item.htm?b_s_f=sycm&b_spm=a21ag.29085015&id=783167304430
160,783167304430,麻师傅家具旗舰店,麻师傅全拆薄S形天然黄麻床垫1.8米家用10cm儿童老人护脊加硬椰棕,555.05,H15cm适中=10cm高密双S形黄麻+2cm记忆棉+A类华夫格驱螨面料,15,89.19,1337.9,1789,7.5折,平台加补后,https://detail.tmall.com/item.htm?b_s_f=sycm&b_spm=a21ag.29085015&id=783167304430
160,783167304430,麻师傅家具旗舰店,麻师傅全拆薄S形天然黄麻床垫1.8米家用10cm儿童老人护脊加硬椰棕,555.05,H20cm适中=15cm高密双S形黄麻+2cm记忆棉+A类华夫格驱螨面料,20,81.56,1631.15,2181,7.5折,平台加补后,https://detail.tmall.com/item.htm?b_s_f=sycm&b_spm=a21ag.29085015&id=783167304430
160,783167304430,麻师傅家具旗舰店,麻师傅全拆薄S形天然黄麻床垫1.8米家用10cm儿童老人护脊加硬椰棕,555.05,D款可全拆，请拍D6~D12,10,74.72,747.15,999,7.5折,平台加补后,https://detail.tmall.com/item.htm?b_s_f=sycm&b_spm=a21ag.29085015&id=783167304430
160,783167304430,麻师傅家具旗舰店,麻师傅全拆薄S形天然黄麻床垫1.8米家用10cm儿童老人护脊加硬椰棕,555.05,全拆D6cm偏硬=3cm高密双S形黄麻+A类华夫格驱螨面料,6,102.28,613.7,821,7.5折,平台加补后,https://detail.tmall.com/item.htm?b_s_f=sycm&b_spm=a21ag.29085015&id=783167304430
160,783167304430,麻师傅家具旗舰店,麻师傅全拆薄S形天然黄麻床垫1.8米家用10cm儿童老人护脊加硬椰棕,555.05,全拆D8cm偏硬=5cm高密双S形黄麻+A类华夫格驱螨面料,8,93.82,750.55,1004,7.5折,平台加补后,https://detail.tmall.com/item.htm?b_s_f=sycm&b_spm=a21ag.29085015&id=783167304430
160,783167304430,麻师傅家具旗舰店,麻师傅全拆薄S形天然黄麻床垫1.8米家用10cm儿童老人护脊加硬椰棕,555.05,全拆D10cm偏硬=7cm高密双S形黄麻+A类华夫格驱螨面料,10,87.8,878.05,1174,7.5折,平台加补后,https://detail.tmall.com/item.htm?b_s_f=sycm&b_spm=a21ag.29085015&id=783167304430
160,783167304430,麻师傅家具旗舰店,麻师傅全拆薄S形天然黄麻床垫1.8米家用10cm儿童老人护脊加硬椰棕,555.05,全拆D12cm偏硬=10cm高密双S形黄麻+A类华夫格驱螨面料,12,85.35,1024.25,1370,7.5折,平台加补后,https://detail.tmall.com/item.htm?b_s_f=sycm&b_spm=a21ag.29085015&id=783167304430
160,783167304430,麻师傅家具旗舰店,麻师傅全拆薄S形天然黄麻床垫1.8米家用10cm儿童老人护脊加硬椰棕,555.05,E款可全拆，请拍E8~E20,10,74.72,747.15,999,7.5折,平台加补后,https://detail.tmall.com/item.htm?b_s_f=sycm&b_spm=a21ag.29085015&id=783167304430
160,783167304430,麻师傅家具旗舰店,麻师傅全拆薄S形天然黄麻床垫1.8米家用10cm儿童老人护脊加硬椰棕,555.05,全拆E8cm适中=3cm高密双S形黄麻+2cm乳胶+A类华夫格驱螨面料,8,106.04,848.3,1135,7.5折,平台加补后,https://detail.tmall.com/item.htm?b_s_f=sycm&b_spm=a21ag.29085015&id=783167304430
160,783167304430,麻师傅家具旗舰店,麻师傅全拆薄S形天然黄麻床垫1.8米家用10cm儿童老人护脊加硬椰棕,555.05,全拆E10cm适中=5cm高密双S形黄麻+2cm乳胶+A类华夫格驱螨面料,10,98.52,985.15,1318,7.5折,平台加补后,https://detail.tmall.com/item.htm?b_s_f=sycm&b_spm=a21ag.29085015&id=783167304430
160,783167304430,麻师傅家具旗舰店,麻师傅全拆薄S形天然黄麻床垫1.8米家用10cm儿童老人护脊加硬椰棕,555.05,全拆E12cm适中=7cm高密双S形黄麻+2cm乳胶+A类华夫格驱螨面料,12,95.13,1141.55,1527,7.5折,平台加补后,https://detail.tmall.com/item.htm?b_s_f=sycm&b_spm=a21ag.29085015&id=783167304430
160,783167304430,麻师傅家具旗舰店,麻师傅全拆薄S形天然黄麻床垫1.8米家用10cm儿童老人护脊加硬椰棕,555.05,全拆E15cm适中=10cm高密双S形黄麻+2cm乳胶+A类华夫格驱螨面料,15,92.42,1386.35,1854,7.5折,平台加补后,https://detail.tmall.com/item.htm?b_s_f=sycm&b_spm=a21ag.29085015&id=783167304430
160,783167304430,麻师傅家具旗舰店,麻师傅全拆薄S形天然黄麻床垫1.8米家用10cm儿童老人护脊加硬椰棕,555.05,全拆E20cm适中=15cm高密双S形黄麻+2cm乳胶+A类华夫格驱螨面料,20,83.98,1679.6,2246,7.5折,平台加补后,https://detail.tmall.com/item.htm?b_s_f=sycm&b_spm=a21ag.29085015&id=783167304430
160,783167304430,麻师傅家具旗舰店,麻师傅全拆薄S形天然黄麻床垫1.8米家用10cm儿童老人护脊加硬椰棕,555.05,F款可全拆，请拍F8~F20,10,74.72,747.15,999,7.5折,平台加补后,https://detail.tmall.com/item.htm?b_s_f=sycm&b_spm=a21ag.29085015&id=783167304430
160,783167304430,麻师傅家具旗舰店,麻师傅全拆薄S形天然黄麻床垫1.8米家用10cm儿童老人护脊加硬椰棕,555.05,全拆F8cm适中硬=3cm高密双S形黄麻+2cm3D+A类华夫格驱螨面料,8,106.04,848.3,1135,7.5折,平台加补后,https://detail.tmall.com/item.htm?b_s_f=sycm&b_spm=a21ag.29085015&id=783167304430
160,783167304430,麻师傅家具旗舰店,麻师傅全拆薄S形天然黄麻床垫1.8米家用10cm儿童老人护脊加硬椰棕,555.05,全拆F10cm适中硬=5cm高密双S形黄麻+2cm3D+A类华夫格驱螨面料,10,98.52,985.15,1318,7.5折,平台加补后,https://detail.tmall.com/item.htm?b_s_f=sycm&b_spm=a21ag.29085015&id=783167304430
160,783167304430,麻师傅家具旗舰店,麻师傅全拆薄S形天然黄麻床垫1.8米家用10cm儿童老人护脊加硬椰棕,555.05,全拆F12cm适中硬=7cm高密双S形黄麻+2cm3D+A类华夫格驱螨面料,12,95.13,1141.55,1527,7.5折,平台加补后,https://detail.tmall.com/item.htm?b_s_f=sycm&b_spm=a21ag.29085015&id=783167304430
160,783167304430,麻师傅家具旗舰店,麻师傅全拆薄S形天然黄麻床垫1.8米家用10cm儿童老人护脊加硬椰棕,555.05,全拆F15cm适中硬=10cm高密双S形黄麻+2cm3D+A类华夫格驱螨面料,15,92.42,1386.35,1854,7.5折,平台加补后,https://detail.tmall.com/item.htm?b_s_f=sycm&b_spm=a21ag.29085015&id=783167304430
160,783167304430,麻师傅家具旗舰店,麻师傅全拆薄S形天然黄麻床垫1.8米家用10cm儿童老人护脊加硬椰棕,555.05,全拆F20cm适中硬=15cm高密双S形黄麻+2cm3D+A类华夫格驱螨面料,20,83.98,1679.6,2246,7.5折,平台加补后,https://detail.tmall.com/item.htm?b_s_f=sycm&b_spm=a21ag.29085015&id=783167304430
160,783167304430,麻师傅家具旗舰店,麻师傅全拆薄S形天然黄麻床垫1.8米家用10cm儿童老人护脊加硬椰棕,555.05,G款可全拆，请拍G8~G20,10,74.72,747.15,999,7.5折,平台加补后,https://detail.tmall.com/item.htm?b_s_f=sycm&b_spm=a21ag.29085015&id=783167304430
160,783167304430,麻师傅家具旗舰店,麻师傅全拆薄S形天然黄麻床垫1.8米家用10cm儿童老人护脊加硬椰棕,555.05,全拆G8cm适中=3cm高密双S形黄麻+2cm记忆棉+A类华夫格驱螨面料,8,106.04,848.3,1135,7.5折,平台加补后,https://detail.tmall.com/item.htm?b_s_f=sycm&b_spm=a21ag.29085015&id=783167304430
160,783167304430,麻师傅家具旗舰店,麻师傅全拆薄S形天然黄麻床垫1.8米家用10cm儿童老人护脊加硬椰棕,555.05,全拆G10cm适中=5cm高密双S形黄麻+2cm记忆棉+A类华夫格驱螨面料,10,98.52,985.15,1318,7.5折,平台加补后,https://detail.tmall.com/item.htm?b_s_f=sycm&b_spm=a21ag.29085015&id=783167304430
160,783167304430,麻师傅家具旗舰店,麻师傅全拆薄S形天然黄麻床垫1.8米家用10cm儿童老人护脊加硬椰棕,555.05,全拆G12cm适中=7cm高密双S形黄麻+2cm记忆棉+A类华夫格驱螨面料,12,95.13,1141.55,1527,7.5折,平台加补后,https://detail.tmall.com/item.htm?b_s_f=sycm&b_spm=a21ag.29085015&id=783167304430
160,783167304430,麻师傅家具旗舰店,麻师傅全拆薄S形天然黄麻床垫1.8米家用10cm儿童老人护脊加硬椰棕,555.05,全拆G15cm适中=10cm高密双S形黄麻+2cm记忆棉+A类华夫格驱螨面料,15,92.42,1386.35,1854,7.5折,平台加补后,https://detail.tmall.com/item.htm?b_s_f=sycm&b_spm=a21ag.29085015&id=783167304430
160,783167304430,麻师傅家具旗舰店,麻师傅全拆薄S形天然黄麻床垫1.8米家用10cm儿童老人护脊加硬椰棕,555.05,全拆G20cm适中=15cm高密双S形黄麻+2cm记忆棉+A类华夫格驱螨面料,20,83.98,1679.6,2246,7.5折,平台加补后,https://detail.tmall.com/item.htm?b_s_f=sycm&b_spm=a21ag.29085015&id=783167304430
161,768690854698,梦百合官方旗舰店,【李佳琦直播间彩妆小专场】梦百合M2智能床垫记忆棉电动床夫妻,6884.15,M2-Pro2.0【升级款：黑色软床+升降电机+22cm诗梦0压床垫】,22,382.46,8414.15,11699,7.2折,平台加补后,https://detail.tmall.com/item.htm?b_s_f=sycm&b_spm=a21ag.29085015&id=768690854698
161,768690854698,梦百合官方旗舰店,【李佳琦直播间彩妆小专场】梦百合M2智能床垫记忆棉电动床夫妻,6884.15,M2-Pro【升级款：黑色软床+升降电机+22cm诗梦0压床垫】,22,359.28,7904.15,11099,7.1折,平台加补后,https://detail.tmall.com/item.htm?b_s_f=sycm&b_spm=a21ag.29085015&id=768690854698
161,768690854698,梦百合官方旗舰店,【李佳琦直播间彩妆小专场】梦百合M2智能床垫记忆棉电动床夫妻,6884.15,M2【经典款：黑色软床+升降电机+22cm诗梦0压床垫】,22,312.92,6884.15,9899,7.0折,平台加补后,https://detail.tmall.com/item.htm?b_s_f=sycm&b_spm=a21ag.29085015&id=768690854698
162,1075404793640,大森林睡眠旗舰店,大森林青兰席梦思床垫硬垫山棕厚垫家用0胶天然四叶草弹簧羊毛,3960.15,青兰A-19CM【睡感偏硬-适合腰椎不适/青少年/老年人】,19,208.43,3960.15,6656,5.9折,平台加补后,https://detail.tmall.com/item.htm?b_s_f=sycm&b_spm=a21ag.29085015&id=1075404793640
162,1075404793640,大森林睡眠旗舰店,大森林青兰席梦思床垫硬垫山棕厚垫家用0胶天然四叶草弹簧羊毛,3960.15,青兰A-22CM【睡感偏硬-适合腰椎不适/青少年/老年人】,22,189.28,4164.15,6999,5.9折,平台加补后,https://detail.tmall.com/item.htm?b_s_f=sycm&b_spm=a21ag.29085015&id=1075404793640
162,1075404793640,大森林睡眠旗舰店,大森林青兰席梦思床垫硬垫山棕厚垫家用0胶天然四叶草弹簧羊毛,3960.15,青兰B-19CM【软硬适中-全家通用/夫妻同睡/大多数人群适配】,19,215.14,4087.65,6870,5.9折,平台加补后,https://detail.tmall.com/item.htm?b_s_f=sycm&b_spm=a21ag.29085015&id=1075404793640
162,1075404793640,大森林睡眠旗舰店,大森林青兰席梦思床垫硬垫山棕厚垫家用0胶天然四叶草弹簧羊毛,3960.15,青兰B-22CM【软硬适中-全家通用/夫妻同睡/大多数人群适配】,22,194.69,4283.15,7199,5.9折,平台加补后,https://detail.tmall.com/item.htm?b_s_f=sycm&b_spm=a21ag.29085015&id=1075404793640
162,1075404793640,大森林睡眠旗舰店,大森林青兰席梦思床垫硬垫山棕厚垫家用0胶天然四叶草弹簧羊毛,3960.15,青兰C-21CM【适中偏硬可调节-全年龄段适配/久坐上班族/偏爱硬床感人群】,21,224.2,4708.15,7913,5.9折,平台加补后,https://detail.tmall.com/item.htm?b_s_f=sycm&b_spm=a21ag.29085015&id=1075404793640
162,1075404793640,大森林睡眠旗舰店,大森林青兰席梦思床垫硬垫山棕厚垫家用0胶天然四叶草弹簧羊毛,3960.15,青兰C-24CM【适中偏硬可调节-全年龄段适配/久坐上班族/偏爱硬床感人群】,24,204.67,4912.15,8256,5.9折,平台加补后,https://detail.tmall.com/item.htm?b_s_f=sycm&b_spm=a21ag.29085015&id=1075404793640
163,978012396500,KNOWHOW旗舰店,泰国乳胶床垫正品进口天然橡胶10cm厚家用学生宿舍软垫榻榻米定制,228.56,1800mm*2000mm 标准配置款,10,22.86,228.56,409.24,5.6折,平台加补后,https://detail.tmall.com/item.htm?b_s_f=sycm&b_spm=a21ag.29085015&id=978012396500
164,1048436050589,喜临门官方旗舰店,喜临门官方A类厚席梦思偏硬垫乳胶黄麻弹簧床垫塔利亚新款,1571.65,塔利亚Pro【双睡感/23CM】,23,83.12,1911.65,2849,6.7折,平台加补后,https://detail.tmall.com/item.htm?b_s_f=sycm&b_spm=a21ag.29085015&id=1048436050589
164,1048436050589,喜临门官方旗舰店,喜临门官方A类厚席梦思偏硬垫乳胶黄麻弹簧床垫塔利亚新款,1571.65,塔利亚Plus【双睡感/22CM】,22,81.1,1784.15,2699,6.6折,平台加补后,https://detail.tmall.com/item.htm?b_s_f=sycm&b_spm=a21ag.29085015&id=1048436050589
164,1048436050589,喜临门官方旗舰店,喜临门官方A类厚席梦思偏硬垫乳胶黄麻弹簧床垫塔利亚新款,1571.65,塔利亚Fit【硬睡感/20CM】,20,80.71,1614.15,2499,6.5折,平台加补后,https://detail.tmall.com/item.htm?b_s_f=sycm&b_spm=a21ag.29085015&id=1048436050589
164,1048436050589,喜临门官方旗舰店,喜临门官方A类厚席梦思偏硬垫乳胶黄麻弹簧床垫塔利亚新款,1571.65,塔利亚Air【适中睡感/19CM】 千人加购,19,84.96,1614.15,2499,6.5折,平台加补后,https://detail.tmall.com/item.htm?b_s_f=sycm&b_spm=a21ag.29085015&id=1048436050589
164,1048436050589,喜临门官方旗舰店,喜临门官方A类厚席梦思偏硬垫乳胶黄麻弹簧床垫塔利亚新款,1571.65,塔利亚slim【双睡感/12.5CM】,12.5,125.73,1571.65,2449,6.4折,平台加补后,https://detail.tmall.com/item.htm?b_s_f=sycm&b_spm=a21ag.29085015&id=1048436050589
165,769686559596,顾家家居官方旗舰店,顾家家居天然乳胶椰棕席梦思床垫偏硬0胶弹簧护脊护腰撑腰垫5601,1828,⭐️【(全垫0胶水)撑腰PRO·偏硬】26cm 净醛防螨 专利护腰5601,26,82.62,2148,2686,8.0折,平台加补后,https://detail.tmall.com/item.htm?b_s_f=sycm&b_spm=a21ag.29085015&id=769686559596
165,769686559596,顾家家居官方旗舰店,顾家家居天然乳胶椰棕席梦思床垫偏硬0胶弹簧护脊护腰撑腰垫5601,1828,【(全垫0胶水)撑腰PRO·适中】24cm 专利护腰,24,89.5,2148,2686,8.0折,平台加补后,https://detail.tmall.com/item.htm?b_s_f=sycm&b_spm=a21ag.29085015&id=769686559596
165,769686559596,顾家家居官方旗舰店,顾家家居天然乳胶椰棕席梦思床垫偏硬0胶弹簧护脊护腰撑腰垫5601,1828,【(全垫0胶水)撑腰MAX·双睡】26cm 净醛可洗 三重支撑,26,101.85,2648,3311,8.0折,平台加补后,https://detail.tmall.com/item.htm?b_s_f=sycm&b_spm=a21ag.29085015&id=769686559596
165,769686559596,顾家家居官方旗舰店,顾家家居天然乳胶椰棕席梦思床垫偏硬0胶弹簧护脊护腰撑腰垫5601,1828,【撑腰·3DMAX·适中】26cm 三重撑腰 像素级支撑,26,96.85,2518,3148,8.0折,平台加补后,https://detail.tmall.com/item.htm?b_s_f=sycm&b_spm=a21ag.29085015&id=769686559596
165,769686559596,顾家家居官方旗舰店,顾家家居天然乳胶椰棕席梦思床垫偏硬0胶弹簧护脊护腰撑腰垫5601,1828,【撑腰·适中】24cm 腰部支撑,24,76.17,1828,2286,8.0折,平台加补后,https://detail.tmall.com/item.htm?b_s_f=sycm&b_spm=a21ag.29085015&id=769686559596
165,769686559596,顾家家居官方旗舰店,顾家家居天然乳胶椰棕席梦思床垫偏硬0胶弹簧护脊护腰撑腰垫5601,1828,【全民2号】(全垫0胶水)撑腰PRO·偏硬+B1837春信皮床,,,4948,6186,8.0折,平台加补后,https://detail.tmall.com/item.htm?b_s_f=sycm&b_spm=a21ag.29085015&id=769686559596
165,769686559596,顾家家居官方旗舰店,顾家家居天然乳胶椰棕席梦思床垫偏硬0胶弹簧护脊护腰撑腰垫5601,1828,【全民3号】(全垫0胶水)撑腰PRO·偏硬+B029檀褐色皮床,,,5798,7248,8.0折,平台加补后,https://detail.tmall.com/item.htm?b_s_f=sycm&b_spm=a21ag.29085015&id=769686559596
165,769686559596,顾家家居官方旗舰店,顾家家居天然乳胶椰棕席梦思床垫偏硬0胶弹簧护脊护腰撑腰垫5601,1828,【全民3号】(全垫0胶水)撑腰PRO·偏硬+B029大麦白皮床,,,5798,7248,8.0折,平台加补后,https://detail.tmall.com/item.htm?b_s_f=sycm&b_spm=a21ag.29085015&id=769686559596
166,1041867057318,喜临门官方旗舰店,【漾Pro+】喜临门官方正品主卧双人席梦思乳胶mini簧七区弹簧床垫,2464.15,漾Pro+（主推升级款） 【双面睡感/27CM】支撑升级透气升级 千人加购,27,97.56,2634.15,4099,6.4折,平台加补后,https://detail.tmall.com/item.htm?b_s_f=sycm&b_spm=a21ag.29085015&id=1041867057318
166,1041867057318,喜临门官方旗舰店,【漾Pro+】喜临门官方正品主卧双人席梦思乳胶mini簧七区弹簧床垫,2464.15,漾Pro（主推款） 【双面睡感/24CM】七区支撑舒爽透气,24,102.67,2464.15,3899,6.3折,平台加补后,https://detail.tmall.com/item.htm?b_s_f=sycm&b_spm=a21ag.29085015&id=1041867057318
167,1067418658877,林氏家居官方旗舰店,林氏家居官方乳胶床垫独立弹簧黄麻护脊1米8双人床偏硬厚垫CDS320,2398.53,【5分区护脊】高纯乳胶舒缓肩髋 静音精准承托|偏硬|23cm,23,104.28,2398.53,4090,5.9折,平台加补后,https://detail.tmall.com/item.htm?b_s_f=sycm&b_spm=a21ag.29085015&id=1067418658877
168,609562319127,云赞床垫品牌店,护脊腰椎椰棕榈改硬垫子超薄婴儿天然黄麻床垫加硬神器太软变硬板,373.62,高硬4cm厚=3cm高密3E棕+Air X-80透气防螨（可全拆洗）,4,103.16,412.62,523,7.9折,平台加补后,https://detail.tmall.com/item.htm?b_s_f=sycm&b_spm=a21ag.29085015&id=609562319127
168,609562319127,云赞床垫品牌店,护脊腰椎椰棕榈改硬垫子超薄婴儿天然黄麻床垫加硬神器太软变硬板,373.62,高硬5cm厚=4cm高密3E棕+Air X-80透气防螨（可全拆洗）,5,92.38,461.9,585,7.9折,平台加补后,https://detail.tmall.com/item.htm?b_s_f=sycm&b_spm=a21ag.29085015&id=609562319127
168,609562319127,云赞床垫品牌店,护脊腰椎椰棕榈改硬垫子超薄婴儿天然黄麻床垫加硬神器太软变硬板,373.62,高硬6cm厚=5cm高密3E棕+Air X-80透气防螨（可全拆洗）,6,86.9,521.4,660,7.9折,平台加补后,https://detail.tmall.com/item.htm?b_s_f=sycm&b_spm=a21ag.29085015&id=609562319127
168,609562319127,云赞床垫品牌店,护脊腰椎椰棕榈改硬垫子超薄婴儿天然黄麻床垫加硬神器太软变硬板,373.62,高硬3cm厚=2cm高密3E棕+Air X-80透气防螨（可全拆洗）,3,124.54,373.62,473,7.9折,平台加补后,https://detail.tmall.com/item.htm?b_s_f=sycm&b_spm=a21ag.29085015&id=609562319127
168,609562319127,云赞床垫品牌店,护脊腰椎椰棕榈改硬垫子超薄婴儿天然黄麻床垫加硬神器太软变硬板,373.62,⭐中硬5cm厚=3cm高密3E棕+1cm云柔释压棉+Air X-80透气防螨（可全拆洗） 店长主推,5,102.22,511.12,648,7.9折,平台加补后,https://detail.tmall.com/item.htm?b_s_f=sycm&b_spm=a21ag.29085015&id=609562319127
168,609562319127,云赞床垫品牌店,护脊腰椎椰棕榈改硬垫子超薄婴儿天然黄麻床垫加硬神器太软变硬板,373.62,⭐中硬6cm厚=4cm高密3E棕+1cm云柔释压棉+Air X-80透气防螨（可全拆洗）,6,95.1,570.62,723,7.9折,平台加补后,https://detail.tmall.com/item.htm?b_s_f=sycm&b_spm=a21ag.29085015&id=609562319127
168,609562319127,云赞床垫品牌店,护脊腰椎椰棕榈改硬垫子超薄婴儿天然黄麻床垫加硬神器太软变硬板,373.62,⭐中硬7cm厚=5cm高密3E棕+1cm云柔释压棉+Air X-80透气防螨（可全拆洗）,7,91.34,639.4,810,7.9折,平台加补后,https://detail.tmall.com/item.htm?b_s_f=sycm&b_spm=a21ag.29085015&id=609562319127
168,609562319127,云赞床垫品牌店,护脊腰椎椰棕榈改硬垫子超薄婴儿天然黄麻床垫加硬神器太软变硬板,373.62,⭐中硬4cm厚=2cm高密3E棕+1cm云柔释压棉+Air X-80透气防螨（可全拆洗）,4,120.35,481.4,610,7.9折,平台加补后,https://detail.tmall.com/item.htm?b_s_f=sycm&b_spm=a21ag.29085015&id=609562319127
168,609562319127,云赞床垫品牌店,护脊腰椎椰棕榈改硬垫子超薄婴儿天然黄麻床垫加硬神器太软变硬板,373.62,中硬5cm厚=3cm高密3E棕+1cm乳胶+Air X-80透气防螨（可全拆洗）,5,106.32,531.62,673,7.9折,平台加补后,https://detail.tmall.com/item.htm?b_s_f=sycm&b_spm=a21ag.29085015&id=609562319127
168,609562319127,云赞床垫品牌店,护脊腰椎椰棕榈改硬垫子超薄婴儿天然黄麻床垫加硬神器太软变硬板,373.62,中硬6cm厚=4cm高密3E棕+1cm乳胶+Air X-80透气防螨（可全拆洗）,6,98.35,590.12,748,7.9折,平台加补后,https://detail.tmall.com/item.htm?b_s_f=sycm&b_spm=a21ag.29085015&id=609562319127
168,609562319127,云赞床垫品牌店,护脊腰椎椰棕榈改硬垫子超薄婴儿天然黄麻床垫加硬神器太软变硬板,373.62,中硬7cm厚=5cm高密3E棕+1cm乳胶+Air X-80透气防螨（可全拆洗）,7,94.13,658.9,835,7.9折,平台加补后,https://detail.tmall.com/item.htm?b_s_f=sycm&b_spm=a21ag.29085015&id=609562319127
168,609562319127,云赞床垫品牌店,护脊腰椎椰棕榈改硬垫子超薄婴儿天然黄麻床垫加硬神器太软变硬板,373.62,中硬4cm厚=2cm高密3E棕+1cm乳胶+Air X-80透气防螨（可全拆洗）,4,125.22,500.9,635,7.9折,平台加补后,https://detail.tmall.com/item.htm?b_s_f=sycm&b_spm=a21ag.29085015&id=609562319127
168,609562319127,云赞床垫品牌店,护脊腰椎椰棕榈改硬垫子超薄婴儿天然黄麻床垫加硬神器太软变硬板,373.62,偏硬6cm厚=3cm高密3E棕+2cm乳胶+Air X-80透气防螨（可全拆洗）,6,113.23,679.4,860,7.9折,平台加补后,https://detail.tmall.com/item.htm?b_s_f=sycm&b_spm=a21ag.29085015&id=609562319127
168,609562319127,云赞床垫品牌店,护脊腰椎椰棕榈改硬垫子超薄婴儿天然黄麻床垫加硬神器太软变硬板,373.62,偏硬7cm厚=4cm高密3E棕+2cm乳胶+Air X-80透气防螨（可全拆洗）,7,104.09,728.62,923,7.9折,平台加补后,https://detail.tmall.com/item.htm?b_s_f=sycm&b_spm=a21ag.29085015&id=609562319127
168,609562319127,云赞床垫品牌店,护脊腰椎椰棕榈改硬垫子超薄婴儿天然黄麻床垫加硬神器太软变硬板,373.62,偏硬8cm厚=5cm高密3E棕+2cm乳胶+Air X-80透气防螨（可全拆洗）,8,99.69,797.5,1010,7.9折,平台加补后,https://detail.tmall.com/item.htm?b_s_f=sycm&b_spm=a21ag.29085015&id=609562319127
168,609562319127,云赞床垫品牌店,护脊腰椎椰棕榈改硬垫子超薄婴儿天然黄麻床垫加硬神器太软变硬板,373.62,【升级】高硬4cm厚=3cm高密S型黄麻+Air X-80透气防螨（可全拆洗） 全网低价,4,144.97,579.9,735,7.9折,平台加补后,https://detail.tmall.com/item.htm?b_s_f=sycm&b_spm=a21ag.29085015&id=609562319127
168,609562319127,云赞床垫品牌店,护脊腰椎椰棕榈改硬垫子超薄婴儿天然黄麻床垫加硬神器太软变硬板,373.62,【升级】高硬6cm厚=5cm高密S型黄麻+Air X-80透气防螨（可全拆洗）,6,124.69,748.12,948,7.9折,平台加补后,https://detail.tmall.com/item.htm?b_s_f=sycm&b_spm=a21ag.29085015&id=609562319127
168,609562319127,云赞床垫品牌店,护脊腰椎椰棕榈改硬垫子超薄婴儿天然黄麻床垫加硬神器太软变硬板,373.62,⭐【升级】中硬5cm厚=3cm高密S型黄麻+1cm云柔释压棉+Air X-80透气防螨（可全拆洗）,5,141.82,709.12,898,7.9折,平台加补后,https://detail.tmall.com/item.htm?b_s_f=sycm&b_spm=a21ag.29085015&id=609562319127
168,609562319127,云赞床垫品牌店,护脊腰椎椰棕榈改硬垫子超薄婴儿天然黄麻床垫加硬神器太软变硬板,373.62,⭐【升级】中硬7cm厚=5cm高密S型黄麻+1cm云柔释压棉+Air X-80透气防螨（可全拆洗）,7,131.14,918,1160,7.9折,平台加补后,https://detail.tmall.com/item.htm?b_s_f=sycm&b_spm=a21ag.29085015&id=609562319127
168,609562319127,云赞床垫品牌店,护脊腰椎椰棕榈改硬垫子超薄婴儿天然黄麻床垫加硬神器太软变硬板,373.62,【升级】中硬5cm厚=3cm高密S型黄麻+1cm乳胶+Air X-80透气防螨（可全拆洗） 千人加购,5,145.72,728.62,923,7.9折,平台加补后,https://detail.tmall.com/item.htm?b_s_f=sycm&b_spm=a21ag.29085015&id=609562319127
168,609562319127,云赞床垫品牌店,护脊腰椎椰棕榈改硬垫子超薄婴儿天然黄麻床垫加硬神器太软变硬板,373.62,【升级】中硬7cm厚=5cm高密S型黄麻+1cm乳胶+Air X-80透气防螨（可全拆洗）,7,133.96,937.75,1185,7.9折,平台加补后,https://detail.tmall.com/item.htm?b_s_f=sycm&b_spm=a21ag.29085015&id=609562319127
168,609562319127,云赞床垫品牌店,护脊腰椎椰棕榈改硬垫子超薄婴儿天然黄麻床垫加硬神器太软变硬板,373.62,【升级】偏硬6cm厚=3cm高密S型黄麻+2cm乳胶+Air X-80透气防螨（可全拆洗）,6,151.27,907.6,1148,7.9折,平台加补后,https://detail.tmall.com/item.htm?b_s_f=sycm&b_spm=a21ag.29085015&id=609562319127
168,609562319127,云赞床垫品牌店,护脊腰椎椰棕榈改硬垫子超薄婴儿天然黄麻床垫加硬神器太软变硬板,373.62,【升级】偏硬8cm厚=5cm高密S型黄麻+2cm乳胶+Air X-80透气防螨（可全拆洗）,8,136.04,1088.35,1373,7.9折,平台加补后,https://detail.tmall.com/item.htm?b_s_f=sycm&b_spm=a21ag.29085015&id=609562319127
169,855631347737,环保棕垫厂家,床垫天然椰棕家用卧室10cm棕榈硬垫子儿童护腰护脊棕垫可折叠定制,119,6cm云舒白一体（0胶水3E椰棕+质保20年）,6,19.83,119,618,1.9折,平台加补后,https://detail.tmall.com/item.htm?b_s_f=sycm&b_spm=a21ag.29085015&id=855631347737
169,855631347737,环保棕垫厂家,床垫天然椰棕家用卧室10cm棕榈硬垫子儿童护腰护脊棕垫可折叠定制,119,6cm经典灰一体（0胶水3E椰棕+质保20年） 万人加购,6,19.83,119,595,2.0折,平台加补后,https://detail.tmall.com/item.htm?b_s_f=sycm&b_spm=a21ag.29085015&id=855631347737
169,855631347737,环保棕垫厂家,床垫天然椰棕家用卧室10cm棕榈硬垫子儿童护腰护脊棕垫可折叠定制,119,6cm云舒白折叠（0胶水3E椰棕+质保20年）,6,19.83,119,595,2.0折,平台加补后,https://detail.tmall.com/item.htm?b_s_f=sycm&b_spm=a21ag.29085015&id=855631347737
169,855631347737,环保棕垫厂家,床垫天然椰棕家用卧室10cm棕榈硬垫子儿童护腰护脊棕垫可折叠定制,119,6cm经典灰折叠（0胶水3E椰棕+质保20年）,6,19.83,119,618,1.9折,平台加补后,https://detail.tmall.com/item.htm?b_s_f=sycm&b_spm=a21ag.29085015&id=855631347737
169,855631347737,环保棕垫厂家,床垫天然椰棕家用卧室10cm棕榈硬垫子儿童护腰护脊棕垫可折叠定制,119,7cm云舒白（0胶水3E椰棕+1cm乳胶+质保20年）一体/折叠可选,7,25.71,180,678,2.7折,平台加补后,https://detail.tmall.com/item.htm?b_s_f=sycm&b_spm=a21ag.29085015&id=855631347737
169,855631347737,环保棕垫厂家,床垫天然椰棕家用卧室10cm棕榈硬垫子儿童护腰护脊棕垫可折叠定制,119,7cm经典灰（0胶水3E椰棕+1cm乳胶+质保20年）一体/折叠可选,7,25.71,180,678,2.7折,平台加补后,https://detail.tmall.com/item.htm?b_s_f=sycm&b_spm=a21ag.29085015&id=855631347737
169,855631347737,环保棕垫厂家,床垫天然椰棕家用卧室10cm棕榈硬垫子儿童护腰护脊棕垫可折叠定制,119,8cm云舒白（0胶水3E椰棕+质保20年）一体/折叠可选,8,22.0,176,674,2.6折,平台加补后,https://detail.tmall.com/item.htm?b_s_f=sycm&b_spm=a21ag.29085015&id=855631347737
169,855631347737,环保棕垫厂家,床垫天然椰棕家用卧室10cm棕榈硬垫子儿童护腰护脊棕垫可折叠定制,119,8cm经典灰（0胶水3E椰棕+质保20年）一体/折叠可选,8,22.0,176,674,2.6折,平台加补后,https://detail.tmall.com/item.htm?b_s_f=sycm&b_spm=a21ag.29085015&id=855631347737
169,855631347737,环保棕垫厂家,床垫天然椰棕家用卧室10cm棕榈硬垫子儿童护腰护脊棕垫可折叠定制,119,10cm云舒白（0胶水3E椰棕+质保20年）一体/折叠可选,10,22.8,228,906,2.5折,平台加补后,https://detail.tmall.com/item.htm?b_s_f=sycm&b_spm=a21ag.29085015&id=855631347737
169,855631347737,环保棕垫厂家,床垫天然椰棕家用卧室10cm棕榈硬垫子儿童护腰护脊棕垫可折叠定制,119,10cm经典灰（0胶水3E椰棕+质保20年）一体/折叠可选,10,22.8,228,906,2.5折,平台加补后,https://detail.tmall.com/item.htm?b_s_f=sycm&b_spm=a21ag.29085015&id=855631347737
169,855631347737,环保棕垫厂家,床垫天然椰棕家用卧室10cm棕榈硬垫子儿童护腰护脊棕垫可折叠定制,119,12cm云舒白（0胶水3E椰棕+质保20年）一体/折叠可选,12,28.33,340,1018,3.3折,平台加补后,https://detail.tmall.com/item.htm?b_s_f=sycm&b_spm=a21ag.29085015&id=855631347737
169,855631347737,环保棕垫厂家,床垫天然椰棕家用卧室10cm棕榈硬垫子儿童护腰护脊棕垫可折叠定制,119,12cm经典灰（0胶水3E椰棕+质保20年）一体/折叠可选,12,28.33,340,1018,3.3折,平台加补后,https://detail.tmall.com/item.htm?b_s_f=sycm&b_spm=a21ag.29085015&id=855631347737
169,855631347737,环保棕垫厂家,床垫天然椰棕家用卧室10cm棕榈硬垫子儿童护腰护脊棕垫可折叠定制,119,15cm云舒白（0胶水3E椰棕+质保20年）一体/折叠可选,15,32.4,486,1164,4.2折,平台加补后,https://detail.tmall.com/item.htm?b_s_f=sycm&b_spm=a21ag.29085015&id=855631347737
169,855631347737,环保棕垫厂家,床垫天然椰棕家用卧室10cm棕榈硬垫子儿童护腰护脊棕垫可折叠定制,119,15cm经典灰（0胶水3E椰棕+质保20年）一体/折叠可选,15,32.4,486,1164,4.2折,平台加补后,https://detail.tmall.com/item.htm?b_s_f=sycm&b_spm=a21ag.29085015&id=855631347737
169,855631347737,环保棕垫厂家,床垫天然椰棕家用卧室10cm棕榈硬垫子儿童护腰护脊棕垫可折叠定制,119,6cm抑菌石墨白（0胶水3E椰棕+质保20年）一体/折叠可选,6,27.5,165,663,2.5折,平台加补后,https://detail.tmall.com/item.htm?b_s_f=sycm&b_spm=a21ag.29085015&id=855631347737
169,855631347737,环保棕垫厂家,床垫天然椰棕家用卧室10cm棕榈硬垫子儿童护腰护脊棕垫可折叠定制,119,7cm抑菌石墨白（0胶水3E椰棕+1cm乳胶+质保20年）一体/折叠可选,7,32.86,230,908,2.5折,平台加补后,https://detail.tmall.com/item.htm?b_s_f=sycm&b_spm=a21ag.29085015&id=855631347737
169,855631347737,环保棕垫厂家,床垫天然椰棕家用卧室10cm棕榈硬垫子儿童护腰护脊棕垫可折叠定制,119,8cm抑菌石墨白（0胶水3E椰棕+质保20年）一体/折叠可选,8,35.62,285,963,3.0折,平台加补后,https://detail.tmall.com/item.htm?b_s_f=sycm&b_spm=a21ag.29085015&id=855631347737
169,855631347737,环保棕垫厂家,床垫天然椰棕家用卧室10cm棕榈硬垫子儿童护腰护脊棕垫可折叠定制,119,9cm抑菌石墨白（0胶水3E椰棕+1cm乳胶+质保20年）一体/折叠可选,9,33.33,300,978,3.1折,平台加补后,https://detail.tmall.com/item.htm?b_s_f=sycm&b_spm=a21ag.29085015&id=855631347737
169,855631347737,环保棕垫厂家,床垫天然椰棕家用卧室10cm棕榈硬垫子儿童护腰护脊棕垫可折叠定制,119,10cm抑菌石墨白（0胶水3E椰棕+质保20年）一体/折叠可选,10,35.8,358,1036,3.5折,平台加补后,https://detail.tmall.com/item.htm?b_s_f=sycm&b_spm=a21ag.29085015&id=855631347737
169,855631347737,环保棕垫厂家,床垫天然椰棕家用卧室10cm棕榈硬垫子儿童护腰护脊棕垫可折叠定制,119,12cm抑菌石墨白（0胶水3E椰棕+质保20年）一体/折叠可选,12,35.83,430,1108,3.9折,平台加补后,https://detail.tmall.com/item.htm?b_s_f=sycm&b_spm=a21ag.29085015&id=855631347737
169,855631347737,环保棕垫厂家,床垫天然椰棕家用卧室10cm棕榈硬垫子儿童护腰护脊棕垫可折叠定制,119,6cm3D透气（0胶水3E椰棕+质保20年）一体/折叠可选,6,27.5,165,663,2.5折,平台加补后,https://detail.tmall.com/item.htm?b_s_f=sycm&b_spm=a21ag.29085015&id=855631347737
169,855631347737,环保棕垫厂家,床垫天然椰棕家用卧室10cm棕榈硬垫子儿童护腰护脊棕垫可折叠定制,119,7cm3D透气（0胶水3E椰棕+1cm乳胶+质保20年）一体/折叠可选,7,32.86,230,908,2.5折,平台加补后,https://detail.tmall.com/item.htm?b_s_f=sycm&b_spm=a21ag.29085015&id=855631347737
169,855631347737,环保棕垫厂家,床垫天然椰棕家用卧室10cm棕榈硬垫子儿童护腰护脊棕垫可折叠定制,119,8cm3D透气（0胶水3E椰棕+质保20年）一体/折叠可选,8,35.62,285,963,3.0折,平台加补后,https://detail.tmall.com/item.htm?b_s_f=sycm&b_spm=a21ag.29085015&id=855631347737
169,855631347737,环保棕垫厂家,床垫天然椰棕家用卧室10cm棕榈硬垫子儿童护腰护脊棕垫可折叠定制,119,9cm3D透气（0胶水3E椰棕+1cm乳胶+质保20年）一体/折叠可选,9,33.33,300,978,3.1折,平台加补后,https://detail.tmall.com/item.htm?b_s_f=sycm&b_spm=a21ag.29085015&id=855631347737
169,855631347737,环保棕垫厂家,床垫天然椰棕家用卧室10cm棕榈硬垫子儿童护腰护脊棕垫可折叠定制,119,10cm3D透气（0胶水3E椰棕+质保20年）一体/折叠可选,10,35.8,358,1036,3.5折,平台加补后,https://detail.tmall.com/item.htm?b_s_f=sycm&b_spm=a21ag.29085015&id=855631347737
169,855631347737,环保棕垫厂家,床垫天然椰棕家用卧室10cm棕榈硬垫子儿童护腰护脊棕垫可折叠定制,119,12cm3D透气（0胶水3E椰棕+质保20年）一体/折叠可选,12,35.83,430,1108,3.9折,平台加补后,https://detail.tmall.com/item.htm?b_s_f=sycm&b_spm=a21ag.29085015&id=855631347737
169,855631347737,环保棕垫厂家,床垫天然椰棕家用卧室10cm棕榈硬垫子儿童护腰护脊棕垫可折叠定制,119,6cm高档羊绒（0胶水3E椰棕+质保20年）一体/折叠可选,6,33.33,200,698,2.9折,平台加补后,https://detail.tmall.com/item.htm?b_s_f=sycm&b_spm=a21ag.29085015&id=855631347737
169,855631347737,环保棕垫厂家,床垫天然椰棕家用卧室10cm棕榈硬垫子儿童护腰护脊棕垫可折叠定制,119,7cm高档羊绒（0胶水3E椰棕+1cm乳胶+质保20年）一体/折叠可选,7,38.0,266,944,2.8折,平台加补后,https://detail.tmall.com/item.htm?b_s_f=sycm&b_spm=a21ag.29085015&id=855631347737
169,855631347737,环保棕垫厂家,床垫天然椰棕家用卧室10cm棕榈硬垫子儿童护腰护脊棕垫可折叠定制,119,8cm高档羊绒（0胶水3E椰棕+质保20年）一体/折叠可选,8,39.38,315,993,3.2折,平台加补后,https://detail.tmall.com/item.htm?b_s_f=sycm&b_spm=a21ag.29085015&id=855631347737
169,855631347737,环保棕垫厂家,床垫天然椰棕家用卧室10cm棕榈硬垫子儿童护腰护脊棕垫可折叠定制,119,10cm高档羊绒（0胶水3E椰棕+质保20年）一体/折叠可选,10,38.8,388,1066,3.6折,平台加补后,https://detail.tmall.com/item.htm?b_s_f=sycm&b_spm=a21ag.29085015&id=855631347737
169,855631347737,环保棕垫厂家,床垫天然椰棕家用卧室10cm棕榈硬垫子儿童护腰护脊棕垫可折叠定制,119,11cm高档羊绒（0胶水3E椰棕+1cm乳胶+质保20年）一体/折叠可选,11,33.27,366,1044,3.5折,平台加补后,https://detail.tmall.com/item.htm?b_s_f=sycm&b_spm=a21ag.29085015&id=855631347737
169,855631347737,环保棕垫厂家,床垫天然椰棕家用卧室10cm棕榈硬垫子儿童护腰护脊棕垫可折叠定制,119,15cm高档羊绒（0胶水3E椰棕+质保20年）一体/折叠可选,15,37.73,566,1244,4.5折,平台加补后,https://detail.tmall.com/item.htm?b_s_f=sycm&b_spm=a21ag.29085015&id=855631347737
170,972910586185,喜临门官方旗舰店,【店播专享】喜临门诺蓝青少年儿童床垫乳胶黄麻舒脊A类薄偏硬,1401.65,诺蓝10H升级版0胶【双睡感/10CM】,10,140.17,1401.65,2699,5.2折,平台加补后,https://detail.tmall.com/item.htm?b_s_f=sycm&b_spm=a21ag.29085015&id=972910586185
171,679581542842,棕二叔,棕二叔手工山棕床垫硬椰棕垫天然护脊棕榈儿童榻榻米无胶折叠定制,248,非物质文化传承品牌,,,336,,,平台加补后,https://detail.tmall.com/item.htm?b_s_f=sycm&b_spm=a21ag.29085015&id=679581542842
171,679581542842,棕二叔,棕二叔手工山棕床垫硬椰棕垫天然护脊棕榈儿童榻榻米无胶折叠定制,248,3.5山棕内胆（送防尘套）,,,336,,,平台加补后,https://detail.tmall.com/item.htm?b_s_f=sycm&b_spm=a21ag.29085015&id=679581542842
171,679581542842,棕二叔,棕二叔手工山棕床垫硬椰棕垫天然护脊棕榈儿童榻榻米无胶折叠定制,248,3.5山棕内胆+针织套面料 万人加购,,,386.01,,,平台加补后,https://detail.tmall.com/item.htm?b_s_f=sycm&b_spm=a21ag.29085015&id=679581542842
171,679581542842,棕二叔,棕二叔手工山棕床垫硬椰棕垫天然护脊棕榈儿童榻榻米无胶折叠定制,248,5.5cm总厚（3.5山棕+纯棉面料,5.5,98.0,539,,,平台加补后,https://detail.tmall.com/item.htm?b_s_f=sycm&b_spm=a21ag.29085015&id=679581542842
171,679581542842,棕二叔,棕二叔手工山棕床垫硬椰棕垫天然护脊棕榈儿童榻榻米无胶折叠定制,248,5.5山棕内胆+针织套（可叠加软床垫,,,788.01,,,平台加补后,https://detail.tmall.com/item.htm?b_s_f=sycm&b_spm=a21ag.29085015&id=679581542842
171,679581542842,棕二叔,棕二叔手工山棕床垫硬椰棕垫天然护脊棕榈儿童榻榻米无胶折叠定制,248,7.5cm总厚（5.5山棕+纯棉面料,7.5,122.67,920.01,,,平台加补后,https://detail.tmall.com/item.htm?b_s_f=sycm&b_spm=a21ag.29085015&id=679581542842
171,679581542842,棕二叔,棕二叔手工山棕床垫硬椰棕垫天然护脊棕榈儿童榻榻米无胶折叠定制,248,7.5山棕内胆+针织套,,,1016.01,,,平台加补后,https://detail.tmall.com/item.htm?b_s_f=sycm&b_spm=a21ag.29085015&id=679581542842
171,679581542842,棕二叔,棕二叔手工山棕床垫硬椰棕垫天然护脊棕榈儿童榻榻米无胶折叠定制,248,9.5cm总厚（7.5山棕+纯棉面料,9.5,116.32,1105,,,平台加补后,https://detail.tmall.com/item.htm?b_s_f=sycm&b_spm=a21ag.29085015&id=679581542842
171,679581542842,棕二叔,棕二叔手工山棕床垫硬椰棕垫天然护脊棕榈儿童榻榻米无胶折叠定制,248,10cm山棕内胆+针织套,10,135.0,1350,,,平台加补后,https://detail.tmall.com/item.htm?b_s_f=sycm&b_spm=a21ag.29085015&id=679581542842
171,679581542842,棕二叔,棕二叔手工山棕床垫硬椰棕垫天然护脊棕榈儿童榻榻米无胶折叠定制,248,强护腰总12cm（全山棕+纯棉面料,12,126.0,1512,,,平台加补后,https://detail.tmall.com/item.htm?b_s_f=sycm&b_spm=a21ag.29085015&id=679581542842
171,679581542842,棕二叔,棕二叔手工山棕床垫硬椰棕垫天然护脊棕榈儿童榻榻米无胶折叠定制,248,强护腰总14cm（全山棕+纯棉面料,14,163.57,2290.01,,,平台加补后,https://detail.tmall.com/item.htm?b_s_f=sycm&b_spm=a21ag.29085015&id=679581542842
171,679581542842,棕二叔,棕二叔手工山棕床垫硬椰棕垫天然护脊棕榈儿童榻榻米无胶折叠定制,248,强护腰总17cm（全山棕+纯棉面料,17,163.53,2780,,,平台加补后,https://detail.tmall.com/item.htm?b_s_f=sycm&b_spm=a21ag.29085015&id=679581542842
171,679581542842,棕二叔,棕二叔手工山棕床垫硬椰棕垫天然护脊棕榈儿童榻榻米无胶折叠定制,248,强护腰总20cm（全山棕+纯棉面料,20,158.5,3170.01,,,平台加补后,https://detail.tmall.com/item.htm?b_s_f=sycm&b_spm=a21ag.29085015&id=679581542842
171,679581542842,棕二叔,棕二叔手工山棕床垫硬椰棕垫天然护脊棕榈儿童榻榻米无胶折叠定制,248,定制尺寸咨询客服,,,248,,,平台加补后,https://detail.tmall.com/item.htm?b_s_f=sycm&b_spm=a21ag.29085015&id=679581542842
172,988712168257,shims席夢思品牌床垫生活馆,五星级酒店记忆棉乳胶独立袋装弹簧压缩床垫家用卧室超软加厚软垫,490,希尔顿基础客房款20CM【适中稍硬】,20,24.5,490,790,6.2折,平台加补后,https://detail.tmall.com/item.htm?b_s_f=sycm&b_spm=a21ag.29085015&id=988712168257
172,988712168257,shims席夢思品牌床垫生活馆,五星级酒店记忆棉乳胶独立袋装弹簧压缩床垫家用卧室超软加厚软垫,490,希尔顿升级主卧款24CM【适中偏软】,24,21.25,510,810,6.3折,平台加补后,https://detail.tmall.com/item.htm?b_s_f=sycm&b_spm=a21ag.29085015&id=988712168257
172,988712168257,shims席夢思品牌床垫生活馆,五星级酒店记忆棉乳胶独立袋装弹簧压缩床垫家用卧室超软加厚软垫,490,希尔顿推荐主卧款26CM【舒适微硬】,26,21.12,549,849,6.5折,平台加补后,https://detail.tmall.com/item.htm?b_s_f=sycm&b_spm=a21ag.29085015&id=988712168257
172,988712168257,shims席夢思品牌床垫生活馆,五星级酒店记忆棉乳胶独立袋装弹簧压缩床垫家用卧室超软加厚软垫,490,希尔顿五星主卧款26CM【五星睡感】,26,22.62,588,888,6.6折,平台加补后,https://detail.tmall.com/item.htm?b_s_f=sycm&b_spm=a21ag.29085015&id=988712168257
172,988712168257,shims席夢思品牌床垫生活馆,五星级酒店记忆棉乳胶独立袋装弹簧压缩床垫家用卧室超软加厚软垫,490,希尔顿舒适零压款26CM【零压舒适】,26,24.35,633,933,6.8折,平台加补后,https://detail.tmall.com/item.htm?b_s_f=sycm&b_spm=a21ag.29085015&id=988712168257
172,988712168257,shims席夢思品牌床垫生活馆,五星级酒店记忆棉乳胶独立袋装弹簧压缩床垫家用卧室超软加厚软垫,490,希尔顿酒店双面款28CM【双面睡感】,28,26.07,730,1030,7.1折,平台加补后,https://detail.tmall.com/item.htm?b_s_f=sycm&b_spm=a21ag.29085015&id=988712168257
172,988712168257,shims席夢思品牌床垫生活馆,五星级酒店记忆棉乳胶独立袋装弹簧压缩床垫家用卧室超软加厚软垫,490,希尔顿总统套房款30CM【頂级柔软】,30,22.27,668,968,6.9折,平台加补后,https://detail.tmall.com/item.htm?b_s_f=sycm&b_spm=a21ag.29085015&id=988712168257
172,988712168257,shims席夢思品牌床垫生活馆,五星级酒店记忆棉乳胶独立袋装弹簧压缩床垫家用卧室超软加厚软垫,490,希尔顿护脊护腰款22CM【护脊护腰】,22,27.64,608,908,6.7折,平台加补后,https://detail.tmall.com/item.htm?b_s_f=sycm&b_spm=a21ag.29085015&id=988712168257
173,715600385027,佰家新尚床垫企业店,床垫180x200家用卧室独立弹簧乳胶软垫20cm厚1米5租房专用硬椰棕,325.42,经济基础:升级碳钢加固弹簧 20cm适中 万人加购,20,16.27,325.42,429,7.6折,平台加补后,https://detail.tmall.com/item.htm?b_s_f=sycm&b_spm=a21ag.29085015&id=715600385027
173,715600385027,佰家新尚床垫企业店,床垫180x200家用卧室独立弹簧乳胶软垫20cm厚1米5租房专用硬椰棕,325.42,经济基础:升级碳钢加固弹簧+乳胶 22cm偏软,22,18.59,409,529,7.7折,平台加补后,https://detail.tmall.com/item.htm?b_s_f=sycm&b_spm=a21ag.29085015&id=715600385027
173,715600385027,佰家新尚床垫企业店,床垫180x200家用卧室独立弹簧乳胶软垫20cm厚1米5租房专用硬椰棕,325.42,经济基础:升级碳钢加固弹簧+3E棕 22cm偏硬,22,18.59,409,529,7.7折,平台加补后,https://detail.tmall.com/item.htm?b_s_f=sycm&b_spm=a21ag.29085015&id=715600385027
173,715600385027,佰家新尚床垫企业店,床垫180x200家用卧室独立弹簧乳胶软垫20cm厚1米5租房专用硬椰棕,325.42,经济基础:碳钢升级加固弹簧 20cm适中,20,16.27,325.42,429,7.6折,平台加补后,https://detail.tmall.com/item.htm?b_s_f=sycm&b_spm=a21ag.29085015&id=715600385027
173,715600385027,佰家新尚床垫企业店,床垫180x200家用卧室独立弹簧乳胶软垫20cm厚1米5租房专用硬椰棕,325.42,经济基础:碳钢升级加固弹簧+乳胶 22cm偏软,22,18.82,414,535,7.7折,平台加补后,https://detail.tmall.com/item.htm?b_s_f=sycm&b_spm=a21ag.29085015&id=715600385027
173,715600385027,佰家新尚床垫企业店,床垫180x200家用卧室独立弹簧乳胶软垫20cm厚1米5租房专用硬椰棕,325.42,经济基础:碳钢升级加固弹簧+3E棕 22cm偏硬,22,18.82,414,535,7.7折,平台加补后,https://detail.tmall.com/item.htm?b_s_f=sycm&b_spm=a21ag.29085015&id=715600385027
173,715600385027,佰家新尚床垫企业店,床垫180x200家用卧室独立弹簧乳胶软垫20cm厚1米5租房专用硬椰棕,325.42,双倍支撑❤:防塌独立静音弹簧 20cm适中,20,18.96,379.12,494,7.7折,平台加补后,https://detail.tmall.com/item.htm?b_s_f=sycm&b_spm=a21ag.29085015&id=715600385027
173,715600385027,佰家新尚床垫企业店,床垫180x200家用卧室独立弹簧乳胶软垫20cm厚1米5租房专用硬椰棕,325.42,双倍支撑❤:防塌独立静音+乳胶 22cm偏软,22,19.27,424,547,7.8折,平台加补后,https://detail.tmall.com/item.htm?b_s_f=sycm&b_spm=a21ag.29085015&id=715600385027
173,715600385027,佰家新尚床垫企业店,床垫180x200家用卧室独立弹簧乳胶软垫20cm厚1米5租房专用硬椰棕,325.42,双倍支撑❤:防塌独立静音+3E棕 22cm偏硬,22,19.27,424,547,7.8折,平台加补后,https://detail.tmall.com/item.htm?b_s_f=sycm&b_spm=a21ag.29085015&id=715600385027
173,715600385027,佰家新尚床垫企业店,床垫180x200家用卧室独立弹簧乳胶软垫20cm厚1米5租房专用硬椰棕,325.42,双倍支撑❤:防塌独立静音+乳胶+3E棕 23cm软硬两用,23,21.48,494,629,7.9折,平台加补后,https://detail.tmall.com/item.htm?b_s_f=sycm&b_spm=a21ag.29085015&id=715600385027
173,715600385027,佰家新尚床垫企业店,床垫180x200家用卧室独立弹簧乳胶软垫20cm厚1米5租房专用硬椰棕,325.42,耐用升级⭐:防塌独立静音弹簧 20cm适中,20,18.96,379.12,494,7.7折,平台加补后,https://detail.tmall.com/item.htm?b_s_f=sycm&b_spm=a21ag.29085015&id=715600385027
173,715600385027,佰家新尚床垫企业店,床垫180x200家用卧室独立弹簧乳胶软垫20cm厚1米5租房专用硬椰棕,325.42,耐用升级⭐:防塌独立静音+乳胶 22cm偏软,22,19.27,424,547,7.8折,平台加补后,https://detail.tmall.com/item.htm?b_s_f=sycm&b_spm=a21ag.29085015&id=715600385027
173,715600385027,佰家新尚床垫企业店,床垫180x200家用卧室独立弹簧乳胶软垫20cm厚1米5租房专用硬椰棕,325.42,耐用升级⭐:防塌独立静音+3E棕 22cm偏硬,22,19.27,424,547,7.8折,平台加补后,https://detail.tmall.com/item.htm?b_s_f=sycm&b_spm=a21ag.29085015&id=715600385027
173,715600385027,佰家新尚床垫企业店,床垫180x200家用卧室独立弹簧乳胶软垫20cm厚1米5租房专用硬椰棕,325.42,耐用升级⭐:防塌独立静音+乳胶+3E棕 23cm软硬两用,23,21.48,494,629,7.9折,平台加补后,https://detail.tmall.com/item.htm?b_s_f=sycm&b_spm=a21ag.29085015&id=715600385027
173,715600385027,佰家新尚床垫企业店,床垫180x200家用卧室独立弹簧乳胶软垫20cm厚1米5租房专用硬椰棕,325.42,高端首选✅:碳钢防塌独立静音弹簧 20cm适中,20,20.95,419,541,7.7折,平台加补后,https://detail.tmall.com/item.htm?b_s_f=sycm&b_spm=a21ag.29085015&id=715600385027
173,715600385027,佰家新尚床垫企业店,床垫180x200家用卧室独立弹簧乳胶软垫20cm厚1米5租房专用硬椰棕,325.42,高端首选✅:碳钢防塌独立静音+乳胶 22cm偏软,22,22.05,485,618,7.8折,平台加补后,https://detail.tmall.com/item.htm?b_s_f=sycm&b_spm=a21ag.29085015&id=715600385027
173,715600385027,佰家新尚床垫企业店,床垫180x200家用卧室独立弹簧乳胶软垫20cm厚1米5租房专用硬椰棕,325.42,高端首选✅:碳钢防塌独立静音+3E棕 22cm偏硬,22,22.05,485,618,7.8折,平台加补后,https://detail.tmall.com/item.htm?b_s_f=sycm&b_spm=a21ag.29085015&id=715600385027
173,715600385027,佰家新尚床垫企业店,床垫180x200家用卧室独立弹簧乳胶软垫20cm厚1米5租房专用硬椰棕,325.42,高端首选✅:碳钢防塌独立静音+3E棕+乳胶 23cm软硬两用,23,24.57,565,712,7.9折,平台加补后,https://detail.tmall.com/item.htm?b_s_f=sycm&b_spm=a21ag.29085015&id=715600385027
173,715600385027,佰家新尚床垫企业店,床垫180x200家用卧室独立弹簧乳胶软垫20cm厚1米5租房专用硬椰棕,325.42,五星尊享奢华:抗扰分区静音袋装弹簧 20cm适中,20,31.7,634,794,8.0折,平台加补后,https://detail.tmall.com/item.htm?b_s_f=sycm&b_spm=a21ag.29085015&id=715600385027
173,715600385027,佰家新尚床垫企业店,床垫180x200家用卧室独立弹簧乳胶软垫20cm厚1米5租房专用硬椰棕,325.42,五星尊享奢华:抗扰分区静音袋装+乳胶 22cm偏软,22,30.64,674,841,8.0折,平台加补后,https://detail.tmall.com/item.htm?b_s_f=sycm&b_spm=a21ag.29085015&id=715600385027
173,715600385027,佰家新尚床垫企业店,床垫180x200家用卧室独立弹簧乳胶软垫20cm厚1米5租房专用硬椰棕,325.42,五星尊享奢华:抗扰分区静音袋装+3E棕 22cm偏硬,22,30.64,674,841,8.0折,平台加补后,https://detail.tmall.com/item.htm?b_s_f=sycm&b_spm=a21ag.29085015&id=715600385027
173,715600385027,佰家新尚床垫企业店,床垫180x200家用卧室独立弹簧乳胶软垫20cm厚1米5租房专用硬椰棕,325.42,五星尊享奢华:抗扰分区静音袋装+乳胶+3E棕 23cm软硬两用,23,34.52,794,982,8.1折,平台加补后,https://detail.tmall.com/item.htm?b_s_f=sycm&b_spm=a21ag.29085015&id=715600385027
173,715600385027,佰家新尚床垫企业店,床垫180x200家用卧室独立弹簧乳胶软垫20cm厚1米5租房专用硬椰棕,325.42,压缩高箱:碳钢压缩独立弹簧 12cm厚适中 (颜色备注),12,31.59,379.12,494,7.7折,平台加补后,https://detail.tmall.com/item.htm?b_s_f=sycm&b_spm=a21ag.29085015&id=715600385027
173,715600385027,佰家新尚床垫企业店,床垫180x200家用卧室独立弹簧乳胶软垫20cm厚1米5租房专用硬椰棕,325.42,压缩高箱:碳钢压缩独立弹簧+3E棕 14cm厚偏硬 （颜色备注）,14,30.29,424,547,7.8折,平台加补后,https://detail.tmall.com/item.htm?b_s_f=sycm&b_spm=a21ag.29085015&id=715600385027
174,972506571525,源氏木语官方旗舰店,源氏木语0胶水床垫铃兰独立弹簧厚垫卧室记忆棉垫家用防螨乳胶垫,2169.54,(全垫零胶水)铃兰·零胶水床垫(乳胶款/硬度适中H3)JH3SRC002,,,2169.54,3276,6.6折,平台加补后,https://detail.tmall.com/item.htm?b_s_f=sycm&b_spm=a21ag.29085015&id=972506571525
174,972506571525,源氏木语官方旗舰店,源氏木语0胶水床垫铃兰独立弹簧厚垫卧室记忆棉垫家用防螨乳胶垫,2169.54,(全垫零胶水)铃兰·零胶水床垫(记忆棉款/硬度适中H3)JH3SJC001 千人加购,,,2169.54,3276,6.6折,平台加补后,https://detail.tmall.com/item.htm?b_s_f=sycm&b_spm=a21ag.29085015&id=972506571525
175,708607304937,芭蕉果旗舰店,芭蕉果三明治cpro护脊床垫家用硬垫子可拆0胶水黄麻乳胶硅胶弹簧,2604.5,三明治C Pro【偏硬护脊】爆款推荐！,,,3304.5,5497.65,6.0折,平台加补后,https://detail.tmall.com/item.htm?b_s_f=sycm&b_spm=a21ag.29085015&id=708607304937
175,708607304937,芭蕉果旗舰店,芭蕉果三明治cpro护脊床垫家用硬垫子可拆0胶水黄麻乳胶硅胶弹簧,2604.5,三明治2代【适中偏硬】3分区护脊 4D透气,,,4004.5,6321.18,6.3折,平台加补后,https://detail.tmall.com/item.htm?b_s_f=sycm&b_spm=a21ag.29085015&id=708607304937
175,708607304937,芭蕉果旗舰店,芭蕉果三明治cpro护脊床垫家用硬垫子可拆0胶水黄麻乳胶硅胶弹簧,2604.5,三明治C【多重睡感可调】更均衡,,,3104.5,5262.35,5.9折,平台加补后,https://detail.tmall.com/item.htm?b_s_f=sycm&b_spm=a21ag.29085015&id=708607304937
175,708607304937,芭蕉果旗舰店,芭蕉果三明治cpro护脊床垫家用硬垫子可拆0胶水黄麻乳胶硅胶弹簧,2604.5,三明治A 【适中睡感】A类面料 可拆可洗,,,2604.5,4674.12,5.6折,平台加补后,https://detail.tmall.com/item.htm?b_s_f=sycm&b_spm=a21ag.29085015&id=708607304937
175,708607304937,芭蕉果旗舰店,芭蕉果三明治cpro护脊床垫家用硬垫子可拆0胶水黄麻乳胶硅胶弹簧,2604.5,三明治B 【偏硬护脊】护脊支撑 全龄友好,,,2804.5,4909.41,5.7折,平台加补后,https://detail.tmall.com/item.htm?b_s_f=sycm&b_spm=a21ag.29085015&id=708607304937
175,708607304937,芭蕉果旗舰店,芭蕉果三明治cpro护脊床垫家用硬垫子可拆0胶水黄麻乳胶硅胶弹簧,2604.5,床垫高度可定制（咨询客服下单）,,,2881.5,5000,5.8折,平台加补后,https://detail.tmall.com/item.htm?b_s_f=sycm&b_spm=a21ag.29085015&id=708607304937
175,708607304937,芭蕉果旗舰店,芭蕉果三明治cpro护脊床垫家用硬垫子可拆0胶水黄麻乳胶硅胶弹簧,2604.5,床垫长宽可定制（咨询客服下单）,,,2881.5,5000,5.8折,平台加补后,https://detail.tmall.com/item.htm?b_s_f=sycm&b_spm=a21ag.29085015&id=708607304937
175,708607304937,芭蕉果旗舰店,芭蕉果三明治cpro护脊床垫家用硬垫子可拆0胶水黄麻乳胶硅胶弹簧,2604.5,【卧室套餐】眠屿曜石黑床架+三明治CPRO,,,5405.5,7969.41,6.8折,平台加补后,https://detail.tmall.com/item.htm?b_s_f=sycm&b_spm=a21ag.29085015&id=708607304937
175,708607304937,芭蕉果旗舰店,芭蕉果三明治cpro护脊床垫家用硬垫子可拆0胶水黄麻乳胶硅胶弹簧,2604.5,【卧室套餐】眠屿深卡其床架+三明治CPRO,,,5405.5,7969.41,6.8折,平台加补后,https://detail.tmall.com/item.htm?b_s_f=sycm&b_spm=a21ag.29085015&id=708607304937
175,708607304937,芭蕉果旗舰店,芭蕉果三明治cpro护脊床垫家用硬垫子可拆0胶水黄麻乳胶硅胶弹簧,2604.5,眠屿【头层牛皮软包床架】曜石黑,,,3505.5,5734.12,6.1折,平台加补后,https://detail.tmall.com/item.htm?b_s_f=sycm&b_spm=a21ag.29085015&id=708607304937
175,708607304937,芭蕉果旗舰店,芭蕉果三明治cpro护脊床垫家用硬垫子可拆0胶水黄麻乳胶硅胶弹簧,2604.5,眠屿【头层牛皮软包床架】深卡其,,,3505.5,5734.12,6.1折,平台加补后,https://detail.tmall.com/item.htm?b_s_f=sycm&b_spm=a21ag.29085015&id=708607304937
176,17535831686,sweetnight甜秘密官方旗舰店,甜秘密可拆洗独立弹簧床垫记忆棉席梦思卧室家用定制乳胶硬垫护脊,1330.34,1800mm*2000mm 标准配置款,,,1330.34,2199,6.0折,平台加补后,https://detail.tmall.com/item.htm?b_s_f=sycm&b_spm=a21ag.29085015&id=17535831686
177,1030590656589,城市爱情家具旗舰店,【大白垫升级2.0】城市爱情0胶黄麻轻音弹簧乳胶软硬两用床垫国补,1053.15,大白垫2.0【0胶黄麻 软硬双睡】一面舒适一面撑脊 万人加购,,,1053.15,1649,6.4折,平台加补后,https://detail.tmall.com/item.htm?b_s_f=sycm&b_spm=a21ag.29085015&id=1030590656589
178,1052686465630,sessile家居旗舰店,索思乐智能电动一体床垫哄睡神器全自动升降智睡席梦思已接入米家,3333.7,22cm·智睡舒爽款PLUS 增加按摩功能,22,262.69,5779.15,6949,8.3折,平台加补后,https://detail.tmall.com/item.htm?b_s_f=sycm&b_spm=a21ag.29085015&id=1052686465630
178,1052686465630,sessile家居旗舰店,索思乐智能电动一体床垫哄睡神器全自动升降智睡席梦思已接入米家,3333.7,22cm·智睡舒适款PLUS 增加按摩功能,22,278.18,6120,7350,8.3折,平台加补后,https://detail.tmall.com/item.htm?b_s_f=sycm&b_spm=a21ag.29085015&id=1052686465630
178,1052686465630,sessile家居旗舰店,索思乐智能电动一体床垫哄睡神器全自动升降智睡席梦思已接入米家,3333.7,23cm·智睡撑腰款PLUS 增加按摩功能,23,266.09,6120,7350,8.3折,平台加补后,https://detail.tmall.com/item.htm?b_s_f=sycm&b_spm=a21ag.29085015&id=1052686465630
178,1052686465630,sessile家居旗舰店,索思乐智能电动一体床垫哄睡神器全自动升降智睡席梦思已接入米家,3333.7,53cm·智睡智能床架+舒爽款 支持按摩功能,53,147.6,7822.55,9353,8.4折,平台加补后,https://detail.tmall.com/item.htm?b_s_f=sycm&b_spm=a21ag.29085015&id=1052686465630
178,1052686465630,sessile家居旗舰店,索思乐智能电动一体床垫哄睡神器全自动升降智睡席梦思已接入米家,3333.7,53cm·智睡智能床架+舒适款 支持按摩功能,53,154.03,8163.4,9754,8.4折,平台加补后,https://detail.tmall.com/item.htm?b_s_f=sycm&b_spm=a21ag.29085015&id=1052686465630
178,1052686465630,sessile家居旗舰店,索思乐智能电动一体床垫哄睡神器全自动升降智睡席梦思已接入米家,3333.7,53cm·智睡智能床架+撑腰款 支持按摩功能,53,154.03,8163.4,9754,8.4折,平台加补后,https://detail.tmall.com/item.htm?b_s_f=sycm&b_spm=a21ag.29085015&id=1052686465630
178,1052686465630,sessile家居旗舰店,索思乐智能电动一体床垫哄睡神器全自动升降智睡席梦思已接入米家,3333.7,22cm·常规舒爽款-适配智能床 不含智能电机,22,151.53,3333.7,4072,8.2折,平台加补后,https://detail.tmall.com/item.htm?b_s_f=sycm&b_spm=a21ag.29085015&id=1052686465630
178,1052686465630,sessile家居旗舰店,索思乐智能电动一体床垫哄睡神器全自动升降智睡席梦思已接入米家,3333.7,22cm·常规舒适款-适配智能床 不含智能电机,22,167.03,3674.55,4473,8.2折,平台加补后,https://detail.tmall.com/item.htm?b_s_f=sycm&b_spm=a21ag.29085015&id=1052686465630
178,1052686465630,sessile家居旗舰店,索思乐智能电动一体床垫哄睡神器全自动升降智睡席梦思已接入米家,3333.7,23cm·常规撑腰款-适配智能床 不含智能电机,23,159.76,3674.55,4473,8.2折,平台加补后,https://detail.tmall.com/item.htm?b_s_f=sycm&b_spm=a21ag.29085015&id=1052686465630
178,1052686465630,sessile家居旗舰店,索思乐智能电动一体床垫哄睡神器全自动升降智睡席梦思已接入米家,3333.7,真皮床架+智睡智能床架+撑腰款 支持按摩功能,,,11615,13765,8.4折,平台加补后,https://detail.tmall.com/item.htm?b_s_f=sycm&b_spm=a21ag.29085015&id=1052686465630
178,1052686465630,sessile家居旗舰店,索思乐智能电动一体床垫哄睡神器全自动升降智睡席梦思已接入米家,3333.7,真皮床架+智睡智能床架+舒爽款 支持按摩功能,,,11231.9,13364,8.4折,平台加补后,https://detail.tmall.com/item.htm?b_s_f=sycm&b_spm=a21ag.29085015&id=1052686465630
178,1052686465630,sessile家居旗舰店,索思乐智能电动一体床垫哄睡神器全自动升降智睡席梦思已接入米家,3333.7,真皮床架+智睡智能床架+舒适款 支持按摩功能,,,11615,13765,8.4折,平台加补后,https://detail.tmall.com/item.htm?b_s_f=sycm&b_spm=a21ag.29085015&id=1052686465630
179,892627413258,梦百合官方旗舰店,【达人推荐】梦百合朗怡20周年0压记忆棉弹簧床垫家用席梦思,2035.75,朗怡纪念款+20cm. 千人加购,20,101.79,2035.75,3405,6.0折,平台加补后,https://detail.tmall.com/item.htm?b_s_f=sycm&b_spm=a21ag.29085015&id=892627413258
180,951121496135,宝康杰家居旗舰店,床垫硬垫子软床垫加硬神器天然黄麻椰棕偏硬板护腰护脊薄棕榈家用,271.7,护脊宝2.0【软硬适中】4.5CM厚=加密黄麻3E棕+双面透气面料,4.5,95.66,430.47,957,4.5折,平台加补后,https://detail.tmall.com/item.htm?b_s_f=sycm&b_spm=a21ag.29085015&id=951121496135
180,951121496135,宝康杰家居旗舰店,床垫硬垫子软床垫加硬神器天然黄麻椰棕偏硬板护腰护脊薄棕榈家用,271.7,护脊宝2.0【软硬适中】6.5CM厚=加密黄麻3E棕+双面透气面料,6.5,70.75,459.87,998,4.6折,平台加补后,https://detail.tmall.com/item.htm?b_s_f=sycm&b_spm=a21ag.29085015&id=951121496135
180,951121496135,宝康杰家居旗舰店,床垫硬垫子软床垫加硬神器天然黄麻椰棕偏硬板护腰护脊薄棕榈家用,271.7,护脊宝2.0【软硬适中】8.5CM厚=加密黄麻3E棕+双面透气面料,8.5,60.0,510,1133,4.5折,平台加补后,https://detail.tmall.com/item.htm?b_s_f=sycm&b_spm=a21ag.29085015&id=951121496135
180,951121496135,宝康杰家居旗舰店,床垫硬垫子软床垫加硬神器天然黄麻椰棕偏硬板护腰护脊薄棕榈家用,271.7,【加硬神器】高硬3cm厚=3cm高密3E棕+双面6D面料（全拆可洗）,3,90.57,271.7,735,3.7折,平台加补后,https://detail.tmall.com/item.htm?b_s_f=sycm&b_spm=a21ag.29085015&id=951121496135
180,951121496135,宝康杰家居旗舰店,床垫硬垫子软床垫加硬神器天然黄麻椰棕偏硬板护腰护脊薄棕榈家用,271.7,【加硬神器】高硬4cm厚=4cm高密3E棕+双面6D面料（全拆可洗）,4,69.82,279.27,745,3.7折,平台加补后,https://detail.tmall.com/item.htm?b_s_f=sycm&b_spm=a21ag.29085015&id=951121496135
180,951121496135,宝康杰家居旗舰店,床垫硬垫子软床垫加硬神器天然黄麻椰棕偏硬板护腰护脊薄棕榈家用,271.7,【加硬神器】高硬5cm厚=5cm高密3E棕+双面6D面料（全拆可洗）,5,62.6,313.02,792.18,4.0折,平台加补后,https://detail.tmall.com/item.htm?b_s_f=sycm&b_spm=a21ag.29085015&id=951121496135
180,951121496135,宝康杰家居旗舰店,床垫硬垫子软床垫加硬神器天然黄麻椰棕偏硬板护腰护脊薄棕榈家用,271.7,【加硬神器】中硬4cm厚=3cm高密3E棕+1cm乳胶+双面6D面料（全拆可洗） 千人加购,4,87.46,349.83,844,4.1折,平台加补后,https://detail.tmall.com/item.htm?b_s_f=sycm&b_spm=a21ag.29085015&id=951121496135
180,951121496135,宝康杰家居旗舰店,床垫硬垫子软床垫加硬神器天然黄麻椰棕偏硬板护腰护脊薄棕榈家用,271.7,【加硬神器】中硬5cm厚=4cm高密3E棕+1cm乳胶+双面6D面料（全拆可洗）,5,72.48,362.42,862,4.2折,平台加补后,https://detail.tmall.com/item.htm?b_s_f=sycm&b_spm=a21ag.29085015&id=951121496135
180,951121496135,宝康杰家居旗舰店,床垫硬垫子软床垫加硬神器天然黄麻椰棕偏硬板护腰护脊薄棕榈家用,271.7,【加硬神器】中硬6cm厚=5cm高密3E棕+1cm乳胶+双面6D面料（全拆可洗）,6,64.05,384.27,892,4.3折,平台加补后,https://detail.tmall.com/item.htm?b_s_f=sycm&b_spm=a21ag.29085015&id=951121496135
180,951121496135,宝康杰家居旗舰店,床垫硬垫子软床垫加硬神器天然黄麻椰棕偏硬板护腰护脊薄棕榈家用,271.7,Por【加硬神器】高硬4cm厚=4cmS型黄麻+双面6D面料（全拆可洗）,4,108.38,433.5,1028,4.2折,平台加补后,https://detail.tmall.com/item.htm?b_s_f=sycm&b_spm=a21ag.29085015&id=951121496135
180,951121496135,宝康杰家居旗舰店,床垫硬垫子软床垫加硬神器天然黄麻椰棕偏硬板护腰护脊薄棕榈家用,271.7,Por【加硬神器】高硬5cm厚=5cmS型黄麻+双面6D面料（全拆可洗）,5,95.71,478.55,1090,4.4折,平台加补后,https://detail.tmall.com/item.htm?b_s_f=sycm&b_spm=a21ag.29085015&id=951121496135
180,951121496135,宝康杰家居旗舰店,床垫硬垫子软床垫加硬神器天然黄麻椰棕偏硬板护腰护脊薄棕榈家用,271.7,Por【加硬神器】高硬6cm厚=6cmS型黄麻+双面6D面料（全拆可洗）,6,90.67,544,1180,4.6折,平台加补后,https://detail.tmall.com/item.htm?b_s_f=sycm&b_spm=a21ag.29085015&id=951121496135
180,951121496135,宝康杰家居旗舰店,床垫硬垫子软床垫加硬神器天然黄麻椰棕偏硬板护腰护脊薄棕榈家用,271.7,Por【加硬神器】中硬5cm厚=4cmS型黄麻+1cm乳胶+双面6D面料（全拆可洗）,5,105.4,527,1157,4.6折,平台加补后,https://detail.tmall.com/item.htm?b_s_f=sycm&b_spm=a21ag.29085015&id=951121496135
180,951121496135,宝康杰家居旗舰店,床垫硬垫子软床垫加硬神器天然黄麻椰棕偏硬板护腰护脊薄棕榈家用,271.7,Por【加硬神器】中硬6cm厚=5cmS型黄麻+1cm乳胶+双面6D面料（全拆可洗）,6,112.34,674.05,1626,4.1折,平台加补后,https://detail.tmall.com/item.htm?b_s_f=sycm&b_spm=a21ag.29085015&id=951121496135
180,951121496135,宝康杰家居旗舰店,床垫硬垫子软床垫加硬神器天然黄麻椰棕偏硬板护腰护脊薄棕榈家用,271.7,Por【加硬神器】中硬7cm厚=6cmS型黄麻+1cm乳胶+双面6D面料（全拆可洗）,7,101.39,709.75,1676,4.2折,平台加补后,https://detail.tmall.com/item.htm?b_s_f=sycm&b_spm=a21ag.29085015&id=951121496135
180,951121496135,宝康杰家居旗舰店,床垫硬垫子软床垫加硬神器天然黄麻椰棕偏硬板护腰护脊薄棕榈家用,271.7,云白【加硬神器】高硬3cm厚=3cm高密3E棕+双面6D面料（全拆可洗）,3,90.57,271.7,735,3.7折,平台加补后,https://detail.tmall.com/item.htm?b_s_f=sycm&b_spm=a21ag.29085015&id=951121496135
180,951121496135,宝康杰家居旗舰店,床垫硬垫子软床垫加硬神器天然黄麻椰棕偏硬板护腰护脊薄棕榈家用,271.7,云白【加硬神器】高硬4cm厚=4cm高密3E棕+双面6D面料（全拆可洗）,4,69.82,279.27,745,3.7折,平台加补后,https://detail.tmall.com/item.htm?b_s_f=sycm&b_spm=a21ag.29085015&id=951121496135
180,951121496135,宝康杰家居旗舰店,床垫硬垫子软床垫加硬神器天然黄麻椰棕偏硬板护腰护脊薄棕榈家用,271.7,云白【加硬神器】高硬5cm厚=5cm高密3E棕+双面6D面料（全拆可洗）,5,63.58,317.91,799,4.0折,平台加补后,https://detail.tmall.com/item.htm?b_s_f=sycm&b_spm=a21ag.29085015&id=951121496135
180,951121496135,宝康杰家居旗舰店,床垫硬垫子软床垫加硬神器天然黄麻椰棕偏硬板护腰护脊薄棕榈家用,271.7,云白【加硬神器】中硬4cm厚=3cm高密3E棕+1cm乳胶+双面6D面料（全拆可洗）,4,87.46,349.83,844,4.1折,平台加补后,https://detail.tmall.com/item.htm?b_s_f=sycm&b_spm=a21ag.29085015&id=951121496135
180,951121496135,宝康杰家居旗舰店,床垫硬垫子软床垫加硬神器天然黄麻椰棕偏硬板护腰护脊薄棕榈家用,271.7,云白【加硬神器】中硬5cm厚=4cm高密3E棕+1cm乳胶+双面6D面料（全拆可洗）,5,72.48,362.42,862,4.2折,平台加补后,https://detail.tmall.com/item.htm?b_s_f=sycm&b_spm=a21ag.29085015&id=951121496135
180,951121496135,宝康杰家居旗舰店,床垫硬垫子软床垫加硬神器天然黄麻椰棕偏硬板护腰护脊薄棕榈家用,271.7,云白【加硬神器】中硬6cm厚=5cm高密3E棕+1cm乳胶+双面6D面料（全拆可洗）,6,64.05,384.27,892,4.3折,平台加补后,https://detail.tmall.com/item.htm?b_s_f=sycm&b_spm=a21ag.29085015&id=951121496135
180,951121496135,宝康杰家居旗舰店,床垫硬垫子软床垫加硬神器天然黄麻椰棕偏硬板护腰护脊薄棕榈家用,271.7,Por云白【加硬神器】高硬4cm厚=4cmS型黄麻+双面6D面料（全拆可洗）,4,108.38,433.5,1028,4.2折,平台加补后,https://detail.tmall.com/item.htm?b_s_f=sycm&b_spm=a21ag.29085015&id=951121496135
180,951121496135,宝康杰家居旗舰店,床垫硬垫子软床垫加硬神器天然黄麻椰棕偏硬板护腰护脊薄棕榈家用,271.7,Por云白【加硬神器】高硬5cm厚=5cmS型黄麻+双面6D面料（全拆可洗）,5,95.71,478.55,1090,4.4折,平台加补后,https://detail.tmall.com/item.htm?b_s_f=sycm&b_spm=a21ag.29085015&id=951121496135
180,951121496135,宝康杰家居旗舰店,床垫硬垫子软床垫加硬神器天然黄麻椰棕偏硬板护腰护脊薄棕榈家用,271.7,Por云白【加硬神器】高硬6cm厚=6cmS型黄麻+双面6D面料（全拆可洗）,6,90.67,544,1180,4.6折,平台加补后,https://detail.tmall.com/item.htm?b_s_f=sycm&b_spm=a21ag.29085015&id=951121496135
180,951121496135,宝康杰家居旗舰店,床垫硬垫子软床垫加硬神器天然黄麻椰棕偏硬板护腰护脊薄棕榈家用,271.7,Por云白【加硬神器】中硬5cm厚=4cmS型黄麻+1cm乳胶+双面6D面料（全拆可洗）,5,105.4,527,1157,4.6折,平台加补后,https://detail.tmall.com/item.htm?b_s_f=sycm&b_spm=a21ag.29085015&id=951121496135
180,951121496135,宝康杰家居旗舰店,床垫硬垫子软床垫加硬神器天然黄麻椰棕偏硬板护腰护脊薄棕榈家用,271.7,Por云白【加硬神器】中硬6cm厚=5cmS型黄麻+1cm乳胶+双面6D面料（全拆可洗）,6,112.34,674.05,1626,4.1折,平台加补后,https://detail.tmall.com/item.htm?b_s_f=sycm&b_spm=a21ag.29085015&id=951121496135
180,951121496135,宝康杰家居旗舰店,床垫硬垫子软床垫加硬神器天然黄麻椰棕偏硬板护腰护脊薄棕榈家用,271.7,Por云白【加硬神器】中硬7cm厚=6cmS型黄麻+1cm乳胶+双面6D面料（全拆可洗）,7,101.39,709.75,1676,4.2折,平台加补后,https://detail.tmall.com/item.htm?b_s_f=sycm&b_spm=a21ag.29085015&id=951121496135
181,599052536341,穗宝官方旗舰店,【东方梦】穗宝乳胶床垫席梦思弹簧家用加厚1.8米天然椰棕垫子,2672.4,东方梦倍净【99%抑菌·防螨/双睡感】爆款！有娃/易过敏推荐,,,2822,4126,6.8折,平台加补后,https://detail.tmall.com/item.htm?b_s_f=sycm&b_spm=a21ag.29085015&id=599052536341
181,599052536341,穗宝官方旗舰店,【东方梦】穗宝乳胶床垫席梦思弹簧家用加厚1.8米天然椰棕垫子,2672.4,东方梦【23cm/双睡感】经典之选,23,116.19,2672.4,3926,6.8折,平台加补后,https://detail.tmall.com/item.htm?b_s_f=sycm&b_spm=a21ag.29085015&id=599052536341
181,599052536341,穗宝官方旗舰店,【东方梦】穗宝乳胶床垫席梦思弹簧家用加厚1.8米天然椰棕垫子,2672.4,舒眠倍净【99%抑菌/22cm适中睡感】更释压 新婚优选,22,133.57,2938.45,4281,6.9折,平台加补后,https://detail.tmall.com/item.htm?b_s_f=sycm&b_spm=a21ag.29085015&id=599052536341
181,599052536341,穗宝官方旗舰店,【东方梦】穗宝乳胶床垫席梦思弹簧家用加厚1.8米天然椰棕垫子,2672.4,舒眠【22cm/适中睡感】适合大部分成人,22,126.77,2788.85,4081,6.8折,平台加补后,https://detail.tmall.com/item.htm?b_s_f=sycm&b_spm=a21ag.29085015&id=599052536341
181,599052536341,穗宝官方旗舰店,【东方梦】穗宝乳胶床垫席梦思弹簧家用加厚1.8米天然椰棕垫子,2672.4,棕眠倍净【99%抑菌/22cm偏硬】更支撑 老少皆宜,22,137.2,3018.35,4388,6.9折,平台加补后,https://detail.tmall.com/item.htm?b_s_f=sycm&b_spm=a21ag.29085015&id=599052536341
181,599052536341,穗宝官方旗舰店,【东方梦】穗宝乳胶床垫席梦思弹簧家用加厚1.8米天然椰棕垫子,2672.4,Ultra【五阶专利弹簧/25cm偏软】云感包裹 五星酒店体验,25,162.18,4054.5,5773,7.0折,平台加补后,https://detail.tmall.com/item.htm?b_s_f=sycm&b_spm=a21ag.29085015&id=599052536341
181,599052536341,穗宝官方旗舰店,【东方梦】穗宝乳胶床垫席梦思弹簧家用加厚1.8米天然椰棕垫子,2672.4,【套餐】东方梦倍净+母婴级防水隔脏床笠,,,3052.35,4433,6.9折,平台加补后,https://detail.tmall.com/item.htm?b_s_f=sycm&b_spm=a21ag.29085015&id=599052536341
181,599052536341,穗宝官方旗舰店,【东方梦】穗宝乳胶床垫席梦思弹簧家用加厚1.8米天然椰棕垫子,2672.4,【博主同款】东方梦倍净+酣穗皮床（象牙白）丨主卧推荐,,,5353.3,7510,7.1折,平台加补后,https://detail.tmall.com/item.htm?b_s_f=sycm&b_spm=a21ag.29085015&id=599052536341
181,599052536341,穗宝官方旗舰店,【东方梦】穗宝乳胶床垫席梦思弹簧家用加厚1.8米天然椰棕垫子,2672.4,【套餐】东方梦+母婴级防水隔脏床笠,,,2902.75,4233,6.9折,平台加补后,https://detail.tmall.com/item.htm?b_s_f=sycm&b_spm=a21ag.29085015&id=599052536341
181,599052536341,穗宝官方旗舰店,【东方梦】穗宝乳胶床垫席梦思弹簧家用加厚1.8米天然椰棕垫子,2672.4,【套餐】东方梦+酣穗皮床（象牙白）,,,5203.7,7310,7.1折,平台加补后,https://detail.tmall.com/item.htm?b_s_f=sycm&b_spm=a21ag.29085015&id=599052536341
182,1031482994207,海马集盒官方店,国家补贴五星级酒店床垫希尔顿专用乳胶独立弹簧压缩家用超软加厚,652.1,经典款·臻选-20cm-适中偏软-卷包发货,20,32.61,652.1,882,7.4折,平台加补后,https://detail.tmall.com/item.htm?b_s_f=sycm&b_spm=a21ag.29085015&id=1031482994207
182,1031482994207,海马集盒官方店,国家补贴五星级酒店床垫希尔顿专用乳胶独立弹簧压缩家用超软加厚,652.1,舒适款·臻选-22cm-软硬适中-卷包发货 千人加购,22,34.27,753.95,1020,7.4折,平台加补后,https://detail.tmall.com/item.htm?b_s_f=sycm&b_spm=a21ag.29085015&id=1031482994207
182,1031482994207,海马集盒官方店,国家补贴五星级酒店床垫希尔顿专用乳胶独立弹簧压缩家用超软加厚,652.1,尊享款·臻选-24cm-软硬适中-卷包发货,24,31.41,753.95,1020,7.4折,平台加补后,https://detail.tmall.com/item.htm?b_s_f=sycm&b_spm=a21ag.29085015&id=1031482994207
182,1031482994207,海马集盒官方店,国家补贴五星级酒店床垫希尔顿专用乳胶独立弹簧压缩家用超软加厚,652.1,⭐零压款·臻选-26cm-适中偏软-卷包发货,26,32.66,849.15,1147,7.4折,平台加补后,https://detail.tmall.com/item.htm?b_s_f=sycm&b_spm=a21ag.29085015&id=1031482994207
182,1031482994207,海马集盒官方店,国家补贴五星级酒店床垫希尔顿专用乳胶独立弹簧压缩家用超软加厚,652.1,⭐奢华款·臻选-28cm-软硬适中-卷包发货,28,30.87,864.45,1168,7.4折,平台加补后,https://detail.tmall.com/item.htm?b_s_f=sycm&b_spm=a21ag.29085015&id=1031482994207
182,1031482994207,海马集盒官方店,国家补贴五星级酒店床垫希尔顿专用乳胶独立弹簧压缩家用超软加厚,652.1,⭐总统套房·臻选-30cm-软硬适中-卷包发货,30,30.94,928.2,1253,7.4折,平台加补后,https://detail.tmall.com/item.htm?b_s_f=sycm&b_spm=a21ag.29085015&id=1031482994207
182,1031482994207,海马集盒官方店,国家补贴五星级酒店床垫希尔顿专用乳胶独立弹簧压缩家用超软加厚,652.1,护脊款·臻选-22cm-适中偏硬-整张发货,22,46.4,1020.85,1377,7.4折,平台加补后,https://detail.tmall.com/item.htm?b_s_f=sycm&b_spm=a21ag.29085015&id=1031482994207
182,1031482994207,海马集盒官方店,国家补贴五星级酒店床垫希尔顿专用乳胶独立弹簧压缩家用超软加厚,652.1,璟享款·臻选-24cm-适中偏硬-整张发货,24,43.67,1048.05,1413,7.4折,平台加补后,https://detail.tmall.com/item.htm?b_s_f=sycm&b_spm=a21ag.29085015&id=1031482994207
182,1031482994207,海马集盒官方店,国家补贴五星级酒店床垫希尔顿专用乳胶独立弹簧压缩家用超软加厚,652.1,臻享款·臻选-26cm-软硬适中-整张发货 店长主推,26,42.76,1111.8,1498,7.4折,平台加补后,https://detail.tmall.com/item.htm?b_s_f=sycm&b_spm=a21ag.29085015&id=1031482994207
182,1031482994207,海马集盒官方店,国家补贴五星级酒店床垫希尔顿专用乳胶独立弹簧压缩家用超软加厚,652.1,⭐奢雅款·臻选-28cm-双面睡感-整张发货,28,43.68,1223.15,1647,7.4折,平台加补后,https://detail.tmall.com/item.htm?b_s_f=sycm&b_spm=a21ag.29085015&id=1031482994207
182,1031482994207,海马集盒官方店,国家补贴五星级酒店床垫希尔顿专用乳胶独立弹簧压缩家用超软加厚,652.1,⭐旗舰款·臻选-30cm-双面睡感-整张发货,30,42.1,1263.1,1700,7.4折,平台加补后,https://detail.tmall.com/item.htm?b_s_f=sycm&b_spm=a21ag.29085015&id=1031482994207
183,1042446125305,彤景旗舰店,床垫国家补贴椰棕垫薄款垫子1米5家庭用180x200儿童黄麻垫护腰脊,150,【一体款】5cm净螨呵护/云舒白（不含一滴胶水+质保20年+现货即发）,5,30.0,150,200,7.5折,平台加补后,https://detail.tmall.com/item.htm?b_s_f=sycm&b_spm=a21ag.29085015&id=1042446125305
183,1042446125305,彤景旗舰店,床垫国家补贴椰棕垫薄款垫子1米5家庭用180x200儿童黄麻垫护腰脊,150,【一体款】5cm净螨呵护/金秋麦（不含一滴胶水+质保20年+现货即发）,5,30.0,150,200,7.5折,平台加补后,https://detail.tmall.com/item.htm?b_s_f=sycm&b_spm=a21ag.29085015&id=1042446125305
183,1042446125305,彤景旗舰店,床垫国家补贴椰棕垫薄款垫子1米5家庭用180x200儿童黄麻垫护腰脊,150,【一体款】5cm净螨呵护/星空灰（不含一滴胶水+质保20年+现货即发）,5,30.0,150,200,7.5折,平台加补后,https://detail.tmall.com/item.htm?b_s_f=sycm&b_spm=a21ag.29085015&id=1042446125305
183,1042446125305,彤景旗舰店,床垫国家补贴椰棕垫薄款垫子1米5家庭用180x200儿童黄麻垫护腰脊,150,【一体款】6cm净螨呵护/云舒白（不含一滴胶水+质保20年+现货即发）,6,27.0,162,215,7.5折,平台加补后,https://detail.tmall.com/item.htm?b_s_f=sycm&b_spm=a21ag.29085015&id=1042446125305
183,1042446125305,彤景旗舰店,床垫国家补贴椰棕垫薄款垫子1米5家庭用180x200儿童黄麻垫护腰脊,150,【一体款】6cm净螨呵护/金秋麦（不含一滴胶水+质保20年+现货即发）,6,27.0,162,215,7.5折,平台加补后,https://detail.tmall.com/item.htm?b_s_f=sycm&b_spm=a21ag.29085015&id=1042446125305
183,1042446125305,彤景旗舰店,床垫国家补贴椰棕垫薄款垫子1米5家庭用180x200儿童黄麻垫护腰脊,150,【一体款】6cm净螨呵护/星空灰（不含一滴胶水+质保20年+现货即发）,6,27.0,162,215,7.5折,平台加补后,https://detail.tmall.com/item.htm?b_s_f=sycm&b_spm=a21ag.29085015&id=1042446125305
183,1042446125305,彤景旗舰店,床垫国家补贴椰棕垫薄款垫子1米5家庭用180x200儿童黄麻垫护腰脊,150,【折叠款】6cm净螨呵护麦/白/灰（不含一滴胶水+质保20年+现货即发）花色可选 千人加购,6,27.0,162,215,7.5折,平台加补后,https://detail.tmall.com/item.htm?b_s_f=sycm&b_spm=a21ag.29085015&id=1042446125305
183,1042446125305,彤景旗舰店,床垫国家补贴椰棕垫薄款垫子1米5家庭用180x200儿童黄麻垫护腰脊,150,【一体款】7cm净螨呵护麦/白/灰（4cm棕芯+1cm乳胶+0胶水+质保20年+现货即发）,7,27.57,193,261,7.4折,平台加补后,https://detail.tmall.com/item.htm?b_s_f=sycm&b_spm=a21ag.29085015&id=1042446125305
183,1042446125305,彤景旗舰店,床垫国家补贴椰棕垫薄款垫子1米5家庭用180x200儿童黄麻垫护腰脊,150,【折叠款】7cm净螨呵护麦/白/灰（4cm棕芯+1cm乳胶+0胶水+质保20年+现货即发）,7,27.57,193,261,7.4折,平台加补后,https://detail.tmall.com/item.htm?b_s_f=sycm&b_spm=a21ag.29085015&id=1042446125305
183,1042446125305,彤景旗舰店,床垫国家补贴椰棕垫薄款垫子1米5家庭用180x200儿童黄麻垫护腰脊,150,【一体款】8cm净螨呵护麦/白（6cm棕芯+0胶水+质保20年+现货即发）花色可选,8,28.0,224,299,7.5折,平台加补后,https://detail.tmall.com/item.htm?b_s_f=sycm&b_spm=a21ag.29085015&id=1042446125305
183,1042446125305,彤景旗舰店,床垫国家补贴椰棕垫薄款垫子1米5家庭用180x200儿童黄麻垫护腰脊,150,【折叠款】8cm净螨呵护麦/白（6cm棕芯+0胶水+质保20年+现货即发）花色可选,8,28.0,224,299,7.5折,平台加补后,https://detail.tmall.com/item.htm?b_s_f=sycm&b_spm=a21ag.29085015&id=1042446125305
183,1042446125305,彤景旗舰店,床垫国家补贴椰棕垫薄款垫子1米5家庭用180x200儿童黄麻垫护腰脊,150,【一体款】9cm净螨呵护云舒白（6cm棕芯+1cm乳胶+0胶水+质保20年+现货即发）,9,30.33,273,361,7.6折,平台加补后,https://detail.tmall.com/item.htm?b_s_f=sycm&b_spm=a21ag.29085015&id=1042446125305
183,1042446125305,彤景旗舰店,床垫国家补贴椰棕垫薄款垫子1米5家庭用180x200儿童黄麻垫护腰脊,150,【一体款】10cm净螨呵护麦/白（8cm棕芯+0胶水+质保20年+现货即发）花色可选,10,28.3,283,379,7.5折,平台加补后,https://detail.tmall.com/item.htm?b_s_f=sycm&b_spm=a21ag.29085015&id=1042446125305
183,1042446125305,彤景旗舰店,床垫国家补贴椰棕垫薄款垫子1米5家庭用180x200儿童黄麻垫护腰脊,150,【折叠款】10cm净螨呵护麦/白（8cm棕芯+0胶水+质保20年+现货即发）花色可选,10,28.3,283,379,7.5折,平台加补后,https://detail.tmall.com/item.htm?b_s_f=sycm&b_spm=a21ag.29085015&id=1042446125305
183,1042446125305,彤景旗舰店,床垫国家补贴椰棕垫薄款垫子1米5家庭用180x200儿童黄麻垫护腰脊,150,【一体款】11cm净螨呵护云舒白（8cm棕芯+1cm乳胶+0胶水+质保20年+现货即发）,11,29.45,324,431,7.5折,平台加补后,https://detail.tmall.com/item.htm?b_s_f=sycm&b_spm=a21ag.29085015&id=1042446125305
183,1042446125305,彤景旗舰店,床垫国家补贴椰棕垫薄款垫子1米5家庭用180x200儿童黄麻垫护腰脊,150,【一体款】12cm净螨呵护麦/白（10cm棕芯+0胶水+质保20年+现货即发）花色可选,12,30.67,368,486,7.6折,平台加补后,https://detail.tmall.com/item.htm?b_s_f=sycm&b_spm=a21ag.29085015&id=1042446125305
183,1042446125305,彤景旗舰店,床垫国家补贴椰棕垫薄款垫子1米5家庭用180x200儿童黄麻垫护腰脊,150,【一体款】13cm净螨呵护云舒白（10cm棕芯+1cm乳胶+0胶水+质保20年+现货即发）,13,33.69,438,573,7.6折,平台加补后,https://detail.tmall.com/item.htm?b_s_f=sycm&b_spm=a21ag.29085015&id=1042446125305
183,1042446125305,彤景旗舰店,床垫国家补贴椰棕垫薄款垫子1米5家庭用180x200儿童黄麻垫护腰脊,150,【一体款】15cm净螨呵护麦/白（12cm棕芯+1cm乳胶+0胶水+质保20年+现货即发）,15,35.67,535,694,7.7折,平台加补后,https://detail.tmall.com/item.htm?b_s_f=sycm&b_spm=a21ag.29085015&id=1042446125305
183,1042446125305,彤景旗舰店,床垫国家补贴椰棕垫薄款垫子1米5家庭用180x200儿童黄麻垫护腰脊,150,【一体款】16cm净螨呵护麦/白（12cm棕芯+2cm乳胶+0胶水+质保20年+现货即发）,16,39.47,631.5,814.5,7.8折,平台加补后,https://detail.tmall.com/item.htm?b_s_f=sycm&b_spm=a21ag.29085015&id=1042446125305
183,1042446125305,彤景旗舰店,床垫国家补贴椰棕垫薄款垫子1米5家庭用180x200儿童黄麻垫护腰脊,150,【5星级净螨奢护】5cm氧离子一体款（3cm黄麻3E棕芯+0胶水+质保20年）,5,49.3,246.5,327.5,7.5折,平台加补后,https://detail.tmall.com/item.htm?b_s_f=sycm&b_spm=a21ag.29085015&id=1042446125305
183,1042446125305,彤景旗舰店,床垫国家补贴椰棕垫薄款垫子1米5家庭用180x200儿童黄麻垫护腰脊,150,【5星级净螨奢护】6cm氧离子一体款（3cm黄麻3E棕芯+1cm乳胶+0胶水+质保20年）,6,45.58,273.5,361.5,7.6折,平台加补后,https://detail.tmall.com/item.htm?b_s_f=sycm&b_spm=a21ag.29085015&id=1042446125305
183,1042446125305,彤景旗舰店,床垫国家补贴椰棕垫薄款垫子1米5家庭用180x200儿童黄麻垫护腰脊,150,【5星级净螨奢护】7cm氧离子一体款（5cm黄麻3E棕芯+0胶水+质保20年）,7,43.25,302.75,403.75,7.5折,平台加补后,https://detail.tmall.com/item.htm?b_s_f=sycm&b_spm=a21ag.29085015&id=1042446125305
183,1042446125305,彤景旗舰店,床垫国家补贴椰棕垫薄款垫子1米5家庭用180x200儿童黄麻垫护腰脊,150,【5星级净螨奢护】8cm氧离子一体款（5cm黄麻3E棕芯+1cm乳胶+0胶水+质保20年）,8,41.38,331,439,7.5折,平台加补后,https://detail.tmall.com/item.htm?b_s_f=sycm&b_spm=a21ag.29085015&id=1042446125305
183,1042446125305,彤景旗舰店,床垫国家补贴椰棕垫薄款垫子1米5家庭用180x200儿童黄麻垫护腰脊,150,【5星级净螨奢护】10cm氧离子一体款（8cm黄麻3E棕芯+0胶水+质保20年）,10,40.15,401.5,527.5,7.6折,平台加补后,https://detail.tmall.com/item.htm?b_s_f=sycm&b_spm=a21ag.29085015&id=1042446125305
183,1042446125305,彤景旗舰店,床垫国家补贴椰棕垫薄款垫子1米5家庭用180x200儿童黄麻垫护腰脊,150,【5星级净螨奢护】11cm氧离子一体款（8cm黄麻3E棕芯+1cm乳胶+0胶水+质保20年）,11,37.36,411,539,7.6折,平台加补后,https://detail.tmall.com/item.htm?b_s_f=sycm&b_spm=a21ag.29085015&id=1042446125305
183,1042446125305,彤景旗舰店,床垫国家补贴椰棕垫薄款垫子1米5家庭用180x200儿童黄麻垫护腰脊,150,【健康可裸睡】5cm舒肤小白羊（3cm黄麻3E棕芯+0胶水+全拆洗+质保20年）,5,56.6,283,379,7.5折,平台加补后,https://detail.tmall.com/item.htm?b_s_f=sycm&b_spm=a21ag.29085015&id=1042446125305
183,1042446125305,彤景旗舰店,床垫国家补贴椰棕垫薄款垫子1米5家庭用180x200儿童黄麻垫护腰脊,150,【健康可裸睡】7cm舒肤小白羊（3cm黄麻3E棕芯+2cm乳胶+0胶水+全拆洗+质保20年）,7,55.07,385.5,507.5,7.6折,平台加补后,https://detail.tmall.com/item.htm?b_s_f=sycm&b_spm=a21ag.29085015&id=1042446125305
183,1042446125305,彤景旗舰店,床垫国家补贴椰棕垫薄款垫子1米5家庭用180x200儿童黄麻垫护腰脊,150,【健康可裸睡】7cm舒肤小白羊（5cm黄麻3E棕芯+0胶水+全拆洗+质保20年）,7,46.86,328,435,7.5折,平台加补后,https://detail.tmall.com/item.htm?b_s_f=sycm&b_spm=a21ag.29085015&id=1042446125305
183,1042446125305,彤景旗舰店,床垫国家补贴椰棕垫薄款垫子1米5家庭用180x200儿童黄麻垫护腰脊,150,【健康可裸睡】9cm舒肤小白羊（5cm黄麻3E棕芯+2cm乳胶+0胶水+全拆洗+质保20年）,9,52.17,469.5,612.5,7.7折,平台加补后,https://detail.tmall.com/item.htm?b_s_f=sycm&b_spm=a21ag.29085015&id=1042446125305
183,1042446125305,彤景旗舰店,床垫国家补贴椰棕垫薄款垫子1米5家庭用180x200儿童黄麻垫护腰脊,150,【健康可裸睡】12cm舒肤小白羊（8cm黄麻3E棕芯+2cm乳胶+0胶水+全拆洗+质保20年）,12,48.25,579,749,7.7折,平台加补后,https://detail.tmall.com/item.htm?b_s_f=sycm&b_spm=a21ag.29085015&id=1042446125305
184,618622727293,全友家居官方旗舰店,全友家居进口乳胶床垫卧室软硬适中双人椰棕席梦思180x200床垫子,925.65,【安睡pro版】床垫（厚23cm） 店长主推,23,40.25,925.65,1570,5.9折,平台加补后,https://detail.tmall.com/item.htm?b_s_f=sycm&b_spm=a21ag.29085015&id=618622727293
185,765253591309,喜临门官方旗舰店,【达人推荐】 喜临门乳胶椰棕独袋双睡床垫 小海浪,2124.15,小海浪 24cm【柔感乳胶 舒适椰棕 波浪海绵】,24,88.51,2124.15,2940,7.2折,平台加补后,https://detail.tmall.com/item.htm?b_s_f=sycm&b_spm=a21ag.29085015&id=765253591309
186,696509197499,喜临门官方旗舰店,【工学Fit】喜临门舒脊黄麻乳胶7区独袋弹簧床垫原飞跃尊享3.0,2719.15,工学Fit（旧称：飞跃尊享3.0）【偏硬睡感/25CM】 PS：目前名称新老混发,25,108.77,2719.15,4199,6.5折,平台加补后,https://detail.tmall.com/item.htm?b_s_f=sycm&b_spm=a21ag.29085015&id=696509197499
186,696509197499,喜临门官方旗舰店,【工学Fit】喜临门舒脊黄麻乳胶7区独袋弹簧床垫原飞跃尊享3.0,2719.15,工学Pro0胶【适中睡感/26CM】A类控温+可拆洗面料+追腰支撑,26,120.93,3144.15,4699,6.7折,平台加补后,https://detail.tmall.com/item.htm?b_s_f=sycm&b_spm=a21ag.29085015&id=696509197499
186,696509197499,喜临门官方旗舰店,【工学Fit】喜临门舒脊黄麻乳胶7区独袋弹簧床垫原飞跃尊享3.0,2719.15,工学Max0胶【偏软睡感/27CM】三重弹簧立式支撑系统,27,135.34,3654.15,5299,6.9折,平台加补后,https://detail.tmall.com/item.htm?b_s_f=sycm&b_spm=a21ag.29085015&id=696509197499
186,696509197499,喜临门官方旗舰店,【工学Fit】喜临门舒脊黄麻乳胶7区独袋弹簧床垫原飞跃尊享3.0,2719.15,【家纺床垫套餐】工学Fit+太空曲线枕一对 PS：目前名称新老混发,,,2804.15,4299,6.5折,平台加补后,https://detail.tmall.com/item.htm?b_s_f=sycm&b_spm=a21ag.29085015&id=696509197499
187,937887614532,喜临门官方旗舰店,【漾Pros0胶】喜临门透气主卧席梦思四叶草独袋弹簧记忆绵床垫,2974.15,漾ProS 0胶款【双睡感/26.5CM】,26.5,112.23,2974.15,4599,6.5折,平台加补后,https://detail.tmall.com/item.htm?b_s_f=sycm&b_spm=a21ag.29085015&id=937887614532
188,704258125638,香港国际家具工厂,弹簧床垫软硬两用席梦20cm思经济型家用乳胶椰棕床垫租房酒店专用,349,特惠款：防螨面料+加密弹簧+环保棉 软硬适中20cm,20,17.45,349,439,7.9折,平台加补后,https://detail.tmall.com/item.htm?b_s_f=sycm&b_spm=a21ag.29085015&id=704258125638
188,704258125638,香港国际家具工厂,弹簧床垫软硬两用席梦20cm思经济型家用乳胶椰棕床垫租房酒店专用,349,护脊款：防螨+加密弹簧+环保棕 偏硬护脊22cm 万人加购,22,17.27,380,470,8.1折,平台加补后,https://detail.tmall.com/item.htm?b_s_f=sycm&b_spm=a21ag.29085015&id=704258125638
188,704258125638,香港国际家具工厂,弹簧床垫软硬两用席梦20cm思经济型家用乳胶椰棕床垫租房酒店专用,349,舒适款：防螨+加密弹簧+乳胶 偏软舒适22cm,22,17.27,380,470,8.1折,平台加补后,https://detail.tmall.com/item.htm?b_s_f=sycm&b_spm=a21ag.29085015&id=704258125638
188,704258125638,香港国际家具工厂,弹簧床垫软硬两用席梦20cm思经济型家用乳胶椰棕床垫租房酒店专用,349,两用款：防螨+加密弹簧+乳胶棕 软硬两用24cm,24,21.54,517,607,8.5折,平台加补后,https://detail.tmall.com/item.htm?b_s_f=sycm&b_spm=a21ag.29085015&id=704258125638
188,704258125638,香港国际家具工厂,弹簧床垫软硬两用席梦20cm思经济型家用乳胶椰棕床垫租房酒店专用,349,家用高端静音款：羊绒+独立弹簧+环保棉 软硬适中20cm,20,22.35,447,547,8.2折,平台加补后,https://detail.tmall.com/item.htm?b_s_f=sycm&b_spm=a21ag.29085015&id=704258125638
188,704258125638,香港国际家具工厂,弹簧床垫软硬两用席梦20cm思经济型家用乳胶椰棕床垫租房酒店专用,349,家用高端偏硬款：羊绒+独立+环保棕 偏硬护脊22cm,22,22.59,497,597,8.3折,平台加补后,https://detail.tmall.com/item.htm?b_s_f=sycm&b_spm=a21ag.29085015&id=704258125638
188,704258125638,香港国际家具工厂,弹簧床垫软硬两用席梦20cm思经济型家用乳胶椰棕床垫租房酒店专用,349,家用高端舒适款：羊绒+独立+乳胶 偏软舒适22cm,22,22.59,497,597,8.3折,平台加补后,https://detail.tmall.com/item.htm?b_s_f=sycm&b_spm=a21ag.29085015&id=704258125638
188,704258125638,香港国际家具工厂,弹簧床垫软硬两用席梦20cm思经济型家用乳胶椰棕床垫租房酒店专用,349,家用高端两用款：羊绒+独立+乳胶棕 软硬两用24cm,24,25.29,607,707,8.6折,平台加补后,https://detail.tmall.com/item.htm?b_s_f=sycm&b_spm=a21ag.29085015&id=704258125638
188,704258125638,香港国际家具工厂,弹簧床垫软硬两用席梦20cm思经济型家用乳胶椰棕床垫租房酒店专用,349,静音矮款：羊绒+矮独立+环保棉 软硬适中12cm,12,34.99,419.9,519.9,8.1折,平台加补后,https://detail.tmall.com/item.htm?b_s_f=sycm&b_spm=a21ag.29085015&id=704258125638
188,704258125638,香港国际家具工厂,弹簧床垫软硬两用席梦20cm思经济型家用乳胶椰棕床垫租房酒店专用,349,静音矮款：羊绒+矮独立+环保棕 偏硬护脊15cm,15,32.47,487,587,8.3折,平台加补后,https://detail.tmall.com/item.htm?b_s_f=sycm&b_spm=a21ag.29085015&id=704258125638
188,704258125638,香港国际家具工厂,弹簧床垫软硬两用席梦20cm思经济型家用乳胶椰棕床垫租房酒店专用,349,静音矮款：羊绒+矮独立+乳胶 偏软舒适15cm,15,32.47,487,587,8.3折,平台加补后,https://detail.tmall.com/item.htm?b_s_f=sycm&b_spm=a21ag.29085015&id=704258125638
188,704258125638,香港国际家具工厂,弹簧床垫软硬两用席梦20cm思经济型家用乳胶椰棕床垫租房酒店专用,349,可拆洗豪华款：羊绒面料+独立袋装+环保棉 软硬适中20cm,20,31.5,630,730,8.6折,平台加补后,https://detail.tmall.com/item.htm?b_s_f=sycm&b_spm=a21ag.29085015&id=704258125638
188,704258125638,香港国际家具工厂,弹簧床垫软硬两用席梦20cm思经济型家用乳胶椰棕床垫租房酒店专用,349,可拆洗豪华护脊：羊绒+独立袋装+环保棕 偏硬护脊22cm,22,35.59,783,890,8.8折,平台加补后,https://detail.tmall.com/item.htm?b_s_f=sycm&b_spm=a21ag.29085015&id=704258125638
188,704258125638,香港国际家具工厂,弹簧床垫软硬两用席梦20cm思经济型家用乳胶椰棕床垫租房酒店专用,349,豪华舒适款：羊绒+独立袋装+乳胶 偏软舒适22cm,22,35.59,783,890,8.8折,平台加补后,https://detail.tmall.com/item.htm?b_s_f=sycm&b_spm=a21ag.29085015&id=704258125638
188,704258125638,香港国际家具工厂,弹簧床垫软硬两用席梦20cm思经济型家用乳胶椰棕床垫租房酒店专用,349,豪华两用：羊绒+独立袋装+乳胶棕 软硬两用24cm,24,35.08,842,957,8.8折,平台加补后,https://detail.tmall.com/item.htm?b_s_f=sycm&b_spm=a21ag.29085015&id=704258125638
188,704258125638,香港国际家具工厂,弹簧床垫软硬两用席梦20cm思经济型家用乳胶椰棕床垫租房酒店专用,349,奢华酒店款：羊绒+独立袋装+5cm记忆棉 超软25cm,25,37.2,930,1057,8.8折,平台加补后,https://detail.tmall.com/item.htm?b_s_f=sycm&b_spm=a21ag.29085015&id=704258125638
189,1064394192469,顾家家居卧室家具旗舰店,顾家家居睡饱饱儿童床垫护脊乳胶双面睡席梦思母婴A类面料M0089A,,1800mm*2000mm 标准配置款,,,,,,平台加补后,https://detail.tmall.com/item.htm?b_s_f=sycm&b_spm=a21ag.29085015&id=1064394192469
190,520910503497,爱舒旗舰店,【政府补贴】爱舒上海之恋席梦思护脊腰椰棕独立弹簧偏硬卧室床垫,1341.85,上海之恋·1型【软硬适中/20cm】 整网弹簧,20,67.09,1341.85,1868.65,7.2折,平台加补后,https://detail.tmall.com/item.htm?b_s_f=sycm&b_spm=a21ag.29085015&id=520910503497
190,520910503497,爱舒旗舰店,【政府补贴】爱舒上海之恋席梦思护脊腰椰棕独立弹簧偏硬卧室床垫,1341.85,上海之恋·2型【软硬适中/20cm】 独袋弹簧,20,73.21,1464.25,2077.65,7.0折,平台加补后,https://detail.tmall.com/item.htm?b_s_f=sycm&b_spm=a21ag.29085015&id=520910503497
190,520910503497,爱舒旗舰店,【政府补贴】爱舒上海之恋席梦思护脊腰椰棕独立弹簧偏硬卧室床垫,1341.85,上海之恋·3型【适中偏硬/22cm】 黄麻+整网弹簧,22,71.52,1573.35,2223,7.1折,平台加补后,https://detail.tmall.com/item.htm?b_s_f=sycm&b_spm=a21ag.29085015&id=520910503497
190,520910503497,爱舒旗舰店,【政府补贴】爱舒上海之恋席梦思护脊腰椰棕独立弹簧偏硬卧室床垫,1341.85,上海之恋·5型【软硬适中/22cm】 乳胶+黄麻+独袋弹簧 千人加购,22,97.22,2138.77,2979.2,7.2折,平台加补后,https://detail.tmall.com/item.htm?b_s_f=sycm&b_spm=a21ag.29085015&id=520910503497
190,520910503497,爱舒旗舰店,【政府补贴】爱舒上海之恋席梦思护脊腰椰棕独立弹簧偏硬卧室床垫,1341.85,上海之恋·6型【适中偏硬/22cm】 乳胶+椰棕+整网弹簧,22,73.41,1615.04,2279.05,7.1折,平台加补后,https://detail.tmall.com/item.htm?b_s_f=sycm&b_spm=a21ag.29085015&id=520910503497
190,520910503497,爱舒旗舰店,【政府补贴】爱舒上海之恋席梦思护脊腰椰棕独立弹簧偏硬卧室床垫,1341.85,上海之恋·7型【双面可用（适中&适中偏硬）/23cm】 乳胶+黄麻+整网弹簧,23,87.17,2004.81,2800.6,7.2折,平台加补后,https://detail.tmall.com/item.htm?b_s_f=sycm&b_spm=a21ag.29085015&id=520910503497
190,520910503497,爱舒旗舰店,【政府补贴】爱舒上海之恋席梦思护脊腰椰棕独立弹簧偏硬卧室床垫,1341.85,上海之恋·8型【双面可用（适中偏软&适中偏硬）/23cm】 乳胶+黄麻+独袋弹簧 店长主推,23,98.73,2270.78,3201.5,7.1折,平台加补后,https://detail.tmall.com/item.htm?b_s_f=sycm&b_spm=a21ag.29085015&id=520910503497
190,520910503497,爱舒旗舰店,【政府补贴】爱舒上海之恋席梦思护脊腰椰棕独立弹簧偏硬卧室床垫,1341.85,上海之恋·9型【双面可用（适中偏软&适中偏硬）/25cm】 乳胶+黄麻+3D+独袋弹簧,25,94.17,2354.2,3312.65,7.1折,平台加补后,https://detail.tmall.com/item.htm?b_s_f=sycm&b_spm=a21ag.29085015&id=520910503497
190,520910503497,爱舒旗舰店,【政府补贴】爱舒上海之恋席梦思护脊腰椰棕独立弹簧偏硬卧室床垫,1341.85,上海之恋·薄垫1型【软硬适中/10cm】 独袋弹簧,10,158.06,1580.58,2232.5,7.1折,平台加补后,https://detail.tmall.com/item.htm?b_s_f=sycm&b_spm=a21ag.29085015&id=520910503497
190,520910503497,爱舒旗舰店,【政府补贴】爱舒上海之恋席梦思护脊腰椰棕独立弹簧偏硬卧室床垫,1341.85,上海之恋·薄垫2型【适中偏硬/12cm】 椰棕+独袋弹簧,12,159.38,1912.58,2677.1,7.1折,平台加补后,https://detail.tmall.com/item.htm?b_s_f=sycm&b_spm=a21ag.29085015&id=520910503497
190,520910503497,爱舒旗舰店,【政府补贴】爱舒上海之恋席梦思护脊腰椰棕独立弹簧偏硬卧室床垫,1341.85,上海之恋·薄垫3型【双面可用（软硬适中&偏硬）/14cm】 乳胶+椰棕+独袋弹簧,14,140.91,1972.76,2756.9,7.2折,平台加补后,https://detail.tmall.com/item.htm?b_s_f=sycm&b_spm=a21ag.29085015&id=520910503497
190,520910503497,爱舒旗舰店,【政府补贴】爱舒上海之恋席梦思护脊腰椰棕独立弹簧偏硬卧室床垫,1341.85,上海之恋·薄垫5型【软硬适中/16cm】 乳胶+3D+独袋弹簧,16,136.76,2188.2,3090.35,7.1折,平台加补后,https://detail.tmall.com/item.htm?b_s_f=sycm&b_spm=a21ag.29085015&id=520910503497
190,520910503497,爱舒旗舰店,【政府补贴】爱舒上海之恋席梦思护脊腰椰棕独立弹簧偏硬卧室床垫,1341.85,上海之恋·护脊1型【硬/21CM】 椰棕+整网弹簧,21,112.1,2354.2,3312.65,7.1折,平台加补后,https://detail.tmall.com/item.htm?b_s_f=sycm&b_spm=a21ag.29085015&id=520910503497
190,520910503497,爱舒旗舰店,【政府补贴】爱舒上海之恋席梦思护脊腰椰棕独立弹簧偏硬卧室床垫,1341.85,上海之恋·护脊2型【硬/25CM】 黄麻+独袋弹簧,25,105.52,2638.1,3692.65,7.1折,平台加补后,https://detail.tmall.com/item.htm?b_s_f=sycm&b_spm=a21ag.29085015&id=520910503497
191,688770729508,源氏木语官方旗舰店,源氏木语零胶水护脊床垫卧室家用弹簧护脊垫子抗菌抑味竹炭棕垫子,3328.18,(2)(全垫零胶水)竹炭可可·零胶水床垫(23CM厚加硬H1/灰色)J75,23,144.7,3328.18,5085,6.5折,平台加补后,https://detail.tmall.com/item.htm?b_s_f=sycm&b_spm=a21ag.29085015&id=688770729508
191,688770729508,源氏木语官方旗舰店,源氏木语零胶水护脊床垫卧室家用弹簧护脊垫子抗菌抑味竹炭棕垫子,3328.18,(1)(全垫零胶水)竹炭可可·零胶水床垫(23CM厚偏硬H2/灰色)J75 近期热销,23,144.7,3328.18,5085,6.5折,平台加补后,https://detail.tmall.com/item.htm?b_s_f=sycm&b_spm=a21ag.29085015&id=688770729508
191,688770729508,源氏木语官方旗舰店,源氏木语零胶水护脊床垫卧室家用弹簧护脊垫子抗菌抑味竹炭棕垫子,3328.18,(11)加硬灰色款+一对慢回弹记忆棉枕头(10CM厚RA00537)J75,10,333.42,3334.21,5094,6.5折,平台加补后,https://detail.tmall.com/item.htm?b_s_f=sycm&b_spm=a21ag.29085015&id=688770729508
191,688770729508,源氏木语官方旗舰店,源氏木语零胶水护脊床垫卧室家用弹簧护脊垫子抗菌抑味竹炭棕垫子,3328.18,(12)偏硬灰色款+一对慢回弹记忆棉枕头(10CM厚RA00537)J75,10,344.8,3448.02,5265,6.5折,平台加补后,https://detail.tmall.com/item.htm?b_s_f=sycm&b_spm=a21ag.29085015&id=688770729508
192,819230190585,芝华仕官方旗舰店,【小蓝垫】芝华仕海绵床垫乳胶家用卧室席梦思宿舍学生榻榻米硬垫,1021.7,小蓝垫8H【单睡感/8cm】加硬护脊丨环保生态棕,8,127.71,1021.7,1427,7.2折,平台加补后,https://detail.tmall.com/item.htm?b_s_f=sycm&b_spm=a21ag.29085015&id=819230190585
192,819230190585,芝华仕官方旗舰店,【小蓝垫】芝华仕海绵床垫乳胶家用卧室席梦思宿舍学生榻榻米硬垫,1021.7,小蓝垫15H【双睡感/15cm】豪华睡感丨硬核炭钻绵&健康0超标,15,86.81,1302.2,1815,7.2折,平台加补后,https://detail.tmall.com/item.htm?b_s_f=sycm&b_spm=a21ag.29085015&id=819230190585
192,819230190585,芝华仕官方旗舰店,【小蓝垫】芝华仕海绵床垫乳胶家用卧室席梦思宿舍学生榻榻米硬垫,1021.7,小蓝垫22H【双睡感/22cm】独袋弹簧|天然乳胶 加厚2倍护脊层,22,64.48,1418.65,1976,7.2折,平台加补后,https://detail.tmall.com/item.htm?b_s_f=sycm&b_spm=a21ag.29085015&id=819230190585
193,752186069375,Shimes品牌商城,独立弹簧记忆棉压缩卷包盒子软垫卧室家用五星级酒店加厚床垫1.8,446,A经济款【厚度约20cm 客房租房】 卷包发货,20,22.3,446,716,6.2折,平台加补后,https://detail.tmall.com/item.htm?b_s_f=sycm&b_spm=a21ag.29085015&id=752186069375
193,752186069375,Shimes品牌商城,独立弹簧记忆棉压缩卷包盒子软垫卧室家用五星级酒店加厚床垫1.8,446,B偏软款【厚度约21cm适中偏软】 卷包发货,21,24.05,505,775,6.5折,平台加补后,https://detail.tmall.com/item.htm?b_s_f=sycm&b_spm=a21ag.29085015&id=752186069375
193,752186069375,Shimes品牌商城,独立弹簧记忆棉压缩卷包盒子软垫卧室家用五星级酒店加厚床垫1.8,446,C舒适款【厚度约22cm静音舒适】 卷包发货,22,25.27,556,826,6.7折,平台加补后,https://detail.tmall.com/item.htm?b_s_f=sycm&b_spm=a21ag.29085015&id=752186069375
193,752186069375,Shimes品牌商城,独立弹簧记忆棉压缩卷包盒子软垫卧室家用五星级酒店加厚床垫1.8,446,D零压款【厚度约22cm主卧优选】 卷包发货,22,28.5,627,897,7.0折,平台加补后,https://detail.tmall.com/item.htm?b_s_f=sycm&b_spm=a21ag.29085015&id=752186069375
193,752186069375,Shimes品牌商城,独立弹簧记忆棉压缩卷包盒子软垫卧室家用五星级酒店加厚床垫1.8,446,E豪华酒店款【厚度约24cm星级享受】 卷包发货,24,32.46,779,1049,7.4折,平台加补后,https://detail.tmall.com/item.htm?b_s_f=sycm&b_spm=a21ag.29085015&id=752186069375
193,752186069375,Shimes品牌商城,独立弹簧记忆棉压缩卷包盒子软垫卧室家用五星级酒店加厚床垫1.8,446,F五星酣睡款【厚度约24cm五星云感】 卷包发货,24,35.67,856,1126,7.6折,平台加补后,https://detail.tmall.com/item.htm?b_s_f=sycm&b_spm=a21ag.29085015&id=752186069375
193,752186069375,Shimes品牌商城,独立弹簧记忆棉压缩卷包盒子软垫卧室家用五星级酒店加厚床垫1.8,446,G硬款【厚度约22cm护脊款整张发货】 整张发货,22,26.32,579,849,6.8折,平台加补后,https://detail.tmall.com/item.htm?b_s_f=sycm&b_spm=a21ag.29085015&id=752186069375
194,1075372701401,雅敏娜家具旗舰店,雅敏娜婴儿童纯手工0胶环保独立弹簧床垫榻榻米宿舍家用11cm薄垫,1051,纯手工-适中/9CM厚 千人加购,9,116.78,1051,1649,6.4折,平台加补后,https://detail.tmall.com/item.htm?b_s_f=sycm&b_spm=a21ag.29085015&id=1075372701401
194,1075372701401,雅敏娜家具旗舰店,雅敏娜婴儿童纯手工0胶环保独立弹簧床垫榻榻米宿舍家用11cm薄垫,1051,纯手工-适中/11CM厚,11,99.55,1095,1699,6.4折,平台加补后,https://detail.tmall.com/item.htm?b_s_f=sycm&b_spm=a21ag.29085015&id=1075372701401
194,1075372701401,雅敏娜家具旗舰店,雅敏娜婴儿童纯手工0胶环保独立弹簧床垫榻榻米宿舍家用11cm薄垫,1051,纯手工-适中/15CM厚,15,75.93,1139,1749,6.5折,平台加补后,https://detail.tmall.com/item.htm?b_s_f=sycm&b_spm=a21ag.29085015&id=1075372701401
194,1075372701401,雅敏娜家具旗舰店,雅敏娜婴儿童纯手工0胶环保独立弹簧床垫榻榻米宿舍家用11cm薄垫,1051,纯手工-偏软/9CM厚,9,126.56,1139,1749,6.5折,平台加补后,https://detail.tmall.com/item.htm?b_s_f=sycm&b_spm=a21ag.29085015&id=1075372701401
194,1075372701401,雅敏娜家具旗舰店,雅敏娜婴儿童纯手工0胶环保独立弹簧床垫榻榻米宿舍家用11cm薄垫,1051,纯手工-偏软/11CM厚,11,107.55,1183,1799,6.6折,平台加补后,https://detail.tmall.com/item.htm?b_s_f=sycm&b_spm=a21ag.29085015&id=1075372701401
194,1075372701401,雅敏娜家具旗舰店,雅敏娜婴儿童纯手工0胶环保独立弹簧床垫榻榻米宿舍家用11cm薄垫,1051,纯手工-偏软/15CM厚,15,81.8,1227,1849,6.6折,平台加补后,https://detail.tmall.com/item.htm?b_s_f=sycm&b_spm=a21ag.29085015&id=1075372701401
194,1075372701401,雅敏娜家具旗舰店,雅敏娜婴儿童纯手工0胶环保独立弹簧床垫榻榻米宿舍家用11cm薄垫,1051,纯手工-软硬两用/11CM厚,11,133.36,1467,2349,6.2折,平台加补后,https://detail.tmall.com/item.htm?b_s_f=sycm&b_spm=a21ag.29085015&id=1075372701401
194,1075372701401,雅敏娜家具旗舰店,雅敏娜婴儿童纯手工0胶环保独立弹簧床垫榻榻米宿舍家用11cm薄垫,1051,纯手工-软硬两用/13CM厚,13,116.23,1511,2399,6.3折,平台加补后,https://detail.tmall.com/item.htm?b_s_f=sycm&b_spm=a21ag.29085015&id=1075372701401
194,1075372701401,雅敏娜家具旗舰店,雅敏娜婴儿童纯手工0胶环保独立弹簧床垫榻榻米宿舍家用11cm薄垫,1051,纯手工-软硬两用/17CM厚,17,91.47,1555,2449,6.3折,平台加补后,https://detail.tmall.com/item.htm?b_s_f=sycm&b_spm=a21ag.29085015&id=1075372701401
194,1075372701401,雅敏娜家具旗舰店,雅敏娜婴儿童纯手工0胶环保独立弹簧床垫榻榻米宿舍家用11cm薄垫,1051,纯手工-豪华适中/11CM厚,11,133.36,1467,2349,6.2折,平台加补后,https://detail.tmall.com/item.htm?b_s_f=sycm&b_spm=a21ag.29085015&id=1075372701401
194,1075372701401,雅敏娜家具旗舰店,雅敏娜婴儿童纯手工0胶环保独立弹簧床垫榻榻米宿舍家用11cm薄垫,1051,纯手工-豪华适中/13CM厚,13,116.23,1511,2399,6.3折,平台加补后,https://detail.tmall.com/item.htm?b_s_f=sycm&b_spm=a21ag.29085015&id=1075372701401
194,1075372701401,雅敏娜家具旗舰店,雅敏娜婴儿童纯手工0胶环保独立弹簧床垫榻榻米宿舍家用11cm薄垫,1051,纯手工-豪华适中/17CM厚,17,91.47,1555,2449,6.3折,平台加补后,https://detail.tmall.com/item.htm?b_s_f=sycm&b_spm=a21ag.29085015&id=1075372701401
194,1075372701401,雅敏娜家具旗舰店,雅敏娜婴儿童纯手工0胶环保独立弹簧床垫榻榻米宿舍家用11cm薄垫,1051,纯手工-豪华偏软/14CM厚,14,123.64,1731,2649,6.5折,平台加补后,https://detail.tmall.com/item.htm?b_s_f=sycm&b_spm=a21ag.29085015&id=1075372701401
194,1075372701401,雅敏娜家具旗舰店,雅敏娜婴儿童纯手工0胶环保独立弹簧床垫榻榻米宿舍家用11cm薄垫,1051,纯手工-豪华偏软/16CM厚,16,110.94,1775,2699,6.6折,平台加补后,https://detail.tmall.com/item.htm?b_s_f=sycm&b_spm=a21ag.29085015&id=1075372701401
194,1075372701401,雅敏娜家具旗舰店,雅敏娜婴儿童纯手工0胶环保独立弹簧床垫榻榻米宿舍家用11cm薄垫,1051,纯手工-豪华偏软/20CM厚,20,90.95,1819,2749,6.6折,平台加补后,https://detail.tmall.com/item.htm?b_s_f=sycm&b_spm=a21ag.29085015&id=1075372701401
195,618321261105,慕思官方旗舰店,【零压】慕思旗舰店床垫席梦思弹簧垫0压记忆棉软硬慕斯名牌软垫,3714.16,零压1.0(基础款)【软硬适中/22cm】零压记忆棉+性价比之选 -MCW1-111,22,168.83,3714.16,6779.6,5.5折,平台加补后,https://detail.tmall.com/item.htm?b_s_f=sycm&b_spm=a21ag.29085015&id=618321261105
195,618321261105,慕思官方旗舰店,【零压】慕思旗舰店床垫席梦思弹簧垫0压记忆棉软硬慕斯名牌软垫,3714.16,零压2.0(升级款)【适中/偏软/23cm】凝胶记忆棉+乳胶+双面睡感-MCW1-035,23,187.05,4302.26,7471.48,5.8折,平台加补后,https://detail.tmall.com/item.htm?b_s_f=sycm&b_spm=a21ag.29085015&id=618321261105
196,579413531554,梦百合官方旗舰店,【门店同款】梦百合朗怡零压记忆棉弹簧床垫席梦思家用卧室两用,2420.8,朗怡经典款21cm【双面可睡·一面撑脊 一面舒睡/全网热销16w+】 全网低价,21,145.18,3048.86,4496.9,6.8折,平台加补后,https://detail.tmall.com/item.htm?b_s_f=sycm&b_spm=a21ag.29085015&id=579413531554
196,579413531554,梦百合官方旗舰店,【门店同款】梦百合朗怡零压记忆棉弹簧床垫席梦思家用卧室两用,2420.8,朗怡20周年纪念款20cm【0压深睡/性价比之选】,20,121.04,2420.8,3758,6.4折,平台加补后,https://detail.tmall.com/item.htm?b_s_f=sycm&b_spm=a21ag.29085015&id=579413531554
197,15290005941,moonlightfamily旗舰店,月光之家天然黄麻床垫子家用儿童硬薄全拆乳胶椰棕1.8m榻榻米定制,698.7,硬麻A款= 5cm【软床垫加硬神器】2cm无胶S型黄麻 千人加购,5,139.74,698.7,935,7.5折,平台加补后,https://detail.tmall.com/item.htm?b_s_f=sycm&b_spm=a21ag.29085015&id=15290005941
197,15290005941,moonlightfamily旗舰店,月光之家天然黄麻床垫子家用儿童硬薄全拆乳胶椰棕1.8m榻榻米定制,698.7,硬麻B款= 6cm【偏硬护脊】3cm无胶S型黄麻,6,133.03,798.15,1068,7.5折,平台加补后,https://detail.tmall.com/item.htm?b_s_f=sycm&b_spm=a21ag.29085015&id=15290005941
197,15290005941,moonlightfamily旗舰店,月光之家天然黄麻床垫子家用儿童硬薄全拆乳胶椰棕1.8m榻榻米定制,698.7,硬麻C款= 8cm【偏硬护脊】5cm无胶S型黄麻,8,112.31,898.45,1327,6.8折,平台加补后,https://detail.tmall.com/item.htm?b_s_f=sycm&b_spm=a21ag.29085015&id=15290005941
197,15290005941,moonlightfamily旗舰店,月光之家天然黄麻床垫子家用儿童硬薄全拆乳胶椰棕1.8m榻榻米定制,698.7,硬麻D款=10cm【偏硬护脊】7cm无胶S型黄麻,10,99.88,998.75,1461,6.8折,平台加补后,https://detail.tmall.com/item.htm?b_s_f=sycm&b_spm=a21ag.29085015&id=15290005941
197,15290005941,moonlightfamily旗舰店,月光之家天然黄麻床垫子家用儿童硬薄全拆乳胶椰棕1.8m榻榻米定制,698.7,硬麻E款=12cm【偏硬护脊】9cm无胶S型黄麻,12,91.52,1098.2,1639,6.7折,平台加补后,https://detail.tmall.com/item.htm?b_s_f=sycm&b_spm=a21ag.29085015&id=15290005941
197,15290005941,moonlightfamily旗舰店,月光之家天然黄麻床垫子家用儿童硬薄全拆乳胶椰棕1.8m榻榻米定制,698.7,硬麻F款=15cm【偏硬护脊】12cm无胶S型黄麻,15,86.59,1298.8,1907,6.8折,平台加补后,https://detail.tmall.com/item.htm?b_s_f=sycm&b_spm=a21ag.29085015&id=15290005941
197,15290005941,moonlightfamily旗舰店,月光之家天然黄麻床垫子家用儿童硬薄全拆乳胶椰棕1.8m榻榻米定制,698.7,硬麻G款=18cm【偏硬护脊】15cm无胶S型黄麻,18,83.25,1498.55,2231,6.7折,平台加补后,https://detail.tmall.com/item.htm?b_s_f=sycm&b_spm=a21ag.29085015&id=15290005941
197,15290005941,moonlightfamily旗舰店,月光之家天然黄麻床垫子家用儿童硬薄全拆乳胶椰棕1.8m榻榻米定制,698.7,舒麻A款= 8cm【2种软硬可调 适中+偏硬】2cm乳胶+3cm黄麻,8,124.84,998.75,1461,6.8折,平台加补后,https://detail.tmall.com/item.htm?b_s_f=sycm&b_spm=a21ag.29085015&id=15290005941
197,15290005941,moonlightfamily旗舰店,月光之家天然黄麻床垫子家用儿童硬薄全拆乳胶椰棕1.8m榻榻米定制,698.7,舒麻B款=10cm【2种软硬可调 适中+偏硬】2cm乳胶+5cm黄麻 店长主推,10,109.82,1098.2,1639,6.7折,平台加补后,https://detail.tmall.com/item.htm?b_s_f=sycm&b_spm=a21ag.29085015&id=15290005941
197,15290005941,moonlightfamily旗舰店,月光之家天然黄麻床垫子家用儿童硬薄全拆乳胶椰棕1.8m榻榻米定制,698.7,舒麻C款=12cm【2种软硬可调 适中+偏硬】2cm乳胶+7cm黄麻,12,99.88,1198.5,1773,6.8折,平台加补后,https://detail.tmall.com/item.htm?b_s_f=sycm&b_spm=a21ag.29085015&id=15290005941
197,15290005941,moonlightfamily旗舰店,月光之家天然黄麻床垫子家用儿童硬薄全拆乳胶椰棕1.8m榻榻米定制,698.7,舒麻D款=15cm【2种软硬可调 适中+偏硬】2cm乳胶+10cm黄麻,15,93.22,1398.25,2097,6.7折,平台加补后,https://detail.tmall.com/item.htm?b_s_f=sycm&b_spm=a21ag.29085015&id=15290005941
197,15290005941,moonlightfamily旗舰店,月光之家天然黄麻床垫子家用儿童硬薄全拆乳胶椰棕1.8m榻榻米定制,698.7,舒麻E款=20cm【2种软硬可调 适中+偏硬】2cm乳胶+15cm黄麻,20,79.94,1598.85,2365,6.8折,平台加补后,https://detail.tmall.com/item.htm?b_s_f=sycm&b_spm=a21ag.29085015&id=15290005941
197,15290005941,moonlightfamily旗舰店,月光之家天然黄麻床垫子家用儿童硬薄全拆乳胶椰棕1.8m榻榻米定制,698.7,透麻A款= 8cm【2种软硬可调 适中+偏硬】2cm空气蜂窝+3cm黄麻,8,124.84,998.75,1461,6.8折,平台加补后,https://detail.tmall.com/item.htm?b_s_f=sycm&b_spm=a21ag.29085015&id=15290005941
197,15290005941,moonlightfamily旗舰店,月光之家天然黄麻床垫子家用儿童硬薄全拆乳胶椰棕1.8m榻榻米定制,698.7,透麻B款=10cm【2种软硬可调 适中+偏硬】2cm空气蜂窝+5cm黄麻,10,109.82,1098.2,1639,6.7折,平台加补后,https://detail.tmall.com/item.htm?b_s_f=sycm&b_spm=a21ag.29085015&id=15290005941
197,15290005941,moonlightfamily旗舰店,月光之家天然黄麻床垫子家用儿童硬薄全拆乳胶椰棕1.8m榻榻米定制,698.7,透麻C款=12cm【2种软硬可调 适中+偏硬】2cm空气蜂窝+7cm黄麻,12,99.88,1198.5,1773,6.8折,平台加补后,https://detail.tmall.com/item.htm?b_s_f=sycm&b_spm=a21ag.29085015&id=15290005941
197,15290005941,moonlightfamily旗舰店,月光之家天然黄麻床垫子家用儿童硬薄全拆乳胶椰棕1.8m榻榻米定制,698.7,透麻D款=15cm【2种软硬可调 适中+偏硬】2cm空气蜂窝+10cm黄麻,15,93.22,1398.25,2097,6.7折,平台加补后,https://detail.tmall.com/item.htm?b_s_f=sycm&b_spm=a21ag.29085015&id=15290005941
197,15290005941,moonlightfamily旗舰店,月光之家天然黄麻床垫子家用儿童硬薄全拆乳胶椰棕1.8m榻榻米定制,698.7,透麻E款=20cm【2种软硬可调 适中+偏硬】2cm空气蜂窝+15cm黄麻,20,79.94,1598.85,2365,6.8折,平台加补后,https://detail.tmall.com/item.htm?b_s_f=sycm&b_spm=a21ag.29085015&id=15290005941
197,15290005941,moonlightfamily旗舰店,月光之家天然黄麻床垫子家用儿童硬薄全拆乳胶椰棕1.8m榻榻米定制,698.7,全家桶A款=10cm【3种软硬可调 微软+适中+偏硬】2cm空气蜂窝+2cm乳胶+3cm黄麻,10,119.85,1198.5,1773,6.8折,平台加补后,https://detail.tmall.com/item.htm?b_s_f=sycm&b_spm=a21ag.29085015&id=15290005941
197,15290005941,moonlightfamily旗舰店,月光之家天然黄麻床垫子家用儿童硬薄全拆乳胶椰棕1.8m榻榻米定制,698.7,全家桶B款=12cm【3种软硬可调 微软+适中+偏硬】2cm空气蜂窝+2cm乳胶+5cm黄麻,12,108.23,1298.8,1907,6.8折,平台加补后,https://detail.tmall.com/item.htm?b_s_f=sycm&b_spm=a21ag.29085015&id=15290005941
197,15290005941,moonlightfamily旗舰店,月光之家天然黄麻床垫子家用儿童硬薄全拆乳胶椰棕1.8m榻榻米定制,698.7,全家桶C款=16cm【3种软硬可调 微软+适中+偏硬】2cm空气蜂窝+2cm乳胶+9cm黄麻,16,93.66,1498.55,2231,6.7折,平台加补后,https://detail.tmall.com/item.htm?b_s_f=sycm&b_spm=a21ag.29085015&id=15290005941
197,15290005941,moonlightfamily旗舰店,月光之家天然黄麻床垫子家用儿童硬薄全拆乳胶椰棕1.8m榻榻米定制,698.7,全家桶D款=22cm【3种软硬可调 微软+适中+偏硬】2cm空气蜂窝+2cm乳胶+15cm黄麻,22,77.2,1698.3,2498,6.8折,平台加补后,https://detail.tmall.com/item.htm?b_s_f=sycm&b_spm=a21ag.29085015&id=15290005941
198,906246883777,香港海马酒店床垫,海马格帝仕五星级酒店乳胶记忆棉独立袋装弹簧家用卧室床垫软垫,439,海马五星级基础客房款-20CM【适中稍硬】,20,21.95,439,806,5.4折,平台加补后,https://detail.tmall.com/item.htm?b_s_f=sycm&b_spm=a21ag.29085015&id=906246883777
198,906246883777,香港海马酒店床垫,海马格帝仕五星级酒店乳胶记忆棉独立袋装弹簧家用卧室床垫软垫,439,海马五星级升级主卧款-24CM【适中偏软】,24,22.75,546,868,6.3折,平台加补后,https://detail.tmall.com/item.htm?b_s_f=sycm&b_spm=a21ag.29085015&id=906246883777
198,906246883777,香港海马酒店床垫,海马格帝仕五星级酒店乳胶记忆棉独立袋装弹簧家用卧室床垫软垫,439,海马五星级推荐主卧款-26CM【舒适微硬】,26,22.15,576,908,6.3折,平台加补后,https://detail.tmall.com/item.htm?b_s_f=sycm&b_spm=a21ag.29085015&id=906246883777
198,906246883777,香港海马酒店床垫,海马格帝仕五星级酒店乳胶记忆棉独立袋装弹簧家用卧室床垫软垫,439,海马五星级五星主卧款-26CM【五星睡感】,26,23.04,599,949,6.3折,平台加补后,https://detail.tmall.com/item.htm?b_s_f=sycm&b_spm=a21ag.29085015&id=906246883777
198,906246883777,香港海马酒店床垫,海马格帝仕五星级酒店乳胶记忆棉独立袋装弹簧家用卧室床垫软垫,439,海马五星级舒适零压款-26CM【零压舒适】,26,23.81,619,984,6.3折,平台加补后,https://detail.tmall.com/item.htm?b_s_f=sycm&b_spm=a21ag.29085015&id=906246883777
198,906246883777,香港海马酒店床垫,海马格帝仕五星级酒店乳胶记忆棉独立袋装弹簧家用卧室床垫软垫,439,海马五星级酒店双面款-28CM【双面睡感】 店长主推,28,25.68,719,1109,6.5折,平台加补后,https://detail.tmall.com/item.htm?b_s_f=sycm&b_spm=a21ag.29085015&id=906246883777
198,906246883777,香港海马酒店床垫,海马格帝仕五星级酒店乳胶记忆棉独立袋装弹簧家用卧室床垫软垫,439,海马五星级总统套房款-30CM【頂级柔软】 万人加购,30,22.63,679,1029,6.6折,平台加补后,https://detail.tmall.com/item.htm?b_s_f=sycm&b_spm=a21ag.29085015&id=906246883777
198,906246883777,香港海马酒店床垫,海马格帝仕五星级酒店乳胶记忆棉独立袋装弹簧家用卧室床垫软垫,439,海马五星级护脊护腰款-22CM【护脊护腰】,22,28.68,631,939,6.7折,平台加补后,https://detail.tmall.com/item.htm?b_s_f=sycm&b_spm=a21ag.29085015&id=906246883777
198,906246883777,香港海马酒店床垫,海马格帝仕五星级酒店乳胶记忆棉独立袋装弹簧家用卧室床垫软垫,439,【升级护脊护腰款】适中偏硬立体3D+PK保护棉（厚度20cm整张发货）,20,37.45,749,1057,7.1折,平台加补后,https://detail.tmall.com/item.htm?b_s_f=sycm&b_spm=a21ag.29085015&id=906246883777
198,906246883777,香港海马酒店床垫,海马格帝仕五星级酒店乳胶记忆棉独立袋装弹簧家用卧室床垫软垫,439,【升级手工羊绒款】适中偏软羊绒+记忆棉（厚度24cm整张发货）,24,35.38,849,1157,7.3折,平台加补后,https://detail.tmall.com/item.htm?b_s_f=sycm&b_spm=a21ag.29085015&id=906246883777
198,906246883777,香港海马酒店床垫,海马格帝仕五星级酒店乳胶记忆棉独立袋装弹簧家用卧室床垫软垫,439,【升级手工驼绒款】适中偏软驼绒+记忆棉（厚度24cm整张发货）,24,39.54,949,1257,7.5折,平台加补后,https://detail.tmall.com/item.htm?b_s_f=sycm&b_spm=a21ag.29085015&id=906246883777
198,906246883777,香港海马酒店床垫,海马格帝仕五星级酒店乳胶记忆棉独立袋装弹簧家用卧室床垫软垫,439,手工拉扣基础款22cm【适中偏硬】,22,63.18,1390,1590,8.7折,平台加补后,https://detail.tmall.com/item.htm?b_s_f=sycm&b_spm=a21ag.29085015&id=906246883777
198,906246883777,香港海马酒店床垫,海马格帝仕五星级酒店乳胶记忆棉独立袋装弹簧家用卧室床垫软垫,439,手工拉扣升级款25cm【柔软适中】,25,62.4,1560,1790,8.7折,平台加补后,https://detail.tmall.com/item.htm?b_s_f=sycm&b_spm=a21ag.29085015&id=906246883777
198,906246883777,香港海马酒店床垫,海马格帝仕五星级酒店乳胶记忆棉独立袋装弹簧家用卧室床垫软垫,439,手工拉扣酒店款28cm【适中偏软】,28,59.39,1663,1890,8.8折,平台加补后,https://detail.tmall.com/item.htm?b_s_f=sycm&b_spm=a21ag.29085015&id=906246883777
198,906246883777,香港海马酒店床垫,海马格帝仕五星级酒店乳胶记忆棉独立袋装弹簧家用卧室床垫软垫,439,手工拉扣顶奢款30cm【云端包裹】,30,58.37,1751,1990,8.8折,平台加补后,https://detail.tmall.com/item.htm?b_s_f=sycm&b_spm=a21ag.29085015&id=906246883777
198,906246883777,香港海马酒店床垫,海马格帝仕五星级酒店乳胶记忆棉独立袋装弹簧家用卧室床垫软垫,439,升级顶垫单独购买,,,1663,1890,8.8折,平台加补后,https://detail.tmall.com/item.htm?b_s_f=sycm&b_spm=a21ag.29085015&id=906246883777
199,1049162369844,爱舒旗舰店,【时序】爱舒绿标四季冷暖软硬调节弹簧床垫0胶可拆卸护脊席梦思,3654.4,时序-25cm 软硬可调节 0胶护脊 千人加购,25,146.18,3654.4,5634,6.5折,平台加补后,https://detail.tmall.com/item.htm?b_s_f=sycm&b_spm=a21ag.29085015&id=1049162369844
199,1049162369844,爱舒旗舰店,【时序】爱舒绿标四季冷暖软硬调节弹簧床垫0胶可拆卸护脊席梦思,3654.4,时序-25cm【加配0胶榫卯护框】,25,157.45,3936.14,6045,6.5折,平台加补后,https://detail.tmall.com/item.htm?b_s_f=sycm&b_spm=a21ag.29085015&id=1049162369844
199,1049162369844,爱舒旗舰店,【时序】爱舒绿标四季冷暖软硬调节弹簧床垫0胶可拆卸护脊席梦思,3654.4,【套组】时序床垫+栖岸纤薄布艺悬浮床 【咨询客服到手6899起】,,,6755.84,10339,6.5折,平台加补后,https://detail.tmall.com/item.htm?b_s_f=sycm&b_spm=a21ag.29085015&id=1049162369844
200,735685444559,晶爷床垫嘎嘎香,晶爷床垫品牌定制款环保黄麻床垫偏硬护脊床垫防螨亲肤3d床垫专拍,9999,华夫格,,,9999,,,平台加补后,https://detail.tmall.com/item.htm?b_s_f=sycm&b_spm=a21ag.29085015&id=735685444559
200,735685444559,晶爷床垫嘎嘎香,晶爷床垫品牌定制款环保黄麻床垫偏硬护脊床垫防螨亲肤3d床垫专拍,9999,D-585,,,9999,,,平台加补后,https://detail.tmall.com/item.htm?b_s_f=sycm&b_spm=a21ag.29085015&id=735685444559
200,735685444559,晶爷床垫嘎嘎香,晶爷床垫品牌定制款环保黄麻床垫偏硬护脊床垫防螨亲肤3d床垫专拍,9999,D-985,,,9999,,,平台加补后,https://detail.tmall.com/item.htm?b_s_f=sycm&b_spm=a21ag.29085015&id=735685444559
200,735685444559,晶爷床垫嘎嘎香,晶爷床垫品牌定制款环保黄麻床垫偏硬护脊床垫防螨亲肤3d床垫专拍,9999,D-211,,,9999,,,平台加补后,https://detail.tmall.com/item.htm?b_s_f=sycm&b_spm=a21ag.29085015&id=735685444559
200,735685444559,晶爷床垫嘎嘎香,晶爷床垫品牌定制款环保黄麻床垫偏硬护脊床垫防螨亲肤3d床垫专拍,9999,深坑3.0,,,9999,,,平台加补后,https://detail.tmall.com/item.htm?b_s_f=sycm&b_spm=a21ag.29085015&id=735685444559
200,735685444559,晶爷床垫嘎嘎香,晶爷床垫品牌定制款环保黄麻床垫偏硬护脊床垫防螨亲肤3d床垫专拍,9999,睡眠精灵,,,9999,,,平台加补后,https://detail.tmall.com/item.htm?b_s_f=sycm&b_spm=a21ag.29085015&id=735685444559
200,735685444559,晶爷床垫嘎嘎香,晶爷床垫品牌定制款环保黄麻床垫偏硬护脊床垫防螨亲肤3d床垫专拍,9999,斯里兰卡,,,9999,,,平台加补后,https://detail.tmall.com/item.htm?b_s_f=sycm&b_spm=a21ag.29085015&id=735685444559
200,735685444559,晶爷床垫嘎嘎香,晶爷床垫品牌定制款环保黄麻床垫偏硬护脊床垫防螨亲肤3d床垫专拍,9999,MS-233C,,,9999,,,平台加补后,https://detail.tmall.com/item.htm?b_s_f=sycm&b_spm=a21ag.29085015&id=735685444559
200,735685444559,晶爷床垫嘎嘎香,晶爷床垫品牌定制款环保黄麻床垫偏硬护脊床垫防螨亲肤3d床垫专拍,9999,MS-233B,,,9999,,,平台加补后,https://detail.tmall.com/item.htm?b_s_f=sycm&b_spm=a21ag.29085015&id=735685444559
200,735685444559,晶爷床垫嘎嘎香,晶爷床垫品牌定制款环保黄麻床垫偏硬护脊床垫防螨亲肤3d床垫专拍,9999,MS-858B,,,9999,,,平台加补后,https://detail.tmall.com/item.htm?b_s_f=sycm&b_spm=a21ag.29085015&id=735685444559
200,735685444559,晶爷床垫嘎嘎香,晶爷床垫品牌定制款环保黄麻床垫偏硬护脊床垫防螨亲肤3d床垫专拍,9999,MS-068A,,,9999,,,平台加补后,https://detail.tmall.com/item.htm?b_s_f=sycm&b_spm=a21ag.29085015&id=735685444559
200,735685444559,晶爷床垫嘎嘎香,晶爷床垫品牌定制款环保黄麻床垫偏硬护脊床垫防螨亲肤3d床垫专拍,9999,MS-003世纪梦,,,9999,,,平台加补后,https://detail.tmall.com/item.htm?b_s_f=sycm&b_spm=a21ag.29085015&id=735685444559
200,735685444559,晶爷床垫嘎嘎香,晶爷床垫品牌定制款环保黄麻床垫偏硬护脊床垫防螨亲肤3d床垫专拍,9999,MS-898A,,,9999,,,平台加补后,https://detail.tmall.com/item.htm?b_s_f=sycm&b_spm=a21ag.29085015&id=735685444559
200,735685444559,晶爷床垫嘎嘎香,晶爷床垫品牌定制款环保黄麻床垫偏硬护脊床垫防螨亲肤3d床垫专拍,9999,MS-838B,,,9999,,,平台加补后,https://detail.tmall.com/item.htm?b_s_f=sycm&b_spm=a21ag.29085015&id=735685444559
200,735685444559,晶爷床垫嘎嘎香,晶爷床垫品牌定制款环保黄麻床垫偏硬护脊床垫防螨亲肤3d床垫专拍,9999,MS-072,,,9999,,,平台加补后,https://detail.tmall.com/item.htm?b_s_f=sycm&b_spm=a21ag.29085015&id=735685444559
200,735685444559,晶爷床垫嘎嘎香,晶爷床垫品牌定制款环保黄麻床垫偏硬护脊床垫防螨亲肤3d床垫专拍,9999,MS-055A,,,9999,,,平台加补后,https://detail.tmall.com/item.htm?b_s_f=sycm&b_spm=a21ag.29085015&id=735685444559
200,735685444559,晶爷床垫嘎嘎香,晶爷床垫品牌定制款环保黄麻床垫偏硬护脊床垫防螨亲肤3d床垫专拍,9999,1992纪念版（纯手工）,,,9999,,,平台加补后,https://detail.tmall.com/item.htm?b_s_f=sycm&b_spm=a21ag.29085015&id=735685444559
200,735685444559,晶爷床垫嘎嘎香,晶爷床垫品牌定制款环保黄麻床垫偏硬护脊床垫防螨亲肤3d床垫专拍,9999,专家之选,,,9999,,,平台加补后,https://detail.tmall.com/item.htm?b_s_f=sycm&b_spm=a21ag.29085015&id=735685444559
200,735685444559,晶爷床垫嘎嘎香,晶爷床垫品牌定制款环保黄麻床垫偏硬护脊床垫防螨亲肤3d床垫专拍,9999,005,,,9999,,,平台加补后,https://detail.tmall.com/item.htm?b_s_f=sycm&b_spm=a21ag.29085015&id=735685444559
200,735685444559,晶爷床垫嘎嘎香,晶爷床垫品牌定制款环保黄麻床垫偏硬护脊床垫防螨亲肤3d床垫专拍,9999,逐梦(纯手工),,,9999,,,平台加补后,https://detail.tmall.com/item.htm?b_s_f=sycm&b_spm=a21ag.29085015&id=735685444559
200,735685444559,晶爷床垫嘎嘎香,晶爷床垫品牌定制款环保黄麻床垫偏硬护脊床垫防螨亲肤3d床垫专拍,9999,宝格丽(纯手工),,,9999,,,平台加补后,https://detail.tmall.com/item.htm?b_s_f=sycm&b_spm=a21ag.29085015&id=735685444559
200,735685444559,晶爷床垫嘎嘎香,晶爷床垫品牌定制款环保黄麻床垫偏硬护脊床垫防螨亲肤3d床垫专拍,9999,999,,,9999,,,平台加补后,https://detail.tmall.com/item.htm?b_s_f=sycm&b_spm=a21ag.29085015&id=735685444559
200,735685444559,晶爷床垫嘎嘎香,晶爷床垫品牌定制款环保黄麻床垫偏硬护脊床垫防螨亲肤3d床垫专拍,9999,芯里美（全拆）,,,9999,,,平台加补后,https://detail.tmall.com/item.htm?b_s_f=sycm&b_spm=a21ag.29085015&id=735685444559
201,523212494530,全友家居官方旗舰店,全友家居0胶水棕垫天然椰棕床垫硬垫子卧室家用榻榻米床垫180x200,541.21,(1)【椰棕洁净垫6H|叠加硬睡感】床垫（6cm厚） 店长主推,6,90.2,541.21,928,5.8折,平台加补后,https://detail.tmall.com/item.htm?b_s_f=sycm&b_spm=a21ag.29085015&id=523212494530
201,523212494530,全友家居官方旗舰店,全友家居0胶水棕垫天然椰棕床垫硬垫子卧室家用榻榻米床垫180x200,541.21,(2)【椰棕洁净垫8H|全家适用】床垫（8cm厚） 万人加购,8,80.22,641.75,1099,5.8折,平台加补后,https://detail.tmall.com/item.htm?b_s_f=sycm&b_spm=a21ag.29085015&id=523212494530
201,523212494530,全友家居官方旗舰店,全友家居0胶水棕垫天然椰棕床垫硬垫子卧室家用榻榻米床垫180x200,541.21,(3)【椰棕贝壳垫max|可单独使用】床垫（10cm厚）,10,87.8,878.05,1499,5.9折,平台加补后,https://detail.tmall.com/item.htm?b_s_f=sycm&b_spm=a21ag.29085015&id=523212494530
201,523212494530,全友家居官方旗舰店,全友家居0胶水棕垫天然椰棕床垫硬垫子卧室家用榻榻米床垫180x200,541.21,(4)【椰棕洁净折叠垫6H|搬运便利】（6cm厚）,6,90.2,541.21,928,5.8折,平台加补后,https://detail.tmall.com/item.htm?b_s_f=sycm&b_spm=a21ag.29085015&id=523212494530
201,523212494530,全友家居官方旗舰店,全友家居0胶水棕垫天然椰棕床垫硬垫子卧室家用榻榻米床垫180x200,541.21,(5)【椰棕贝壳垫|抑菌防螨升级】床垫（8cm厚）,8,92.97,743.75,1270,5.9折,平台加补后,https://detail.tmall.com/item.htm?b_s_f=sycm&b_spm=a21ag.29085015&id=523212494530
201,523212494530,全友家居官方旗舰店,全友家居0胶水棕垫天然椰棕床垫硬垫子卧室家用榻榻米床垫180x200,541.21,(6)【椰棕折叠贝壳垫|搬运便利】床垫（8cm厚）,8,92.97,743.75,1270,5.9折,平台加补后,https://detail.tmall.com/item.htm?b_s_f=sycm&b_spm=a21ag.29085015&id=523212494530
202,973606985441,喜临门官方旗舰店,【店播专享】喜临门云朗pro床垫席梦思舒脊黄麻乳胶独袋弹簧床垫H,1486.65,云朗Pro【双睡感/25.5CM】透气清新双重舒压,25.5,58.3,1486.65,2549,5.8折,平台加补后,https://detail.tmall.com/item.htm?b_s_f=sycm&b_spm=a21ag.29085015&id=973606985441
203,1026591656543,北木优品旗舰店,独立袋弹簧卷包床垫记忆棉乳胶家用卧室五星级酒店主卧软垫床垫,409.22,【独立袋装弹簧芯】20cm卷包发货,20,20.46,409.22,664,6.2折,平台加补后,https://detail.tmall.com/item.htm?b_s_f=sycm&b_spm=a21ag.29085015&id=1026591656543
203,1026591656543,北木优品旗舰店,独立袋弹簧卷包床垫记忆棉乳胶家用卧室五星级酒店主卧软垫床垫,409.22,【独立袋装弹簧芯】22cm卷包发货,22,20.5,450.97,690.5,6.5折,平台加补后,https://detail.tmall.com/item.htm?b_s_f=sycm&b_spm=a21ag.29085015&id=1026591656543
203,1026591656543,北木优品旗舰店,独立袋弹簧卷包床垫记忆棉乳胶家用卧室五星级酒店主卧软垫床垫,409.22,【独立袋装弹簧芯】24cm卷包发货,24,20.02,480.57,730.5,6.6折,平台加补后,https://detail.tmall.com/item.htm?b_s_f=sycm&b_spm=a21ag.29085015&id=1026591656543
203,1026591656543,北木优品旗舰店,独立袋弹簧卷包床垫记忆棉乳胶家用卧室五星级酒店主卧软垫床垫,409.22,【独立袋装弹簧芯】26cm卷包发货,26,19.62,510.17,770.5,6.6折,平台加补后,https://detail.tmall.com/item.htm?b_s_f=sycm&b_spm=a21ag.29085015&id=1026591656543
203,1026591656543,北木优品旗舰店,独立袋弹簧卷包床垫记忆棉乳胶家用卧室五星级酒店主卧软垫床垫,409.22,【独立袋装弹簧芯】28cm卷包发货,28,19.63,549.76,824,6.7折,平台加补后,https://detail.tmall.com/item.htm?b_s_f=sycm&b_spm=a21ag.29085015&id=1026591656543
203,1026591656543,北木优品旗舰店,独立袋弹簧卷包床垫记忆棉乳胶家用卧室五星级酒店主卧软垫床垫,409.22,【独立袋装弹簧芯】30cm卷包发货,30,19.97,598.97,890.5,6.7折,平台加补后,https://detail.tmall.com/item.htm?b_s_f=sycm&b_spm=a21ag.29085015&id=1026591656543
203,1026591656543,北木优品旗舰店,独立袋弹簧卷包床垫记忆棉乳胶家用卧室五星级酒店主卧软垫床垫,409.22,【独立袋装弹簧芯】31cm卷包发货,31,20.91,648.18,957,6.8折,平台加补后,https://detail.tmall.com/item.htm?b_s_f=sycm&b_spm=a21ag.29085015&id=1026591656543
203,1026591656543,北木优品旗舰店,独立袋弹簧卷包床垫记忆棉乳胶家用卧室五星级酒店主卧软垫床垫,409.22,【独立袋装弹簧芯】20cm整张发货,20,31.93,638.56,944,6.8折,平台加补后,https://detail.tmall.com/item.htm?b_s_f=sycm&b_spm=a21ag.29085015&id=1026591656543
203,1026591656543,北木优品旗舰店,独立袋弹簧卷包床垫记忆棉乳胶家用卧室五星级酒店主卧软垫床垫,409.22,【独立袋装弹簧芯】22cm整张发货,22,29.92,658.17,970.5,6.8折,平台加补后,https://detail.tmall.com/item.htm?b_s_f=sycm&b_spm=a21ag.29085015&id=1026591656543
203,1026591656543,北木优品旗舰店,独立袋弹簧卷包床垫记忆棉乳胶家用卧室五星级酒店主卧软垫床垫,409.22,【独立袋装弹簧芯】24cm整张发货,24,28.66,687.87,1010.5,6.8折,平台加补后,https://detail.tmall.com/item.htm?b_s_f=sycm&b_spm=a21ag.29085015&id=1026591656543
203,1026591656543,北木优品旗舰店,独立袋弹簧卷包床垫记忆棉乳胶家用卧室五星级酒店主卧软垫床垫,409.22,【独立袋装弹簧芯】26cm整张发货,26,27.61,717.87,1050.5,6.8折,平台加补后,https://detail.tmall.com/item.htm?b_s_f=sycm&b_spm=a21ag.29085015&id=1026591656543
203,1026591656543,北木优品旗舰店,独立袋弹簧卷包床垫记忆棉乳胶家用卧室五星级酒店主卧软垫床垫,409.22,【独立袋装弹簧芯】28cm整张发货,28,27.07,758,1104,6.9折,平台加补后,https://detail.tmall.com/item.htm?b_s_f=sycm&b_spm=a21ag.29085015&id=1026591656543
203,1026591656543,北木优品旗舰店,独立袋弹簧卷包床垫记忆棉乳胶家用卧室五星级酒店主卧软垫床垫,409.22,【独立袋装弹簧芯】30cm整张发货,30,26.93,807.87,1170.5,6.9折,平台加补后,https://detail.tmall.com/item.htm?b_s_f=sycm&b_spm=a21ag.29085015&id=1026591656543
203,1026591656543,北木优品旗舰店,独立袋弹簧卷包床垫记忆棉乳胶家用卧室五星级酒店主卧软垫床垫,409.22,【独立袋装弹簧芯】31cm整张发货,31,27.67,857.75,1237,6.9折,平台加补后,https://detail.tmall.com/item.htm?b_s_f=sycm&b_spm=a21ag.29085015&id=1026591656543
204,873970546540,海马喵师傅床垫商城企业店,海马喵师傅席梦思酒店五星级床垫卷包压缩独立袋装弹簧家用乳胶软,540.77,五星级基础客房款≈20CM 【适中稍硬】,20,27.04,540.77,738,7.3折,平台加补后,https://detail.tmall.com/item.htm?b_s_f=sycm&b_spm=a21ag.29085015&id=873970546540
204,873970546540,海马喵师傅床垫商城企业店,海马喵师傅席梦思酒店五星级床垫卷包压缩独立袋装弹簧家用乳胶软,540.77,五星级升级家用款≈22CM 【适中偏软】,22,27.88,613.44,833,7.4折,平台加补后,https://detail.tmall.com/item.htm?b_s_f=sycm&b_spm=a21ag.29085015&id=873970546540
204,873970546540,海马喵师傅床垫商城企业店,海马喵师傅席梦思酒店五星级床垫卷包压缩独立袋装弹簧家用乳胶软,540.77,五星级舒适适中款≈24CM 【舒适微硬】,24,27.09,650.16,881,7.4折,平台加补后,https://detail.tmall.com/item.htm?b_s_f=sycm&b_spm=a21ag.29085015&id=873970546540
204,873970546540,海马喵师傅床垫商城企业店,海马喵师傅席梦思酒店五星级床垫卷包压缩独立袋装弹簧家用乳胶软,540.77,五星级主卧享受款≈25CM 【五星睡感】 店长主推,25,26.71,667.76,904,7.4折,平台加补后,https://detail.tmall.com/item.htm?b_s_f=sycm&b_spm=a21ag.29085015&id=873970546540
204,873970546540,海马喵师傅床垫商城企业店,海马喵师傅席梦思酒店五星级床垫卷包压缩独立袋装弹簧家用乳胶软,540.77,五星级行政套房款≈27CM 【零压舒适】,27,27.79,750.38,1012,7.4折,平台加补后,https://detail.tmall.com/item.htm?b_s_f=sycm&b_spm=a21ag.29085015&id=873970546540
204,873970546540,海马喵师傅床垫商城企业店,海马喵师傅席梦思酒店五星级床垫卷包压缩独立袋装弹簧家用乳胶软,540.77,五星级总统套房款≈30CM 【静音柔软】,30,25.91,777.16,1047,7.4折,平台加补后,https://detail.tmall.com/item.htm?b_s_f=sycm&b_spm=a21ag.29085015&id=873970546540
204,873970546540,海马喵师傅床垫商城企业店,海马喵师傅席梦思酒店五星级床垫卷包压缩独立袋装弹簧家用乳胶软,540.77,五星级酒店双面款≈28CM 【双面睡感】,28,31.66,886.55,1190,7.5折,平台加补后,https://detail.tmall.com/item.htm?b_s_f=sycm&b_spm=a21ag.29085015&id=873970546540
204,873970546540,海马喵师傅床垫商城企业店,海马喵师傅席梦思酒店五星级床垫卷包压缩独立袋装弹簧家用乳胶软,540.77,五星级护脊护腰款≈22CM 【护脊护腰】,22,32.86,722.84,976,7.4折,平台加补后,https://detail.tmall.com/item.htm?b_s_f=sycm&b_spm=a21ag.29085015&id=873970546540
205,14472201035,香港海马家具国际商城,禧海马偏硬护脊环保棕榈儿童老人乳胶定制黄麻棕防螨抑菌椰棕床垫,295.39,1800mm*2000mm 标准配置款,,,295.39,424,7.0折,平台加补后,https://detail.tmall.com/item.htm?b_s_f=sycm&b_spm=a21ag.29085015&id=14472201035
206,723653768843,全友旗舰店,全友家居席梦思1米5单人弹簧乳胶床垫国家补贴180x200椰棕硬垫子,670.65,(1)椰岛0胶【经典护脊 双效支撑】床垫（21cm厚）,21,36.79,772.65,1313,5.9折,平台加补后,https://detail.tmall.com/item.htm?b_s_f=sycm&b_spm=a21ag.29085015&id=723653768843
206,723653768843,全友旗舰店,全友家居席梦思1米5单人弹簧乳胶床垫国家补贴180x200椰棕硬垫子,670.65,(2)椰岛Nova【Q弹抗扰 轻音舒睡】床垫（21cm厚）,21,47.72,1002.15,1699,5.9折,平台加补后,https://detail.tmall.com/item.htm?b_s_f=sycm&b_spm=a21ag.29085015&id=723653768843
206,723653768843,全友旗舰店,全友家居席梦思1米5单人弹簧乳胶床垫国家补贴180x200椰棕硬垫子,670.65,(3)椰岛0胶·Pro【洁净升级 舒适护脊】床垫（20cm厚）,20,38.63,772.65,1313,5.9折,平台加补后,https://detail.tmall.com/item.htm?b_s_f=sycm&b_spm=a21ag.29085015&id=723653768843
206,723653768843,全友旗舰店,全友家居席梦思1米5单人弹簧乳胶床垫国家补贴180x200椰棕硬垫子,670.65,(5)椰岛Max【健康奢享 贴合深睡】床垫（20cm厚）,20,50.11,1002.15,1699,5.9折,平台加补后,https://detail.tmall.com/item.htm?b_s_f=sycm&b_spm=a21ag.29085015&id=723653768843
206,723653768843,全友旗舰店,全友家居席梦思1米5单人弹簧乳胶床垫国家补贴180x200椰棕硬垫子,670.65,(7)椰岛0胶·Slim【小薄垫 高箱床标配】床垫（15cm厚） 万人加购,15,44.71,670.65,1142,5.9折,平台加补后,https://detail.tmall.com/item.htm?b_s_f=sycm&b_spm=a21ag.29085015&id=723653768843
206,723653768843,全友旗舰店,全友家居席梦思1米5单人弹簧乳胶床垫国家补贴180x200椰棕硬垫子,670.65,(8)椰岛0胶·SE【3D黄麻 硬弹支撑】床垫（20cm厚）,20,42.46,849.15,1442,5.9折,平台加补后,https://detail.tmall.com/item.htm?b_s_f=sycm&b_spm=a21ag.29085015&id=723653768843
206,723653768843,全友旗舰店,全友家居席梦思1米5单人弹簧乳胶床垫国家补贴180x200椰棕硬垫子,670.65,(9)椰岛Promax【软硬皆有 双面舒睡】床垫（22cm厚）,22,49.42,1087.15,1842,5.9折,平台加补后,https://detail.tmall.com/item.htm?b_s_f=sycm&b_spm=a21ag.29085015&id=723653768843
206,723653768843,全友旗舰店,全友家居席梦思1米5单人弹簧乳胶床垫国家补贴180x200椰棕硬垫子,670.65,(11)椰岛0胶·Pure【可视窗口 双面可睡】床垫（22cm厚）,22,54.83,1206.15,2042,5.9折,平台加补后,https://detail.tmall.com/item.htm?b_s_f=sycm&b_spm=a21ag.29085015&id=723653768843
207,972902298908,喜临门官方旗舰店,【店播专享】喜临门漾pro床垫记忆绵透气席梦思七区独袋弹簧床垫H,2464.15,漾Pro 【双面睡感/24CM】七区支撑舒爽透气 千人加购,24,102.67,2464.15,3899,6.3折,平台加补后,https://detail.tmall.com/item.htm?b_s_f=sycm&b_spm=a21ag.29085015&id=972902298908
207,972902298908,喜临门官方旗舰店,【店播专享】喜临门漾pro床垫记忆绵透气席梦思七区独袋弹簧床垫H,2464.15,漾Pro+（升级款） 【双睡感/27CM】,27,97.56,2634.15,4099,6.4折,平台加补后,https://detail.tmall.com/item.htm?b_s_f=sycm&b_spm=a21ag.29085015&id=972902298908
208,565920860490,冰兰家居旗舰店,天然椰棕床垫棕垫1.8m1.5米硬黄麻棕含乳胶儿童席梦思可折叠定做,198,F款星愿6cm厚(天然亚麻+护脊白毡棕) 店长主推,6,64.33,386,649,5.9折,平台加补后,https://detail.tmall.com/item.htm?b_s_f=sycm&b_spm=a21ag.29085015&id=565920860490
208,565920860490,冰兰家居旗舰店,天然椰棕床垫棕垫1.8m1.5米硬黄麻棕含乳胶儿童席梦思可折叠定做,198,E款6cm厚(深睡织锦+0胶水3E棕+20年质保) 万人加购,6,33.0,198,385,5.1折,平台加补后,https://detail.tmall.com/item.htm?b_s_f=sycm&b_spm=a21ag.29085015&id=565920860490
208,565920860490,冰兰家居旗舰店,天然椰棕床垫棕垫1.8m1.5米硬黄麻棕含乳胶儿童席梦思可折叠定做,198,B款6cm厚一体(防螨针织+0胶水3E棕),6,34.5,207,395,5.2折,平台加补后,https://detail.tmall.com/item.htm?b_s_f=sycm&b_spm=a21ag.29085015&id=565920860490
208,565920860490,冰兰家居旗舰店,天然椰棕床垫棕垫1.8m1.5米硬黄麻棕含乳胶儿童席梦思可折叠定做,198,B款6cm厚折叠(防螨针织+0胶水3E棕),6,34.5,207,395,5.2折,平台加补后,https://detail.tmall.com/item.htm?b_s_f=sycm&b_spm=a21ag.29085015&id=565920860490
208,565920860490,冰兰家居旗舰店,天然椰棕床垫棕垫1.8m1.5米硬黄麻棕含乳胶儿童席梦思可折叠定做,198,B款8cm厚(防螨针织+0胶水3E棕)一体/折叠 可选,8,34.5,276,485,5.7折,平台加补后,https://detail.tmall.com/item.htm?b_s_f=sycm&b_spm=a21ag.29085015&id=565920860490
208,565920860490,冰兰家居旗舰店,天然椰棕床垫棕垫1.8m1.5米硬黄麻棕含乳胶儿童席梦思可折叠定做,198,B款10cm厚(防螨针织+0胶水3E棕)一体/折叠 可选,10,36.5,365,625,5.8折,平台加补后,https://detail.tmall.com/item.htm?b_s_f=sycm&b_spm=a21ag.29085015&id=565920860490
208,565920860490,冰兰家居旗舰店,天然椰棕床垫棕垫1.8m1.5米硬黄麻棕含乳胶儿童席梦思可折叠定做,198,B款7cm厚(防螨针织+1cm乳胶+0胶水3E棕)一体/折叠 可选,7,40.14,281,490,5.7折,平台加补后,https://detail.tmall.com/item.htm?b_s_f=sycm&b_spm=a21ag.29085015&id=565920860490
208,565920860490,冰兰家居旗舰店,天然椰棕床垫棕垫1.8m1.5米硬黄麻棕含乳胶儿童席梦思可折叠定做,198,B款8cm厚(防螨针织+2cm高弹棉+0胶水3E棕)一体/折叠 可选,8,35.25,282,492,5.7折,平台加补后,https://detail.tmall.com/item.htm?b_s_f=sycm&b_spm=a21ag.29085015&id=565920860490
208,565920860490,冰兰家居旗舰店,天然椰棕床垫棕垫1.8m1.5米硬黄麻棕含乳胶儿童席梦思可折叠定做,198,B款9cm厚(防螨针织+1cm乳胶+0胶水3E棕)一体/折叠 可选,9,37.56,338,595,5.7折,平台加补后,https://detail.tmall.com/item.htm?b_s_f=sycm&b_spm=a21ag.29085015&id=565920860490
208,565920860490,冰兰家居旗舰店,天然椰棕床垫棕垫1.8m1.5米硬黄麻棕含乳胶儿童席梦思可折叠定做,198,B款10cm厚(防螨针织+2cm乳胶+0胶水3E棕)一体/折叠 可选,10,42.6,426,695,6.1折,平台加补后,https://detail.tmall.com/item.htm?b_s_f=sycm&b_spm=a21ag.29085015&id=565920860490
208,565920860490,冰兰家居旗舰店,天然椰棕床垫棕垫1.8m1.5米硬黄麻棕含乳胶儿童席梦思可折叠定做,198,B款10cm厚(防螨针织+2cm高弹棉+0胶水3E棕)一体/折叠 可选,10,36.7,367,628,5.8折,平台加补后,https://detail.tmall.com/item.htm?b_s_f=sycm&b_spm=a21ag.29085015&id=565920860490
208,565920860490,冰兰家居旗舰店,天然椰棕床垫棕垫1.8m1.5米硬黄麻棕含乳胶儿童席梦思可折叠定做,198,F款星愿8cm厚(天然亚麻+护脊白毡棕),8,58.38,467,741,6.3折,平台加补后,https://detail.tmall.com/item.htm?b_s_f=sycm&b_spm=a21ag.29085015&id=565920860490
208,565920860490,冰兰家居旗舰店,天然椰棕床垫棕垫1.8m1.5米硬黄麻棕含乳胶儿童席梦思可折叠定做,198,F款星愿8cm厚(天然亚麻+护脊白毡棕+2cm乳胶),8,64.5,516,797,6.5折,平台加补后,https://detail.tmall.com/item.htm?b_s_f=sycm&b_spm=a21ag.29085015&id=565920860490
208,565920860490,冰兰家居旗舰店,天然椰棕床垫棕垫1.8m1.5米硬黄麻棕含乳胶儿童席梦思可折叠定做,198,F款星愿10cm厚(天然亚麻+护脊白毡棕),10,55.6,556,848,6.6折,平台加补后,https://detail.tmall.com/item.htm?b_s_f=sycm&b_spm=a21ag.29085015&id=565920860490
208,565920860490,冰兰家居旗舰店,天然椰棕床垫棕垫1.8m1.5米硬黄麻棕含乳胶儿童席梦思可折叠定做,198,F款星愿10cm厚(天然亚麻+护脊白毡棕+2cm乳胶),10,60.5,605,904,6.7折,平台加补后,https://detail.tmall.com/item.htm?b_s_f=sycm&b_spm=a21ag.29085015&id=565920860490
208,565920860490,冰兰家居旗舰店,天然椰棕床垫棕垫1.8m1.5米硬黄麻棕含乳胶儿童席梦思可折叠定做,198,F款星愿15cm厚(天然亚麻+护脊白毡棕+2cm高弹棉),15,52.27,784,1113,7.0折,平台加补后,https://detail.tmall.com/item.htm?b_s_f=sycm&b_spm=a21ag.29085015&id=565920860490
208,565920860490,冰兰家居旗舰店,天然椰棕床垫棕垫1.8m1.5米硬黄麻棕含乳胶儿童席梦思可折叠定做,198,F款星愿18cm厚(天然亚麻+护脊白毡棕+2cm高弹棉),18,50.83,915,1262,7.3折,平台加补后,https://detail.tmall.com/item.htm?b_s_f=sycm&b_spm=a21ag.29085015&id=565920860490
208,565920860490,冰兰家居旗舰店,天然椰棕床垫棕垫1.8m1.5米硬黄麻棕含乳胶儿童席梦思可折叠定做,198,F款星愿20cm厚(天然亚麻+护脊白毡棕+2cm高弹棉),20,50.1,1002,1361,7.4折,平台加补后,https://detail.tmall.com/item.htm?b_s_f=sycm&b_spm=a21ag.29085015&id=565920860490
208,565920860490,冰兰家居旗舰店,天然椰棕床垫棕垫1.8m1.5米硬黄麻棕含乳胶儿童席梦思可折叠定做,198,D款6cm厚(经典织棉+0胶水3E棕+20年质保)一体/折叠 可选,6,33.0,198,385,5.1折,平台加补后,https://detail.tmall.com/item.htm?b_s_f=sycm&b_spm=a21ag.29085015&id=565920860490
208,565920860490,冰兰家居旗舰店,天然椰棕床垫棕垫1.8m1.5米硬黄麻棕含乳胶儿童席梦思可折叠定做,198,D款7cm厚(经典织棉+1cm乳胶+0胶水3E棕+20年质保)一体/折叠 可选,7,38.86,272,480,5.7折,平台加补后,https://detail.tmall.com/item.htm?b_s_f=sycm&b_spm=a21ag.29085015&id=565920860490
208,565920860490,冰兰家居旗舰店,天然椰棕床垫棕垫1.8m1.5米硬黄麻棕含乳胶儿童席梦思可折叠定做,198,D款8cm厚(经典织棉+2cm竹炭透气棉+0胶水3E棕+20年质保)一体/折叠 可选,8,33.75,270,478,5.6折,平台加补后,https://detail.tmall.com/item.htm?b_s_f=sycm&b_spm=a21ag.29085015&id=565920860490
208,565920860490,冰兰家居旗舰店,天然椰棕床垫棕垫1.8m1.5米硬黄麻棕含乳胶儿童席梦思可折叠定做,198,D款10cm厚(经典织棉+2cm竹炭透气棉+0胶水3E棕+20年质保)一体/折叠 可选,10,35.2,352,611,5.8折,平台加补后,https://detail.tmall.com/item.htm?b_s_f=sycm&b_spm=a21ag.29085015&id=565920860490
208,565920860490,冰兰家居旗舰店,天然椰棕床垫棕垫1.8m1.5米硬黄麻棕含乳胶儿童席梦思可折叠定做,198,C款6cm厚(提花针织+护脊白毡棕)一体/折叠 可选,6,60.0,360,620,5.8折,平台加补后,https://detail.tmall.com/item.htm?b_s_f=sycm&b_spm=a21ag.29085015&id=565920860490
208,565920860490,冰兰家居旗舰店,天然椰棕床垫棕垫1.8m1.5米硬黄麻棕含乳胶儿童席梦思可折叠定做,198,C款8cm厚(提花针织+护脊白毡棕)一体/折叠 可选,8,53.62,429,698,6.1折,平台加补后,https://detail.tmall.com/item.htm?b_s_f=sycm&b_spm=a21ag.29085015&id=565920860490
208,565920860490,冰兰家居旗舰店,天然椰棕床垫棕垫1.8m1.5米硬黄麻棕含乳胶儿童席梦思可折叠定做,198,C款8cm厚(提花针织+护脊白毡棕+2cm乳胶)一体/折叠 可选,8,70.5,564,857,6.6折,平台加补后,https://detail.tmall.com/item.htm?b_s_f=sycm&b_spm=a21ag.29085015&id=565920860490
208,565920860490,冰兰家居旗舰店,天然椰棕床垫棕垫1.8m1.5米硬黄麻棕含乳胶儿童席梦思可折叠定做,198,C款10cm厚(提花针织+护脊白毡棕)一体/折叠 可选,10,50.6,506,786,6.4折,平台加补后,https://detail.tmall.com/item.htm?b_s_f=sycm&b_spm=a21ag.29085015&id=565920860490
208,565920860490,冰兰家居旗舰店,天然椰棕床垫棕垫1.8m1.5米硬黄麻棕含乳胶儿童席梦思可折叠定做,198,C款10cm厚(提花针织+护脊白毡棕+2cm乳胶)一体/折叠 可选,10,63.2,632,935,6.8折,平台加补后,https://detail.tmall.com/item.htm?b_s_f=sycm&b_spm=a21ag.29085015&id=565920860490
208,565920860490,冰兰家居旗舰店,天然椰棕床垫棕垫1.8m1.5米硬黄麻棕含乳胶儿童席梦思可折叠定做,198,C款12cm厚(提花针织+护脊白毡棕+2cm乳胶)一体/折叠 可选,12,60.92,731,1053,6.9折,平台加补后,https://detail.tmall.com/item.htm?b_s_f=sycm&b_spm=a21ag.29085015&id=565920860490
208,565920860490,冰兰家居旗舰店,天然椰棕床垫棕垫1.8m1.5米硬黄麻棕含乳胶儿童席梦思可折叠定做,198,G款星愿6cm厚(天然亚麻+S型护脊黄麻),6,91.83,551,843,6.5折,平台加补后,https://detail.tmall.com/item.htm?b_s_f=sycm&b_spm=a21ag.29085015&id=565920860490
208,565920860490,冰兰家居旗舰店,天然椰棕床垫棕垫1.8m1.5米硬黄麻棕含乳胶儿童席梦思可折叠定做,198,G款星愿8cm厚(天然亚麻+S型护脊黄麻),8,92.38,739,1062,7.0折,平台加补后,https://detail.tmall.com/item.htm?b_s_f=sycm&b_spm=a21ag.29085015&id=565920860490
208,565920860490,冰兰家居旗舰店,天然椰棕床垫棕垫1.8m1.5米硬黄麻棕含乳胶儿童席梦思可折叠定做,198,G款星愿8cm厚(天然亚麻+S型护脊黄麻+2cm乳胶),8,89.38,715,1035,6.9折,平台加补后,https://detail.tmall.com/item.htm?b_s_f=sycm&b_spm=a21ag.29085015&id=565920860490
208,565920860490,冰兰家居旗舰店,天然椰棕床垫棕垫1.8m1.5米硬黄麻棕含乳胶儿童席梦思可折叠定做,198,G款星愿10cm厚(天然亚麻+S型护脊黄麻),10,90.5,905,1250,7.2折,平台加补后,https://detail.tmall.com/item.htm?b_s_f=sycm&b_spm=a21ag.29085015&id=565920860490
208,565920860490,冰兰家居旗舰店,天然椰棕床垫棕垫1.8m1.5米硬黄麻棕含乳胶儿童席梦思可折叠定做,198,G款星愿10cm厚(天然亚麻+S型护脊黄麻+2cm乳胶),10,88.5,885,1228,7.2折,平台加补后,https://detail.tmall.com/item.htm?b_s_f=sycm&b_spm=a21ag.29085015&id=565920860490
209,839290903241,西屋家居旗舰店,西屋M2PRO电动床加硬三分区护腰床垫多功能家用卧室智能床,6998.9,1800mm*2000mm 标准配置款,,,6998.9,12999,5.4折,平台加补后,https://detail.tmall.com/item.htm?b_s_f=sycm&b_spm=a21ag.29085015&id=839290903241
210,913038445756,慕思官方旗舰店,【小黑盒】慕思今晚慕思集团品牌床垫独立弹簧不塌边压缩乳胶,2923.12,1.0小黑盒pro(平包包装)【偏硬/23cm】天然乳胶+三区独立筒-MJW1-018,23,127.09,2923.12,5087.12,5.7折,平台加补后,https://detail.tmall.com/item.htm?b_s_f=sycm&b_spm=a21ag.29085015&id=913038445756
210,913038445756,慕思官方旗舰店,【小黑盒】慕思今晚慕思集团品牌床垫独立弹簧不塌边压缩乳胶,2923.12,2.0小黑盒基础款(卷包包装)【偏软/24cm】凝胶记忆棉-MJW1-014,24,122.0,2928.02,5092.02,5.8折,平台加补后,https://detail.tmall.com/item.htm?b_s_f=sycm&b_spm=a21ag.29085015&id=913038445756
210,913038445756,慕思官方旗舰店,【小黑盒】慕思今晚慕思集团品牌床垫独立弹簧不塌边压缩乳胶,2923.12,2.0小黑盒升级款(卷包包装)【软硬适中/25cm】天然乳胶+加厚云垫层-MJW1-014,25,128.88,3222.02,5386.02,6.0折,平台加补后,https://detail.tmall.com/item.htm?b_s_f=sycm&b_spm=a21ag.29085015&id=913038445756
210,913038445756,慕思官方旗舰店,【小黑盒】慕思今晚慕思集团品牌床垫独立弹簧不塌边压缩乳胶,2923.12,2.0小黑盒pro(卷包包装)【偏硬/23cm】天然乳胶+三区独立筒-MJW1-018 万人加购,23,139.87,3217.12,5381.12,6.0折,平台加补后,https://detail.tmall.com/item.htm?b_s_f=sycm&b_spm=a21ag.29085015&id=913038445756
210,913038445756,慕思官方旗舰店,【小黑盒】慕思今晚慕思集团品牌床垫独立弹簧不塌边压缩乳胶,2923.12,2.0小黑盒豪华款(卷包包装)【软硬适中/24cm】0胶水+凝胶记忆棉+手工固定-MJW1-023,24,171.0,4104.02,6268.02,6.5折,平台加补后,https://detail.tmall.com/item.htm?b_s_f=sycm&b_spm=a21ag.29085015&id=913038445756
211,976965979179,床垫工厂企业店,压缩盒子卷包独立袋装弹簧床垫超软记忆棉床垫软床垫家用双人床垫,325.23,白色【独立袋装弹簧】20cm卷包发货,20,16.75,334.96,704,4.8折,平台加补后,https://detail.tmall.com/item.htm?b_s_f=sycm&b_spm=a21ag.29085015&id=976965979179
211,976965979179,床垫工厂企业店,压缩盒子卷包独立袋装弹簧床垫超软记忆棉床垫软床垫家用双人床垫,325.23,白色【独立袋装弹簧】22cm卷包发货,22,18.28,402.2,730,5.5折,平台加补后,https://detail.tmall.com/item.htm?b_s_f=sycm&b_spm=a21ag.29085015&id=976965979179
211,976965979179,床垫工厂企业店,压缩盒子卷包独立袋装弹簧床垫超软记忆棉床垫软床垫家用双人床垫,325.23,白色【独立袋装弹簧】24cm卷包发货,24,17.99,431.8,770,5.6折,平台加补后,https://detail.tmall.com/item.htm?b_s_f=sycm&b_spm=a21ag.29085015&id=976965979179
211,976965979179,床垫工厂企业店,压缩盒子卷包独立袋装弹簧床垫超软记忆棉床垫软床垫家用双人床垫,325.23,白色【独立袋装弹簧】26cm卷包发货,26,17.75,461.4,810,5.7折,平台加补后,https://detail.tmall.com/item.htm?b_s_f=sycm&b_spm=a21ag.29085015&id=976965979179
211,976965979179,床垫工厂企业店,压缩盒子卷包独立袋装弹簧床垫超软记忆棉床垫软床垫家用双人床垫,325.23,白色【独立袋装弹簧】28cm卷包发货,28,17.91,501.36,864,5.8折,平台加补后,https://detail.tmall.com/item.htm?b_s_f=sycm&b_spm=a21ag.29085015&id=976965979179
211,976965979179,床垫工厂企业店,压缩盒子卷包独立袋装弹簧床垫超软记忆棉床垫软床垫家用双人床垫,325.23,白色【独立袋装弹簧】云垫30cm卷包发货,30,18.34,550.2,930,5.9折,平台加补后,https://detail.tmall.com/item.htm?b_s_f=sycm&b_spm=a21ag.29085015&id=976965979179
211,976965979179,床垫工厂企业店,压缩盒子卷包独立袋装弹簧床垫超软记忆棉床垫软床垫家用双人床垫,325.23,白色【独立袋装弹簧】云垫31cm卷包发货,31,19.35,599.78,997,6.0折,平台加补后,https://detail.tmall.com/item.htm?b_s_f=sycm&b_spm=a21ag.29085015&id=976965979179
211,976965979179,床垫工厂企业店,压缩盒子卷包独立袋装弹簧床垫超软记忆棉床垫软床垫家用双人床垫,325.23,蓝色【独立袋装弹簧】20cm卷包发货 千人加购,20,16.26,325.23,677,4.8折,平台加补后,https://detail.tmall.com/item.htm?b_s_f=sycm&b_spm=a21ag.29085015&id=976965979179
211,976965979179,床垫工厂企业店,压缩盒子卷包独立袋装弹簧床垫超软记忆棉床垫软床垫家用双人床垫,325.23,蓝色【独立袋装弹簧】22cm卷包发货,22,17.41,382.96,704,5.4折,平台加补后,https://detail.tmall.com/item.htm?b_s_f=sycm&b_spm=a21ag.29085015&id=976965979179
211,976965979179,床垫工厂企业店,压缩盒子卷包独立袋装弹簧床垫超软记忆棉床垫软床垫家用双人床垫,325.23,蓝色【独立袋装弹簧】24cm卷包发货,24,17.19,412.56,744,5.5折,平台加补后,https://detail.tmall.com/item.htm?b_s_f=sycm&b_spm=a21ag.29085015&id=976965979179
211,976965979179,床垫工厂企业店,压缩盒子卷包独立袋装弹簧床垫超软记忆棉床垫软床垫家用双人床垫,325.23,蓝色【独立袋装弹簧】26cm卷包发货,26,17.01,442.16,784,5.6折,平台加补后,https://detail.tmall.com/item.htm?b_s_f=sycm&b_spm=a21ag.29085015&id=976965979179
211,976965979179,床垫工厂企业店,压缩盒子卷包独立袋装弹簧床垫超软记忆棉床垫软床垫家用双人床垫,325.23,蓝色【独立袋装弹簧】28cm卷包发货,28,17.19,481.38,837,5.8折,平台加补后,https://detail.tmall.com/item.htm?b_s_f=sycm&b_spm=a21ag.29085015&id=976965979179
211,976965979179,床垫工厂企业店,压缩盒子卷包独立袋装弹簧床垫超软记忆棉床垫软床垫家用双人床垫,325.23,蓝色【独立袋装弹簧】云垫30cm卷包发货,30,17.7,530.96,904,5.9折,平台加补后,https://detail.tmall.com/item.htm?b_s_f=sycm&b_spm=a21ag.29085015&id=976965979179
211,976965979179,床垫工厂企业店,压缩盒子卷包独立袋装弹簧床垫超软记忆棉床垫软床垫家用双人床垫,325.23,蓝色【独立袋装弹簧】云垫31cm卷包发货,31,18.7,579.8,970,6.0折,平台加补后,https://detail.tmall.com/item.htm?b_s_f=sycm&b_spm=a21ag.29085015&id=976965979179
212,16404377476,苏老伯乳胶 18年宝藏老店,苏老伯乳胶床垫5cm厚泰国天然橡胶家用卧室宿舍软薄垫榻榻米定制,596,✅4代推广价【5CM】【中检溯源】泰国原装进口鲜胶系列【95D柔韧】配防氧化内,5,197.64,988.2,1171.2,8.4折,平台加补后,https://detail.tmall.com/item.htm?b_s_f=sycm&b_spm=a21ag.29085015&id=16404377476
212,16404377476,苏老伯乳胶 18年宝藏老店,苏老伯乳胶床垫5cm厚泰国天然橡胶家用卧室宿舍软薄垫榻榻米定制,596,✅4代推广价【7.5CM】【中检溯源】泰国原装进口鲜胶系列【95D柔韧】配防氧化内,7.5,197.26,1479.44,1735.44,8.5折,平台加补后,https://detail.tmall.com/item.htm?b_s_f=sycm&b_spm=a21ag.29085015&id=16404377476
212,16404377476,苏老伯乳胶 18年宝藏老店,苏老伯乳胶床垫5cm厚泰国天然橡胶家用卧室宿舍软薄垫榻榻米定制,596,✅4代推广价【10CM】【中检溯源】泰国原装进口鲜胶系列【95D柔韧】配防氧化内,10,188.9,1888.97,2251.97,8.4折,平台加补后,https://detail.tmall.com/item.htm?b_s_f=sycm&b_spm=a21ag.29085015&id=16404377476
212,16404377476,苏老伯乳胶 18年宝藏老店,苏老伯乳胶床垫5cm厚泰国天然橡胶家用卧室宿舍软薄垫榻榻米定制,596,【3.6代·七区款】5cm厚【适中85D】A类内外套●欧标甲醛检测 防伪钢膜,5,161.89,809.44,954.44,8.5折,平台加补后,https://detail.tmall.com/item.htm?b_s_f=sycm&b_spm=a21ag.29085015&id=16404377476
212,16404377476,苏老伯乳胶 18年宝藏老店,苏老伯乳胶床垫5cm厚泰国天然橡胶家用卧室宿舍软薄垫榻榻米定制,596,【3.6代·七区款】7.5cm厚【适中85D】A类内外套●欧标甲醛检测 防伪钢膜,7.5,145.74,1093.03,1291.03,8.5折,平台加补后,https://detail.tmall.com/item.htm?b_s_f=sycm&b_spm=a21ag.29085015&id=16404377476
212,16404377476,苏老伯乳胶 18年宝藏老店,苏老伯乳胶床垫5cm厚泰国天然橡胶家用卧室宿舍软薄垫榻榻米定制,596,【3.6代·七区款】10cm厚【柔软85D】A类内外套●欧标甲醛检测,10,138.01,1380.13,1621.13,8.5折,平台加补后,https://detail.tmall.com/item.htm?b_s_f=sycm&b_spm=a21ag.29085015&id=16404377476
212,16404377476,苏老伯乳胶 18年宝藏老店,苏老伯乳胶床垫5cm厚泰国天然橡胶家用卧室宿舍软薄垫榻榻米定制,596,⭐新品【3.6代·七区款】5cm厚【柔韧95D1】A类内外套●欧标甲醛检测 防伪钢膜,5,161.89,809.44,954.44,8.5折,平台加补后,https://detail.tmall.com/item.htm?b_s_f=sycm&b_spm=a21ag.29085015&id=16404377476
212,16404377476,苏老伯乳胶 18年宝藏老店,苏老伯乳胶床垫5cm厚泰国天然橡胶家用卧室宿舍软薄垫榻榻米定制,596,⭐新品【3.6代·七区款】7.5cm厚【柔韧95D1】A类内外套●欧标甲醛检测 防伪钢膜,7.5,145.74,1093.03,1291.03,8.5折,平台加补后,https://detail.tmall.com/item.htm?b_s_f=sycm&b_spm=a21ag.29085015&id=16404377476
212,16404377476,苏老伯乳胶 18年宝藏老店,苏老伯乳胶床垫5cm厚泰国天然橡胶家用卧室宿舍软薄垫榻榻米定制,596,⭐新品【3.6代·七区款】10cm厚【略硬95D】A类内外套●欧标甲醛检测 防伪钢膜,10,167.4,1673.99,2004.99,8.3折,平台加补后,https://detail.tmall.com/item.htm?b_s_f=sycm&b_spm=a21ag.29085015&id=16404377476
212,16404377476,苏老伯乳胶 18年宝藏老店,苏老伯乳胶床垫5cm厚泰国天然橡胶家用卧室宿舍软薄垫榻榻米定制,596,【3.6代】5cm厚【强韧护脊100D】 A类内外套●欧标甲醛检测 防伪钢膜,5,191.32,956.6,1134.6,8.4折,平台加补后,https://detail.tmall.com/item.htm?b_s_f=sycm&b_spm=a21ag.29085015&id=16404377476
212,16404377476,苏老伯乳胶 18年宝藏老店,苏老伯乳胶床垫5cm厚泰国天然橡胶家用卧室宿舍软薄垫榻榻米定制,596,【3.6代】7.5cm厚【强韧护脊100D】 A类内外套●欧标甲醛检测 防伪钢膜,7.5,164.0,1229.99,1448.99,8.5折,平台加补后,https://detail.tmall.com/item.htm?b_s_f=sycm&b_spm=a21ag.29085015&id=16404377476
212,16404377476,苏老伯乳胶 18年宝藏老店,苏老伯乳胶床垫5cm厚泰国天然橡胶家用卧室宿舍软薄垫榻榻米定制,596,【4.3代·泰国联合款】5cm【适中85D】【德国LGA+双重防氧化】A类防螨内外 防伪钢膜,5,201.82,1009.11,1195.11,8.4折,平台加补后,https://detail.tmall.com/item.htm?b_s_f=sycm&b_spm=a21ag.29085015&id=16404377476
212,16404377476,苏老伯乳胶 18年宝藏老店,苏老伯乳胶床垫5cm厚泰国天然橡胶家用卧室宿舍软薄垫榻榻米定制,596,【4.3代·泰国联合款】7.5cm【适中85D】【德国LGA+双防氧化】A类防螨内外 防伪钢膜,7.5,187.0,1402.48,1647.48,8.5折,平台加补后,https://detail.tmall.com/item.htm?b_s_f=sycm&b_spm=a21ag.29085015&id=16404377476
212,16404377476,苏老伯乳胶 18年宝藏老店,苏老伯乳胶床垫5cm厚泰国天然橡胶家用卧室宿舍软薄垫榻榻米定制,596,【4.3代·泰国联合款】5cm【略硬95D】【德国LGA+双重防氧化】A类防螨内外 防伪钢膜,5,230.4,1152,1359,8.5折,平台加补后,https://detail.tmall.com/item.htm?b_s_f=sycm&b_spm=a21ag.29085015&id=16404377476
212,16404377476,苏老伯乳胶 18年宝藏老店,苏老伯乳胶床垫5cm厚泰国天然橡胶家用卧室宿舍软薄垫榻榻米定制,596,【4.3代·泰国联合款】7.5cm【略硬95D】【德国LGA+双防氧化】A类防螨内外 防伪钢膜,7.5,211.6,1587,1859,8.5折,平台加补后,https://detail.tmall.com/item.htm?b_s_f=sycm&b_spm=a21ag.29085015&id=16404377476
212,16404377476,苏老伯乳胶 18年宝藏老店,苏老伯乳胶床垫5cm厚泰国天然橡胶家用卧室宿舍软薄垫榻榻米定制,596,【4.3代·泰国联合款】10cm【略硬95D】【德国LGA+双防氧化】A类防螨内外 防伪钢膜,10,207.1,2070.99,2461.99,8.4折,平台加补后,https://detail.tmall.com/item.htm?b_s_f=sycm&b_spm=a21ag.29085015&id=16404377476
212,16404377476,苏老伯乳胶 18年宝藏老店,苏老伯乳胶床垫5cm厚泰国天然橡胶家用卧室宿舍软薄垫榻榻米定制,596,【3.8代】3cm厚【95D柔韧】【防氧化内套】德国LGA认证,3,198.67,596,709,8.4折,平台加补后,https://detail.tmall.com/item.htm?b_s_f=sycm&b_spm=a21ag.29085015&id=16404377476
212,16404377476,苏老伯乳胶 18年宝藏老店,苏老伯乳胶床垫5cm厚泰国天然橡胶家用卧室宿舍软薄垫榻榻米定制,596,【3.8代】5cm厚【柔韧95D1】【A类防氧化内外套】欧标甲醛认证,5,192.68,963.4,1142.4,8.4折,平台加补后,https://detail.tmall.com/item.htm?b_s_f=sycm&b_spm=a21ag.29085015&id=16404377476
212,16404377476,苏老伯乳胶 18年宝藏老店,苏老伯乳胶床垫5cm厚泰国天然橡胶家用卧室宿舍软薄垫榻榻米定制,596,【3.8代】7.5cm厚【柔韧95D1】【A类防氧化内外套】欧标甲醛认证,7.5,181.1,1358.24,1596.24,8.5折,平台加补后,https://detail.tmall.com/item.htm?b_s_f=sycm&b_spm=a21ag.29085015&id=16404377476
212,16404377476,苏老伯乳胶 18年宝藏老店,苏老伯乳胶床垫5cm厚泰国天然橡胶家用卧室宿舍软薄垫榻榻米定制,596,【3.8代】5cm厚【强韧护脊100D】【A类防氧化内外套】欧标甲醛认证,5,216.02,1080.12,1276.12,8.5折,平台加补后,https://detail.tmall.com/item.htm?b_s_f=sycm&b_spm=a21ag.29085015&id=16404377476
212,16404377476,苏老伯乳胶 18年宝藏老店,苏老伯乳胶床垫5cm厚泰国天然橡胶家用卧室宿舍软薄垫榻榻米定制,596,【3.8代】7.5cm厚【强韧护脊100D】【A类防氧化内外套】欧标甲醛认证,7.5,206.71,1550.31,1817.31,8.5折,平台加补后,https://detail.tmall.com/item.htm?b_s_f=sycm&b_spm=a21ag.29085015&id=16404377476
212,16404377476,苏老伯乳胶 18年宝藏老店,苏老伯乳胶床垫5cm厚泰国天然橡胶家用卧室宿舍软薄垫榻榻米定制,596,【4.2代·斯里兰卡原装进口系列】3cm【90D偏硬护脊】 配专业防氧化【A类内外套】,3,344.33,1033,1222,8.5折,平台加补后,https://detail.tmall.com/item.htm?b_s_f=sycm&b_spm=a21ag.29085015&id=16404377476
212,16404377476,苏老伯乳胶 18年宝藏老店,苏老伯乳胶床垫5cm厚泰国天然橡胶家用卧室宿舍软薄垫榻榻米定制,596,【5代·Heytalalay系列】厚3cm【90D特拉雷工艺】 配专业防氧化【A类内外套】,3,344.32,1032.95,1221.95,8.5折,平台加补后,https://detail.tmall.com/item.htm?b_s_f=sycm&b_spm=a21ag.29085015&id=16404377476
213,1062245461233,眠博士家居,席梦思弹簧床垫抗菌防螨不塌陷亲肤透气卧室家用五星级酒店卷包垫,314,山羊绒豪华弹簧款20cm +静音弹簧（卷包发货）,20,15.7,314,370,8.5折,平台加补后,https://detail.tmall.com/item.htm?b_s_f=sycm&b_spm=a21ag.29085015&id=1062245461233
213,1062245461233,眠博士家居,席梦思弹簧床垫抗菌防螨不塌陷亲肤透气卧室家用五星级酒店卷包垫,314,山羊绒豪华弹簧款22cm+静音弹簧（卷包发货） 千人加购,22,14.73,324,382,8.5折,平台加补后,https://detail.tmall.com/item.htm?b_s_f=sycm&b_spm=a21ag.29085015&id=1062245461233
214,819134649416,林氏家居官方旗舰店,林氏家居官方黄麻棕榈床垫加硬神器榻榻米薄椰棕180x200硬垫护脊,468.6,(1) 经典【椰棕】净味棕 硬感护脊|5cm,5,93.72,468.6,680,6.9折,平台加补后,https://detail.tmall.com/item.htm?b_s_f=sycm&b_spm=a21ag.29085015&id=819134649416
214,819134649416,林氏家居官方旗舰店,林氏家居官方黄麻棕榈床垫加硬神器榻榻米薄椰棕180x200硬垫护脊,468.6,(2) 经典 加厚【椰棕】硬支撑 更舒展|8cm,8,71.91,575.28,834,6.9折,平台加补后,https://detail.tmall.com/item.htm?b_s_f=sycm&b_spm=a21ag.29085015&id=819134649416
214,819134649416,林氏家居官方旗舰店,林氏家居官方黄麻棕榈床垫加硬神器榻榻米薄椰棕180x200硬垫护脊,468.6,(3) 2.0Pro【黄麻棕】内外抑菌|自带固定带|5cm,5,93.72,468.6,680,6.9折,平台加补后,https://detail.tmall.com/item.htm?b_s_f=sycm&b_spm=a21ag.29085015&id=819134649416
214,819134649416,林氏家居官方旗舰店,林氏家居官方黄麻棕榈床垫加硬神器榻榻米薄椰棕180x200硬垫护脊,468.6,(4) 3.0Pro【儿童标准黄麻棕】透气不闷汗 硬弹护脊|5cm,5,117.38,586.92,851,6.9折,平台加补后,https://detail.tmall.com/item.htm?b_s_f=sycm&b_spm=a21ag.29085015&id=819134649416
214,819134649416,林氏家居官方旗舰店,林氏家居官方黄麻棕榈床垫加硬神器榻榻米薄椰棕180x200硬垫护脊,468.6,(5) 4.0Pro【S型黄麻】植物弹性护脊 腰背有支撑|可拆洗|4cm,4,186.82,747.28,1084,6.9折,平台加补后,https://detail.tmall.com/item.htm?b_s_f=sycm&b_spm=a21ag.29085015&id=819134649416
214,819134649416,林氏家居官方旗舰店,林氏家居官方黄麻棕榈床垫加硬神器榻榻米薄椰棕180x200硬垫护脊,468.6,(6) 4.0Pro+【S型黄麻】植物弹性护脊 乳胶自然防螨|可拆洗|5cm,5,199.46,997.32,1446,6.9折,平台加补后,https://detail.tmall.com/item.htm?b_s_f=sycm&b_spm=a21ag.29085015&id=819134649416
215,1049445873403,梦百合官方旗舰店,梦百合记忆棉深睡床垫学生宿舍单人榻榻米租房专用软垫床褥垫子,518.5,深睡薄垫(6cm)-【外套可拆洗】,6,86.42,518.5,1088,4.8折,平台加补后,https://detail.tmall.com/item.htm?b_s_f=sycm&b_spm=a21ag.29085015&id=1049445873403
216,606697058294,全友旗舰店,全友家居卧室家用天然椰棕床垫180x200弹簧护脊黄麻床垫硬垫子,670.65,(1)椰岛0胶【经典护脊 双效支撑】床垫（21cm厚）,21,36.79,772.65,1313,5.9折,平台加补后,https://detail.tmall.com/item.htm?b_s_f=sycm&b_spm=a21ag.29085015&id=606697058294
216,606697058294,全友旗舰店,全友家居卧室家用天然椰棕床垫180x200弹簧护脊黄麻床垫硬垫子,670.65,(2)椰岛0胶·SE【3D黄麻 硬弹支撑】床垫（20cm厚）,20,42.46,849.15,1442,5.9折,平台加补后,https://detail.tmall.com/item.htm?b_s_f=sycm&b_spm=a21ag.29085015&id=606697058294
216,606697058294,全友旗舰店,全友家居卧室家用天然椰棕床垫180x200弹簧护脊黄麻床垫硬垫子,670.65,(3)椰岛Nova【Q弹抗扰 轻音舒睡】床垫（21cm厚）,21,47.72,1002.15,1699,5.9折,平台加补后,https://detail.tmall.com/item.htm?b_s_f=sycm&b_spm=a21ag.29085015&id=606697058294
216,606697058294,全友旗舰店,全友家居卧室家用天然椰棕床垫180x200弹簧护脊黄麻床垫硬垫子,670.65,(4)椰岛0胶·Slim【小薄垫 高箱床标配】床垫（15cm厚） 万人加购,15,44.71,670.65,1142,5.9折,平台加补后,https://detail.tmall.com/item.htm?b_s_f=sycm&b_spm=a21ag.29085015&id=606697058294
216,606697058294,全友旗舰店,全友家居卧室家用天然椰棕床垫180x200弹簧护脊黄麻床垫硬垫子,670.65,(5)椰岛0胶·Pro【洁净升级 舒适护脊】床垫（20cm厚）,20,38.63,772.65,1313,5.9折,平台加补后,https://detail.tmall.com/item.htm?b_s_f=sycm&b_spm=a21ag.29085015&id=606697058294
216,606697058294,全友旗舰店,全友家居卧室家用天然椰棕床垫180x200弹簧护脊黄麻床垫硬垫子,670.65,(7)椰岛Max【健康奢享 贴合深睡】床垫（20cm厚）,20,50.11,1002.15,1699,5.9折,平台加补后,https://detail.tmall.com/item.htm?b_s_f=sycm&b_spm=a21ag.29085015&id=606697058294
216,606697058294,全友旗舰店,全友家居卧室家用天然椰棕床垫180x200弹簧护脊黄麻床垫硬垫子,670.65,(9)椰岛Promax【软硬皆有 双面舒睡】床垫（22cm厚）,22,49.42,1087.15,1842,5.9折,平台加补后,https://detail.tmall.com/item.htm?b_s_f=sycm&b_spm=a21ag.29085015&id=606697058294
216,606697058294,全友旗舰店,全友家居卧室家用天然椰棕床垫180x200弹簧护脊黄麻床垫硬垫子,670.65,(11)椰岛0胶·Pure【可视窗口 双面可睡】床垫（22cm厚）,22,54.83,1206.15,2042,5.9折,平台加补后,https://detail.tmall.com/item.htm?b_s_f=sycm&b_spm=a21ag.29085015&id=606697058294
217,566730329475,海马亦言床垫企业店,海马亦言国家补贴独立弹簧床垫席梦思椰棕20CM厚家用卧室乳胶软垫,687.65,经济款：精钢弹簧+硬质棉+羊绒 厚度约20CM H贝丝 店长主推,20,34.38,687.65,965,7.1折,平台加补后,https://detail.tmall.com/item.htm?b_s_f=sycm&b_spm=a21ag.29085015&id=566730329475
217,566730329475,海马亦言床垫企业店,海马亦言国家补贴独立弹簧床垫席梦思椰棕20CM厚家用卧室乳胶软垫,687.65,护脊款：3E椰棕+精钢+羊绒 厚度约22CM H贝丝 万人加购,22,36.12,794.75,1143,7.0折,平台加补后,https://detail.tmall.com/item.htm?b_s_f=sycm&b_spm=a21ag.29085015&id=566730329475
217,566730329475,海马亦言床垫企业店,海马亦言国家补贴独立弹簧床垫席梦思椰棕20CM厚家用卧室乳胶软垫,687.65,柔软款；泰国乳胶+独立弹簧 厚度约22CM H贝丝,22,43.85,964.75,1370,7.0折,平台加补后,https://detail.tmall.com/item.htm?b_s_f=sycm&b_spm=a21ag.29085015&id=566730329475
217,566730329475,海马亦言床垫企业店,海马亦言国家补贴独立弹簧床垫席梦思椰棕20CM厚家用卧室乳胶软垫,687.65,软硬适中：乳胶+3E椰棕+独立弹簧 厚度约23CM H贝丝,23,45.79,1053.15,1488,7.1折,平台加补后,https://detail.tmall.com/item.htm?b_s_f=sycm&b_spm=a21ag.29085015&id=566730329475
217,566730329475,海马亦言床垫企业店,海马亦言国家补贴独立弹簧床垫席梦思椰棕20CM厚家用卧室乳胶软垫,687.65,升级经济款：加固独立弹簧+舒适棉+防螨面料 厚度约20CM HA5,20,48.66,973.25,1381,7.0折,平台加补后,https://detail.tmall.com/item.htm?b_s_f=sycm&b_spm=a21ag.29085015&id=566730329475
217,566730329475,海马亦言床垫企业店,海马亦言国家补贴独立弹簧床垫席梦思椰棕20CM厚家用卧室乳胶软垫,687.65,升级护脊款：黄麻棕芯+加固独立弹簧+防螨面料 厚度约22CM HA5,22,48.3,1062.5,1501,7.1折,平台加补后,https://detail.tmall.com/item.htm?b_s_f=sycm&b_spm=a21ag.29085015&id=566730329475
217,566730329475,海马亦言床垫企业店,海马亦言国家补贴独立弹簧床垫席梦思椰棕20CM厚家用卧室乳胶软垫,687.65,升级柔软款：加固独立弹簧+2CM乳胶棉+防螨面料 厚度约22CM HA5,22,55.6,1223.15,1715,7.1折,平台加补后,https://detail.tmall.com/item.htm?b_s_f=sycm&b_spm=a21ag.29085015&id=566730329475
217,566730329475,海马亦言床垫企业店,海马亦言国家补贴独立弹簧床垫席梦思椰棕20CM厚家用卧室乳胶软垫,687.65,升级适中款：2CM乳胶+黄麻棕芯+加固独立弹簧 厚度约24CM HA5,24,53.16,1275.85,1786,7.1折,平台加补后,https://detail.tmall.com/item.htm?b_s_f=sycm&b_spm=a21ag.29085015&id=566730329475
217,566730329475,海马亦言床垫企业店,海马亦言国家补贴独立弹簧床垫席梦思椰棕20CM厚家用卧室乳胶软垫,687.65,升级豪华两用款：3CM乳胶+加固独立弹簧+黄麻棕芯 厚度约25CM HA5,25,54.98,1374.45,1918,7.2折,平台加补后,https://detail.tmall.com/item.htm?b_s_f=sycm&b_spm=a21ag.29085015&id=566730329475
217,566730329475,海马亦言床垫企业店,海马亦言国家补贴独立弹簧床垫席梦思椰棕20CM厚家用卧室乳胶软垫,687.65,豪华款:3CM乳胶+独立弹簧+3E椰棕 厚度约25CM H贝丝,25,47.87,1196.8,1680,7.1折,平台加补后,https://detail.tmall.com/item.htm?b_s_f=sycm&b_spm=a21ag.29085015&id=566730329475
217,566730329475,海马亦言床垫企业店,海马亦言国家补贴独立弹簧床垫席梦思椰棕20CM厚家用卧室乳胶软垫,687.65,软硬两用：泰国乳胶+精钢+3E椰棕 厚度约23CM H贝丝,23,39.21,901.85,1286,7.0折,平台加补后,https://detail.tmall.com/item.htm?b_s_f=sycm&b_spm=a21ag.29085015&id=566730329475
217,566730329475,海马亦言床垫企业店,海马亦言国家补贴独立弹簧床垫席梦思椰棕20CM厚家用卧室乳胶软垫,687.65,高箱两用款：3E棕+独立弹簧+羊绒 厚度约15CM H贝丝,15,61.31,919.7,1310,7.0折,平台加补后,https://detail.tmall.com/item.htm?b_s_f=sycm&b_spm=a21ag.29085015&id=566730329475
217,566730329475,海马亦言床垫企业店,海马亦言国家补贴独立弹簧床垫席梦思椰棕20CM厚家用卧室乳胶软垫,687.65,高箱适中款：乳胶+3E棕+独立弹簧 厚度约15CM H贝丝,15,70.21,1053.15,1488,7.1折,平台加补后,https://detail.tmall.com/item.htm?b_s_f=sycm&b_spm=a21ag.29085015&id=566730329475
218,616342010591,金可儿旗舰店,国家补贴 | 金可儿凝胶弹簧乳胶床垫子 软垫五星酒店官方繁星C,7698.45,繁星C【30cm|5度适中】,30,256.62,7698.45,11947,6.4折,平台加补后,https://detail.tmall.com/item.htm?b_s_f=sycm&b_spm=a21ag.29085015&id=616342010591
218,616342010591,金可儿旗舰店,国家补贴 | 金可儿凝胶弹簧乳胶床垫子 软垫五星酒店官方繁星C,7698.45,繁星C+【32cm/6度适中】,32,240.58,7698.45,11947,6.4折,平台加补后,https://detail.tmall.com/item.htm?b_s_f=sycm&b_spm=a21ag.29085015&id=616342010591
218,616342010591,金可儿旗舰店,国家补贴 | 金可儿凝胶弹簧乳胶床垫子 软垫五星酒店官方繁星C,7698.45,繁星C 搭 繁星床架【魅影黑】,,,11798,17873,6.6折,平台加补后,https://detail.tmall.com/item.htm?b_s_f=sycm&b_spm=a21ag.29085015&id=616342010591
218,616342010591,金可儿旗舰店,国家补贴 | 金可儿凝胶弹簧乳胶床垫子 软垫五星酒店官方繁星C,7698.45,繁星C搭 繁星床架【月球灰】,,,11798,17873,6.6折,平台加补后,https://detail.tmall.com/item.htm?b_s_f=sycm&b_spm=a21ag.29085015&id=616342010591
218,616342010591,金可儿旗舰店,国家补贴 | 金可儿凝胶弹簧乳胶床垫子 软垫五星酒店官方繁星C,7698.45,繁星C+搭繁星床架【魅影黑】,,,11798,17873,6.6折,平台加补后,https://detail.tmall.com/item.htm?b_s_f=sycm&b_spm=a21ag.29085015&id=616342010591
218,616342010591,金可儿旗舰店,国家补贴 | 金可儿凝胶弹簧乳胶床垫子 软垫五星酒店官方繁星C,7698.45,繁星C+搭繁星床架【月球灰】,,,11798,17873,6.6折,平台加补后,https://detail.tmall.com/item.htm?b_s_f=sycm&b_spm=a21ag.29085015&id=616342010591
218,616342010591,金可儿旗舰店,国家补贴 | 金可儿凝胶弹簧乳胶床垫子 软垫五星酒店官方繁星C,7698.45,繁星C+搭繁星床架-带屏耳【魅影黑】,,,12798,19123,6.7折,平台加补后,https://detail.tmall.com/item.htm?b_s_f=sycm&b_spm=a21ag.29085015&id=616342010591
218,616342010591,金可儿旗舰店,国家补贴 | 金可儿凝胶弹簧乳胶床垫子 软垫五星酒店官方繁星C,7698.45,繁星C+搭繁星床架-带屏耳【月球灰】,,,12798,19123,6.7折,平台加补后,https://detail.tmall.com/item.htm?b_s_f=sycm&b_spm=a21ag.29085015&id=616342010591
219,972390075138,喜临门官方旗舰店,【店播专享】喜临门光年护脊3.0床垫席梦思舒脊黄麻独袋弹簧床垫H,1486.65,【店长推荐】光年护脊3.0【单睡感/21CM】超6成用户选Ta☆☆☆,21,70.79,1486.65,2549,5.8折,平台加补后,https://detail.tmall.com/item.htm?b_s_f=sycm&b_spm=a21ag.29085015&id=972390075138
220,916597117478,海德兰床垫品牌店,海德兰乳胶黄麻床垫硬垫子纯天然0胶水护脊儿童家用尺寸可定制,577,A偏硬护脊6CM厚 | 3cm精细S黄麻+防螨针织面料,6,96.17,577,762,7.6折,平台加补后,https://detail.tmall.com/item.htm?b_s_f=sycm&b_spm=a21ag.29085015&id=916597117478
220,916597117478,海德兰床垫品牌店,海德兰乳胶黄麻床垫硬垫子纯天然0胶水护脊儿童家用尺寸可定制,577,A偏硬护脊8CM厚 | 5cm精细S黄麻+防螨针织面料,8,91.75,734,958,7.7折,平台加补后,https://detail.tmall.com/item.htm?b_s_f=sycm&b_spm=a21ag.29085015&id=916597117478
220,916597117478,海德兰床垫品牌店,海德兰乳胶黄麻床垫硬垫子纯天然0胶水护脊儿童家用尺寸可定制,577,A偏硬护脊10CM厚 | 7cm精细S黄麻+防螨针织面料,10,88.4,884,1158,7.6折,平台加补后,https://detail.tmall.com/item.htm?b_s_f=sycm&b_spm=a21ag.29085015&id=916597117478
220,916597117478,海德兰床垫品牌店,海德兰乳胶黄麻床垫硬垫子纯天然0胶水护脊儿童家用尺寸可定制,577,A偏硬护脊12CM厚 | 9cm精细S黄麻+防螨针织面料,12,86.42,1037,1350,7.7折,平台加补后,https://detail.tmall.com/item.htm?b_s_f=sycm&b_spm=a21ag.29085015&id=916597117478
220,916597117478,海德兰床垫品牌店,海德兰乳胶黄麻床垫硬垫子纯天然0胶水护脊儿童家用尺寸可定制,577,A偏硬护脊15CM厚 | 12cm精细S黄麻+防螨针织面料,15,83.4,1251,1625,7.7折,平台加补后,https://detail.tmall.com/item.htm?b_s_f=sycm&b_spm=a21ag.29085015&id=916597117478
220,916597117478,海德兰床垫品牌店,海德兰乳胶黄麻床垫硬垫子纯天然0胶水护脊儿童家用尺寸可定制,577,A偏硬护脊20CM厚 | 17cm精细S黄麻+防螨针织面料,20,83.1,1662,2109,7.9折,平台加补后,https://detail.tmall.com/item.htm?b_s_f=sycm&b_spm=a21ag.29085015&id=916597117478
220,916597117478,海德兰床垫品牌店,海德兰乳胶黄麻床垫硬垫子纯天然0胶水护脊儿童家用尺寸可定制,577,B适中舒压8CM厚 | 2cm舒弹乳胶+3cm精细S黄麻+防螨针织面料,8,103.0,824,1088,7.6折,平台加补后,https://detail.tmall.com/item.htm?b_s_f=sycm&b_spm=a21ag.29085015&id=916597117478
220,916597117478,海德兰床垫品牌店,海德兰乳胶黄麻床垫硬垫子纯天然0胶水护脊儿童家用尺寸可定制,577,B适中舒压10CM厚 | 2cm舒弹乳胶+5cm精细S黄麻+防螨针织面料,10,97.6,976,1278,7.6折,平台加补后,https://detail.tmall.com/item.htm?b_s_f=sycm&b_spm=a21ag.29085015&id=916597117478
220,916597117478,海德兰床垫品牌店,海德兰乳胶黄麻床垫硬垫子纯天然0胶水护脊儿童家用尺寸可定制,577,B适中舒压12CM厚 | 2cm舒弹乳胶+7cm精细S黄麻+防螨针织面料,12,93.83,1126,1455,7.7折,平台加补后,https://detail.tmall.com/item.htm?b_s_f=sycm&b_spm=a21ag.29085015&id=916597117478
220,916597117478,海德兰床垫品牌店,海德兰乳胶黄麻床垫硬垫子纯天然0胶水护脊儿童家用尺寸可定制,577,C悬浮Air透气8CM厚 | 2cm3D纤维+3cm精细S黄麻+防螨针织面料,8,103.0,824,1088,7.6折,平台加补后,https://detail.tmall.com/item.htm?b_s_f=sycm&b_spm=a21ag.29085015&id=916597117478
220,916597117478,海德兰床垫品牌店,海德兰乳胶黄麻床垫硬垫子纯天然0胶水护脊儿童家用尺寸可定制,577,C悬浮Air透气10CM厚 | 2cm3D纤维+5cm精细S黄麻+防螨针织面料,10,97.6,976,1278,7.6折,平台加补后,https://detail.tmall.com/item.htm?b_s_f=sycm&b_spm=a21ag.29085015&id=916597117478
220,916597117478,海德兰床垫品牌店,海德兰乳胶黄麻床垫硬垫子纯天然0胶水护脊儿童家用尺寸可定制,577,C悬浮Air透气12CM厚 | 2cm3D纤维+7cm精细S黄麻+防螨针织面料,12,93.83,1126,1455,7.7折,平台加补后,https://detail.tmall.com/item.htm?b_s_f=sycm&b_spm=a21ag.29085015&id=916597117478
220,916597117478,海德兰床垫品牌店,海德兰乳胶黄麻床垫硬垫子纯天然0胶水护脊儿童家用尺寸可定制,577,（折叠款）A偏硬护脊6CM厚 | 3cm精细S黄麻+防螨针织面料,6,96.17,577,762,7.6折,平台加补后,https://detail.tmall.com/item.htm?b_s_f=sycm&b_spm=a21ag.29085015&id=916597117478
220,916597117478,海德兰床垫品牌店,海德兰乳胶黄麻床垫硬垫子纯天然0胶水护脊儿童家用尺寸可定制,577,（折叠款）A偏硬护脊8CM厚 | 5cm精细S黄麻+防螨针织面料,8,91.75,734,958,7.7折,平台加补后,https://detail.tmall.com/item.htm?b_s_f=sycm&b_spm=a21ag.29085015&id=916597117478
220,916597117478,海德兰床垫品牌店,海德兰乳胶黄麻床垫硬垫子纯天然0胶水护脊儿童家用尺寸可定制,577,（折叠款）A偏硬护脊10CM厚 | 7cm精细S黄麻+防螨针织面料,10,88.4,884,1158,7.6折,平台加补后,https://detail.tmall.com/item.htm?b_s_f=sycm&b_spm=a21ag.29085015&id=916597117478
220,916597117478,海德兰床垫品牌店,海德兰乳胶黄麻床垫硬垫子纯天然0胶水护脊儿童家用尺寸可定制,577,（折叠款）B适中舒压8CM厚 | 2cm舒弹乳胶+3cm精细S黄麻+防螨针织面料,8,103.0,824,1088,7.6折,平台加补后,https://detail.tmall.com/item.htm?b_s_f=sycm&b_spm=a21ag.29085015&id=916597117478
220,916597117478,海德兰床垫品牌店,海德兰乳胶黄麻床垫硬垫子纯天然0胶水护脊儿童家用尺寸可定制,577,（折叠款）B适中舒压10CM厚 | 2cm舒弹乳胶+5cm精细S黄麻+防螨针织面料,10,97.6,976,1278,7.6折,平台加补后,https://detail.tmall.com/item.htm?b_s_f=sycm&b_spm=a21ag.29085015&id=916597117478
220,916597117478,海德兰床垫品牌店,海德兰乳胶黄麻床垫硬垫子纯天然0胶水护脊儿童家用尺寸可定制,577,（折叠款）C悬浮Air透气8CM厚 | 2cm3D纤维+3cm精细S黄麻+防螨针织面料,8,103.0,824,1088,7.6折,平台加补后,https://detail.tmall.com/item.htm?b_s_f=sycm&b_spm=a21ag.29085015&id=916597117478
220,916597117478,海德兰床垫品牌店,海德兰乳胶黄麻床垫硬垫子纯天然0胶水护脊儿童家用尺寸可定制,577,（折叠款）C悬浮Air透气10CM厚 | 2cm3D纤维+5cm精细S黄麻+防螨针织面料,10,97.6,976,1278,7.6折,平台加补后,https://detail.tmall.com/item.htm?b_s_f=sycm&b_spm=a21ag.29085015&id=916597117478
221,946964083572,RL皇室品牌乳胶直销店,泰国乳胶床垫学生宿舍单人榻榻米家用席梦思儿童软垫定制1.8m1.5,421.52,热卖母婴级105D厚度2.5cm 【含量更高】,2.5,168.61,421.52,526.9,8.0折,平台加补后,https://detail.tmall.com/item.htm?b_s_f=sycm&b_spm=a21ag.29085015&id=946964083572
221,946964083572,RL皇室品牌乳胶直销店,泰国乳胶床垫学生宿舍单人榻榻米家用席梦思儿童软垫定制1.8m1.5,421.52,热卖母婴级105D厚度3.5cm 【含量更高】,3.5,138.29,484,605,8.0折,平台加补后,https://detail.tmall.com/item.htm?b_s_f=sycm&b_spm=a21ag.29085015&id=946964083572
221,946964083572,RL皇室品牌乳胶直销店,泰国乳胶床垫学生宿舍单人榻榻米家用席梦思儿童软垫定制1.8m1.5,421.52,热卖母婴级105D厚度5cm 【含量更高】,5,111.34,556.69,702.9,7.9折,平台加补后,https://detail.tmall.com/item.htm?b_s_f=sycm&b_spm=a21ag.29085015&id=946964083572
221,946964083572,RL皇室品牌乳胶直销店,泰国乳胶床垫学生宿舍单人榻榻米家用席梦思儿童软垫定制1.8m1.5,421.52,热卖母婴级105D厚度7.5cm 【含量更高】,7.5,96.1,720.72,900.9,8.0折,平台加补后,https://detail.tmall.com/item.htm?b_s_f=sycm&b_spm=a21ag.29085015&id=946964083572
221,946964083572,RL皇室品牌乳胶直销店,泰国乳胶床垫学生宿舍单人榻榻米家用席梦思儿童软垫定制1.8m1.5,421.52,热卖母婴级105D厚度10cm 【含量更高】,10,91.43,914.32,1142.9,8.0折,平台加补后,https://detail.tmall.com/item.htm?b_s_f=sycm&b_spm=a21ag.29085015&id=946964083572
221,946964083572,RL皇室品牌乳胶直销店,泰国乳胶床垫学生宿舍单人榻榻米家用席梦思儿童软垫定制1.8m1.5,421.52,热卖母婴级105D厚度15cm 【含量更高】,15,89.11,1336.72,1670.9,8.0折,平台加补后,https://detail.tmall.com/item.htm?b_s_f=sycm&b_spm=a21ag.29085015&id=946964083572
221,946964083572,RL皇室品牌乳胶直销店,泰国乳胶床垫学生宿舍单人榻榻米家用席梦思儿童软垫定制1.8m1.5,421.52,新升级石墨烯5cm （喜欢硬度更高拍这个）,5,130.06,650.32,812.9,8.0折,平台加补后,https://detail.tmall.com/item.htm?b_s_f=sycm&b_spm=a21ag.29085015&id=946964083572
221,946964083572,RL皇室品牌乳胶直销店,泰国乳胶床垫学生宿舍单人榻榻米家用席梦思儿童软垫定制1.8m1.5,421.52,新升级石墨烯7.5cm （喜欢硬度更高拍这个）,7.5,107.83,808.72,1010.9,8.0折,平台加补后,https://detail.tmall.com/item.htm?b_s_f=sycm&b_spm=a21ag.29085015&id=946964083572
221,946964083572,RL皇室品牌乳胶直销店,泰国乳胶床垫学生宿舍单人榻榻米家用席梦思儿童软垫定制1.8m1.5,421.52,新升级石墨烯10cm （喜欢硬度更高拍这个）,10,100.23,1002.32,1252.9,8.0折,平台加补后,https://detail.tmall.com/item.htm?b_s_f=sycm&b_spm=a21ag.29085015&id=946964083572
221,946964083572,RL皇室品牌乳胶直销店,泰国乳胶床垫学生宿舍单人榻榻米家用席梦思儿童软垫定制1.8m1.5,421.52,新升级石墨烯15cm （喜欢硬度更高拍这个）,15,94.98,1424.72,1780.9,8.0折,平台加补后,https://detail.tmall.com/item.htm?b_s_f=sycm&b_spm=a21ag.29085015&id=946964083572
222,769486565805,香港海馬家俱(國際)企业店,真空压缩卷包盒子床垫弹簧乳胶厚20cm席梦思记忆棉家用卧室硬床垫,413.31,A袋装-柔软款（厚度20CM）实用之选 卷包发货,20,20.67,413.31,569,7.3折,平台加补后,https://detail.tmall.com/item.htm?b_s_f=sycm&b_spm=a21ag.29085015&id=769486565805
222,769486565805,香港海馬家俱(國際)企业店,真空压缩卷包盒子床垫弹簧乳胶厚20cm席梦思记忆棉家用卧室硬床垫,413.31,B1袋装-适中款（厚度21CM）软硬适中 卷包发货,21,23.4,491.41,659,7.5折,平台加补后,https://detail.tmall.com/item.htm?b_s_f=sycm&b_spm=a21ag.29085015&id=769486565805
222,769486565805,香港海馬家俱(國際)企业店,真空压缩卷包盒子床垫弹簧乳胶厚20cm席梦思记忆棉家用卧室硬床垫,413.31,B2袋装-偏硬款（厚度22CM）护脊发育 非卷包款,22,24.31,534.91,709,7.5折,平台加补后,https://detail.tmall.com/item.htm?b_s_f=sycm&b_spm=a21ag.29085015&id=769486565805
222,769486565805,香港海馬家俱(國際)企业店,真空压缩卷包盒子床垫弹簧乳胶厚20cm席梦思记忆棉家用卧室硬床垫,413.31,C袋装-乳胶舒适款（厚度22CM）乳胶防螨 卷包发货,22,25.53,561.61,739,7.6折,平台加补后,https://detail.tmall.com/item.htm?b_s_f=sycm&b_spm=a21ag.29085015&id=769486565805
222,769486565805,香港海馬家俱(國際)企业店,真空压缩卷包盒子床垫弹簧乳胶厚20cm席梦思记忆棉家用卧室硬床垫,413.31,D袋装-记忆绵零压款（厚度22）主卧推荐 卷包发货,22,27.91,614.01,799,7.7折,平台加补后,https://detail.tmall.com/item.htm?b_s_f=sycm&b_spm=a21ag.29085015&id=769486565805
222,769486565805,香港海馬家俱(國際)企业店,真空压缩卷包盒子床垫弹簧乳胶厚20cm席梦思记忆棉家用卧室硬床垫,413.31,B1适中款袋装（厚度12CM）软硬适中 卷包发货,12,40.95,491.41,659,7.5折,平台加补后,https://detail.tmall.com/item.htm?b_s_f=sycm&b_spm=a21ag.29085015&id=769486565805
222,769486565805,香港海馬家俱(國際)企业店,真空压缩卷包盒子床垫弹簧乳胶厚20cm席梦思记忆棉家用卧室硬床垫,413.31,B2偏硬款袋装（厚度14CM）护脊发育 非卷包款,14,38.21,534.91,709,7.5折,平台加补后,https://detail.tmall.com/item.htm?b_s_f=sycm&b_spm=a21ag.29085015&id=769486565805
222,769486565805,香港海馬家俱(國際)企业店,真空压缩卷包盒子床垫弹簧乳胶厚20cm席梦思记忆棉家用卧室硬床垫,413.31,C乳胶款袋装（厚度14CM）舒适静音 卷包发货,14,40.12,561.61,739,7.6折,平台加补后,https://detail.tmall.com/item.htm?b_s_f=sycm&b_spm=a21ag.29085015&id=769486565805
222,769486565805,香港海馬家俱(國際)企业店,真空压缩卷包盒子床垫弹簧乳胶厚20cm席梦思记忆棉家用卧室硬床垫,413.31,D记忆绵款袋装（厚度14CM）主卧推荐 卷包发货,14,43.86,614.01,799,7.7折,平台加补后,https://detail.tmall.com/item.htm?b_s_f=sycm&b_spm=a21ag.29085015&id=769486565805
222,769486565805,香港海馬家俱(國際)企业店,真空压缩卷包盒子床垫弹簧乳胶厚20cm席梦思记忆棉家用卧室硬床垫,413.31,A1独立-柔软款（厚度20CM）性价比高 卷包发货,20,20.67,413.31,569,7.3折,平台加补后,https://detail.tmall.com/item.htm?b_s_f=sycm&b_spm=a21ag.29085015&id=769486565805
222,769486565805,香港海馬家俱(國際)企业店,真空压缩卷包盒子床垫弹簧乳胶厚20cm席梦思记忆棉家用卧室硬床垫,413.31,A2独立-适中款（厚度21CM）软硬适中 卷包发货,21,23.4,491.41,659,7.5折,平台加补后,https://detail.tmall.com/item.htm?b_s_f=sycm&b_spm=a21ag.29085015&id=769486565805
222,769486565805,香港海馬家俱(國際)企业店,真空压缩卷包盒子床垫弹簧乳胶厚20cm席梦思记忆棉家用卧室硬床垫,413.31,A2独立-偏硬款（厚度22CM）护脊发育 非卷包款,22,24.31,534.91,709,7.5折,平台加补后,https://detail.tmall.com/item.htm?b_s_f=sycm&b_spm=a21ag.29085015&id=769486565805
222,769486565805,香港海馬家俱(國際)企业店,真空压缩卷包盒子床垫弹簧乳胶厚20cm席梦思记忆棉家用卧室硬床垫,413.31,A3独立-乳胶舒适款（厚度22CM）乳胶防螨 卷包发货,22,25.53,561.61,739,7.6折,平台加补后,https://detail.tmall.com/item.htm?b_s_f=sycm&b_spm=a21ag.29085015&id=769486565805
222,769486565805,香港海馬家俱(國際)企业店,真空压缩卷包盒子床垫弹簧乳胶厚20cm席梦思记忆棉家用卧室硬床垫,413.31,A4独立-记忆绵零压款（厚度22）主卧推荐 卷包发货,22,27.91,614.01,799,7.7折,平台加补后,https://detail.tmall.com/item.htm?b_s_f=sycm&b_spm=a21ag.29085015&id=769486565805
222,769486565805,香港海馬家俱(國際)企业店,真空压缩卷包盒子床垫弹簧乳胶厚20cm席梦思记忆棉家用卧室硬床垫,413.31,A2适中款独立（厚度12CM）软硬适中 卷包发货,12,40.95,491.41,659,7.5折,平台加补后,https://detail.tmall.com/item.htm?b_s_f=sycm&b_spm=a21ag.29085015&id=769486565805
222,769486565805,香港海馬家俱(國際)企业店,真空压缩卷包盒子床垫弹簧乳胶厚20cm席梦思记忆棉家用卧室硬床垫,413.31,A2偏硬款独立（厚度14CM）护脊发育 非卷包款,14,38.21,534.91,709,7.5折,平台加补后,https://detail.tmall.com/item.htm?b_s_f=sycm&b_spm=a21ag.29085015&id=769486565805
222,769486565805,香港海馬家俱(國際)企业店,真空压缩卷包盒子床垫弹簧乳胶厚20cm席梦思记忆棉家用卧室硬床垫,413.31,A3乳胶款独立（厚度14CM）舒适静音 卷包发货,14,40.12,561.61,739,7.6折,平台加补后,https://detail.tmall.com/item.htm?b_s_f=sycm&b_spm=a21ag.29085015&id=769486565805
222,769486565805,香港海馬家俱(國際)企业店,真空压缩卷包盒子床垫弹簧乳胶厚20cm席梦思记忆棉家用卧室硬床垫,413.31,A4记忆绵款独立（厚度14CM）主卧推荐 卷包发货,14,43.86,614.01,799,7.7折,平台加补后,https://detail.tmall.com/item.htm?b_s_f=sycm&b_spm=a21ag.29085015&id=769486565805
223,959562210596,朗漫德旗舰店,天然黄麻床垫子硬家用卧室S型精细婴儿童护脊椰棕乳胶m榻榻米定制,215,1800mm*2000mm 标准配置款,,,215,245,8.8折,平台加补后,https://detail.tmall.com/item.htm?b_s_f=sycm&b_spm=a21ag.29085015&id=959562210596
224,680533058839,麻大师旗舰店,麻大师豆角天然乳胶S型精细黄麻床垫1.5米老人棕榈硬垫护脊椎床垫,2178.64,A款13CM厚=麻棉+10cmS型精细黄麻,13,167.59,2178.64,3299,6.6折,平台加补后,https://detail.tmall.com/item.htm?b_s_f=sycm&b_spm=a21ag.29085015&id=680533058839
224,680533058839,麻大师旗舰店,麻大师豆角天然乳胶S型精细黄麻床垫1.5米老人棕榈硬垫护脊椎床垫,2178.64,A款15CM厚=麻棉+12cmS型精细黄麻,15,162.92,2443.84,3699,6.6折,平台加补后,https://detail.tmall.com/item.htm?b_s_f=sycm&b_spm=a21ag.29085015&id=680533058839
224,680533058839,麻大师旗舰店,麻大师豆角天然乳胶S型精细黄麻床垫1.5米老人棕榈硬垫护脊椎床垫,2178.64,A款18CM厚=麻棉+15cmS型精细黄麻,18,157.87,2841.64,4299,6.6折,平台加补后,https://detail.tmall.com/item.htm?b_s_f=sycm&b_spm=a21ag.29085015&id=680533058839
224,680533058839,麻大师旗舰店,麻大师豆角天然乳胶S型精细黄麻床垫1.5米老人棕榈硬垫护脊椎床垫,2178.64,B款15CM厚=麻棉+2CM乳胶+10cmS型精细黄麻,15,167.34,2510.14,3799,6.6折,平台加补后,https://detail.tmall.com/item.htm?b_s_f=sycm&b_spm=a21ag.29085015&id=680533058839
224,680533058839,麻大师旗舰店,麻大师豆角天然乳胶S型精细黄麻床垫1.5米老人棕榈硬垫护脊椎床垫,2178.64,B款17CM厚=麻棉+2CM乳胶+12cmS型精细黄麻,17,163.26,2775.34,4199,6.6折,平台加补后,https://detail.tmall.com/item.htm?b_s_f=sycm&b_spm=a21ag.29085015&id=680533058839
224,680533058839,麻大师旗舰店,麻大师豆角天然乳胶S型精细黄麻床垫1.5米老人棕榈硬垫护脊椎床垫,2178.64,B款20CM厚=麻棉+2CM乳胶+15cmS型精细黄麻,20,155.34,3106.84,4699,6.6折,平台加补后,https://detail.tmall.com/item.htm?b_s_f=sycm&b_spm=a21ag.29085015&id=680533058839
224,680533058839,麻大师旗舰店,麻大师豆角天然乳胶S型精细黄麻床垫1.5米老人棕榈硬垫护脊椎床垫,2178.64,C款14CM厚=麻棉+2CM乳胶+2cm3D内材+7cmS型精细黄麻,14,160.35,2244.94,3399,6.6折,平台加补后,https://detail.tmall.com/item.htm?b_s_f=sycm&b_spm=a21ag.29085015&id=680533058839
224,680533058839,麻大师旗舰店,麻大师豆角天然乳胶S型精细黄麻床垫1.5米老人棕榈硬垫护脊椎床垫,2178.64,C款17CM厚=麻棉+2CM乳胶+2cm3D内材+10cmS型精细黄麻,17,155.46,2642.74,3999,6.6折,平台加补后,https://detail.tmall.com/item.htm?b_s_f=sycm&b_spm=a21ag.29085015&id=680533058839
224,680533058839,麻大师旗舰店,麻大师豆角天然乳胶S型精细黄麻床垫1.5米老人棕榈硬垫护脊椎床垫,2178.64,C款22CM厚=麻棉+2CM乳胶+2cm3D内材+15cmS型精细黄麻,22,150.26,3305.74,4999,6.6折,平台加补后,https://detail.tmall.com/item.htm?b_s_f=sycm&b_spm=a21ag.29085015&id=680533058839
224,680533058839,麻大师旗舰店,麻大师豆角天然乳胶S型精细黄麻床垫1.5米老人棕榈硬垫护脊椎床垫,2178.64,豆角2.0-13CM=麻棉+10CM豆小麻+8cc3D底,13,203.29,2642.74,3999,6.6折,平台加补后,https://detail.tmall.com/item.htm?b_s_f=sycm&b_spm=a21ag.29085015&id=680533058839
224,680533058839,麻大师旗舰店,麻大师豆角天然乳胶S型精细黄麻床垫1.5米老人棕榈硬垫护脊椎床垫,2178.64,豆角2.0-18CM-麻棉+15CM豆小麻+8cc3D底,18,183.65,3305.74,4999,6.6折,平台加补后,https://detail.tmall.com/item.htm?b_s_f=sycm&b_spm=a21ag.29085015&id=680533058839
225,931121829085,林氏家居官方旗舰店,林氏家居黄麻床垫护脊学生专用家用卧室双人榻榻米薄款10cm硬垫子,618.24,(1)【护脊·5cm】舒爽透气|3cmS型黄麻,5,123.65,618.24,897,6.9折,平台加补后,https://detail.tmall.com/item.htm?b_s_f=sycm&b_spm=a21ag.29085015&id=931121829085
225,931121829085,林氏家居官方旗舰店,林氏家居黄麻床垫护脊学生专用家用卧室双人榻榻米薄款10cm硬垫子,618.24,(2)【护脊·8cm】双面睡|3cmS型黄麻,8,102.37,818.96,1188,6.9折,平台加补后,https://detail.tmall.com/item.htm?b_s_f=sycm&b_spm=a21ag.29085015&id=931121829085
225,931121829085,林氏家居官方旗舰店,林氏家居黄麻床垫护脊学生专用家用卧室双人榻榻米薄款10cm硬垫子,618.24,(3)【护脊·10cm】加厚护脊|7cmS型黄麻,10,102.87,1028.72,1491,6.9折,平台加补后,https://detail.tmall.com/item.htm?b_s_f=sycm&b_spm=a21ag.29085015&id=931121829085
225,931121829085,林氏家居官方旗舰店,林氏家居黄麻床垫护脊学生专用家用卧室双人榻榻米薄款10cm硬垫子,618.24,(4)【护脊·15cm】强韧承托|10cmS型黄麻,15,88.59,1328.84,1927,6.9折,平台加补后,https://detail.tmall.com/item.htm?b_s_f=sycm&b_spm=a21ag.29085015&id=931121829085
225,931121829085,林氏家居官方旗舰店,林氏家居黄麻床垫护脊学生专用家用卧室双人榻榻米薄款10cm硬垫子,618.24,(5)【舒脊·8cm】柔弹双面舒睡|1cm乳胶+3cmS型黄麻,8,114.81,918.44,1332,6.9折,平台加补后,https://detail.tmall.com/item.htm?b_s_f=sycm&b_spm=a21ag.29085015&id=931121829085
225,931121829085,林氏家居官方旗舰店,林氏家居黄麻床垫护脊学生专用家用卧室双人榻榻米薄款10cm硬垫子,618.24,(6)【舒脊·10cm】乳胶贴合 双面舒睡|2cm乳胶+5cmS型黄麻,10,109.86,1098.56,1593,6.9折,平台加补后,https://detail.tmall.com/item.htm?b_s_f=sycm&b_spm=a21ag.29085015&id=931121829085
225,931121829085,林氏家居官方旗舰店,林氏家居黄麻床垫护脊学生专用家用卧室双人榻榻米薄款10cm硬垫子,618.24,(7)【舒脊·10cm】易敏宝宝优选 双面舒睡|2cm黑金乳胶绵+5cmS型黄麻 千人加购,10,102.86,1028.64,1492,6.9折,平台加补后,https://detail.tmall.com/item.htm?b_s_f=sycm&b_spm=a21ag.29085015&id=931121829085
225,931121829085,林氏家居官方旗舰店,林氏家居黄麻床垫护脊学生专用家用卧室双人榻榻米薄款10cm硬垫子,618.24,(8)【舒脊·15cm】乳胶贴合 加硬支撑双面舒睡|2cm乳胶+10cmS型黄麻,15,108.55,1628.2,2360,6.9折,平台加补后,https://detail.tmall.com/item.htm?b_s_f=sycm&b_spm=a21ag.29085015&id=931121829085
225,931121829085,林氏家居官方旗舰店,林氏家居黄麻床垫护脊学生专用家用卧室双人榻榻米薄款10cm硬垫子,618.24,(9)【面拆可洗护脊·10cm】方便可洗 加厚护脊|7cmS型黄麻,10,122.85,1228.52,1781,6.9折,平台加补后,https://detail.tmall.com/item.htm?b_s_f=sycm&b_spm=a21ag.29085015&id=931121829085
225,931121829085,林氏家居官方旗舰店,林氏家居黄麻床垫护脊学生专用家用卧室双人榻榻米薄款10cm硬垫子,618.24,(10)【面拆可洗舒脊·10cm】方便可洗 乳胶贴合舒睡|2cm乳胶+5cmS型黄麻,10,129.84,1298.44,1882,6.9折,平台加补后,https://detail.tmall.com/item.htm?b_s_f=sycm&b_spm=a21ag.29085015&id=931121829085
225,931121829085,林氏家居官方旗舰店,林氏家居黄麻床垫护脊学生专用家用卧室双人榻榻米薄款10cm硬垫子,618.24,(11)【全拆可洗护脊·10cm】全垫可拆 加倍洁净护脊|5cmS型黄麻,10,122.85,1228.52,1781,6.9折,平台加补后,https://detail.tmall.com/item.htm?b_s_f=sycm&b_spm=a21ag.29085015&id=931121829085
225,931121829085,林氏家居官方旗舰店,林氏家居黄麻床垫护脊学生专用家用卧室双人榻榻米薄款10cm硬垫子,618.24,(12)【睡感可调·20cm】分龄护脊成长垫|3cmS型黄麻+独立袋装弹簧,20,86.43,1728.52,2506,6.9折,平台加补后,https://detail.tmall.com/item.htm?b_s_f=sycm&b_spm=a21ag.29085015&id=931121829085
226,833622515666,麻大师旗舰店,麻大师豆芽双人席梦思硬床垫0胶天然S型黄麻护脊椎厚20cm卧室家用,1847.14,豆芽3.0 O胶【释压护脊+随心调节睡感+面层可拆晾晒】26CM,26,106.74,2775.34,4199,6.6折,平台加补后,https://detail.tmall.com/item.htm?b_s_f=sycm&b_spm=a21ag.29085015&id=833622515666
226,833622515666,麻大师旗舰店,麻大师豆芽双人席梦思硬床垫0胶天然S型黄麻护脊椎厚20cm卧室家用,1847.14,豆芽3.0 O胶Pro【舒脊透气+随心调节睡感+面层可拆晾晒】26CM,26,119.49,3106.84,4699,6.6折,平台加补后,https://detail.tmall.com/item.htm?b_s_f=sycm&b_spm=a21ag.29085015&id=833622515666
226,833622515666,麻大师旗舰店,麻大师豆芽双人席梦思硬床垫0胶天然S型黄麻护脊椎厚20cm卧室家用,1847.14,豆芽3.0经典 【护脊实力派/24cM】老少皆宜,20,92.36,1847.14,2799,6.6折,平台加补后,https://detail.tmall.com/item.htm?b_s_f=sycm&b_spm=a21ag.29085015&id=833622515666
226,833622515666,麻大师旗舰店,麻大师豆芽双人席梦思硬床垫0胶天然S型黄麻护脊椎厚20cm卧室家用,1847.14,豆芽3.0Air 【偏硬护脊/20CM】性价比拉满,20,92.36,1847.14,2799,6.6折,平台加补后,https://detail.tmall.com/item.htm?b_s_f=sycm&b_spm=a21ag.29085015&id=833622515666
226,833622515666,麻大师旗舰店,麻大师豆芽双人席梦思硬床垫0胶天然S型黄麻护脊椎厚20cm卧室家用,1847.14,豆芽3.0pro 【软硬适中/26CM】兼顾护脊&舒适,26,86.34,2244.94,3399,6.6折,平台加补后,https://detail.tmall.com/item.htm?b_s_f=sycm&b_spm=a21ag.29085015&id=833622515666
226,833622515666,麻大师旗舰店,麻大师豆芽双人席梦思硬床垫0胶天然S型黄麻护脊椎厚20cm卧室家用,1847.14,豆芽3.0旗舰Pro【实力护脊/26CM】透气又护脊,26,86.34,2244.94,3399,6.6折,平台加补后,https://detail.tmall.com/item.htm?b_s_f=sycm&b_spm=a21ag.29085015&id=833622515666
227,798777223341,海马兰冠家具生活馆,五星酒店乳胶独立袋装弹簧压缩床垫180×200家用卧室超软加厚软垫,439,希尔顿基础客房款20CM【适中稍硬】,20,21.95,439,499,8.8折,平台加补后,https://detail.tmall.com/item.htm?b_s_f=sycm&b_spm=a21ag.29085015&id=798777223341
227,798777223341,海马兰冠家具生活馆,五星酒店乳胶独立袋装弹簧压缩床垫180×200家用卧室超软加厚软垫,439,希尔顿升级主卧款24CM【适中偏软】,24,22.88,549,624,8.8折,平台加补后,https://detail.tmall.com/item.htm?b_s_f=sycm&b_spm=a21ag.29085015&id=798777223341
227,798777223341,海马兰冠家具生活馆,五星酒店乳胶独立袋装弹簧压缩床垫180×200家用卧室超软加厚软垫,439,希尔顿推荐主卧款26CM【舒适微硬】,26,22.27,579,658,8.8折,平台加补后,https://detail.tmall.com/item.htm?b_s_f=sycm&b_spm=a21ag.29085015&id=798777223341
227,798777223341,海马兰冠家具生活馆,五星酒店乳胶独立袋装弹簧压缩床垫180×200家用卧室超软加厚软垫,439,希尔顿五星主卧款26CM【五星睡感】,26,23.04,599,681,8.8折,平台加补后,https://detail.tmall.com/item.htm?b_s_f=sycm&b_spm=a21ag.29085015&id=798777223341
227,798777223341,海马兰冠家具生活馆,五星酒店乳胶独立袋装弹簧压缩床垫180×200家用卧室超软加厚软垫,439,希尔顿舒适零压款26CM【零压舒适】,26,23.81,619,704,8.8折,平台加补后,https://detail.tmall.com/item.htm?b_s_f=sycm&b_spm=a21ag.29085015&id=798777223341
227,798777223341,海马兰冠家具生活馆,五星酒店乳胶独立袋装弹簧压缩床垫180×200家用卧室超软加厚软垫,439,希尔顿酒店双面款28CM【双面睡感】,28,25.68,719,818,8.8折,平台加补后,https://detail.tmall.com/item.htm?b_s_f=sycm&b_spm=a21ag.29085015&id=798777223341
227,798777223341,海马兰冠家具生活馆,五星酒店乳胶独立袋装弹簧压缩床垫180×200家用卧室超软加厚软垫,439,希尔顿总统套房款30CM【顶级柔软】,30,22.63,679,772,8.8折,平台加补后,https://detail.tmall.com/item.htm?b_s_f=sycm&b_spm=a21ag.29085015&id=798777223341
227,798777223341,海马兰冠家具生活馆,五星酒店乳胶独立袋装弹簧压缩床垫180×200家用卧室超软加厚软垫,439,希尔顿护脊护腰款22CM【护脊护腰】,22,29.95,659,749,8.8折,平台加补后,https://detail.tmall.com/item.htm?b_s_f=sycm&b_spm=a21ag.29085015&id=798777223341
227,798777223341,海马兰冠家具生活馆,五星酒店乳胶独立袋装弹簧压缩床垫180×200家用卧室超软加厚软垫,439,【升级护脊护腰款】适中偏硬立体3D+PK保护棉（厚度20cm整张发货）,20,37.45,749,852,8.8折,平台加补后,https://detail.tmall.com/item.htm?b_s_f=sycm&b_spm=a21ag.29085015&id=798777223341
227,798777223341,海马兰冠家具生活馆,五星酒店乳胶独立袋装弹簧压缩床垫180×200家用卧室超软加厚软垫,439,【升级手工羊绒款】适中偏软羊绒+记忆棉（厚度24cm整张发货）,24,35.38,849,965,8.8折,平台加补后,https://detail.tmall.com/item.htm?b_s_f=sycm&b_spm=a21ag.29085015&id=798777223341
227,798777223341,海马兰冠家具生活馆,五星酒店乳胶独立袋装弹簧压缩床垫180×200家用卧室超软加厚软垫,439,【升级手工驼绒款】适中偏软驼绒+记忆棉（厚度24cm整张发货）,24,39.54,949,1079,8.8折,平台加补后,https://detail.tmall.com/item.htm?b_s_f=sycm&b_spm=a21ag.29085015&id=798777223341
227,798777223341,海马兰冠家具生活馆,五星酒店乳胶独立袋装弹簧压缩床垫180×200家用卧室超软加厚软垫,439,手工拉扣基础款22cm【适中偏硬】,22,63.18,1390,1580,8.8折,平台加补后,https://detail.tmall.com/item.htm?b_s_f=sycm&b_spm=a21ag.29085015&id=798777223341
227,798777223341,海马兰冠家具生活馆,五星酒店乳胶独立袋装弹簧压缩床垫180×200家用卧室超软加厚软垫,439,手工拉扣升级款25cm【柔软适中】,25,63.0,1575,1790,8.8折,平台加补后,https://detail.tmall.com/item.htm?b_s_f=sycm&b_spm=a21ag.29085015&id=798777223341
227,798777223341,海马兰冠家具生活馆,五星酒店乳胶独立袋装弹簧压缩床垫180×200家用卧室超软加厚软垫,439,手工拉扣酒店款28cm【适中偏软】,28,59.39,1663,1890,8.8折,平台加补后,https://detail.tmall.com/item.htm?b_s_f=sycm&b_spm=a21ag.29085015&id=798777223341
227,798777223341,海马兰冠家具生活馆,五星酒店乳胶独立袋装弹簧压缩床垫180×200家用卧室超软加厚软垫,439,手工拉扣顶奢款30cm【云端包裹】,30,58.37,1751,1990,8.8折,平台加补后,https://detail.tmall.com/item.htm?b_s_f=sycm&b_spm=a21ag.29085015&id=798777223341
227,798777223341,海马兰冠家具生活馆,五星酒店乳胶独立袋装弹簧压缩床垫180×200家用卧室超软加厚软垫,439,升级顶垫单独购买,,,1663,1890,8.8折,平台加补后,https://detail.tmall.com/item.htm?b_s_f=sycm&b_spm=a21ag.29085015&id=798777223341
228,703922715859,森诺斯家居,床垫天然椰棕垫家用折叠棕榈硬垫1.8儿童软垫1.5米卧室专用床垫子,101.25,A针织面料：6cm一体款白色 【不含一滴胶水】,6,16.88,101.25,200.1,5.1折,平台加补后,https://detail.tmall.com/item.htm?b_s_f=sycm&b_spm=a21ag.29085015&id=703922715859
228,703922715859,森诺斯家居,床垫天然椰棕垫家用折叠棕榈硬垫1.8儿童软垫1.5米卧室专用床垫子,101.25,A针织面料：6cm一体款金色 【不含一滴胶水】 千人加购,6,17.6,105.6,200.1,5.3折,平台加补后,https://detail.tmall.com/item.htm?b_s_f=sycm&b_spm=a21ag.29085015&id=703922715859
228,703922715859,森诺斯家居,床垫天然椰棕垫家用折叠棕榈硬垫1.8儿童软垫1.5米卧室专用床垫子,101.25,A针织面料：7cm一体乳胶款（4cm棕芯+1cm乳胶） 【默认白色，其他颜色联系客服】,7,25.0,175,267,6.6折,平台加补后,https://detail.tmall.com/item.htm?b_s_f=sycm&b_spm=a21ag.29085015&id=703922715859
228,703922715859,森诺斯家居,床垫天然椰棕垫家用折叠棕榈硬垫1.8儿童软垫1.5米卧室专用床垫子,101.25,A针织面料：8cm一体款 【不含一滴胶水】,8,25.0,200,279,7.2折,平台加补后,https://detail.tmall.com/item.htm?b_s_f=sycm&b_spm=a21ag.29085015&id=703922715859
228,703922715859,森诺斯家居,床垫天然椰棕垫家用折叠棕榈硬垫1.8儿童软垫1.5米卧室专用床垫子,101.25,A针织面料：9cm一体乳胶款（6cm棕芯+1cm乳胶） 【默认白色，其他颜色联系客服】,9,27.78,250,337,7.4折,平台加补后,https://detail.tmall.com/item.htm?b_s_f=sycm&b_spm=a21ag.29085015&id=703922715859
228,703922715859,森诺斯家居,床垫天然椰棕垫家用折叠棕榈硬垫1.8儿童软垫1.5米卧室专用床垫子,101.25,A针织面料：10cm一体款 【不含一滴胶水】,10,21.64,216.4,316.4,6.8折,平台加补后,https://detail.tmall.com/item.htm?b_s_f=sycm&b_spm=a21ag.29085015&id=703922715859
228,703922715859,森诺斯家居,床垫天然椰棕垫家用折叠棕榈硬垫1.8儿童软垫1.5米卧室专用床垫子,101.25,A针织面料：11cm一体乳胶款（8cm棕芯+1cm乳胶） 【默认白色，其他颜色联系客服】,11,25.45,280,430,6.5折,平台加补后,https://detail.tmall.com/item.htm?b_s_f=sycm&b_spm=a21ag.29085015&id=703922715859
228,703922715859,森诺斯家居,床垫天然椰棕垫家用折叠棕榈硬垫1.8儿童软垫1.5米卧室专用床垫子,101.25,A针织面料：12cm一体款 【不含一滴胶水】,12,30.53,366.4,488.4,7.5折,平台加补后,https://detail.tmall.com/item.htm?b_s_f=sycm&b_spm=a21ag.29085015&id=703922715859
228,703922715859,森诺斯家居,床垫天然椰棕垫家用折叠棕榈硬垫1.8儿童软垫1.5米卧室专用床垫子,101.25,B竹炭透气面料：6cm一体款 【不含一滴胶水】,6,23.83,143,225,6.4折,平台加补后,https://detail.tmall.com/item.htm?b_s_f=sycm&b_spm=a21ag.29085015&id=703922715859
228,703922715859,森诺斯家居,床垫天然椰棕垫家用折叠棕榈硬垫1.8儿童软垫1.5米卧室专用床垫子,101.25,B竹炭透气面料：7cm一体乳胶款（4cm棕芯+1cm乳胶） 【不含一滴胶水】,7,27.57,193,285,6.8折,平台加补后,https://detail.tmall.com/item.htm?b_s_f=sycm&b_spm=a21ag.29085015&id=703922715859
228,703922715859,森诺斯家居,床垫天然椰棕垫家用折叠棕榈硬垫1.8儿童软垫1.5米卧室专用床垫子,101.25,B竹炭透气面料：8cm一体款 【不含一滴胶水】,8,29.75,238,320,7.4折,平台加补后,https://detail.tmall.com/item.htm?b_s_f=sycm&b_spm=a21ag.29085015&id=703922715859
228,703922715859,森诺斯家居,床垫天然椰棕垫家用折叠棕榈硬垫1.8儿童软垫1.5米卧室专用床垫子,101.25,B竹炭透气面料：9cm一体乳胶款（6cm棕芯+1cm乳胶） 【不含一滴胶水】,9,32.0,288,420,6.9折,平台加补后,https://detail.tmall.com/item.htm?b_s_f=sycm&b_spm=a21ag.29085015&id=703922715859
228,703922715859,森诺斯家居,床垫天然椰棕垫家用折叠棕榈硬垫1.8儿童软垫1.5米卧室专用床垫子,101.25,B竹炭透气面料：10cm一体款 【不含一滴胶水】,10,28.8,288,370,7.8折,平台加补后,https://detail.tmall.com/item.htm?b_s_f=sycm&b_spm=a21ag.29085015&id=703922715859
228,703922715859,森诺斯家居,床垫天然椰棕垫家用折叠棕榈硬垫1.8儿童软垫1.5米卧室专用床垫子,101.25,B竹炭透气面料：11cm一体乳胶款（8cm棕芯+1cm乳胶） 【不含一滴胶水】,11,30.73,338,470,7.2折,平台加补后,https://detail.tmall.com/item.htm?b_s_f=sycm&b_spm=a21ag.29085015&id=703922715859
228,703922715859,森诺斯家居,床垫天然椰棕垫家用折叠棕榈硬垫1.8儿童软垫1.5米卧室专用床垫子,101.25,B竹炭透气面料：12cm一体款 【不含一滴胶水】,12,34.33,412,534,7.7折,平台加补后,https://detail.tmall.com/item.htm?b_s_f=sycm&b_spm=a21ag.29085015&id=703922715859
228,703922715859,森诺斯家居,床垫天然椰棕垫家用折叠棕榈硬垫1.8儿童软垫1.5米卧室专用床垫子,101.25,C提花面料：6cm一体款 【不含一滴胶水】,6,31.33,188,270,7.0折,平台加补后,https://detail.tmall.com/item.htm?b_s_f=sycm&b_spm=a21ag.29085015&id=703922715859
228,703922715859,森诺斯家居,床垫天然椰棕垫家用折叠棕榈硬垫1.8儿童软垫1.5米卧室专用床垫子,101.25,C提花面料：7cm一体乳胶款（4cm棕芯+1cm乳胶） 【不含一滴胶水】,7,34.0,238,330,7.2折,平台加补后,https://detail.tmall.com/item.htm?b_s_f=sycm&b_spm=a21ag.29085015&id=703922715859
228,703922715859,森诺斯家居,床垫天然椰棕垫家用折叠棕榈硬垫1.8儿童软垫1.5米卧室专用床垫子,101.25,C提花面料：8cm一体款 【不含一滴胶水】,8,46.5,372,494,7.5折,平台加补后,https://detail.tmall.com/item.htm?b_s_f=sycm&b_spm=a21ag.29085015&id=703922715859
228,703922715859,森诺斯家居,床垫天然椰棕垫家用折叠棕榈硬垫1.8儿童软垫1.5米卧室专用床垫子,101.25,C提花面料：9cm一体乳胶款（6cm棕芯+1cm乳胶） 【不含一滴胶水】,9,46.89,422,554,7.6折,平台加补后,https://detail.tmall.com/item.htm?b_s_f=sycm&b_spm=a21ag.29085015&id=703922715859
228,703922715859,森诺斯家居,床垫天然椰棕垫家用折叠棕榈硬垫1.8儿童软垫1.5米卧室专用床垫子,101.25,C提花面料：10cm一体款 【不含一滴胶水】,10,44.2,442,604,7.3折,平台加补后,https://detail.tmall.com/item.htm?b_s_f=sycm&b_spm=a21ag.29085015&id=703922715859
228,703922715859,森诺斯家居,床垫天然椰棕垫家用折叠棕榈硬垫1.8儿童软垫1.5米卧室专用床垫子,101.25,A针织面料：6cm折叠款 【不含一滴胶水】,6,21.67,130,212,6.1折,平台加补后,https://detail.tmall.com/item.htm?b_s_f=sycm&b_spm=a21ag.29085015&id=703922715859
228,703922715859,森诺斯家居,床垫天然椰棕垫家用折叠棕榈硬垫1.8儿童软垫1.5米卧室专用床垫子,101.25,A针织面料：7cm折叠乳胶款（4cm棕芯+1cm乳胶） 【默认白色，其他颜色联系客服】,7,25.0,175,267,6.6折,平台加补后,https://detail.tmall.com/item.htm?b_s_f=sycm&b_spm=a21ag.29085015&id=703922715859
228,703922715859,森诺斯家居,床垫天然椰棕垫家用折叠棕榈硬垫1.8儿童软垫1.5米卧室专用床垫子,101.25,A针织面料：8cm折叠款 【不含一滴胶水】,8,25.0,200,279,7.2折,平台加补后,https://detail.tmall.com/item.htm?b_s_f=sycm&b_spm=a21ag.29085015&id=703922715859
228,703922715859,森诺斯家居,床垫天然椰棕垫家用折叠棕榈硬垫1.8儿童软垫1.5米卧室专用床垫子,101.25,A针织面料：9cm折叠乳胶款（6cm棕芯+1cm乳胶） 【默认白色，其他颜色联系客服】,9,27.78,250,337,7.4折,平台加补后,https://detail.tmall.com/item.htm?b_s_f=sycm&b_spm=a21ag.29085015&id=703922715859
228,703922715859,森诺斯家居,床垫天然椰棕垫家用折叠棕榈硬垫1.8儿童软垫1.5米卧室专用床垫子,101.25,A针织面料：10cm折叠款 【不含一滴胶水】,10,23.0,230,330,7.0折,平台加补后,https://detail.tmall.com/item.htm?b_s_f=sycm&b_spm=a21ag.29085015&id=703922715859
228,703922715859,森诺斯家居,床垫天然椰棕垫家用折叠棕榈硬垫1.8儿童软垫1.5米卧室专用床垫子,101.25,A针织面料：11cm折叠乳胶款（8cm棕芯+1cm乳胶） 【默认白色，其他颜色联系客服】,11,25.45,280,430,6.5折,平台加补后,https://detail.tmall.com/item.htm?b_s_f=sycm&b_spm=a21ag.29085015&id=703922715859
228,703922715859,森诺斯家居,床垫天然椰棕垫家用折叠棕榈硬垫1.8儿童软垫1.5米卧室专用床垫子,101.25,A针织面料：12cm折叠款 【不含一滴胶水】,12,32.42,389,511,7.6折,平台加补后,https://detail.tmall.com/item.htm?b_s_f=sycm&b_spm=a21ag.29085015&id=703922715859
228,703922715859,森诺斯家居,床垫天然椰棕垫家用折叠棕榈硬垫1.8儿童软垫1.5米卧室专用床垫子,101.25,B竹炭透气面料：6cm折叠款 【不含一滴胶水】,6,23.83,143,225,6.4折,平台加补后,https://detail.tmall.com/item.htm?b_s_f=sycm&b_spm=a21ag.29085015&id=703922715859
228,703922715859,森诺斯家居,床垫天然椰棕垫家用折叠棕榈硬垫1.8儿童软垫1.5米卧室专用床垫子,101.25,B竹炭透气面料：8cm折叠款 【不含一滴胶水】,8,29.75,238,320,7.4折,平台加补后,https://detail.tmall.com/item.htm?b_s_f=sycm&b_spm=a21ag.29085015&id=703922715859
228,703922715859,森诺斯家居,床垫天然椰棕垫家用折叠棕榈硬垫1.8儿童软垫1.5米卧室专用床垫子,101.25,B竹炭透气面料：10cm折叠款 【不含一滴胶水】,10,28.8,288,370,7.8折,平台加补后,https://detail.tmall.com/item.htm?b_s_f=sycm&b_spm=a21ag.29085015&id=703922715859
228,703922715859,森诺斯家居,床垫天然椰棕垫家用折叠棕榈硬垫1.8儿童软垫1.5米卧室专用床垫子,101.25,B竹炭透气面料：12cm折叠款 【不含一滴胶水】,12,34.33,412,534,7.7折,平台加补后,https://detail.tmall.com/item.htm?b_s_f=sycm&b_spm=a21ag.29085015&id=703922715859
228,703922715859,森诺斯家居,床垫天然椰棕垫家用折叠棕榈硬垫1.8儿童软垫1.5米卧室专用床垫子,101.25,C提花面料：6cm折叠款 【不含一滴胶水】,6,31.33,188,270,7.0折,平台加补后,https://detail.tmall.com/item.htm?b_s_f=sycm&b_spm=a21ag.29085015&id=703922715859
228,703922715859,森诺斯家居,床垫天然椰棕垫家用折叠棕榈硬垫1.8儿童软垫1.5米卧室专用床垫子,101.25,C提花面料：8cm折叠款 【不含一滴胶水】,8,46.5,372,494,7.5折,平台加补后,https://detail.tmall.com/item.htm?b_s_f=sycm&b_spm=a21ag.29085015&id=703922715859
228,703922715859,森诺斯家居,床垫天然椰棕垫家用折叠棕榈硬垫1.8儿童软垫1.5米卧室专用床垫子,101.25,C提花面料：10cm折叠款 【不含一滴胶水】,10,44.2,442,604,7.3折,平台加补后,https://detail.tmall.com/item.htm?b_s_f=sycm&b_spm=a21ag.29085015&id=703922715859
229,839074566596,sths舒坦豪氏旗舰店,可拆卸调节0胶水床垫 全拆独立弹簧席梦思软硬适中分体式卧室家用,1823.66,白糖2.0-高硬A款（长辈优先） 高硬 厚度约23cm-2层,23,80.1,1842.39,2706.32,6.8折,平台加补后,https://detail.tmall.com/item.htm?b_s_f=sycm&b_spm=a21ag.29085015&id=839074566596
229,839074566596,sths舒坦豪氏旗舰店,可拆卸调节0胶水床垫 全拆独立弹簧席梦思软硬适中分体式卧室家用,1823.66,白糖2.0-经典B款（小孩优先） 偏硬适中 厚度约23cm-2层,23,80.1,1842.39,2706.32,6.8折,平台加补后,https://detail.tmall.com/item.htm?b_s_f=sycm&b_spm=a21ag.29085015&id=839074566596
229,839074566596,sths舒坦豪氏旗舰店,可拆卸调节0胶水床垫 全拆独立弹簧席梦思软硬适中分体式卧室家用,1823.66,白糖2.0-适中C款 不软不硬适中 厚度约23cm-2层,23,79.29,1823.66,2679.13,6.8折,平台加补后,https://detail.tmall.com/item.htm?b_s_f=sycm&b_spm=a21ag.29085015&id=839074566596
229,839074566596,sths舒坦豪氏旗舰店,可拆卸调节0胶水床垫 全拆独立弹簧席梦思软硬适中分体式卧室家用,1823.66,白糖2.0-水洗D款（母婴同睡） 偏硬适中 厚度约23cm-2层,23,100.35,2308.16,3390.31,6.8折,平台加补后,https://detail.tmall.com/item.htm?b_s_f=sycm&b_spm=a21ag.29085015&id=839074566596
229,839074566596,sths舒坦豪氏旗舰店,可拆卸调节0胶水床垫 全拆独立弹簧席梦思软硬适中分体式卧室家用,1823.66,任选2层 请备注 厚度约23cm,23,80.1,1842.39,2706.32,6.8折,平台加补后,https://detail.tmall.com/item.htm?b_s_f=sycm&b_spm=a21ag.29085015&id=839074566596
229,839074566596,sths舒坦豪氏旗舰店,可拆卸调节0胶水床垫 全拆独立弹簧席梦思软硬适中分体式卧室家用,1823.66,白糖3.0-坚实E款 护脊承托腰部贴合 厚度约26cm-3层 万人加购,26,79.63,2070.43,3041.04,6.8折,平台加补后,https://detail.tmall.com/item.htm?b_s_f=sycm&b_spm=a21ag.29085015&id=839074566596
229,839074566596,sths舒坦豪氏旗舰店,可拆卸调节0胶水床垫 全拆独立弹簧席梦思软硬适中分体式卧室家用,1823.66,白糖3.0-承托J款 柔软弹性有支撑 厚度约26cm-3层,26,79.63,2070.43,3041.04,6.8折,平台加补后,https://detail.tmall.com/item.htm?b_s_f=sycm&b_spm=a21ag.29085015&id=839074566596
229,839074566596,sths舒坦豪氏旗舰店,可拆卸调节0胶水床垫 全拆独立弹簧席梦思软硬适中分体式卧室家用,1823.66,白糖3.0pro-托腰N款 偏硬承托腰不腾空 厚度约26cm-3层,26,88.78,2308.16,3390.31,6.8折,平台加补后,https://detail.tmall.com/item.htm?b_s_f=sycm&b_spm=a21ag.29085015&id=839074566596
229,839074566596,sths舒坦豪氏旗舰店,可拆卸调节0胶水床垫 全拆独立弹簧席梦思软硬适中分体式卧室家用,1823.66,白糖3.0pro-云端O款 柔软包裹云承托 厚度约26cm-3层,26,88.78,2308.16,3390.31,6.8折,平台加补后,https://detail.tmall.com/item.htm?b_s_f=sycm&b_spm=a21ag.29085015&id=839074566596
229,839074566596,sths舒坦豪氏旗舰店,可拆卸调节0胶水床垫 全拆独立弹簧席梦思软硬适中分体式卧室家用,1823.66,白糖3.0pro-轻盈P款 棉花松软包裹感 厚度约26cm-3层,26,88.78,2308.16,3390.31,6.8折,平台加补后,https://detail.tmall.com/item.htm?b_s_f=sycm&b_spm=a21ag.29085015&id=839074566596
229,839074566596,sths舒坦豪氏旗舰店,可拆卸调节0胶水床垫 全拆独立弹簧席梦思软硬适中分体式卧室家用,1823.66,白糖5.0-奢华Q款 包裹云承托 厚度约27cm-5层,27,96.04,2593.04,3809.6,6.8折,平台加补后,https://detail.tmall.com/item.htm?b_s_f=sycm&b_spm=a21ag.29085015&id=839074566596
229,839074566596,sths舒坦豪氏旗舰店,可拆卸调节0胶水床垫 全拆独立弹簧席梦思软硬适中分体式卧室家用,1823.66,白糖5.0-奢华Q款 包裹云承托 厚度约30cm-5层,30,86.43,2593.04,3809.6,6.8折,平台加补后,https://detail.tmall.com/item.htm?b_s_f=sycm&b_spm=a21ag.29085015&id=839074566596
229,839074566596,sths舒坦豪氏旗舰店,可拆卸调节0胶水床垫 全拆独立弹簧席梦思软硬适中分体式卧室家用,1823.66,白糖5.0max-舒脊S款 脊椎松松贴合曲线 厚度约30cm-5层,30,88.03,2640.85,3879.35,6.8折,平台加补后,https://detail.tmall.com/item.htm?b_s_f=sycm&b_spm=a21ag.29085015&id=839074566596
230,1062828878403,居然之家床垫企业店,【居然家居】独立弹簧床垫乳胶软垫椰棕垫护脊偏硬家用双人1.8,2259.3,栖月系列【柔睡偏软-26cm】舒适款 （卷包发货）,26,86.9,2259.3,3323,6.8折,平台加补后,https://detail.tmall.com/item.htm?b_s_f=sycm&b_spm=a21ag.29085015&id=1062828878403
231,909338008936,林氏家居官方旗舰店,林氏家居官方椰棕弹簧床垫黄麻棕垫家用20cm厚硬垫子180x200木业,776,(1)【0胶黄麻丝】少年老人脊椎守护|20cm 近期热销,20,38.8,776,1125,6.9折,平台加补后,https://detail.tmall.com/item.htm?b_s_f=sycm&b_spm=a21ag.29085015&id=909338008936
231,909338008936,林氏家居官方旗舰店,林氏家居官方椰棕弹簧床垫黄麻棕垫家用20cm厚硬垫子180x200木业,776,(3)【乳胶独袋】舒适乳胶 轻音抗干扰|20cm,20,48.48,969.52,1406,6.9折,平台加补后,https://detail.tmall.com/item.htm?b_s_f=sycm&b_spm=a21ag.29085015&id=909338008936
231,909338008936,林氏家居官方旗舰店,林氏家居官方椰棕弹簧床垫黄麻棕垫家用20cm厚硬垫子180x200木业,776,(4)【竹炭海绵】易敏银离子抑菌防螨|20cm,20,41.49,829.76,1203,6.9折,平台加补后,https://detail.tmall.com/item.htm?b_s_f=sycm&b_spm=a21ag.29085015&id=909338008936
231,909338008936,林氏家居官方旗舰店,林氏家居官方椰棕弹簧床垫黄麻棕垫家用20cm厚硬垫子180x200木业,776,(5)【双面睡】上班族舒适硬弹|正偏硬 反硬 |22cm,22,50.18,1103.92,1601,6.9折,平台加补后,https://detail.tmall.com/item.htm?b_s_f=sycm&b_spm=a21ag.29085015&id=909338008936
231,909338008936,林氏家居官方旗舰店,林氏家居官方椰棕弹簧床垫黄麻棕垫家用20cm厚硬垫子180x200木业,776,(6)【黄麻棕】腰椎脆弱加硬护脊|21cm,21,38.4,806.48,1169,6.9折,平台加补后,https://detail.tmall.com/item.htm?b_s_f=sycm&b_spm=a21ag.29085015&id=909338008936
231,909338008936,林氏家居官方旗舰店,林氏家居官方椰棕弹簧床垫黄麻棕垫家用20cm厚硬垫子180x200木业,776,(7)【分区科学护脊】高睡眠要求全身贴合深睡|23cm,23,60.23,1385.36,2008,6.9折,平台加补后,https://detail.tmall.com/item.htm?b_s_f=sycm&b_spm=a21ag.29085015&id=909338008936
232,634637654671,广州嘉保床垫厂家,床垫国家补贴家用席梦思独立弹簧含乳胶椰棕硬垫巾帼海马20cm租房,327,租房经济（白色） 软硬适中【20CM】,20,16.35,327,493,6.6折,平台加补后,https://detail.tmall.com/item.htm?b_s_f=sycm&b_spm=a21ag.29085015&id=634637654671
232,634637654671,广州嘉保床垫厂家,床垫国家补贴家用席梦思独立弹簧含乳胶椰棕硬垫巾帼海马20cm租房,327,租房经济护脊（白色） 偏硬【22CM】 千人加购,22,18.59,409,634,6.5折,平台加补后,https://detail.tmall.com/item.htm?b_s_f=sycm&b_spm=a21ag.29085015&id=634637654671
232,634637654671,广州嘉保床垫厂家,床垫国家补贴家用席梦思独立弹簧含乳胶椰棕硬垫巾帼海马20cm租房,327,租房经济舒适（白色） 偏软【22CM】,22,18.59,409,634,6.5折,平台加补后,https://detail.tmall.com/item.htm?b_s_f=sycm&b_spm=a21ag.29085015&id=634637654671
232,634637654671,广州嘉保床垫厂家,床垫国家补贴家用席梦思独立弹簧含乳胶椰棕硬垫巾帼海马20cm租房,327,高性价比❤️羊绒升级适中 适中【20CM】,20,19.95,399,622,6.4折,平台加补后,https://detail.tmall.com/item.htm?b_s_f=sycm&b_spm=a21ag.29085015&id=634637654671
232,634637654671,广州嘉保床垫厂家,床垫国家补贴家用席梦思独立弹簧含乳胶椰棕硬垫巾帼海马20cm租房,327,高性价比❤️羊绒升级护脊 偏硬【22CM】,22,20.91,460,693,6.6折,平台加补后,https://detail.tmall.com/item.htm?b_s_f=sycm&b_spm=a21ag.29085015&id=634637654671
232,634637654671,广州嘉保床垫厂家,床垫国家补贴家用席梦思独立弹簧含乳胶椰棕硬垫巾帼海马20cm租房,327,高性价比❤️羊绒升级舒适 偏软【22CM】,22,20.91,460,693,6.6折,平台加补后,https://detail.tmall.com/item.htm?b_s_f=sycm&b_spm=a21ag.29085015&id=634637654671
232,634637654671,广州嘉保床垫厂家,床垫国家补贴家用席梦思独立弹簧含乳胶椰棕硬垫巾帼海马20cm租房,327,高性价比❤️羊绒升级双面 两用【23CM】,23,22.74,523,811,6.4折,平台加补后,https://detail.tmall.com/item.htm?b_s_f=sycm&b_spm=a21ag.29085015&id=634637654671
232,634637654671,广州嘉保床垫厂家,床垫国家补贴家用席梦思独立弹簧含乳胶椰棕硬垫巾帼海马20cm租房,327,家用首选❤️静音独立簧 适中【20CM】,20,21.0,420,646,6.5折,平台加补后,https://detail.tmall.com/item.htm?b_s_f=sycm&b_spm=a21ag.29085015&id=634637654671
232,634637654671,广州嘉保床垫厂家,床垫国家补贴家用席梦思独立弹簧含乳胶椰棕硬垫巾帼海马20cm租房,327,家用首选❤️静音独立簧护脊 偏硬【22CM】,22,22.32,491,728,6.7折,平台加补后,https://detail.tmall.com/item.htm?b_s_f=sycm&b_spm=a21ag.29085015&id=634637654671
232,634637654671,广州嘉保床垫厂家,床垫国家补贴家用席梦思独立弹簧含乳胶椰棕硬垫巾帼海马20cm租房,327,家用首选❤️静音独立簧舒适 偏软【22CM】,22,22.32,491,728,6.7折,平台加补后,https://detail.tmall.com/item.htm?b_s_f=sycm&b_spm=a21ag.29085015&id=634637654671
232,634637654671,广州嘉保床垫厂家,床垫国家补贴家用席梦思独立弹簧含乳胶椰棕硬垫巾帼海马20cm租房,327,家用首选❤️静音独立双面 两用【23CM】,23,24.52,564,858,6.6折,平台加补后,https://detail.tmall.com/item.htm?b_s_f=sycm&b_spm=a21ag.29085015&id=634637654671
232,634637654671,广州嘉保床垫厂家,床垫国家补贴家用席梦思独立弹簧含乳胶椰棕硬垫巾帼海马20cm租房,327,矮簧10cm 软硬适中,10,43.9,439,658,6.7折,平台加补后,https://detail.tmall.com/item.htm?b_s_f=sycm&b_spm=a21ag.29085015&id=634637654671
232,634637654671,广州嘉保床垫厂家,床垫国家补贴家用席梦思独立弹簧含乳胶椰棕硬垫巾帼海马20cm租房,327,矮簧12cm 软硬适中,12,34.08,409,634,6.5折,平台加补后,https://detail.tmall.com/item.htm?b_s_f=sycm&b_spm=a21ag.29085015&id=634637654671
232,634637654671,广州嘉保床垫厂家,床垫国家补贴家用席梦思独立弹簧含乳胶椰棕硬垫巾帼海马20cm租房,327,矮簧护脊 偏硬【15CM】,15,31.4,471,705,6.7折,平台加补后,https://detail.tmall.com/item.htm?b_s_f=sycm&b_spm=a21ag.29085015&id=634637654671
232,634637654671,广州嘉保床垫厂家,床垫国家补贴家用席梦思独立弹簧含乳胶椰棕硬垫巾帼海马20cm租房,327,矮簧舒适 偏软【15CM】,15,32.0,480,705,6.8折,平台加补后,https://detail.tmall.com/item.htm?b_s_f=sycm&b_spm=a21ag.29085015&id=634637654671
232,634637654671,广州嘉保床垫厂家,床垫国家补贴家用席梦思独立弹簧含乳胶椰棕硬垫巾帼海马20cm租房,327,轻奢布袋静音羊绒 软硬适中【20CM】,20,32.3,646,975,6.6折,平台加补后,https://detail.tmall.com/item.htm?b_s_f=sycm&b_spm=a21ag.29085015&id=634637654671
232,634637654671,广州嘉保床垫厂家,床垫国家补贴家用席梦思独立弹簧含乳胶椰棕硬垫巾帼海马20cm租房,327,轻奢布袋静音羊绒护脊 偏硬【22CM】,22,31.77,699,1022,6.8折,平台加补后,https://detail.tmall.com/item.htm?b_s_f=sycm&b_spm=a21ag.29085015&id=634637654671
232,634637654671,广州嘉保床垫厂家,床垫国家补贴家用席梦思独立弹簧含乳胶椰棕硬垫巾帼海马20cm租房,327,轻奢布袋静音羊绒舒适 偏软【22CM】,22,31.18,686,1022,6.7折,平台加补后,https://detail.tmall.com/item.htm?b_s_f=sycm&b_spm=a21ag.29085015&id=634637654671
232,634637654671,广州嘉保床垫厂家,床垫国家补贴家用席梦思独立弹簧含乳胶椰棕硬垫巾帼海马20cm租房,327,轻奢布袋静音羊绒双面 软硬随心【23CM】,23,34.77,799.76,1152,6.9折,平台加补后,https://detail.tmall.com/item.htm?b_s_f=sycm&b_spm=a21ag.29085015&id=634637654671
232,634637654671,广州嘉保床垫厂家,床垫国家补贴家用席梦思独立弹簧含乳胶椰棕硬垫巾帼海马20cm租房,327,经典耐脏（灰色） 软硬适中【20CM】,20,16.35,327,493,6.6折,平台加补后,https://detail.tmall.com/item.htm?b_s_f=sycm&b_spm=a21ag.29085015&id=634637654671
232,634637654671,广州嘉保床垫厂家,床垫国家补贴家用席梦思独立弹簧含乳胶椰棕硬垫巾帼海马20cm租房,327,经典耐脏护脊（灰色） 偏硬【22CM】,22,18.59,409,634,6.5折,平台加补后,https://detail.tmall.com/item.htm?b_s_f=sycm&b_spm=a21ag.29085015&id=634637654671
232,634637654671,广州嘉保床垫厂家,床垫国家补贴家用席梦思独立弹簧含乳胶椰棕硬垫巾帼海马20cm租房,327,经典耐脏舒适（灰色） 偏软【22CM】,22,18.59,409,634,6.5折,平台加补后,https://detail.tmall.com/item.htm?b_s_f=sycm&b_spm=a21ag.29085015&id=634637654671
233,654813993187,林氏家居官方旗舰店,林氏家居官方独立弹簧床垫租房1米5黄麻乳胶绵家用20cm厚硬垫木业,898.76,(1)【大白垫Lite】脊椎不适 强力撑腰|硬|20cm,20,47.45,948.92,,,平台加补后,https://detail.tmall.com/item.htm?b_s_f=sycm&b_spm=a21ag.29085015&id=654813993187
233,654813993187,林氏家居官方旗舰店,林氏家居官方独立弹簧床垫租房1米5黄麻乳胶绵家用20cm厚硬垫木业,898.76,(2)【大白垫】久坐上班族 释压柔弹贴合|正适中 反偏硬|22cm 近期热销,22,45.37,998.16,,,平台加补后,https://detail.tmall.com/item.htm?b_s_f=sycm&b_spm=a21ag.29085015&id=654813993187
233,654813993187,林氏家居官方旗舰店,林氏家居官方独立弹簧床垫租房1米5黄麻乳胶绵家用20cm厚硬垫木业,898.76,(3)【大白垫Pro】母婴同睡/青老年|黄麻强韧承托|偏硬|21cm,21,52.31,1098.56,,,平台加补后,https://detail.tmall.com/item.htm?b_s_f=sycm&b_spm=a21ag.29085015&id=654813993187
233,654813993187,林氏家居官方旗舰店,林氏家居官方独立弹簧床垫租房1米5黄麻乳胶绵家用20cm厚硬垫木业,898.76,(4)【大白垫Plus】全家适用|一面舒适一面护脊|正偏硬 反硬|23cm,23,47.76,1098.56,,,平台加补后,https://detail.tmall.com/item.htm?b_s_f=sycm&b_spm=a21ag.29085015&id=654813993187
233,654813993187,林氏家居官方旗舰店,林氏家居官方独立弹簧床垫租房1米5黄麻乳胶绵家用20cm厚硬垫木业,898.76,(6)【纯净垫Lite】租房入门款 经济整网弹簧|硬|21cm,21,42.8,898.76,,,平台加补后,https://detail.tmall.com/item.htm?b_s_f=sycm&b_spm=a21ag.29085015&id=654813993187
233,654813993187,林氏家居官方旗舰店,林氏家居官方独立弹簧床垫租房1米5黄麻乳胶绵家用20cm厚硬垫木业,898.76,(7)【纯净垫】夫妻同睡静音抗干扰|偏硬|20cm,20,49.91,998.16,,,平台加补后,https://detail.tmall.com/item.htm?b_s_f=sycm&b_spm=a21ag.29085015&id=654813993187
233,654813993187,林氏家居官方旗舰店,林氏家居官方独立弹簧床垫租房1米5黄麻乳胶绵家用20cm厚硬垫木业,898.76,(8)【纯净垫Pro】易敏体质 抗菌防螨|正偏硬 反硬|20cm,20,54.93,1098.56,,,平台加补后,https://detail.tmall.com/item.htm?b_s_f=sycm&b_spm=a21ag.29085015&id=654813993187
234,745365351482,香榭柏兰床垫,S型精细黄麻床垫子硬家用婴儿童护脊天然椰棕榈乳胶m榻榻米定制,418.77,【S型黄麻】偏硬6CM=3cmS黄麻+防螨亚麻面料 店长主推,6,97.77,586.65,735,8.0折,平台加补后,https://detail.tmall.com/item.htm?b_s_f=sycm&b_spm=a21ag.29085015&id=745365351482
234,745365351482,香榭柏兰床垫,S型精细黄麻床垫子硬家用婴儿童护脊天然椰棕榈乳胶m榻榻米定制,418.77,【S型黄麻】偏硬8CM=5cmS黄麻+防螨亚麻面料,8,96.79,774.3,970,8.0折,平台加补后,https://detail.tmall.com/item.htm?b_s_f=sycm&b_spm=a21ag.29085015&id=745365351482
234,745365351482,香榭柏兰床垫,S型精细黄麻床垫子硬家用婴儿童护脊天然椰棕榈乳胶m榻榻米定制,418.77,【S型黄麻】偏硬10CM=7cmS黄麻+防螨亚麻面料,10,91.5,915,1148,8.0折,平台加补后,https://detail.tmall.com/item.htm?b_s_f=sycm&b_spm=a21ag.29085015&id=745365351482
234,745365351482,香榭柏兰床垫,S型精细黄麻床垫子硬家用婴儿童护脊天然椰棕榈乳胶m榻榻米定制,418.77,【S型黄麻】偏硬13CM=10cmS黄麻+防螨亚麻面料,13,91.77,1193,1498,8.0折,平台加补后,https://detail.tmall.com/item.htm?b_s_f=sycm&b_spm=a21ag.29085015&id=745365351482
234,745365351482,香榭柏兰床垫,S型精细黄麻床垫子硬家用婴儿童护脊天然椰棕榈乳胶m榻榻米定制,418.77,【S型黄麻】适中7CM=1cm乳胶+3cmS黄麻+防螨亚麻面料,7,99.04,693.27,873,7.9折,平台加补后,https://detail.tmall.com/item.htm?b_s_f=sycm&b_spm=a21ag.29085015&id=745365351482
234,745365351482,香榭柏兰床垫,S型精细黄麻床垫子硬家用婴儿童护脊天然椰棕榈乳胶m榻榻米定制,418.77,【S型黄麻】适中9CM=1cm乳胶+5cmS黄麻+防螨亚麻面料,9,99.11,892,1120,8.0折,平台加补后,https://detail.tmall.com/item.htm?b_s_f=sycm&b_spm=a21ag.29085015&id=745365351482
234,745365351482,香榭柏兰床垫,S型精细黄麻床垫子硬家用婴儿童护脊天然椰棕榈乳胶m榻榻米定制,418.77,【S型黄麻】适中11CM=1cm乳胶+7cmS黄麻+防螨亚麻面料,11,101.36,1115,1395,8.0折,平台加补后,https://detail.tmall.com/item.htm?b_s_f=sycm&b_spm=a21ag.29085015&id=745365351482
234,745365351482,香榭柏兰床垫,S型精细黄麻床垫子硬家用婴儿童护脊天然椰棕榈乳胶m榻榻米定制,418.77,【S型黄麻】舒适8CM=2cm乳胶+3cmS黄麻+防螨亚麻面料 全网低价,8,106.12,849,1070,7.9折,平台加补后,https://detail.tmall.com/item.htm?b_s_f=sycm&b_spm=a21ag.29085015&id=745365351482
234,745365351482,香榭柏兰床垫,S型精细黄麻床垫子硬家用婴儿童护脊天然椰棕榈乳胶m榻榻米定制,418.77,【S型黄麻】舒适10CM=2cm乳胶+5cmS黄麻+防螨亚麻面料,10,101.2,1012,1273,7.9折,平台加补后,https://detail.tmall.com/item.htm?b_s_f=sycm&b_spm=a21ag.29085015&id=745365351482
234,745365351482,香榭柏兰床垫,S型精细黄麻床垫子硬家用婴儿童护脊天然椰棕榈乳胶m榻榻米定制,418.77,【S型黄麻】舒适12CM=2cm乳胶+7cmS黄麻+防螨亚麻面料,12,97.67,1172,1473,8.0折,平台加补后,https://detail.tmall.com/item.htm?b_s_f=sycm&b_spm=a21ag.29085015&id=745365351482
234,745365351482,香榭柏兰床垫,S型精细黄麻床垫子硬家用婴儿童护脊天然椰棕榈乳胶m榻榻米定制,418.77,【S型黄麻】舒适15CM=2cm乳胶+10cmS黄麻+防螨亚麻面料,15,97.2,1458,1822,8.0折,平台加补后,https://detail.tmall.com/item.htm?b_s_f=sycm&b_spm=a21ag.29085015&id=745365351482
234,745365351482,香榭柏兰床垫,S型精细黄麻床垫子硬家用婴儿童护脊天然椰棕榈乳胶m榻榻米定制,418.77,【S型黄麻】舒睡升级8CM=2cm云柔释压棉+3cmS黄麻+防螨亚麻面料,8,100.88,807,1020,7.9折,平台加补后,https://detail.tmall.com/item.htm?b_s_f=sycm&b_spm=a21ag.29085015&id=745365351482
234,745365351482,香榭柏兰床垫,S型精细黄麻床垫子硬家用婴儿童护脊天然椰棕榈乳胶m榻榻米定制,418.77,【S型黄麻】舒睡升级10CM=2cm云柔释压棉+5cmS黄麻+防螨亚麻面料,10,96.9,969,1223,7.9折,平台加补后,https://detail.tmall.com/item.htm?b_s_f=sycm&b_spm=a21ag.29085015&id=745365351482
234,745365351482,香榭柏兰床垫,S型精细黄麻床垫子硬家用婴儿童护脊天然椰棕榈乳胶m榻榻米定制,418.77,偏硬6CM=3cm黄麻3E椰棕+防螨亚麻面料 千人加购,6,69.8,418.77,523,8.0折,平台加补后,https://detail.tmall.com/item.htm?b_s_f=sycm&b_spm=a21ag.29085015&id=745365351482
234,745365351482,香榭柏兰床垫,S型精细黄麻床垫子硬家用婴儿童护脊天然椰棕榈乳胶m榻榻米定制,418.77,偏硬10CM=7cm黄麻3E椰棕+防螨亚麻面料,10,60.84,608.4,760,8.0折,平台加补后,https://detail.tmall.com/item.htm?b_s_f=sycm&b_spm=a21ag.29085015&id=745365351482
235,667845157183,眠美人品牌店,床垫硬垫软床垫加硬神器薄椰棕护脊椎腰软床变硬神器硬板太软改硬,265.24,高硬3cm厚=2.5cm无胶3E棕+9D抗菌透气面料 万人加购,3,88.41,265.24,311.11,8.5折,平台加补后,https://detail.tmall.com/item.htm?b_s_f=sycm&b_spm=a21ag.29085015&id=667845157183
235,667845157183,眠美人品牌店,床垫硬垫软床垫加硬神器薄椰棕护脊椎腰软床变硬神器硬板太软改硬,265.24,高硬4cm厚=3cm无胶3E棕+9D抗菌透气面料,4,77.71,310.84,375.56,8.3折,平台加补后,https://detail.tmall.com/item.htm?b_s_f=sycm&b_spm=a21ag.29085015&id=667845157183
235,667845157183,眠美人品牌店,床垫硬垫软床垫加硬神器薄椰棕护脊椎腰软床变硬神器硬板太软改硬,265.24,高硬5cm厚=4cm无胶3E棕+9D抗菌透气面料,5,77.4,387,440,8.8折,平台加补后,https://detail.tmall.com/item.htm?b_s_f=sycm&b_spm=a21ag.29085015&id=667845157183
235,667845157183,眠美人品牌店,床垫硬垫软床垫加硬神器薄椰棕护脊椎腰软床变硬神器硬板太软改硬,265.24,高硬6cm厚=5cm无胶3E棕+9D抗菌透气面料,6,69.39,416.33,473.33,8.8折,平台加补后,https://detail.tmall.com/item.htm?b_s_f=sycm&b_spm=a21ag.29085015&id=667845157183
235,667845157183,眠美人品牌店,床垫硬垫软床垫加硬神器薄椰棕护脊椎腰软床变硬神器硬板太软改硬,265.24,中硬4cm厚=2cm无胶3E棕+2cm云感乳棉+9D抗菌透气面料,4,97.33,389.33,443.33,8.8折,平台加补后,https://detail.tmall.com/item.htm?b_s_f=sycm&b_spm=a21ag.29085015&id=667845157183
235,667845157183,眠美人品牌店,床垫硬垫软床垫加硬神器薄椰棕护脊椎腰软床变硬神器硬板太软改硬,265.24,中硬5cm厚=3cm无胶3E棕+2cm云感乳棉+9D抗菌透气面料 店长主推,5,83.51,417.56,475.56,8.8折,平台加补后,https://detail.tmall.com/item.htm?b_s_f=sycm&b_spm=a21ag.29085015&id=667845157183
235,667845157183,眠美人品牌店,床垫硬垫软床垫加硬神器薄椰棕护脊椎腰软床变硬神器硬板太软改硬,265.24,中硬6cm厚=4cm无胶3E棕+2cm云感乳棉+9D抗菌透气面料,6,76.17,457,520,8.8折,平台加补后,https://detail.tmall.com/item.htm?b_s_f=sycm&b_spm=a21ag.29085015&id=667845157183
235,667845157183,眠美人品牌店,床垫硬垫软床垫加硬神器薄椰棕护脊椎腰软床变硬神器硬板太软改硬,265.24,中硬7cm厚=5cm无胶3E棕+2cm云感乳棉+9D抗菌透气面料,7,69.48,486.33,553.33,8.8折,平台加补后,https://detail.tmall.com/item.htm?b_s_f=sycm&b_spm=a21ag.29085015&id=667845157183
235,667845157183,眠美人品牌店,床垫硬垫软床垫加硬神器薄椰棕护脊椎腰软床变硬神器硬板太软改硬,265.24,中硬9cm厚=7cm无胶3E棕+2cm云感乳棉+9D抗菌透气面料,9,58.42,525.78,597.78,8.8折,平台加补后,https://detail.tmall.com/item.htm?b_s_f=sycm&b_spm=a21ag.29085015&id=667845157183
235,667845157183,眠美人品牌店,床垫硬垫软床垫加硬神器薄椰棕护脊椎腰软床变硬神器硬板太软改硬,265.24,【升级】高硬4cm厚=3cm无胶高密S型黄麻+9D抗菌透气面料,4,114.25,457,520,8.8折,平台加补后,https://detail.tmall.com/item.htm?b_s_f=sycm&b_spm=a21ag.29085015&id=667845157183
235,667845157183,眠美人品牌店,床垫硬垫软床垫加硬神器薄椰棕护脊椎腰软床变硬神器硬板太软改硬,265.24,【升级】高硬6cm厚=5cm无胶高密S型黄麻+9D抗菌透气面料,6,89.52,537.11,611.11,8.8折,平台加补后,https://detail.tmall.com/item.htm?b_s_f=sycm&b_spm=a21ag.29085015&id=667845157183
235,667845157183,眠美人品牌店,床垫硬垫软床垫加硬神器薄椰棕护脊椎腰软床变硬神器硬板太软改硬,265.24,【升级】中硬5cm厚=3cm无胶高密S型黄麻+2cm云感乳棉,5,127.04,635.22,722.22,8.8折,平台加补后,https://detail.tmall.com/item.htm?b_s_f=sycm&b_spm=a21ag.29085015&id=667845157183
235,667845157183,眠美人品牌店,床垫硬垫软床垫加硬神器薄椰棕护脊椎腰软床变硬神器硬板太软改硬,265.24,【升级】中硬7cm厚=5cm无胶高密S型黄麻+2cm云感乳棉,7,98.0,686,780,8.8折,平台加补后,https://detail.tmall.com/item.htm?b_s_f=sycm&b_spm=a21ag.29085015&id=667845157183
235,667845157183,眠美人品牌店,床垫硬垫软床垫加硬神器薄椰棕护脊椎腰软床变硬神器硬板太软改硬,265.24,【升级】中硬6cm厚=4cm无胶高密S型黄麻+2cm云感乳棉,6,111.13,666.78,757.78,8.8折,平台加补后,https://detail.tmall.com/item.htm?b_s_f=sycm&b_spm=a21ag.29085015&id=667845157183
235,667845157183,眠美人品牌店,床垫硬垫软床垫加硬神器薄椰棕护脊椎腰软床变硬神器硬板太软改硬,265.24,【升级】中硬9cm厚=7cm无胶高密S型黄麻+2cm云感乳棉,9,82.74,744.67,846.67,8.8折,平台加补后,https://detail.tmall.com/item.htm?b_s_f=sycm&b_spm=a21ag.29085015&id=667845157183
235,667845157183,眠美人品牌店,床垫硬垫软床垫加硬神器薄椰棕护脊椎腰软床变硬神器硬板太软改硬,265.24,【升级】高硬5cm厚=4cm无胶高密S型黄麻+9D抗菌透气面料,5,100.87,504.33,573.33,8.8折,平台加补后,https://detail.tmall.com/item.htm?b_s_f=sycm&b_spm=a21ag.29085015&id=667845157183
235,667845157183,眠美人品牌店,床垫硬垫软床垫加硬神器薄椰棕护脊椎腰软床变硬神器硬板太软改硬,265.24,【升级】高硬3cm厚=2.5cm无胶高密S型黄麻+9D抗菌透气面料,3,129.41,388.22,442.22,8.8折,平台加补后,https://detail.tmall.com/item.htm?b_s_f=sycm&b_spm=a21ag.29085015&id=667845157183
236,683054684374,梦王家具,弹簧床垫经济型20cm厚1.5米1.8m席梦思软硬两用乳胶椰棕租房家用,325,升级碳钢加固弹簧+羊绒棉 约20cm软硬适中,20,19.75,395,870,4.5折,平台加补后,https://detail.tmall.com/item.htm?b_s_f=sycm&b_spm=a21ag.29085015&id=683054684374
236,683054684374,梦王家具,弹簧床垫经济型20cm厚1.5米1.8m席梦思软硬两用乳胶椰棕租房家用,325,升级碳钢加固弹簧+羊绒棉+3E椰棕 约22cm偏硬护脊,22,21.14,465,1010,4.6折,平台加补后,https://detail.tmall.com/item.htm?b_s_f=sycm&b_spm=a21ag.29085015&id=683054684374
236,683054684374,梦王家具,弹簧床垫经济型20cm厚1.5米1.8m席梦思软硬两用乳胶椰棕租房家用,325,升级碳钢加固弹簧+羊绒棉+天然乳胶 约22cm偏软舒适,22,21.14,465,1010,4.6折,平台加补后,https://detail.tmall.com/item.htm?b_s_f=sycm&b_spm=a21ag.29085015&id=683054684374
236,683054684374,梦王家具,弹簧床垫经济型20cm厚1.5米1.8m席梦思软硬两用乳胶椰棕租房家用,325,升级碳钢加固弹簧+针织棉 约20cm软硬适中,20,16.25,325,730,4.5折,平台加补后,https://detail.tmall.com/item.htm?b_s_f=sycm&b_spm=a21ag.29085015&id=683054684374
236,683054684374,梦王家具,弹簧床垫经济型20cm厚1.5米1.8m席梦思软硬两用乳胶椰棕租房家用,325,升级碳钢加固弹簧+针织棉+3E椰棕 约22cm偏硬护脊,22,18.64,410,900,4.6折,平台加补后,https://detail.tmall.com/item.htm?b_s_f=sycm&b_spm=a21ag.29085015&id=683054684374
236,683054684374,梦王家具,弹簧床垫经济型20cm厚1.5米1.8m席梦思软硬两用乳胶椰棕租房家用,325,升级碳钢加固弹簧+针织棉+天然乳胶 约22cm偏软舒适 千人加购,22,18.64,410,900,4.6折,平台加补后,https://detail.tmall.com/item.htm?b_s_f=sycm&b_spm=a21ag.29085015&id=683054684374
236,683054684374,梦王家具,弹簧床垫经济型20cm厚1.5米1.8m席梦思软硬两用乳胶椰棕租房家用,325,邦尼尔独立弹簧+羊绒棉 约20cm软硬适中,20,21.0,420,920,4.6折,平台加补后,https://detail.tmall.com/item.htm?b_s_f=sycm&b_spm=a21ag.29085015&id=683054684374
236,683054684374,梦王家具,弹簧床垫经济型20cm厚1.5米1.8m席梦思软硬两用乳胶椰棕租房家用,325,邦尼尔独立弹簧+羊绒棉+天然乳胶 约22cm偏软舒适 店长主推,22,22.05,485,1050,4.6折,平台加补后,https://detail.tmall.com/item.htm?b_s_f=sycm&b_spm=a21ag.29085015&id=683054684374
236,683054684374,梦王家具,弹簧床垫经济型20cm厚1.5米1.8m席梦思软硬两用乳胶椰棕租房家用,325,邦尼尔独立弹簧+羊绒棉+3E椰棕 约22cm偏硬护脊,22,22.05,485,1050,4.6折,平台加补后,https://detail.tmall.com/item.htm?b_s_f=sycm&b_spm=a21ag.29085015&id=683054684374
236,683054684374,梦王家具,弹簧床垫经济型20cm厚1.5米1.8m席梦思软硬两用乳胶椰棕租房家用,325,邦尼尔独立弹簧+羊绒棉+乳胶椰棕 约23cm软硬双面,23,24.57,565,1210,4.7折,平台加补后,https://detail.tmall.com/item.htm?b_s_f=sycm&b_spm=a21ag.29085015&id=683054684374
236,683054684374,梦王家具,弹簧床垫经济型20cm厚1.5米1.8m席梦思软硬两用乳胶椰棕租房家用,325,邦尼尔独立弹簧+针织棉 约20cm软硬适中,20,19.25,385,850,4.5折,平台加补后,https://detail.tmall.com/item.htm?b_s_f=sycm&b_spm=a21ag.29085015&id=683054684374
236,683054684374,梦王家具,弹簧床垫经济型20cm厚1.5米1.8m席梦思软硬两用乳胶椰棕租房家用,325,邦尼尔独立弹簧+针织棉+3E椰棕 约22cm偏硬护脊,22,19.55,430,940,4.6折,平台加补后,https://detail.tmall.com/item.htm?b_s_f=sycm&b_spm=a21ag.29085015&id=683054684374
236,683054684374,梦王家具,弹簧床垫经济型20cm厚1.5米1.8m席梦思软硬两用乳胶椰棕租房家用,325,邦尼尔独立弹簧+针织棉+天然乳胶 约22cm偏软舒适,22,19.55,430,940,4.6折,平台加补后,https://detail.tmall.com/item.htm?b_s_f=sycm&b_spm=a21ag.29085015&id=683054684374
236,683054684374,梦王家具,弹簧床垫经济型20cm厚1.5米1.8m席梦思软硬两用乳胶椰棕租房家用,325,独立压缩弹簧+羊绒棉 约12cm软硬适中,12,36.67,440,960,4.6折,平台加补后,https://detail.tmall.com/item.htm?b_s_f=sycm&b_spm=a21ag.29085015&id=683054684374
236,683054684374,梦王家具,弹簧床垫经济型20cm厚1.5米1.8m席梦思软硬两用乳胶椰棕租房家用,325,独立压缩弹簧+羊绒棉+3E椰棕 约14cm偏硬护脊,14,34.64,485,1050,4.6折,平台加补后,https://detail.tmall.com/item.htm?b_s_f=sycm&b_spm=a21ag.29085015&id=683054684374
236,683054684374,梦王家具,弹簧床垫经济型20cm厚1.5米1.8m席梦思软硬两用乳胶椰棕租房家用,325,独立压缩弹簧+羊绒棉+乳胶 约14cm偏软舒适,14,34.64,485,1050,4.6折,平台加补后,https://detail.tmall.com/item.htm?b_s_f=sycm&b_spm=a21ag.29085015&id=683054684374
236,683054684374,梦王家具,弹簧床垫经济型20cm厚1.5米1.8m席梦思软硬两用乳胶椰棕租房家用,325,独立压缩弹簧+羊绒棉+乳胶椰棕 约15cm软硬双面,15,37.67,565,1210,4.7折,平台加补后,https://detail.tmall.com/item.htm?b_s_f=sycm&b_spm=a21ag.29085015&id=683054684374
236,683054684374,梦王家具,弹簧床垫经济型20cm厚1.5米1.8m席梦思软硬两用乳胶椰棕租房家用,325,分区静音布袋簧+羊绒棉 约20cm软硬适中,20,31.25,625,1330,4.7折,平台加补后,https://detail.tmall.com/item.htm?b_s_f=sycm&b_spm=a21ag.29085015&id=683054684374
236,683054684374,梦王家具,弹簧床垫经济型20cm厚1.5米1.8m席梦思软硬两用乳胶椰棕租房家用,325,分区静音布袋簧+羊绒棉+3E椰棕 约22cm偏硬护脊,22,30.23,665,1410,4.7折,平台加补后,https://detail.tmall.com/item.htm?b_s_f=sycm&b_spm=a21ag.29085015&id=683054684374
236,683054684374,梦王家具,弹簧床垫经济型20cm厚1.5米1.8m席梦思软硬两用乳胶椰棕租房家用,325,分区静音布袋簧+羊绒棉+乳胶 约22cm偏软舒适,22,30.23,665,1410,4.7折,平台加补后,https://detail.tmall.com/item.htm?b_s_f=sycm&b_spm=a21ag.29085015&id=683054684374
236,683054684374,梦王家具,弹簧床垫经济型20cm厚1.5米1.8m席梦思软硬两用乳胶椰棕租房家用,325,分区静音布袋簧+羊绒棉+乳胶椰棕 约23cm软硬双面,23,33.91,780,1640,4.8折,平台加补后,https://detail.tmall.com/item.htm?b_s_f=sycm&b_spm=a21ag.29085015&id=683054684374
237,527212547555,慕思官方旗舰店,【经典版】慕思天然乳胶床垫十大慕斯名牌独立筒弹簧厚硬垫子家用,4008.21,经典1.0 (基础款)【软硬适中/20cm】舒适承托-MCW1-015,20,200.41,4008.21,5925.54,6.8折,平台加补后,https://detail.tmall.com/item.htm?b_s_f=sycm&b_spm=a21ag.29085015&id=527212547555
237,527212547555,慕思官方旗舰店,【经典版】慕思天然乳胶床垫十大慕斯名牌独立筒弹簧厚硬垫子家用,4008.21,经典2.0 (升级款)【软硬适中/20cm】面料防螨升级-MCW1-083,20,209.99,4199.8,6150.94,6.8折,平台加补后,https://detail.tmall.com/item.htm?b_s_f=sycm&b_spm=a21ag.29085015&id=527212547555
237,527212547555,慕思官方旗舰店,【经典版】慕思天然乳胶床垫十大慕斯名牌独立筒弹簧厚硬垫子家用,4008.21,经典3.0 (豪华款)【软硬适中/20cm】加厚天然乳胶-MCW1-105,20,224.19,4483.85,6485.12,6.9折,平台加补后,https://detail.tmall.com/item.htm?b_s_f=sycm&b_spm=a21ag.29085015&id=527212547555
237,527212547555,慕思官方旗舰店,【经典版】慕思天然乳胶床垫十大慕斯名牌独立筒弹簧厚硬垫子家用,4008.21,经典Kids (儿童款)【软硬适中/20cm】比利时进口乳胶-MKA2-031A,20,210.2,4203.96,6155.84,6.8折,平台加补后,https://detail.tmall.com/item.htm?b_s_f=sycm&b_spm=a21ag.29085015&id=527212547555
238,934001410756,大自然家具官方旗舰店,大自然【脊护卫】家用软床垫加硬神器护脊专用山棕薄款偏硬床垫,981.75,4cm厚-脊护卫,4,245.44,981.75,1679,5.8折,平台加补后,https://detail.tmall.com/item.htm?b_s_f=sycm&b_spm=a21ag.29085015&id=934001410756
239,858893763698,林氏旗舰店,林氏家居双面0胶水乳胶床垫独立弹簧床垫黄麻硬垫子软垫政府补贴,947.51,①【撑腰护脊】偏硬支撑|全垫0胶|21cm,21,47.51,997.76,1683,5.9折,平台加补后,https://detail.tmall.com/item.htm?b_s_f=sycm&b_spm=a21ag.29085015&id=858893763698
239,858893763698,林氏旗舰店,林氏家居双面0胶水乳胶床垫独立弹簧床垫黄麻硬垫子软垫政府补贴,947.51,②【品质双面睡】加硬弹簧|全垫0胶|23cm,23,58.15,1337.49,2280,5.9折,平台加补后,https://detail.tmall.com/item.htm?b_s_f=sycm&b_spm=a21ag.29085015&id=858893763698
239,858893763698,林氏旗舰店,林氏家居双面0胶水乳胶床垫独立弹簧床垫黄麻硬垫子软垫政府补贴,947.51,③【高睡眠要求】舒适深睡|全垫0胶|23cm,23,53.35,1227.03,2093,5.9折,平台加补后,https://detail.tmall.com/item.htm?b_s_f=sycm&b_spm=a21ag.29085015&id=858893763698
239,858893763698,林氏旗舰店,林氏家居双面0胶水乳胶床垫独立弹簧床垫黄麻硬垫子软垫政府补贴,947.51,④【性价比双面睡】全家适用|全垫0胶|22cm,22,43.07,947.51,1616,5.9折,平台加补后,https://detail.tmall.com/item.htm?b_s_f=sycm&b_spm=a21ag.29085015&id=858893763698
239,858893763698,林氏旗舰店,林氏家居双面0胶水乳胶床垫独立弹簧床垫黄麻硬垫子软垫政府补贴,947.51,⑥【尊享双面睡】轻音抗干扰|全垫0胶|23cm,23,71.6,1646.69,2809,5.9折,平台加补后,https://detail.tmall.com/item.htm?b_s_f=sycm&b_spm=a21ag.29085015&id=858893763698
239,858893763698,林氏旗舰店,林氏家居双面0胶水乳胶床垫独立弹簧床垫黄麻硬垫子软垫政府补贴,947.51,⑨【释压深睡】抑菌面料|加粗弹簧|16cm,16,64.83,1037.34,1752,5.9折,平台加补后,https://detail.tmall.com/item.htm?b_s_f=sycm&b_spm=a21ag.29085015&id=858893763698
239,858893763698,林氏旗舰店,林氏家居双面0胶水乳胶床垫独立弹簧床垫黄麻硬垫子软垫政府补贴,947.51,⑬【双面深睡】经典乳胶自然防螨|超声波0胶独袋簧|25cm,25,63.92,1598,2725,5.9折,平台加补后,https://detail.tmall.com/item.htm?b_s_f=sycm&b_spm=a21ag.29085015&id=858893763698
240,730618881333,香港海马家具国际集团有限公司,补贴15%禧海马十大压缩官方卷包床垫软垫家用卧室乳胶席梦15C厚思,696.15,⭐D主卧热卖【零压记忆棉】厚≈20cm 适中,20,51.94,1038.7,1821,5.7折,平台加补后,https://detail.tmall.com/item.htm?b_s_f=sycm&b_spm=a21ag.29085015&id=730618881333
240,730618881333,香港海马家具国际集团有限公司,补贴15%禧海马十大压缩官方卷包床垫软垫家用卧室乳胶席梦15C厚思,696.15,⭐D主卧热卖【零压记忆棉】厚≈15cm 适中,15,67.55,1013.2,1787,5.7折,平台加补后,https://detail.tmall.com/item.htm?b_s_f=sycm&b_spm=a21ag.29085015&id=730618881333
240,730618881333,香港海马家具国际集团有限公司,补贴15%禧海马十大压缩官方卷包床垫软垫家用卧室乳胶席梦15C厚思,696.15,⭐D主卧热卖【零压记忆棉】厚≈12cm 适中,12,83.37,1000.45,1770,5.7折,平台加补后,https://detail.tmall.com/item.htm?b_s_f=sycm&b_spm=a21ag.29085015&id=730618881333
240,730618881333,香港海马家具国际集团有限公司,补贴15%禧海马十大压缩官方卷包床垫软垫家用卧室乳胶席梦15C厚思,696.15,⭐D主卧热卖【零压记忆棉】厚≈9cm 适中,9,111.16,1000.45,1770,5.7折,平台加补后,https://detail.tmall.com/item.htm?b_s_f=sycm&b_spm=a21ag.29085015&id=730618881333
240,730618881333,香港海马家具国际集团有限公司,补贴15%禧海马十大压缩官方卷包床垫软垫家用卧室乳胶席梦15C厚思,696.15,↓防塌专利:年轻/白领/孕妇/静音深睡,,,1598,3000,5.3折,平台加补后,https://detail.tmall.com/item.htm?b_s_f=sycm&b_spm=a21ag.29085015&id=730618881333
240,730618881333,香港海马家具国际集团有限公司,补贴15%禧海马十大压缩官方卷包床垫软垫家用卧室乳胶席梦15C厚思,696.15,⭐C静音舒适【高纯乳胶】厚≈20cm 中软,20,44.5,889.95,1622,5.5折,平台加补后,https://detail.tmall.com/item.htm?b_s_f=sycm&b_spm=a21ag.29085015&id=730618881333
240,730618881333,香港海马家具国际集团有限公司,补贴15%禧海马十大压缩官方卷包床垫软垫家用卧室乳胶席梦15C厚思,696.15,⭐C静音舒适【高纯乳胶】厚≈15cm 中软,15,57.74,866.15,1590,5.4折,平台加补后,https://detail.tmall.com/item.htm?b_s_f=sycm&b_spm=a21ag.29085015&id=730618881333
240,730618881333,香港海马家具国际集团有限公司,补贴15%禧海马十大压缩官方卷包床垫软垫家用卧室乳胶席梦15C厚思,696.15,⭐C静音舒适【高纯乳胶】厚≈12cm 中软,12,71.9,862.75,1586,5.4折,平台加补后,https://detail.tmall.com/item.htm?b_s_f=sycm&b_spm=a21ag.29085015&id=730618881333
240,730618881333,香港海马家具国际集团有限公司,补贴15%禧海马十大压缩官方卷包床垫软垫家用卧室乳胶席梦15C厚思,696.15,⭐C静音舒适【高纯乳胶】厚≈9cm 中软,9,95.86,862.75,1586,5.4折,平台加补后,https://detail.tmall.com/item.htm?b_s_f=sycm&b_spm=a21ag.29085015&id=730618881333
240,730618881333,香港海马家具国际集团有限公司,补贴15%禧海马十大压缩官方卷包床垫软垫家用卧室乳胶席梦15C厚思,696.15,↓防塌专利:儿童/青年/针对腰不好中老年,,,1598,3000,5.3折,平台加补后,https://detail.tmall.com/item.htm?b_s_f=sycm&b_spm=a21ag.29085015&id=730618881333
240,730618881333,香港海马家具国际集团有限公司,补贴15%禧海马十大压缩官方卷包床垫软垫家用卧室乳胶席梦15C厚思,696.15,B次卧舒睡【护脊活氧棉】厚≈20cm 稍硬,20,39.31,786.25,1484,5.3折,平台加补后,https://detail.tmall.com/item.htm?b_s_f=sycm&b_spm=a21ag.29085015&id=730618881333
240,730618881333,香港海马家具国际集团有限公司,补贴15%禧海马十大压缩官方卷包床垫软垫家用卧室乳胶席梦15C厚思,696.15,B次卧舒睡【护脊活氧棉】厚≈15cm 稍硬,15,51.17,767.55,1459,5.3折,平台加补后,https://detail.tmall.com/item.htm?b_s_f=sycm&b_spm=a21ag.29085015&id=730618881333
240,730618881333,香港海马家具国际集团有限公司,补贴15%禧海马十大压缩官方卷包床垫软垫家用卧室乳胶席梦15C厚思,696.15,B次卧舒睡【护脊活氧棉】厚≈12cm 中硬,12,63.32,759.9,1448,5.2折,平台加补后,https://detail.tmall.com/item.htm?b_s_f=sycm&b_spm=a21ag.29085015&id=730618881333
240,730618881333,香港海马家具国际集团有限公司,补贴15%禧海马十大压缩官方卷包床垫软垫家用卧室乳胶席梦15C厚思,696.15,B次卧舒睡【护脊活氧棉】厚≈9cm 中硬,9,84.43,759.9,1448,5.2折,平台加补后,https://detail.tmall.com/item.htm?b_s_f=sycm&b_spm=a21ag.29085015&id=730618881333
240,730618881333,香港海马家具国际集团有限公司,补贴15%禧海马十大压缩官方卷包床垫软垫家用卧室乳胶席梦15C厚思,696.15,A客房民宿【舒睡高弹棉】厚≈20cm 稍软,20,35.66,713.15,1386,5.1折,平台加补后,https://detail.tmall.com/item.htm?b_s_f=sycm&b_spm=a21ag.29085015&id=730618881333
240,730618881333,香港海马家具国际集团有限公司,补贴15%禧海马十大压缩官方卷包床垫软垫家用卧室乳胶席梦15C厚思,696.15,A客房民宿【舒睡高弹棉】厚≈15cm 稍软,15,46.41,696.15,1363,5.1折,平台加补后,https://detail.tmall.com/item.htm?b_s_f=sycm&b_spm=a21ag.29085015&id=730618881333
240,730618881333,香港海马家具国际集团有限公司,补贴15%禧海马十大压缩官方卷包床垫软垫家用卧室乳胶席梦15C厚思,696.15,A客房民宿【舒睡高弹棉】厚≈12cm 稍软,12,58.15,697.85,1365,5.1折,平台加补后,https://detail.tmall.com/item.htm?b_s_f=sycm&b_spm=a21ag.29085015&id=730618881333
240,730618881333,香港海马家具国际集团有限公司,补贴15%禧海马十大压缩官方卷包床垫软垫家用卧室乳胶席梦15C厚思,696.15,A客房民宿【舒睡高弹棉】厚≈9cm 稍软,9,77.54,697.85,1365,5.1折,平台加补后,https://detail.tmall.com/item.htm?b_s_f=sycm&b_spm=a21ag.29085015&id=730618881333
240,730618881333,香港海马家具国际集团有限公司,补贴15%禧海马十大压缩官方卷包床垫软垫家用卧室乳胶席梦15C厚思,696.15,明禧【软硬可调/25CM】护脊魔方,25,68.1,1702.55,3140,5.4折,平台加补后,https://detail.tmall.com/item.htm?b_s_f=sycm&b_spm=a21ag.29085015&id=730618881333
241,863164520759,他米乐旗舰店,日本Tamoro天然黄麻床垫儿童护脊硬乳胶榻榻米垫子不塌陷护腰家用,403.75,1800mm*2000mm 标准配置款,,,403.75,618,6.5折,平台加补后,https://detail.tmall.com/item.htm?b_s_f=sycm&b_spm=a21ag.29085015&id=863164520759
242,1010425170575,朗漫德旗舰店,天然S型黄麻床垫卧室家用儿童护脊椰棕榈硬床垫乳胶榻榻米可定制,510,【S型黄麻】偏硬6CM=3cmS黄麻+抗菌防螨面料,6,85.0,510,580,8.8折,平台加补后,https://detail.tmall.com/item.htm?b_s_f=sycm&b_spm=a21ag.29085015&id=1010425170575
242,1010425170575,朗漫德旗舰店,天然S型黄麻床垫卧室家用儿童护脊椰棕榈硬床垫乳胶榻榻米可定制,510,【S型黄麻】偏硬8CM=5cmS黄麻+抗菌防螨面料,8,77.0,616,700,8.8折,平台加补后,https://detail.tmall.com/item.htm?b_s_f=sycm&b_spm=a21ag.29085015&id=1010425170575
242,1010425170575,朗漫德旗舰店,天然S型黄麻床垫卧室家用儿童护脊椰棕榈硬床垫乳胶榻榻米可定制,510,【S型黄麻】偏硬10CM=7cmS黄麻+抗菌防螨面料,10,68.6,686,780,8.8折,平台加补后,https://detail.tmall.com/item.htm?b_s_f=sycm&b_spm=a21ag.29085015&id=1010425170575
242,1010425170575,朗漫德旗舰店,天然S型黄麻床垫卧室家用儿童护脊椰棕榈硬床垫乳胶榻榻米可定制,510,【S型黄麻】偏硬13CM=10cmS黄麻+抗菌防螨面料,13,76.46,994,1130,8.8折,平台加补后,https://detail.tmall.com/item.htm?b_s_f=sycm&b_spm=a21ag.29085015&id=1010425170575
242,1010425170575,朗漫德旗舰店,天然S型黄麻床垫卧室家用儿童护脊椰棕榈硬床垫乳胶榻榻米可定制,510,【S型黄麻】适中7CM=1cm乳胶+3cmS黄麻+抗菌防螨面料,7,85.43,598,680,8.8折,平台加补后,https://detail.tmall.com/item.htm?b_s_f=sycm&b_spm=a21ag.29085015&id=1010425170575
242,1010425170575,朗漫德旗舰店,天然S型黄麻床垫卧室家用儿童护脊椰棕榈硬床垫乳胶榻榻米可定制,510,【S型黄麻】适中9CM=1cm乳胶+5cmS黄麻+抗菌防螨面料 千人加购,9,76.22,686,780,8.8折,平台加补后,https://detail.tmall.com/item.htm?b_s_f=sycm&b_spm=a21ag.29085015&id=1010425170575
242,1010425170575,朗漫德旗舰店,天然S型黄麻床垫卧室家用儿童护脊椰棕榈硬床垫乳胶榻榻米可定制,510,【S型黄麻】适中11CM=1cm乳胶+7cmS黄麻+抗菌防螨面料,11,70.36,774,880,8.8折,平台加补后,https://detail.tmall.com/item.htm?b_s_f=sycm&b_spm=a21ag.29085015&id=1010425170575
242,1010425170575,朗漫德旗舰店,天然S型黄麻床垫卧室家用儿童护脊椰棕榈硬床垫乳胶榻榻米可定制,510,【S型黄麻】舒适8CM=2cm乳胶+3cmS黄麻+抗菌防螨面料,8,83.5,668,760,8.8折,平台加补后,https://detail.tmall.com/item.htm?b_s_f=sycm&b_spm=a21ag.29085015&id=1010425170575
242,1010425170575,朗漫德旗舰店,天然S型黄麻床垫卧室家用儿童护脊椰棕榈硬床垫乳胶榻榻米可定制,510,【S型黄麻】舒适10CM=2cm乳胶+5cmS黄麻+抗菌防螨面料,10,75.6,756,860,8.8折,平台加补后,https://detail.tmall.com/item.htm?b_s_f=sycm&b_spm=a21ag.29085015&id=1010425170575
242,1010425170575,朗漫德旗舰店,天然S型黄麻床垫卧室家用儿童护脊椰棕榈硬床垫乳胶榻榻米可定制,510,【S型黄麻】舒适12CM=2cm乳胶+7cmS黄麻+抗菌防螨面料,12,70.33,844,960,8.8折,平台加补后,https://detail.tmall.com/item.htm?b_s_f=sycm&b_spm=a21ag.29085015&id=1010425170575
242,1010425170575,朗漫德旗舰店,天然S型黄麻床垫卧室家用儿童护脊椰棕榈硬床垫乳胶榻榻米可定制,510,【S型黄麻】舒适15CM=2cm乳胶+10cmS黄麻+抗菌防螨面料,15,76.27,1144,1300,8.8折,平台加补后,https://detail.tmall.com/item.htm?b_s_f=sycm&b_spm=a21ag.29085015&id=1010425170575
243,1031561742339,床垫工厂直发店,压缩卷包盒子独立袋装弹簧床垫家用卧室记忆棉乳胶席梦思软床垫子,307.21,厚20cm高弹静音独立弹簧 万人加购,20,15.36,307.21,678.6,4.5折,平台加补后,https://detail.tmall.com/item.htm?b_s_f=sycm&b_spm=a21ag.29085015&id=1031561742339
243,1031561742339,床垫工厂直发店,压缩卷包盒子独立袋装弹簧床垫家用卧室记忆棉乳胶席梦思软床垫子,307.21,厚22cm高弹静音独立弹簧,22,17.36,381.93,797,4.8折,平台加补后,https://detail.tmall.com/item.htm?b_s_f=sycm&b_spm=a21ag.29085015&id=1031561742339
243,1031561742339,床垫工厂直发店,压缩卷包盒子独立袋装弹簧床垫家用卧室记忆棉乳胶席梦思软床垫子,307.21,厚24cm高弹静音独立弹簧,24,17.15,411.6,840,4.9折,平台加补后,https://detail.tmall.com/item.htm?b_s_f=sycm&b_spm=a21ag.29085015&id=1031561742339
243,1031561742339,床垫工厂直发店,压缩卷包盒子独立袋装弹簧床垫家用卧室记忆棉乳胶席梦思软床垫子,307.21,厚26cm高弹静音独立弹簧,26,16.96,440.93,882.5,5.0折,平台加补后,https://detail.tmall.com/item.htm?b_s_f=sycm&b_spm=a21ag.29085015&id=1031561742339
243,1031561742339,床垫工厂直发店,压缩卷包盒子独立袋装弹簧床垫家用卧室记忆棉乳胶席梦思软床垫子,307.21,厚28cm高弹静音独立弹簧,28,17.51,490.26,954,5.1折,平台加补后,https://detail.tmall.com/item.htm?b_s_f=sycm&b_spm=a21ag.29085015&id=1031561742339
243,1031561742339,床垫工厂直发店,压缩卷包盒子独立袋装弹簧床垫家用卧室记忆棉乳胶席梦思软床垫子,307.21,厚30cm高弹静音独立弹簧,30,18.33,550,1040,5.3折,平台加补后,https://detail.tmall.com/item.htm?b_s_f=sycm&b_spm=a21ag.29085015&id=1031561742339
243,1031561742339,床垫工厂直发店,压缩卷包盒子独立袋装弹簧床垫家用卧室记忆棉乳胶席梦思软床垫子,307.21,厚31cm高弹静音独立弹簧,31,19.67,609.85,1125.5,5.4折,平台加补后,https://detail.tmall.com/item.htm?b_s_f=sycm&b_spm=a21ag.29085015&id=1031561742339
243,1031561742339,床垫工厂直发店,压缩卷包盒子独立袋装弹簧床垫家用卧室记忆棉乳胶席梦思软床垫子,307.21,厚20cm高弹静音独立弹簧+支撑边框,20,27.5,550,1040,5.3折,平台加补后,https://detail.tmall.com/item.htm?b_s_f=sycm&b_spm=a21ag.29085015&id=1031561742339
243,1031561742339,床垫工厂直发店,压缩卷包盒子独立袋装弹簧床垫家用卧室记忆棉乳胶席梦思软床垫子,307.21,厚22cm高弹静音独立弹簧+支撑边框,22,25.91,569.95,1068.5,5.3折,平台加补后,https://detail.tmall.com/item.htm?b_s_f=sycm&b_spm=a21ag.29085015&id=1031561742339
243,1031561742339,床垫工厂直发店,压缩卷包盒子独立袋装弹簧床垫家用卧室记忆棉乳胶席梦思软床垫子,307.21,厚24cm高弹静音独立弹簧+支撑边框,24,24.58,589.9,1097,5.4折,平台加补后,https://detail.tmall.com/item.htm?b_s_f=sycm&b_spm=a21ag.29085015&id=1031561742339
243,1031561742339,床垫工厂直发店,压缩卷包盒子独立袋装弹簧床垫家用卧室记忆棉乳胶席梦思软床垫子,307.21,厚26cm高弹静音独立弹簧+支撑边框,26,23.85,620,1140,5.4折,平台加补后,https://detail.tmall.com/item.htm?b_s_f=sycm&b_spm=a21ag.29085015&id=1031561742339
243,1031561742339,床垫工厂直发店,压缩卷包盒子独立袋装弹簧床垫家用卧室记忆棉乳胶席梦思软床垫子,307.21,厚28cm高弹静音独立弹簧+支撑边框,28,23.92,669.7,1211,5.5折,平台加补后,https://detail.tmall.com/item.htm?b_s_f=sycm&b_spm=a21ag.29085015&id=1031561742339
243,1031561742339,床垫工厂直发店,压缩卷包盒子独立袋装弹簧床垫家用卧室记忆棉乳胶席梦思软床垫子,307.21,厚30cm高弹静音独立弹簧+支撑边框,30,24.33,729.9,1297,5.6折,平台加补后,https://detail.tmall.com/item.htm?b_s_f=sycm&b_spm=a21ag.29085015&id=1031561742339
243,1031561742339,床垫工厂直发店,压缩卷包盒子独立袋装弹簧床垫家用卧室记忆棉乳胶席梦思软床垫子,307.21,厚31cm高弹静音独立弹簧+支撑边框,31,25.48,789.75,1382.5,5.7折,平台加补后,https://detail.tmall.com/item.htm?b_s_f=sycm&b_spm=a21ag.29085015&id=1031561742339
244,764451763737,Shimes床垫品牌店,乳胶床垫记忆棉压缩卷包盒子床垫软垫家用独立袋弹簧床垫名牌厚20,457,A柔软款【厚度约20cm客房租房】,20,22.85,457,520,8.8折,平台加补后,https://detail.tmall.com/item.htm?b_s_f=sycm&b_spm=a21ag.29085015&id=764451763737
244,764451763737,Shimes床垫品牌店,乳胶床垫记忆棉压缩卷包盒子床垫软垫家用独立袋弹簧床垫名牌厚20,457,B偏硬款【厚度约21cm护脊发育】,21,24.0,504,573,8.8折,平台加补后,https://detail.tmall.com/item.htm?b_s_f=sycm&b_spm=a21ag.29085015&id=764451763737
244,764451763737,Shimes床垫品牌店,乳胶床垫记忆棉压缩卷包盒子床垫软垫家用独立袋弹簧床垫名牌厚20,457,C舒适款【厚度约22cm静音舒适】,22,28.14,619,704,8.8折,平台加补后,https://detail.tmall.com/item.htm?b_s_f=sycm&b_spm=a21ag.29085015&id=764451763737
244,764451763737,Shimes床垫品牌店,乳胶床垫记忆棉压缩卷包盒子床垫软垫家用独立袋弹簧床垫名牌厚20,457,D零压款【厚度约22cm主卧优选】,22,32.14,707,804,8.8折,平台加补后,https://detail.tmall.com/item.htm?b_s_f=sycm&b_spm=a21ag.29085015&id=764451763737
244,764451763737,Shimes床垫品牌店,乳胶床垫记忆棉压缩卷包盒子床垫软垫家用独立袋弹簧床垫名牌厚20,457,E豪华酒店款【厚度约24cm星级享受】,24,32.83,788,896,8.8折,平台加补后,https://detail.tmall.com/item.htm?b_s_f=sycm&b_spm=a21ag.29085015&id=764451763737
244,764451763737,Shimes床垫品牌店,乳胶床垫记忆棉压缩卷包盒子床垫软垫家用独立袋弹簧床垫名牌厚20,457,F五星酣睡款【厚度约24cm五星云感】,24,36.62,879,999,8.8折,平台加补后,https://detail.tmall.com/item.htm?b_s_f=sycm&b_spm=a21ag.29085015&id=764451763737
245,40693878489,穗宝官方旗舰店,【经典0胶】穗宝椰棕黄麻硬垫乳胶弹簧席梦思1.8米双人家用床垫,2901.05,海地3.0【整垫0胶/偏硬/21cm】升级黄麻+乳胶 全家适用爆款 千人加购,21,154.58,3246.15,4693,6.9折,平台加补后,https://detail.tmall.com/item.htm?b_s_f=sycm&b_spm=a21ag.29085015&id=40693878489
245,40693878489,穗宝官方旗舰店,【经典0胶】穗宝椰棕黄麻硬垫乳胶弹簧席梦思1.8米双人家用床垫,2901.05,海地2.0【0胶/偏硬/21cm】经典椰棕+乳胶,21,154.58,3246.15,4693,6.9折,平台加补后,https://detail.tmall.com/item.htm?b_s_f=sycm&b_spm=a21ag.29085015&id=40693878489
245,40693878489,穗宝官方旗舰店,【经典0胶】穗宝椰棕黄麻硬垫乳胶弹簧席梦思1.8米双人家用床垫,2901.05,马德里3.0【整垫0胶/高硬/21cm】升级双层黄麻 老幼首选 全网低价,21,171.01,3591.25,5154,7.0折,平台加补后,https://detail.tmall.com/item.htm?b_s_f=sycm&b_spm=a21ag.29085015&id=40693878489
245,40693878489,穗宝官方旗舰店,【经典0胶】穗宝椰棕黄麻硬垫乳胶弹簧席梦思1.8米双人家用床垫,2901.05,马德里2.0【0胶/高硬/21cm】经典双层椰棕,21,171.01,3591.25,5154,7.0折,平台加补后,https://detail.tmall.com/item.htm?b_s_f=sycm&b_spm=a21ag.29085015&id=40693878489
245,40693878489,穗宝官方旗舰店,【经典0胶】穗宝椰棕黄麻硬垫乳胶弹簧席梦思1.8米双人家用床垫,2901.05,圣地亚哥3.0【整垫0胶/软硬双面/19cm】升级黄麻 高性价,19,152.69,2901.05,4231,6.9折,平台加补后,https://detail.tmall.com/item.htm?b_s_f=sycm&b_spm=a21ag.29085015&id=40693878489
245,40693878489,穗宝官方旗舰店,【经典0胶】穗宝椰棕黄麻硬垫乳胶弹簧席梦思1.8米双人家用床垫,2901.05,圣地亚哥2.0【0胶/软硬双面/19cm】经典椰棕版,19,152.69,2901.05,4231,6.9折,平台加补后,https://detail.tmall.com/item.htm?b_s_f=sycm&b_spm=a21ag.29085015&id=40693878489
245,40693878489,穗宝官方旗舰店,【经典0胶】穗宝椰棕黄麻硬垫乳胶弹簧席梦思1.8米双人家用床垫,2901.05,【套餐】马德里3.0+母婴级防水抑菌床笠,,,3591.25,5154,7.0折,平台加补后,https://detail.tmall.com/item.htm?b_s_f=sycm&b_spm=a21ag.29085015&id=40693878489
245,40693878489,穗宝官方旗舰店,【经典0胶】穗宝椰棕黄麻硬垫乳胶弹簧席梦思1.8米双人家用床垫,2901.05,【套餐】海地3.0+母婴级防水抑菌床笠,,,3476.5,5000,7.0折,平台加补后,https://detail.tmall.com/item.htm?b_s_f=sycm&b_spm=a21ag.29085015&id=40693878489
245,40693878489,穗宝官方旗舰店,【经典0胶】穗宝椰棕黄麻硬垫乳胶弹簧席梦思1.8米双人家用床垫,2901.05,【博主同款】海地3.0++酣穗皮床（象牙白）丨主卧推荐,,,5546.25,7768,7.1折,平台加补后,https://detail.tmall.com/item.htm?b_s_f=sycm&b_spm=a21ag.29085015&id=40693878489
246,1069528253245,金可儿旗舰店,【达人推荐】金可儿乳胶弹簧床垫 独立袋装家用护脊垫子 玛卡卷包,3654.15,玛卡卷包床垫 千人加购,,,3654.15,5999,6.1折,平台加补后,https://detail.tmall.com/item.htm?b_s_f=sycm&b_spm=a21ag.29085015&id=1069528253245
247,813327830668,香榭柏兰旗舰店,天然S型精细黄麻床垫婴儿童专用护脊纯官方椰棕榈硬厚榻榻米定制m,539.82,偏硬款6cm=3cm原生S型黄麻+防螨面料,6,109.55,657.31,969,6.8折,平台加补后,https://detail.tmall.com/item.htm?b_s_f=sycm&b_spm=a21ag.29085015&id=813327830668
247,813327830668,香榭柏兰旗舰店,天然S型精细黄麻床垫婴儿童专用护脊纯官方椰棕榈硬厚榻榻米定制m,539.82,偏硬款8cm=5cm原生S型黄麻+防螨面料,8,97.01,776.05,1145,6.8折,平台加补后,https://detail.tmall.com/item.htm?b_s_f=sycm&b_spm=a21ag.29085015&id=813327830668
247,813327830668,香榭柏兰旗舰店,天然S型精细黄麻床垫婴儿童专用护脊纯官方椰棕榈硬厚榻榻米定制m,539.82,偏硬款10cm=7cm原生S型黄麻+防螨面料,10,89.5,895.05,1322,6.8折,平台加补后,https://detail.tmall.com/item.htm?b_s_f=sycm&b_spm=a21ag.29085015&id=813327830668
247,813327830668,香榭柏兰旗舰店,天然S型精细黄麻床垫婴儿童专用护脊纯官方椰棕榈硬厚榻榻米定制m,539.82,偏硬款13cm=10cm原生S型黄麻+防螨面料,13,105.14,1366.8,1998,6.8折,平台加补后,https://detail.tmall.com/item.htm?b_s_f=sycm&b_spm=a21ag.29085015&id=813327830668
247,813327830668,香榭柏兰旗舰店,天然S型精细黄麻床垫婴儿童专用护脊纯官方椰棕榈硬厚榻榻米定制m,539.82,软硬适中A款8cm=【2cm天然乳胶】+3cm原生S型黄麻+防螨面料,8,117.19,937.55,1380,6.8折,平台加补后,https://detail.tmall.com/item.htm?b_s_f=sycm&b_spm=a21ag.29085015&id=813327830668
247,813327830668,香榭柏兰旗舰店,天然S型精细黄麻床垫婴儿童专用护脊纯官方椰棕榈硬厚榻榻米定制m,539.82,软硬适中A款10cm=【2cm天然乳胶】+5cm原生S型黄麻+防螨面料,10,105.66,1056.55,1557,6.8折,平台加补后,https://detail.tmall.com/item.htm?b_s_f=sycm&b_spm=a21ag.29085015&id=813327830668
247,813327830668,香榭柏兰旗舰店,天然S型精细黄麻床垫婴儿童专用护脊纯官方椰棕榈硬厚榻榻米定制m,539.82,软硬适中A款12cm=【2cm天然乳胶】+7cm原生S型黄麻+防螨面料,12,101.5,1218.05,1792,6.8折,平台加补后,https://detail.tmall.com/item.htm?b_s_f=sycm&b_spm=a21ag.29085015&id=813327830668
247,813327830668,香榭柏兰旗舰店,天然S型精细黄麻床垫婴儿童专用护脊纯官方椰棕榈硬厚榻榻米定制m,539.82,软硬适中A款15cm=【2cm天然乳胶】+10cm原生S型黄麻+防螨面料,15,108.12,1621.8,2351,6.9折,平台加补后,https://detail.tmall.com/item.htm?b_s_f=sycm&b_spm=a21ag.29085015&id=813327830668
247,813327830668,香榭柏兰旗舰店,天然S型精细黄麻床垫婴儿童专用护脊纯官方椰棕榈硬厚榻榻米定制m,539.82,透气适中款8cm=【2cm3D释压透气层】+3cm原生S型黄麻+防螨面料,8,117.19,937.55,1380,6.8折,平台加补后,https://detail.tmall.com/item.htm?b_s_f=sycm&b_spm=a21ag.29085015&id=813327830668
247,813327830668,香榭柏兰旗舰店,天然S型精细黄麻床垫婴儿童专用护脊纯官方椰棕榈硬厚榻榻米定制m,539.82,透气适中款10cm=【2cm3D释压透气层】+5cm原生S型黄麻+防螨面料,10,105.66,1056.55,1557,6.8折,平台加补后,https://detail.tmall.com/item.htm?b_s_f=sycm&b_spm=a21ag.29085015&id=813327830668
247,813327830668,香榭柏兰旗舰店,天然S型精细黄麻床垫婴儿童专用护脊纯官方椰棕榈硬厚榻榻米定制m,539.82,透气适中款12cm=【2cm3D释压透气层】+7cm原生S型黄麻+防螨面料,12,101.5,1218.05,1792,6.8折,平台加补后,https://detail.tmall.com/item.htm?b_s_f=sycm&b_spm=a21ag.29085015&id=813327830668
247,813327830668,香榭柏兰旗舰店,天然S型精细黄麻床垫婴儿童专用护脊纯官方椰棕榈硬厚榻榻米定制m,539.82,舒适升级A款12cm=【乳胶+3D层】+5cm原生S型黄麻+防螨面料,12,110.36,1324.3,1939,6.8折,平台加补后,https://detail.tmall.com/item.htm?b_s_f=sycm&b_spm=a21ag.29085015&id=813327830668
247,813327830668,香榭柏兰旗舰店,天然S型精细黄麻床垫婴儿童专用护脊纯官方椰棕榈硬厚榻榻米定制m,539.82,舒适升级A款14cm=【乳胶+3D层】+7cm原生S型黄麻+防螨面料,14,105.22,1473.05,2145,6.9折,平台加补后,https://detail.tmall.com/item.htm?b_s_f=sycm&b_spm=a21ag.29085015&id=813327830668
247,813327830668,香榭柏兰旗舰店,天然S型精细黄麻床垫婴儿童专用护脊纯官方椰棕榈硬厚榻榻米定制m,539.82,舒适升级A款17cm=【乳胶+3D层】+10cm原生S型黄麻+防螨面料,17,101.65,1728.05,2498,6.9折,平台加补后,https://detail.tmall.com/item.htm?b_s_f=sycm&b_spm=a21ag.29085015&id=813327830668
247,813327830668,香榭柏兰旗舰店,天然S型精细黄麻床垫婴儿童专用护脊纯官方椰棕榈硬厚榻榻米定制m,539.82,舒适升级B款18cm=【云氧棉+3D层】+10cm原生S型黄麻+防螨面料,18,96.0,1728.05,2498,6.9折,平台加补后,https://detail.tmall.com/item.htm?b_s_f=sycm&b_spm=a21ag.29085015&id=813327830668
247,813327830668,香榭柏兰旗舰店,天然S型精细黄麻床垫婴儿童专用护脊纯官方椰棕榈硬厚榻榻米定制m,539.82,经济型偏硬6cm=3cm黄麻3E椰棕+防螨面料 千人加购,6,89.97,539.82,792,6.8折,平台加补后,https://detail.tmall.com/item.htm?b_s_f=sycm&b_spm=a21ag.29085015&id=813327830668
248,654854664323,林氏旗舰店,林氏家居1.5米独立弹簧床垫20cm厚护脊床垫家用卧室单人偏硬床垫,698,(1)【整网弹簧|21cm】经典款 全网低价,21,33.24,698,1190,5.9折,平台加补后,https://detail.tmall.com/item.htm?b_s_f=sycm&b_spm=a21ag.29085015&id=654854664323
248,654854664323,林氏旗舰店,林氏家居1.5米独立弹簧床垫20cm厚护脊床垫家用卧室单人偏硬床垫,698,(2)【独袋弹簧|静音抗干扰|20cm】经典款pro,20,44.9,898,1531,5.9折,平台加补后,https://detail.tmall.com/item.htm?b_s_f=sycm&b_spm=a21ag.29085015&id=654854664323
248,654854664323,林氏旗舰店,林氏家居1.5米独立弹簧床垫20cm厚护脊床垫家用卧室单人偏硬床垫,698,(3)【双面可睡|独袋弹簧|四周加固|20cm】经典款pro max,20,49.9,998,1702,5.9折,平台加补后,https://detail.tmall.com/item.htm?b_s_f=sycm&b_spm=a21ag.29085015&id=654854664323
248,654854664323,林氏旗舰店,林氏家居1.5米独立弹簧床垫20cm厚护脊床垫家用卧室单人偏硬床垫,698,(4)【3分区护脊|防螨防霉|20cm】舒适抑菌款,20,43.38,867.51,1479,5.9折,平台加补后,https://detail.tmall.com/item.htm?b_s_f=sycm&b_spm=a21ag.29085015&id=654854664323
248,654854664323,林氏旗舰店,林氏家居1.5米独立弹簧床垫20cm厚护脊床垫家用卧室单人偏硬床垫,698,(5)【双面可睡|3分区护脊|防螨防霉|22cm】舒适抑菌pro,22,42.32,931.08,1683,5.5折,平台加补后,https://detail.tmall.com/item.htm?b_s_f=sycm&b_spm=a21ag.29085015&id=654854664323
248,654854664323,林氏旗舰店,林氏家居1.5米独立弹簧床垫20cm厚护脊床垫家用卧室单人偏硬床垫,698,(6)【5分区弹簧|恒温天丝面料|25cm】人体工学垫pro,25,61.13,1528.2,3407,4.5折,平台加补后,https://detail.tmall.com/item.htm?b_s_f=sycm&b_spm=a21ag.29085015&id=654854664323
249,765582900396,雅兰官方旗舰店,雅兰床垫定制专拍（定制价格为实付到手价）,0.98,定制专拍（定制价格为实付到手价 详询客服） 万人加购,,,0.98,2,4.9折,平台加补后,https://detail.tmall.com/item.htm?b_s_f=sycm&b_spm=a21ag.29085015&id=765582900396
250,703098767139,雅兰官方旗舰店,【大小姐】雅兰5A级0胶加厚乳胶床垫独立弹簧软硬垫家用席梦思,2965.65,大小姐.,,,2965.65,4999,5.9折,平台加补后,https://detail.tmall.com/item.htm?b_s_f=sycm&b_spm=a21ag.29085015&id=703098767139
250,703098767139,雅兰官方旗舰店,【大小姐】雅兰5A级0胶加厚乳胶床垫独立弹簧软硬垫家用席梦思,2965.65,大小姐×净界Pro 千人加购,,,3390.65,5999,5.7折,平台加补后,https://detail.tmall.com/item.htm?b_s_f=sycm&b_spm=a21ag.29085015&id=703098767139
250,703098767139,雅兰官方旗舰店,【大小姐】雅兰5A级0胶加厚乳胶床垫独立弹簧软硬垫家用席梦思,2965.65,皇家花园+,,,3135.65,5699,5.5折,平台加补后,https://detail.tmall.com/item.htm?b_s_f=sycm&b_spm=a21ag.29085015&id=703098767139
250,703098767139,雅兰官方旗舰店,【大小姐】雅兰5A级0胶加厚乳胶床垫独立弹簧软硬垫家用席梦思,2965.65,皇家花园豪华版,,,3305.65,5899,5.6折,平台加补后,https://detail.tmall.com/item.htm?b_s_f=sycm&b_spm=a21ag.29085015&id=703098767139
250,703098767139,雅兰官方旗舰店,【大小姐】雅兰5A级0胶加厚乳胶床垫独立弹簧软硬垫家用席梦思,2965.65,·睡美人·,,,3390.65,5999,5.7折,平台加补后,https://detail.tmall.com/item.htm?b_s_f=sycm&b_spm=a21ag.29085015&id=703098767139
251,749530492396,妙涵家具旗舰店,天然黄麻椰棕床垫硬全纯家用S型精细儿童护脊定制官方旗舰无0乳胶,326.11,180天免费试睡（此项信息说明）,,,326.11,534,6.1折,平台加补后,https://detail.tmall.com/item.htm?b_s_f=sycm&b_spm=a21ag.29085015&id=749530492396
251,749530492396,妙涵家具旗舰店,天然黄麻椰棕床垫硬全纯家用S型精细儿童护脊定制官方旗舰无0乳胶,326.11,30年质保5年以换代修（此项信息说明）,,,326.11,534,6.1折,平台加补后,https://detail.tmall.com/item.htm?b_s_f=sycm&b_spm=a21ag.29085015&id=749530492396
251,749530492396,妙涵家具旗舰店,天然黄麻椰棕床垫硬全纯家用S型精细儿童护脊定制官方旗舰无0乳胶,326.11,塌陷、变形、免费包退换（此项信息说明）,,,326.11,534,6.1折,平台加补后,https://detail.tmall.com/item.htm?b_s_f=sycm&b_spm=a21ag.29085015&id=749530492396
251,749530492396,妙涵家具旗舰店,天然黄麻椰棕床垫硬全纯家用S型精细儿童护脊定制官方旗舰无0乳胶,326.11,折叠、异形、缺角、均可定制（此项信息说明）,,,326.11,534,6.1折,平台加补后,https://detail.tmall.com/item.htm?b_s_f=sycm&b_spm=a21ag.29085015&id=749530492396
251,749530492396,妙涵家具旗舰店,天然黄麻椰棕床垫硬全纯家用S型精细儿童护脊定制官方旗舰无0乳胶,326.11,【偏硬护脊】6CM=3cm原生黄麻3E棕+抗菌防螨面料,6,69.7,418.17,704,5.9折,平台加补后,https://detail.tmall.com/item.htm?b_s_f=sycm&b_spm=a21ag.29085015&id=749530492396
251,749530492396,妙涵家具旗舰店,天然黄麻椰棕床垫硬全纯家用S型精细儿童护脊定制官方旗舰无0乳胶,326.11,【偏硬护脊】8CM=5cm原生黄麻3E棕+抗菌防螨面料,8,61.57,492.58,850,5.8折,平台加补后,https://detail.tmall.com/item.htm?b_s_f=sycm&b_spm=a21ag.29085015&id=749530492396
251,749530492396,妙涵家具旗舰店,天然黄麻椰棕床垫硬全纯家用S型精细儿童护脊定制官方旗舰无0乳胶,326.11,【偏硬护脊】10CM=7cm原生黄麻3E棕+抗菌防螨面料 店长主推,10,59.75,597.55,1038,5.8折,平台加补后,https://detail.tmall.com/item.htm?b_s_f=sycm&b_spm=a21ag.29085015&id=749530492396
251,749530492396,妙涵家具旗舰店,天然黄麻椰棕床垫硬全纯家用S型精细儿童护脊定制官方旗舰无0乳胶,326.11,【偏硬护脊】15CM=12cm原生黄麻3E棕+抗菌防螨面料 千人加购,15,59.67,895.05,1527,5.9折,平台加补后,https://detail.tmall.com/item.htm?b_s_f=sycm&b_spm=a21ag.29085015&id=749530492396
251,749530492396,妙涵家具旗舰店,天然黄麻椰棕床垫硬全纯家用S型精细儿童护脊定制官方旗舰无0乳胶,326.11,【软硬适中】7CM=1cm乳胶+3cm原生黄麻3E棕+抗菌防螨面料,7,70.37,492.58,850,5.8折,平台加补后,https://detail.tmall.com/item.htm?b_s_f=sycm&b_spm=a21ag.29085015&id=749530492396
251,749530492396,妙涵家具旗舰店,天然黄麻椰棕床垫硬全纯家用S型精细儿童护脊定制官方旗舰无0乳胶,326.11,【软硬适中】9CM=1cm乳胶+5cm原生黄麻3E棕+抗菌防螨面料,9,66.12,595.09,989,6.0折,平台加补后,https://detail.tmall.com/item.htm?b_s_f=sycm&b_spm=a21ag.29085015&id=749530492396
251,749530492396,妙涵家具旗舰店,天然黄麻椰棕床垫硬全纯家用S型精细儿童护脊定制官方旗舰无0乳胶,326.11,【软硬适中】11CM=1cm乳胶+7cm原生黄麻3E棕+抗菌防螨面料,11,63.6,699.55,1174,6.0折,平台加补后,https://detail.tmall.com/item.htm?b_s_f=sycm&b_spm=a21ag.29085015&id=749530492396
251,749530492396,妙涵家具旗舰店,天然黄麻椰棕床垫硬全纯家用S型精细儿童护脊定制官方旗舰无0乳胶,326.11,【舒适深睡】8CM=2cm乳胶+3cm原生黄麻3E棕+抗菌防螨面料,8,75.97,607.75,1052,5.8折,平台加补后,https://detail.tmall.com/item.htm?b_s_f=sycm&b_spm=a21ag.29085015&id=749530492396
251,749530492396,妙涵家具旗舰店,天然黄麻椰棕床垫硬全纯家用S型精细儿童护脊定制官方旗舰无0乳胶,326.11,【舒适深睡】10CM=2cm乳胶+5cm原生黄麻3E棕+抗菌防螨面料,10,69.95,699.55,1220,5.7折,平台加补后,https://detail.tmall.com/item.htm?b_s_f=sycm&b_spm=a21ag.29085015&id=749530492396
251,749530492396,妙涵家具旗舰店,天然黄麻椰棕床垫硬全纯家用S型精细儿童护脊定制官方旗舰无0乳胶,326.11,【舒适深睡】12CM=2cm乳胶+7cm原生黄麻3E棕+抗菌防螨面料,12,67.72,812.6,1371,5.9折,平台加补后,https://detail.tmall.com/item.htm?b_s_f=sycm&b_spm=a21ag.29085015&id=749530492396
251,749530492396,妙涵家具旗舰店,天然黄麻椰棕床垫硬全纯家用S型精细儿童护脊定制官方旗舰无0乳胶,326.11,【舒适深睡】15CM=2cm乳胶+10cm原生黄麻3E棕+抗菌防螨面料,15,64.71,970.7,1673,5.8折,平台加补后,https://detail.tmall.com/item.htm?b_s_f=sycm&b_spm=a21ag.29085015&id=749530492396
251,749530492396,妙涵家具旗舰店,天然黄麻椰棕床垫硬全纯家用S型精细儿童护脊定制官方旗舰无0乳胶,326.11,【护脊Pro】6CM=3cm原生S型黄麻+抗菌防螨面料,6,99.04,594.25,988,6.0折,平台加补后,https://detail.tmall.com/item.htm?b_s_f=sycm&b_spm=a21ag.29085015&id=749530492396
251,749530492396,妙涵家具旗舰店,天然黄麻椰棕床垫硬全纯家用S型精细儿童护脊定制官方旗舰无0乳胶,326.11,【护脊Pro】8CM=5cm原生S型黄麻+抗菌防螨面料,8,95.31,762.45,1304,5.8折,平台加补后,https://detail.tmall.com/item.htm?b_s_f=sycm&b_spm=a21ag.29085015&id=749530492396
251,749530492396,妙涵家具旗舰店,天然黄麻椰棕床垫硬全纯家用S型精细儿童护脊定制官方旗舰无0乳胶,326.11,【护脊Pro】10CM=7cm原生S型黄麻+抗菌防螨面料,10,90.78,907.8,1544,5.9折,平台加补后,https://detail.tmall.com/item.htm?b_s_f=sycm&b_spm=a21ag.29085015&id=749530492396
251,749530492396,妙涵家具旗舰店,天然黄麻椰棕床垫硬全纯家用S型精细儿童护脊定制官方旗舰无0乳胶,326.11,【护脊Pro】13CM=10cm原生S型黄麻+抗菌防螨面料,13,94.35,1226.55,2015,6.1折,平台加补后,https://detail.tmall.com/item.htm?b_s_f=sycm&b_spm=a21ag.29085015&id=749530492396
251,749530492396,妙涵家具旗舰店,天然黄麻椰棕床垫硬全纯家用S型精细儿童护脊定制官方旗舰无0乳胶,326.11,【均衡Max】7CM=1cm乳胶+3cm原生S型黄麻+抗菌防螨面料,7,99.94,699.55,1174,6.0折,平台加补后,https://detail.tmall.com/item.htm?b_s_f=sycm&b_spm=a21ag.29085015&id=749530492396
251,749530492396,妙涵家具旗舰店,天然黄麻椰棕床垫硬全纯家用S型精细儿童护脊定制官方旗舰无0乳胶,326.11,【均衡Max】9CM=1cm乳胶+5cm原生S型黄麻+抗菌防螨面料,9,97.66,878.9,1505,5.8折,平台加补后,https://detail.tmall.com/item.htm?b_s_f=sycm&b_spm=a21ag.29085015&id=749530492396
251,749530492396,妙涵家具旗舰店,天然黄麻椰棕床垫硬全纯家用S型精细儿童护脊定制官方旗舰无0乳胶,326.11,【均衡Max】11CM=1cm乳胶+7cm原生S型黄麻+抗菌防螨面料,11,102.0,1122,1875,6.0折,平台加补后,https://detail.tmall.com/item.htm?b_s_f=sycm&b_spm=a21ag.29085015&id=749530492396
251,749530492396,妙涵家具旗舰店,天然黄麻椰棕床垫硬全纯家用S型精细儿童护脊定制官方旗舰无0乳胶,326.11,【深睡Ultra】8CM=2cm乳胶+3cm原生S型黄麻+抗菌防螨面料,8,106.78,854.25,1472,5.8折,平台加补后,https://detail.tmall.com/item.htm?b_s_f=sycm&b_spm=a21ag.29085015&id=749530492396
251,749530492396,妙涵家具旗舰店,天然黄麻椰棕床垫硬全纯家用S型精细儿童护脊定制官方旗舰无0乳胶,326.11,【深睡Ultra】10CM=2cm乳胶+5cm原生S型黄麻+抗菌防螨面料,10,102.51,1025.1,1746,5.9折,平台加补后,https://detail.tmall.com/item.htm?b_s_f=sycm&b_spm=a21ag.29085015&id=749530492396
251,749530492396,妙涵家具旗舰店,天然黄麻椰棕床垫硬全纯家用S型精细儿童护脊定制官方旗舰无0乳胶,326.11,【深睡Ultra】12CM=2cm乳胶+7cm原生S型黄麻+抗菌防螨面料,12,102.21,1226.55,2015,6.1折,平台加补后,https://detail.tmall.com/item.htm?b_s_f=sycm&b_spm=a21ag.29085015&id=749530492396
251,749530492396,妙涵家具旗舰店,天然黄麻椰棕床垫硬全纯家用S型精细儿童护脊定制官方旗舰无0乳胶,326.11,【深睡Ultra】15CM=2cm乳胶+10cm原生S型黄麻+抗菌防螨面料,15,105.12,1576.75,2484,6.3折,平台加补后,https://detail.tmall.com/item.htm?b_s_f=sycm&b_spm=a21ag.29085015&id=749530492396
251,749530492396,妙涵家具旗舰店,天然黄麻椰棕床垫硬全纯家用S型精细儿童护脊定制官方旗舰无0乳胶,326.11,【森氧Ultra】8CM=2cm新乳棉+3cm原生S型黄麻+抗菌防螨面料,8,101.58,812.6,1371,5.9折,平台加补后,https://detail.tmall.com/item.htm?b_s_f=sycm&b_spm=a21ag.29085015&id=749530492396
251,749530492396,妙涵家具旗舰店,天然黄麻椰棕床垫硬全纯家用S型精细儿童护脊定制官方旗舰无0乳胶,326.11,【森氧Ultra】10CM=2cm新乳棉+5cm原生S型黄麻+抗菌防螨面料,10,94.95,949.45,1645,5.8折,平台加补后,https://detail.tmall.com/item.htm?b_s_f=sycm&b_spm=a21ag.29085015&id=749530492396
251,749530492396,妙涵家具旗舰店,天然黄麻椰棕床垫硬全纯家用S型精细儿童护脊定制官方旗舰无0乳胶,326.11,【森氧Ultra】12CM=2cm新乳棉+7cm原生S型黄麻+抗菌防螨面料,12,95.91,1150.9,1914,6.0折,平台加补后,https://detail.tmall.com/item.htm?b_s_f=sycm&b_spm=a21ag.29085015&id=749530492396
252,990385575974,居品商贸公司,压缩卷包记忆棉盒子独立弹簧床垫星级酒店家用乳胶床垫软垫可定制,416.63,希尔顿基础款20CM【舒适偏软-性价比高】卷包发货,20,20.83,416.63,637,6.5折,平台加补后,https://detail.tmall.com/item.htm?b_s_f=sycm&b_spm=a21ag.29085015&id=990385575974
252,990385575974,居品商贸公司,压缩卷包记忆棉盒子独立弹簧床垫星级酒店家用乳胶床垫软垫可定制,416.63,希尔顿护脊款22CM【舒适偏硬-护脊发育】卷包发货 近期热销,22,19.97,439.36,664,6.6折,平台加补后,https://detail.tmall.com/item.htm?b_s_f=sycm&b_spm=a21ag.29085015&id=990385575974
252,990385575974,居品商贸公司,压缩卷包记忆棉盒子独立弹簧床垫星级酒店家用乳胶床垫软垫可定制,416.63,希尔顿升级款24CM【柔软升级-零压舒适】卷包发货,24,20.16,483.83,717,6.7折,平台加补后,https://detail.tmall.com/item.htm?b_s_f=sycm&b_spm=a21ag.29085015&id=990385575974
252,990385575974,居品商贸公司,压缩卷包记忆棉盒子独立弹簧床垫星级酒店家用乳胶床垫软垫可定制,416.63,希尔顿豪华款26CM【五星柔软-酒店同款】卷包发货,26,20.34,528.8,770.5,6.9折,平台加补后,https://detail.tmall.com/item.htm?b_s_f=sycm&b_spm=a21ag.29085015&id=990385575974
252,990385575974,居品商贸公司,压缩卷包记忆棉盒子独立弹簧床垫星级酒店家用乳胶床垫软垫可定制,416.63,希尔顿奢华版28CM【加厚柔软-奢华舒适】卷包发货,28,20.49,573.76,824,7.0折,平台加补后,https://detail.tmall.com/item.htm?b_s_f=sycm&b_spm=a21ag.29085015&id=990385575974
252,990385575974,居品商贸公司,压缩卷包记忆棉盒子独立弹簧床垫星级酒店家用乳胶床垫软垫可定制,416.63,希尔顿总统款30CM【超柔软体验】卷包发货,30,21.37,640.96,904,7.1折,平台加补后,https://detail.tmall.com/item.htm?b_s_f=sycm&b_spm=a21ag.29085015&id=990385575974
252,990385575974,居品商贸公司,压缩卷包记忆棉盒子独立弹簧床垫星级酒店家用乳胶床垫软垫可定制,416.63,希尔顿总统款31CM【超柔软体验】卷包发货,31,22.48,696.8,970.5,7.2折,平台加补后,https://detail.tmall.com/item.htm?b_s_f=sycm&b_spm=a21ag.29085015&id=990385575974
252,990385575974,居品商贸公司,压缩卷包记忆棉盒子独立弹簧床垫星级酒店家用乳胶床垫软垫可定制,416.63,希尔顿基础款20CM【舒适偏软-性价比高】整张发货,20,32.05,640.96,904,7.1折,平台加补后,https://detail.tmall.com/item.htm?b_s_f=sycm&b_spm=a21ag.29085015&id=990385575974
252,990385575974,居品商贸公司,压缩卷包记忆棉盒子独立弹簧床垫星级酒店家用乳胶床垫软垫可定制,416.63,希尔顿护脊款22CM【舒适偏硬-护脊发育】整张发货,22,30.15,663.2,930.5,7.1折,平台加补后,https://detail.tmall.com/item.htm?b_s_f=sycm&b_spm=a21ag.29085015&id=990385575974
252,990385575974,居品商贸公司,压缩卷包记忆棉盒子独立弹簧床垫星级酒店家用乳胶床垫软垫可定制,416.63,希尔顿升级款24CM【柔软升级-零压舒适】整张发货,24,29.51,708.16,984,7.2折,平台加补后,https://detail.tmall.com/item.htm?b_s_f=sycm&b_spm=a21ag.29085015&id=990385575974
252,990385575974,居品商贸公司,压缩卷包记忆棉盒子独立弹簧床垫星级酒店家用乳胶床垫软垫可定制,416.63,希尔顿豪华款26CM【五星柔软-酒店同款】整张发货,26,28.96,753,1037,7.3折,平台加补后,https://detail.tmall.com/item.htm?b_s_f=sycm&b_spm=a21ag.29085015&id=990385575974
252,990385575974,居品商贸公司,压缩卷包记忆棉盒子独立弹簧床垫星级酒店家用乳胶床垫软垫可定制,416.63,希尔顿奢华版28CM【加厚柔软-奢华舒适】整张发货,28,28.52,798.5,1090.5,7.3折,平台加补后,https://detail.tmall.com/item.htm?b_s_f=sycm&b_spm=a21ag.29085015&id=990385575974
252,990385575974,居品商贸公司,压缩卷包记忆棉盒子独立弹簧床垫星级酒店家用乳胶床垫软垫可定制,416.63,希尔顿总统款30CM【超柔软体验】整张发货,30,28.88,866.5,1170.5,7.4折,平台加补后,https://detail.tmall.com/item.htm?b_s_f=sycm&b_spm=a21ag.29085015&id=990385575974
252,990385575974,居品商贸公司,压缩卷包记忆棉盒子独立弹簧床垫星级酒店家用乳胶床垫软垫可定制,416.63,希尔顿总统款31CM【超柔软体验】整张发货,31,29.77,923,1237,7.5折,平台加补后,https://detail.tmall.com/item.htm?b_s_f=sycm&b_spm=a21ag.29085015&id=990385575974
253,1071439116436,喜临门官方旗舰店,【漾Ace0胶】喜临门官方正品记忆棉Mini簧四叶草独袋弹簧床垫,3199,漾Ace0胶,,,3199,5299,6.0折,平台加补后,https://detail.tmall.com/item.htm?b_s_f=sycm&b_spm=a21ag.29085015&id=1071439116436
254,691510768993,睡眠骑士床垫官方店,睡眠骑士乳胶床垫五星级酒店薄款独立弹簧10cm席梦思15cm家用公分,1229.1,五星G款 9cm【2cm乳胶+酒店专利弹簧】适中单面,9,137.42,1236.75,1858,6.7折,平台加补后,https://detail.tmall.com/item.htm?b_s_f=sycm&b_spm=a21ag.29085015&id=691510768993
254,691510768993,睡眠骑士床垫官方店,睡眠骑士乳胶床垫五星级酒店薄款独立弹簧10cm席梦思15cm家用公分,1229.1,五星H款11cm【2cm乳胶+酒店专利弹簧+2cm黄麻】适中/偏硬双面,11,117.84,1296.25,1938,6.7折,平台加补后,https://detail.tmall.com/item.htm?b_s_f=sycm&b_spm=a21ag.29085015&id=691510768993
254,691510768993,睡眠骑士床垫官方店,睡眠骑士乳胶床垫五星级酒店薄款独立弹簧10cm席梦思15cm家用公分,1229.1,五星A款10cm【3cm乳胶+酒店专利弹簧】偏软单面 店长主推,10,137.95,1379.55,2118,6.5折,平台加补后,https://detail.tmall.com/item.htm?b_s_f=sycm&b_spm=a21ag.29085015&id=691510768993
254,691510768993,睡眠骑士床垫官方店,睡眠骑士乳胶床垫五星级酒店薄款独立弹簧10cm席梦思15cm家用公分,1229.1,五星B款12cm【3cm乳胶+酒店专利弹簧+2cm黄麻】偏软/偏硬双面,12,122.47,1469.65,2238,6.6折,平台加补后,https://detail.tmall.com/item.htm?b_s_f=sycm&b_spm=a21ag.29085015&id=691510768993
254,691510768993,睡眠骑士床垫官方店,睡眠骑士乳胶床垫五星级酒店薄款独立弹簧10cm席梦思15cm家用公分,1229.1,豪华C款12cm【5cm乳胶+酒店专利弹簧】柔软单面,12,126.86,1522.35,2308,6.6折,平台加补后,https://detail.tmall.com/item.htm?b_s_f=sycm&b_spm=a21ag.29085015&id=691510768993
254,691510768993,睡眠骑士床垫官方店,睡眠骑士乳胶床垫五星级酒店薄款独立弹簧10cm席梦思15cm家用公分,1229.1,豪华D款15cm【5cm乳胶+酒店专利弹簧+2cm黄麻】柔软/偏硬双面,15,106.93,1603.95,2418,6.6折,平台加补后,https://detail.tmall.com/item.htm?b_s_f=sycm&b_spm=a21ag.29085015&id=691510768993
254,691510768993,睡眠骑士床垫官方店,睡眠骑士乳胶床垫五星级酒店薄款独立弹簧10cm席梦思15cm家用公分,1229.1,总统E款15cm【2cm记忆棉+5cm乳胶+酒店专利弹簧】超软单面,15,113.45,1701.7,2548,6.7折,平台加补后,https://detail.tmall.com/item.htm?b_s_f=sycm&b_spm=a21ag.29085015&id=691510768993
254,691510768993,睡眠骑士床垫官方店,睡眠骑士乳胶床垫五星级酒店薄款独立弹簧10cm席梦思15cm家用公分,1229.1,总统F款17cm【2cm记忆棉+5cm乳胶+酒店专利弹簧+2cm黄麻】超软/偏硬双面,17,105.8,1798.6,2678,6.7折,平台加补后,https://detail.tmall.com/item.htm?b_s_f=sycm&b_spm=a21ag.29085015&id=691510768993
254,691510768993,睡眠骑士床垫官方店,睡眠骑士乳胶床垫五星级酒店薄款独立弹簧10cm席梦思15cm家用公分,1229.1,护脊J款10cm【2cm黄麻+酒店专利弹簧】偏硬单面,10,122.91,1229.1,1848,6.7折,平台加补后,https://detail.tmall.com/item.htm?b_s_f=sycm&b_spm=a21ag.29085015&id=691510768993
254,691510768993,睡眠骑士床垫官方店,睡眠骑士乳胶床垫五星级酒店薄款独立弹簧10cm席梦思15cm家用公分,1229.1,护脊K款11cm【乳胶+2cm黄麻+酒店专利弹簧】适中单面,11,120.55,1326,1978,6.7折,平台加补后,https://detail.tmall.com/item.htm?b_s_f=sycm&b_spm=a21ag.29085015&id=691510768993
255,570592905368,simmons席梦思旗舰店,美国simmons席梦思床垫官方旗舰店品牌弹簧护脊1米5 1.8m 新曙光,9640.7,【升级款】新曙光 Pro三段分区护脊【24cm / 偏硬】+透气抑菌 咨询客服加赠专属好礼,24,401.7,9640.7,14668.23,6.6折,平台加补后,https://detail.tmall.com/item.htm?b_s_f=sycm&b_spm=a21ag.29085015&id=570592905368
255,570592905368,simmons席梦思旗舰店,美国simmons席梦思床垫官方旗舰店品牌弹簧护脊1米5 1.8m 新曙光,9640.7,【基础款】新曙光【24cm / 偏硬】 咨询客服加赠专属好礼 万人加购,24,402.76,9666.2,14706.69,6.6折,平台加补后,https://detail.tmall.com/item.htm?b_s_f=sycm&b_spm=a21ag.29085015&id=570592905368
255,570592905368,simmons席梦思旗舰店,美国simmons席梦思床垫官方旗舰店品牌弹簧护脊1米5 1.8m 新曙光,9640.7,【奢华版】新曙光Ultra【28cm / 软硬适中】透气抑菌 咨询客服加赠专属好礼,28,490.64,13738,20304.12,6.8折,平台加补后,https://detail.tmall.com/item.htm?b_s_f=sycm&b_spm=a21ag.29085015&id=570592905368
255,570592905368,simmons席梦思旗舰店,美国simmons席梦思床垫官方旗舰店品牌弹簧护脊1米5 1.8m 新曙光,9640.7,【智能床垫】2026年新款智能电动床E1两件套： 经典款【电动底床（EASY-1000）+,,,16793.08,31800,5.3折,平台加补后,https://detail.tmall.com/item.htm?b_s_f=sycm&b_spm=a21ag.29085015&id=570592905368
255,570592905368,simmons席梦思旗舰店,美国simmons席梦思床垫官方旗舰店品牌弹簧护脊1米5 1.8m 新曙光,9640.7,【超性价比】主卧套床【新曙光床垫+艾森床架】,,,19059,27125.92,7.0折,平台加补后,https://detail.tmall.com/item.htm?b_s_f=sycm&b_spm=a21ag.29085015&id=570592905368
255,570592905368,simmons席梦思旗舰店,美国simmons席梦思床垫官方旗舰店品牌弹簧护脊1米5 1.8m 新曙光,9640.7,【爆款套餐】主卧老人房【新曙光床垫+西亚床垫】,,,19738,27996.43,7.1折,平台加补后,https://detail.tmall.com/item.htm?b_s_f=sycm&b_spm=a21ag.29085015&id=570592905368
255,570592905368,simmons席梦思旗舰店,美国simmons席梦思床垫官方旗舰店品牌弹簧护脊1米5 1.8m 新曙光,9640.7,主卧老人房儿童房【三房一站式购齐】【新曙光+西亚+星熠】 （星熠尺寸联系客服）,,,27226,37596.43,7.2折,平台加补后,https://detail.tmall.com/item.htm?b_s_f=sycm&b_spm=a21ag.29085015&id=570592905368
256,887038261202,弗洛玛工厂直销店,国补弹簧床垫席梦思厚20cm出租房专家庭用软2米卧室硬椰棕垫1.5米,424.58,2026升级版【更耐用】：弹簧加密加粗,20,191.23,3824.62,4999.5,7.7折,平台加补后,https://detail.tmall.com/item.htm?b_s_f=sycm&b_spm=a21ag.29085015&id=887038261202
256,887038261202,弗洛玛工厂直销店,国补弹簧床垫席梦思厚20cm出租房专家庭用软2米卧室硬椰棕垫1.5米,424.58,【升级款_耐用弹簧2.2厚】基础款20cm 软硬适中,20,22.38,447.52,585,7.6折,平台加补后,https://detail.tmall.com/item.htm?b_s_f=sycm&b_spm=a21ag.29085015&id=887038261202
256,887038261202,弗洛玛工厂直销店,国补弹簧床垫席梦思厚20cm出租房专家庭用软2米卧室硬椰棕垫1.5米,424.58,【升级款_耐用弹簧2.2厚】舒适款22cm 稍软睡感,22,22.05,485.01,634,7.7折,平台加补后,https://detail.tmall.com/item.htm?b_s_f=sycm&b_spm=a21ag.29085015&id=887038261202
256,887038261202,弗洛玛工厂直销店,国补弹簧床垫席梦思厚20cm出租房专家庭用软2米卧室硬椰棕垫1.5米,424.58,【升级款_耐用弹簧2.2厚】护脊款22cm 偏硬睡感,22,23.96,527.08,689,7.6折,平台加补后,https://detail.tmall.com/item.htm?b_s_f=sycm&b_spm=a21ag.29085015&id=887038261202
256,887038261202,弗洛玛工厂直销店,国补弹簧床垫席梦思厚20cm出租房专家庭用软2米卧室硬椰棕垫1.5米,424.58,【升级款_耐用弹簧2.2厚】软硬两用款24cm 两面可用 千人加购,24,24.13,579.1,757,7.6折,平台加补后,https://detail.tmall.com/item.htm?b_s_f=sycm&b_spm=a21ag.29085015&id=887038261202
256,887038261202,弗洛玛工厂直销店,国补弹簧床垫席梦思厚20cm出租房专家庭用软2米卧室硬椰棕垫1.5米,424.58,【升级款_静音弹簧2.3厚】基础款20cm 软硬适中,20,30.03,600.52,785,7.6折,平台加补后,https://detail.tmall.com/item.htm?b_s_f=sycm&b_spm=a21ag.29085015&id=887038261202
256,887038261202,弗洛玛工厂直销店,国补弹簧床垫席梦思厚20cm出租房专家庭用软2米卧室硬椰棕垫1.5米,424.58,【升级款_静音弹簧2.3厚】舒适款22cm 稍软睡感,22,29.31,644.9,843,7.7折,平台加补后,https://detail.tmall.com/item.htm?b_s_f=sycm&b_spm=a21ag.29085015&id=887038261202
256,887038261202,弗洛玛工厂直销店,国补弹簧床垫席梦思厚20cm出租房专家庭用软2米卧室硬椰棕垫1.5米,424.58,【升级款_静音弹簧2.3厚】护脊款22cm 偏硬睡感,22,29.66,652.54,853,7.6折,平台加补后,https://detail.tmall.com/item.htm?b_s_f=sycm&b_spm=a21ag.29085015&id=887038261202
256,887038261202,弗洛玛工厂直销店,国补弹簧床垫席梦思厚20cm出租房专家庭用软2米卧室硬椰棕垫1.5米,424.58,【经典款_弹簧2.0厚】基础款·软硬适中 20cm,20,21.23,424.58,555,7.7折,平台加补后,https://detail.tmall.com/item.htm?b_s_f=sycm&b_spm=a21ag.29085015&id=887038261202
256,887038261202,弗洛玛工厂直销店,国补弹簧床垫席梦思厚20cm出租房专家庭用软2米卧室硬椰棕垫1.5米,424.58,【经典款_弹簧2.0厚】舒适款·稍软睡感 22cm,22,20.83,458.24,599,7.7折,平台加补后,https://detail.tmall.com/item.htm?b_s_f=sycm&b_spm=a21ag.29085015&id=887038261202
256,887038261202,弗洛玛工厂直销店,国补弹簧床垫席梦思厚20cm出租房专家庭用软2米卧室硬椰棕垫1.5米,424.58,【经典款_弹簧2.0厚】护脊款·偏硬睡感 22cm,22,22.74,500.31,654,7.7折,平台加补后,https://detail.tmall.com/item.htm?b_s_f=sycm&b_spm=a21ag.29085015&id=887038261202
256,887038261202,弗洛玛工厂直销店,国补弹簧床垫席梦思厚20cm出租房专家庭用软2米卧室硬椰棕垫1.5米,424.58,【经典款_弹簧2.0厚】软硬款·两面可用 24cm,24,23.01,552.33,722,7.7折,平台加补后,https://detail.tmall.com/item.htm?b_s_f=sycm&b_spm=a21ag.29085015&id=887038261202
256,887038261202,弗洛玛工厂直销店,国补弹簧床垫席梦思厚20cm出租房专家庭用软2米卧室硬椰棕垫1.5米,424.58,【经典款_弹簧2.0厚】奢颜基础款·软硬适中 20cm,20,26.01,520.2,680,7.7折,平台加补后,https://detail.tmall.com/item.htm?b_s_f=sycm&b_spm=a21ag.29085015&id=887038261202
256,887038261202,弗洛玛工厂直销店,国补弹簧床垫席梦思厚20cm出租房专家庭用软2米卧室硬椰棕垫1.5米,424.58,【经典款_弹簧2.0厚】奢颜舒适款·稍软睡感 22cm,22,26.24,577.19,754.5,7.6折,平台加补后,https://detail.tmall.com/item.htm?b_s_f=sycm&b_spm=a21ag.29085015&id=887038261202
256,887038261202,弗洛玛工厂直销店,国补弹簧床垫席梦思厚20cm出租房专家庭用软2米卧室硬椰棕垫1.5米,424.58,【经典款_弹簧2.0厚】奢颜护脊款·偏硬睡感 22cm,22,26.24,577.19,754.5,7.6折,平台加补后,https://detail.tmall.com/item.htm?b_s_f=sycm&b_spm=a21ag.29085015&id=887038261202
256,887038261202,弗洛玛工厂直销店,国补弹簧床垫席梦思厚20cm出租房专家庭用软2米卧室硬椰棕垫1.5米,424.58,【经典款_静音弹簧2.0厚】基础款·软硬适中 20cm,20,28.88,577.58,755,7.7折,平台加补后,https://detail.tmall.com/item.htm?b_s_f=sycm&b_spm=a21ag.29085015&id=887038261202
256,887038261202,弗洛玛工厂直销店,国补弹簧床垫席梦思厚20cm出租房专家庭用软2米卧室硬椰棕垫1.5米,424.58,【经典款_静音弹簧2.0厚】舒适款·稍软睡感 22cm,22,28.1,618.12,808,7.7折,平台加补后,https://detail.tmall.com/item.htm?b_s_f=sycm&b_spm=a21ag.29085015&id=887038261202
256,887038261202,弗洛玛工厂直销店,国补弹簧床垫席梦思厚20cm出租房专家庭用软2米卧室硬椰棕垫1.5米,424.58,【经典款_静音弹簧2.0厚】护脊款·偏硬睡感 22cm,22,28.44,625.77,818,7.7折,平台加补后,https://detail.tmall.com/item.htm?b_s_f=sycm&b_spm=a21ag.29085015&id=887038261202
256,887038261202,弗洛玛工厂直销店,国补弹簧床垫席梦思厚20cm出租房专家庭用软2米卧室硬椰棕垫1.5米,424.58,【经典款_静音弹簧2.0厚】奢颜基础款·软硬适中 20cm,20,31.92,638.39,834.5,7.6折,平台加补后,https://detail.tmall.com/item.htm?b_s_f=sycm&b_spm=a21ag.29085015&id=887038261202
256,887038261202,弗洛玛工厂直销店,国补弹簧床垫席梦思厚20cm出租房专家庭用软2米卧室硬椰棕垫1.5米,424.58,【经典款_静音弹簧2.0厚】奢颜舒适款·稍软睡感 22cm,22,35.4,778.77,1018,7.7折,平台加补后,https://detail.tmall.com/item.htm?b_s_f=sycm&b_spm=a21ag.29085015&id=887038261202
256,887038261202,弗洛玛工厂直销店,国补弹簧床垫席梦思厚20cm出租房专家庭用软2米卧室硬椰棕垫1.5米,424.58,【经典款_静音弹簧2.0厚】奢颜护脊款·偏硬睡感 22cm,22,35.62,783.74,1024.5,7.6折,平台加补后,https://detail.tmall.com/item.htm?b_s_f=sycm&b_spm=a21ag.29085015&id=887038261202
257,1014127366987,喜临门官方旗舰店,【白骑士Plus+】喜临门A类席梦思乳胶黄麻偏硬垫子三区弹簧厚床垫,2379.15,白骑士Plus+（主推升级款）【双睡感/25CM】四重升级睡得舒服 店长主推,25,105.37,2634.15,4099,6.4折,平台加补后,https://detail.tmall.com/item.htm?b_s_f=sycm&b_spm=a21ag.29085015&id=1014127366987
257,1014127366987,喜临门官方旗舰店,【白骑士Plus+】喜临门A类席梦思乳胶黄麻偏硬垫子三区弹簧厚床垫,2379.15,白骑士Lite+（基础升级款）【偏硬睡感/22CM】A类面料三区舒脊 千人加购,22,108.14,2379.15,3799,6.3折,平台加补后,https://detail.tmall.com/item.htm?b_s_f=sycm&b_spm=a21ag.29085015&id=1014127366987
257,1014127366987,喜临门官方旗舰店,【白骑士Plus+】喜临门A类席梦思乳胶黄麻偏硬垫子三区弹簧厚床垫,2379.15,【床垫家纺套餐】小海贝枕一对+白骑士plus＋,,,2889.15,4399,6.6折,平台加补后,https://detail.tmall.com/item.htm?b_s_f=sycm&b_spm=a21ag.29085015&id=1014127366987
258,648204993717,进林旗舰店,进林全山棕床垫天然纯手工无胶儿童护脊棕榈垫环保硬自然棕垫护腰,789,高硬护脊7cm=高密线缝山棕+针织棉感抑菌套,7,135.43,948,1350,7.0折,平台加补后,https://detail.tmall.com/item.htm?b_s_f=sycm&b_spm=a21ag.29085015&id=648204993717
258,648204993717,进林旗舰店,进林全山棕床垫天然纯手工无胶儿童护脊棕榈垫环保硬自然棕垫护腰,789,高硬护脊8cm=高密线缝山棕+针织棉感抑菌套,8,137.38,1099,1670,6.6折,平台加补后,https://detail.tmall.com/item.htm?b_s_f=sycm&b_spm=a21ag.29085015&id=648204993717
258,648204993717,进林旗舰店,进林全山棕床垫天然纯手工无胶儿童护脊棕榈垫环保硬自然棕垫护腰,789,高硬护脊10cm=高密线缝山棕+针织棉感抑菌套,10,136.9,1369,2090,6.6折,平台加补后,https://detail.tmall.com/item.htm?b_s_f=sycm&b_spm=a21ag.29085015&id=648204993717
258,648204993717,进林旗舰店,进林全山棕床垫天然纯手工无胶儿童护脊棕榈垫环保硬自然棕垫护腰,789,高硬护脊13cm=高密线缝山棕+针织棉感抑菌套,13,145.92,1897,2690,7.1折,平台加补后,https://detail.tmall.com/item.htm?b_s_f=sycm&b_spm=a21ag.29085015&id=648204993717
258,648204993717,进林旗舰店,进林全山棕床垫天然纯手工无胶儿童护脊棕榈垫环保硬自然棕垫护腰,789,高硬护脊15cm=高密线缝山棕+针织棉感抑菌套,15,152.87,2293,3140,7.3折,平台加补后,https://detail.tmall.com/item.htm?b_s_f=sycm&b_spm=a21ag.29085015&id=648204993717
258,648204993717,进林旗舰店,进林全山棕床垫天然纯手工无胶儿童护脊棕榈垫环保硬自然棕垫护腰,789,强护腰款7cm/高密线缝山棕+水洗全棉抑菌套,7,147.0,1029,1590,6.5折,平台加补后,https://detail.tmall.com/item.htm?b_s_f=sycm&b_spm=a21ag.29085015&id=648204993717
258,648204993717,进林旗舰店,进林全山棕床垫天然纯手工无胶儿童护脊棕榈垫环保硬自然棕垫护腰,789,强护腰款9cm/高密线缝山棕+水洗全棉抑菌套,9,140.67,1266,1860,6.8折,平台加补后,https://detail.tmall.com/item.htm?b_s_f=sycm&b_spm=a21ag.29085015&id=648204993717
258,648204993717,进林旗舰店,进林全山棕床垫天然纯手工无胶儿童护脊棕榈垫环保硬自然棕垫护腰,789,强护腰款11cm/高密线缝山棕+水洗全棉抑菌套,11,146.0,1606,2360,6.8折,平台加补后,https://detail.tmall.com/item.htm?b_s_f=sycm&b_spm=a21ag.29085015&id=648204993717
258,648204993717,进林旗舰店,进林全山棕床垫天然纯手工无胶儿童护脊棕榈垫环保硬自然棕垫护腰,789,强护腰款13cm/高密线缝山棕+水洗全棉抑菌套,13,156.08,2029,2840,7.1折,平台加补后,https://detail.tmall.com/item.htm?b_s_f=sycm&b_spm=a21ag.29085015&id=648204993717
258,648204993717,进林旗舰店,进林全山棕床垫天然纯手工无胶儿童护脊棕榈垫环保硬自然棕垫护腰,789,强护腰款15cm/高密线缝山棕+水洗全棉抑菌套,15,157.53,2363,3220,7.3折,平台加补后,https://detail.tmall.com/item.htm?b_s_f=sycm&b_spm=a21ag.29085015&id=648204993717
258,648204993717,进林旗舰店,进林全山棕床垫天然纯手工无胶儿童护脊棕榈垫环保硬自然棕垫护腰,789,强护腰款18cm/高密线缝山棕+水洗全棉抑菌套,18,163.33,2940,4330,6.8折,平台加补后,https://detail.tmall.com/item.htm?b_s_f=sycm&b_spm=a21ag.29085015&id=648204993717
258,648204993717,进林旗舰店,进林全山棕床垫天然纯手工无胶儿童护脊棕榈垫环保硬自然棕垫护腰,789,强护腰款21cm/高密线缝山棕+水洗全棉抑菌套,21,165.43,3474,5300,6.6折,平台加补后,https://detail.tmall.com/item.htm?b_s_f=sycm&b_spm=a21ag.29085015&id=648204993717
258,648204993717,进林旗舰店,进林全山棕床垫天然纯手工无胶儿童护脊棕榈垫环保硬自然棕垫护腰,789,护腰缓压10cm/高密线缝山棕+乳胶全棉抑菌3层套,10,160.6,1606,2360,6.8折,平台加补后,https://detail.tmall.com/item.htm?b_s_f=sycm&b_spm=a21ag.29085015&id=648204993717
258,648204993717,进林旗舰店,进林全山棕床垫天然纯手工无胶儿童护脊棕榈垫环保硬自然棕垫护腰,789,护腰缓压12cm/高密线缝山棕+乳胶全棉抑菌3层套,12,166.83,2002,2810,7.1折,平台加补后,https://detail.tmall.com/item.htm?b_s_f=sycm&b_spm=a21ag.29085015&id=648204993717
258,648204993717,进林旗舰店,进林全山棕床垫天然纯手工无胶儿童护脊棕榈垫环保硬自然棕垫护腰,789,护腰缓压14cm/高密线缝山棕+乳胶全棉抑菌3层套,14,163.79,2293,3140,7.3折,平台加补后,https://detail.tmall.com/item.htm?b_s_f=sycm&b_spm=a21ag.29085015&id=648204993717
258,648204993717,进林旗舰店,进林全山棕床垫天然纯手工无胶儿童护脊棕榈垫环保硬自然棕垫护腰,789,护腰缓压16cm/高密线缝山棕+乳胶全棉抑菌3层套,16,171.12,2738,4100,6.7折,平台加补后,https://detail.tmall.com/item.htm?b_s_f=sycm&b_spm=a21ag.29085015&id=648204993717
258,648204993717,进林旗舰店,进林全山棕床垫天然纯手工无胶儿童护脊棕榈垫环保硬自然棕垫护腰,789,护腰缓压19cm/高密线缝山棕+乳胶全棉抑菌3层套,19,176.32,3350,5160,6.5折,平台加补后,https://detail.tmall.com/item.htm?b_s_f=sycm&b_spm=a21ag.29085015&id=648204993717
258,648204993717,进林旗舰店,进林全山棕床垫天然纯手工无胶儿童护脊棕榈垫环保硬自然棕垫护腰,789,护腰缓压22cm/高密线缝山棕+乳胶全棉抑菌3层套,22,170.27,3746,5610,6.7折,平台加补后,https://detail.tmall.com/item.htm?b_s_f=sycm&b_spm=a21ag.29085015&id=648204993717
258,648204993717,进林旗舰店,进林全山棕床垫天然纯手工无胶儿童护脊棕榈垫环保硬自然棕垫护腰,789,高硬护脊7cm=加密线缝椰棕+针织棉感抑菌套,7,112.71,789,1170,6.7折,平台加补后,https://detail.tmall.com/item.htm?b_s_f=sycm&b_spm=a21ag.29085015&id=648204993717
258,648204993717,进林旗舰店,进林全山棕床垫天然纯手工无胶儿童护脊棕榈垫环保硬自然棕垫护腰,789,高硬护脊8cm=加密线缝椰棕+针织棉感抑菌套,8,110.75,886,1280,6.9折,平台加补后,https://detail.tmall.com/item.htm?b_s_f=sycm&b_spm=a21ag.29085015&id=648204993717
258,648204993717,进林旗舰店,进林全山棕床垫天然纯手工无胶儿童护脊棕榈垫环保硬自然棕垫护腰,789,高硬护脊10cm=加密线缝椰棕+针织棉感抑菌套,10,107.3,1073,1640,6.5折,平台加补后,https://detail.tmall.com/item.htm?b_s_f=sycm&b_spm=a21ag.29085015&id=648204993717
258,648204993717,进林旗舰店,进林全山棕床垫天然纯手工无胶儿童护脊棕榈垫环保硬自然棕垫护腰,789,高硬护脊13cm=加密线缝椰棕+针织棉感抑菌套,13,118.15,1536,2280,6.7折,平台加补后,https://detail.tmall.com/item.htm?b_s_f=sycm&b_spm=a21ag.29085015&id=648204993717
258,648204993717,进林旗舰店,进林全山棕床垫天然纯手工无胶儿童护脊棕榈垫环保硬自然棕垫护腰,789,高硬护脊15cm=加密线缝椰棕+针织棉感抑菌套,15,129.4,1941,2740,7.1折,平台加补后,https://detail.tmall.com/item.htm?b_s_f=sycm&b_spm=a21ag.29085015&id=648204993717
258,648204993717,进林旗舰店,进林全山棕床垫天然纯手工无胶儿童护脊棕榈垫环保硬自然棕垫护腰,789,强护腰款7cm=加密线缝椰棕+水洗全棉抑菌套,7,126.57,886,1280,6.9折,平台加补后,https://detail.tmall.com/item.htm?b_s_f=sycm&b_spm=a21ag.29085015&id=648204993717
258,648204993717,进林旗舰店,进林全山棕床垫天然纯手工无胶儿童护脊棕榈垫环保硬自然棕垫护腰,789,强护腰款9cm=加密线缝椰棕+水洗全棉抑菌套,9,119.22,1073,1640,6.5折,平台加补后,https://detail.tmall.com/item.htm?b_s_f=sycm&b_spm=a21ag.29085015&id=648204993717
258,648204993717,进林旗舰店,进林全山棕床垫天然纯手工无胶儿童护脊棕榈垫环保硬自然棕垫护腰,789,强护腰款11cm=加密线缝椰棕+水洗全棉抑菌套,11,124.45,1369,2090,6.6折,平台加补后,https://detail.tmall.com/item.htm?b_s_f=sycm&b_spm=a21ag.29085015&id=648204993717
258,648204993717,进林旗舰店,进林全山棕床垫天然纯手工无胶儿童护脊棕榈垫环保硬自然棕垫护腰,789,强护腰款13cm=加密线缝椰棕+水洗全棉抑菌套,13,133.08,1730,2500,6.9折,平台加补后,https://detail.tmall.com/item.htm?b_s_f=sycm&b_spm=a21ag.29085015&id=648204993717
258,648204993717,进林旗舰店,进林全山棕床垫天然纯手工无胶儿童护脊棕榈垫环保硬自然棕垫护腰,789,强护腰款15cm=加密线缝椰棕+水洗全棉抑菌套,15,135.27,2029,2840,7.1折,平台加补后,https://detail.tmall.com/item.htm?b_s_f=sycm&b_spm=a21ag.29085015&id=648204993717
258,648204993717,进林旗舰店,进林全山棕床垫天然纯手工无胶儿童护脊棕榈垫环保硬自然棕垫护腰,789,强护腰款18cm=加密线缝椰棕+水洗全棉抑菌套,18,141.33,2544,3880,6.6折,平台加补后,https://detail.tmall.com/item.htm?b_s_f=sycm&b_spm=a21ag.29085015&id=648204993717
258,648204993717,进林旗舰店,进林全山棕床垫天然纯手工无胶儿童护脊棕榈垫环保硬自然棕垫护腰,789,强护腰款21cm=加密线缝椰棕+水洗全棉抑菌套,21,141.24,2966,4360,6.8折,平台加补后,https://detail.tmall.com/item.htm?b_s_f=sycm&b_spm=a21ag.29085015&id=648204993717
259,1044373033003,月光岛旗舰店,【月光岛经典】独立弹簧床垫3D透气家用护脊支撑深睡偏硬22cm厚,3199,经典【22cm厚】适中偏硬 店长主推,22,145.41,3199,3765,8.5折,平台加补后,https://detail.tmall.com/item.htm?b_s_f=sycm&b_spm=a21ag.29085015&id=1044373033003
259,1044373033003,月光岛旗舰店,【月光岛经典】独立弹簧床垫3D透气家用护脊支撑深睡偏硬22cm厚,3199,经典【改卷包发货】可进loft,22,145.41,3199,3765,8.5折,平台加补后,https://detail.tmall.com/item.htm?b_s_f=sycm&b_spm=a21ag.29085015&id=1044373033003
259,1044373033003,月光岛旗舰店,【月光岛经典】独立弹簧床垫3D透气家用护脊支撑深睡偏硬22cm厚,3199,【购前必看❕】,22,386.32,8499,9999,8.5折,平台加补后,https://detail.tmall.com/item.htm?b_s_f=sycm&b_spm=a21ag.29085015&id=1044373033003
260,750965667387,喜临门官方旗舰店,【工学Pro0胶】喜临门A类控温可拆洗三区乳胶舒脊黄麻双弹簧床垫,2974.15,工学Pro 0胶【适中睡感/26CM】A类控温+可拆洗面料+追腰支撑,26,120.93,3144.15,4699,6.7折,平台加补后,https://detail.tmall.com/item.htm?b_s_f=sycm&b_spm=a21ag.29085015&id=750965667387
260,750965667387,喜临门官方旗舰店,【工学Pro0胶】喜临门A类控温可拆洗三区乳胶舒脊黄麻双弹簧床垫,2974.15,工学Max 0胶【偏软睡感/27CM】三重弹簧立式支撑系统,27,135.34,3654.15,5299,6.9折,平台加补后,https://detail.tmall.com/item.htm?b_s_f=sycm&b_spm=a21ag.29085015&id=750965667387
260,750965667387,喜临门官方旗舰店,【工学Pro0胶】喜临门A类控温可拆洗三区乳胶舒脊黄麻双弹簧床垫,2974.15,工学Ace 0 胶【偏硬睡感/23CM】增强型0胶四叶草独袋弹簧,23,191.29,4399.6,6176,7.1折,平台加补后,https://detail.tmall.com/item.htm?b_s_f=sycm&b_spm=a21ag.29085015&id=750965667387
260,750965667387,喜临门官方旗舰店,【工学Pro0胶】喜临门A类控温可拆洗三区乳胶舒脊黄麻双弹簧床垫,2974.15,白骑士Pros 0胶【双睡感/26cm】可拆可洗支撑升级 千人加购,26,114.39,2974.15,4499,6.6折,平台加补后,https://detail.tmall.com/item.htm?b_s_f=sycm&b_spm=a21ag.29085015&id=750965667387
260,750965667387,喜临门官方旗舰店,【工学Pro0胶】喜临门A类控温可拆洗三区乳胶舒脊黄麻双弹簧床垫,2974.15,工学Pro 0胶+合拍(极光黑),,,5098.3,6998,7.3折,平台加补后,https://detail.tmall.com/item.htm?b_s_f=sycm&b_spm=a21ag.29085015&id=750965667387
260,750965667387,喜临门官方旗舰店,【工学Pro0胶】喜临门A类控温可拆洗三区乳胶舒脊黄麻双弹簧床垫,2974.15,工学Pro 0胶+合拍(栗子棕),,,5098.3,6998,7.3折,平台加补后,https://detail.tmall.com/item.htm?b_s_f=sycm&b_spm=a21ag.29085015&id=750965667387
261,899242297888,林氏家居官方旗舰店,【门店同款0闷】林氏家居乳胶床垫家用卧室人体工学分区硬厚垫子,3098.64,(1)【CDT510A】人体工学护脊|偏硬|24cm,24,129.11,3098.64,4492,6.9折,平台加补后,https://detail.tmall.com/item.htm?b_s_f=sycm&b_spm=a21ag.29085015&id=899242297888
261,899242297888,林氏家居官方旗舰店,【门店同款0闷】林氏家居乳胶床垫家用卧室人体工学分区硬厚垫子,3098.64,(2)【CDT560A】5D分区科学支撑|偏硬|26cm,26,130.7,3398.32,5071,6.7折,平台加补后,https://detail.tmall.com/item.htm?b_s_f=sycm&b_spm=a21ag.29085015&id=899242297888
262,1008586854293,Hey Sleep家具旗舰店,【山鸣】HEY高质量床垫0胶水马尾毛手工独立弹簧席梦思高端厚床垫,4068.91,【软硬适中】山鸣-A级舒睡版28cm厚【2kg马尾毛】 【纯手工0胶水-100天试睡】 千人加购,28,145.32,4068.91,7169.91,5.7折,平台加补后,https://detail.tmall.com/item.htm?b_s_f=sycm&b_spm=a21ag.29085015&id=1008586854293
262,1008586854293,Hey Sleep家具旗舰店,【山鸣】HEY高质量床垫0胶水马尾毛手工独立弹簧席梦思高端厚床垫,4068.91,【适中偏软】山鸣-S级奢睡版30cm厚【4kg马尾毛】 【纯手工0胶水-100天试睡】,30,167.53,5025.79,8299.79,6.1折,平台加补后,https://detail.tmall.com/item.htm?b_s_f=sycm&b_spm=a21ag.29085015&id=1008586854293
263,600561204911,慕思官方旗舰店,【柔氧睡】慕思旗舰店十大名牌席梦思天然乳胶垫护脊家用弹簧床垫,2732.02,柔氧睡【软硬适中/17cm】舒适承托-MKA2-039,17,160.71,2732.02,3142.02,8.7折,平台加补后,https://detail.tmall.com/item.htm?b_s_f=sycm&b_spm=a21ag.29085015&id=600561204911
263,600561204911,慕思官方旗舰店,【柔氧睡】慕思旗舰店十大名牌席梦思天然乳胶垫护脊家用弹簧床垫,2732.02,柔氧睡升级款【软硬适中/17cm】防螨升级-MCW2-018,17,181.92,3092.66,3534.66,8.7折,平台加补后,https://detail.tmall.com/item.htm?b_s_f=sycm&b_spm=a21ag.29085015&id=600561204911
263,600561204911,慕思官方旗舰店,【柔氧睡】慕思旗舰店十大名牌席梦思天然乳胶垫护脊家用弹簧床垫,2732.02,大白【软硬适中/21CM】天然乳胶+独立筒弹簧-MCW2-025,21,151.19,3174.98,3628.98,8.7折,平台加补后,https://detail.tmall.com/item.htm?b_s_f=sycm&b_spm=a21ag.29085015&id=600561204911
264,926345139540,雅兰官方旗舰店,【深睡×净界Pro】雅兰乳胶床垫0胶可拆洗透气卧室独袋弹簧席梦思,3985.65,深睡 × 净界Pro【0胶水可拆洗】.,,,3985.65,6199,6.4折,平台加补后,https://detail.tmall.com/item.htm?b_s_f=sycm&b_spm=a21ag.29085015&id=926345139540
265,893138674729,麻师傅家具旗舰店,麻师傅天然S形黄麻床垫叠加软床专用加硬神器儿童老人护腰脊椰棕,565.25,星空灰 A高硬3.6cm厚=3cm双S形黄麻+双层6D面料（全拆可机洗）,3.6,157.01,565.25,756,7.5折,平台加补后,https://detail.tmall.com/item.htm?b_s_f=sycm&b_spm=a21ag.29085015&id=893138674729
265,893138674729,麻师傅家具旗舰店,麻师傅天然S形黄麻床垫叠加软床专用加硬神器儿童老人护腰脊椰棕,565.25,星空灰 A高硬5.6cm厚=5cm双S形黄麻+双层6D面料（全拆可机洗）,5.6,123.55,691.9,926,7.5折,平台加补后,https://detail.tmall.com/item.htm?b_s_f=sycm&b_spm=a21ag.29085015&id=893138674729
265,893138674729,麻师傅家具旗舰店,麻师傅天然S形黄麻床垫叠加软床专用加硬神器儿童老人护腰脊椰棕,565.25,星空灰 A高硬7.6cm厚=7cm双S形黄麻+双层6D面料（全拆可机洗）,7.6,110.39,838.95,1122,7.5折,平台加补后,https://detail.tmall.com/item.htm?b_s_f=sycm&b_spm=a21ag.29085015&id=893138674729
265,893138674729,麻师傅家具旗舰店,麻师傅天然S形黄麻床垫叠加软床专用加硬神器儿童老人护腰脊椰棕,565.25,星空灰 B中硬4.6cm厚=1cm乳胶+3cm双S形黄麻+双层6D面料（全拆可机洗） 千人加购,4.6,142.1,653.65,874,7.5折,平台加补后,https://detail.tmall.com/item.htm?b_s_f=sycm&b_spm=a21ag.29085015&id=893138674729
265,893138674729,麻师傅家具旗舰店,麻师傅天然S形黄麻床垫叠加软床专用加硬神器儿童老人护腰脊椰棕,565.25,星空灰 B中硬6.6cm厚=1cm乳胶+5cm双S形黄麻+双层6D面料（全拆可机洗）,6.6,118.23,780.3,1044,7.5折,平台加补后,https://detail.tmall.com/item.htm?b_s_f=sycm&b_spm=a21ag.29085015&id=893138674729
265,893138674729,麻师傅家具旗舰店,麻师傅天然S形黄麻床垫叠加软床专用加硬神器儿童老人护腰脊椰棕,565.25,星空灰 B中硬8.6cm厚=1cm乳胶+7cm双S形黄麻+双层6D面料（全拆可机洗）,8.6,107.83,927.35,1240,7.5折,平台加补后,https://detail.tmall.com/item.htm?b_s_f=sycm&b_spm=a21ag.29085015&id=893138674729
265,893138674729,麻师傅家具旗舰店,麻师傅天然S形黄麻床垫叠加软床专用加硬神器儿童老人护腰脊椰棕,565.25,星空灰 C适中硬5.6cm厚=2cm乳胶+3cm双S形黄麻+双层6D面料（全拆可机洗）,5.6,130.54,731,978,7.5折,平台加补后,https://detail.tmall.com/item.htm?b_s_f=sycm&b_spm=a21ag.29085015&id=893138674729
265,893138674729,麻师傅家具旗舰店,麻师傅天然S形黄麻床垫叠加软床专用加硬神器儿童老人护腰脊椰棕,565.25,星空灰 C适中硬7.6cm厚=2cm乳胶+5cm双S形黄麻+双层6D面料（全拆可机洗）,7.6,112.96,858.5,1148,7.5折,平台加补后,https://detail.tmall.com/item.htm?b_s_f=sycm&b_spm=a21ag.29085015&id=893138674729
265,893138674729,麻师傅家具旗舰店,麻师傅天然S形黄麻床垫叠加软床专用加硬神器儿童老人护腰脊椰棕,565.25,星空灰 D偏硬5.6cm厚=2cm3D+3cm双S形黄麻+双层6D面料（全拆可机洗）,5.6,130.54,731,978,7.5折,平台加补后,https://detail.tmall.com/item.htm?b_s_f=sycm&b_spm=a21ag.29085015&id=893138674729
265,893138674729,麻师傅家具旗舰店,麻师傅天然S形黄麻床垫叠加软床专用加硬神器儿童老人护腰脊椰棕,565.25,星空灰 D偏硬7.6cm厚=2cm3D+5cm双S形黄麻+双层6D面料（全拆可机洗）,7.6,112.96,858.5,1148,7.5折,平台加补后,https://detail.tmall.com/item.htm?b_s_f=sycm&b_spm=a21ag.29085015&id=893138674729
265,893138674729,麻师傅家具旗舰店,麻师傅天然S形黄麻床垫叠加软床专用加硬神器儿童老人护腰脊椰棕,565.25,星空灰 E适中硬5.6cm厚=2cm记忆棉+3cm双S形黄麻+双层6D面料（全拆可机洗）,5.6,130.54,731,978,7.5折,平台加补后,https://detail.tmall.com/item.htm?b_s_f=sycm&b_spm=a21ag.29085015&id=893138674729
265,893138674729,麻师傅家具旗舰店,麻师傅天然S形黄麻床垫叠加软床专用加硬神器儿童老人护腰脊椰棕,565.25,星空灰 E适中硬7.6cm厚=2cm记忆棉+5cm双S形黄麻+双层6D面料（全拆可机洗）,7.6,112.96,858.5,1148,7.5折,平台加补后,https://detail.tmall.com/item.htm?b_s_f=sycm&b_spm=a21ag.29085015&id=893138674729
266,528741046742,nedenkev旗舰店,乳胶床垫家用泰国天然橡胶卧室5cm厚垫子国家补贴软垫定制180x200,587.33,【非凡款】5cm厚 家用/租房优选【95D加硬护脊】 送内套+防螨外套 店长主推,5,187.54,937.7,2059.76,4.6折,平台加补后,https://detail.tmall.com/item.htm?b_s_f=sycm&b_spm=a21ag.29085015&id=528741046742
266,528741046742,nedenkev旗舰店,乳胶床垫家用泰国天然橡胶卧室5cm厚垫子国家补贴软垫定制180x200,587.33,【非凡款】5cm厚【85D柔软舒适】 送内套+防螨外套,5,173.78,868.91,1981.91,4.4折,平台加补后,https://detail.tmall.com/item.htm?b_s_f=sycm&b_spm=a21ag.29085015&id=528741046742
266,528741046742,nedenkev旗舰店,乳胶床垫家用泰国天然橡胶卧室5cm厚垫子国家补贴软垫定制180x200,587.33,【非凡款】7.5cm厚 家用/租房优选【95D加硬护脊】 送内套+防螨外套,7.5,184.9,1386.78,2652.28,5.2折,平台加补后,https://detail.tmall.com/item.htm?b_s_f=sycm&b_spm=a21ag.29085015&id=528741046742
266,528741046742,nedenkev旗舰店,乳胶床垫家用泰国天然橡胶卧室5cm厚垫子国家补贴软垫定制180x200,587.33,【非凡款】7.5cm厚【85D柔软舒适】 送内套+防螨外套,7.5,175.87,1319.03,2496.56,5.3折,平台加补后,https://detail.tmall.com/item.htm?b_s_f=sycm&b_spm=a21ag.29085015&id=528741046742
266,528741046742,nedenkev旗舰店,乳胶床垫家用泰国天然橡胶卧室5cm厚垫子国家补贴软垫定制180x200,587.33,【非凡款】10cm厚【95D加硬护脊 热销推荐】 送内套+防螨外套,10,176.89,1768.9,3863.28,4.6折,平台加补后,https://detail.tmall.com/item.htm?b_s_f=sycm&b_spm=a21ag.29085015&id=528741046742
266,528741046742,nedenkev旗舰店,乳胶床垫家用泰国天然橡胶卧室5cm厚垫子国家补贴软垫定制180x200,587.33,【非凡款】10cm厚【85D柔软舒适】 送内套+防螨外套,10,168.27,1682.7,3476.16,4.8折,平台加补后,https://detail.tmall.com/item.htm?b_s_f=sycm&b_spm=a21ag.29085015&id=528741046742
266,528741046742,nedenkev旗舰店,乳胶床垫家用泰国天然橡胶卧室5cm厚垫子国家补贴软垫定制180x200,587.33,【非凡款】12cm厚【95D加硬护脊】 送内套+防螨外套,12,170.61,2047.28,4514.89,4.5折,平台加补后,https://detail.tmall.com/item.htm?b_s_f=sycm&b_spm=a21ag.29085015&id=528741046742
266,528741046742,nedenkev旗舰店,乳胶床垫家用泰国天然橡胶卧室5cm厚垫子国家补贴软垫定制180x200,587.33,【非凡款】12cm厚【85D柔软舒适】 送内套+防螨外套,12,162.33,1947.94,4144.25,4.7折,平台加补后,https://detail.tmall.com/item.htm?b_s_f=sycm&b_spm=a21ag.29085015&id=528741046742
266,528741046742,nedenkev旗舰店,乳胶床垫家用泰国天然橡胶卧室5cm厚垫子国家补贴软垫定制180x200,587.33,【非凡款】15cm厚【95D加硬护脊】 送内套+防螨外套,15,165.05,2475.76,5921.36,4.2折,平台加补后,https://detail.tmall.com/item.htm?b_s_f=sycm&b_spm=a21ag.29085015&id=528741046742
266,528741046742,nedenkev旗舰店,乳胶床垫家用泰国天然橡胶卧室5cm厚垫子国家补贴软垫定制180x200,587.33,【非凡款】15cm厚【85D柔软舒适】 送内套+防螨外套,15,150.43,2256.48,5447.92,4.1折,平台加补后,https://detail.tmall.com/item.htm?b_s_f=sycm&b_spm=a21ag.29085015&id=528741046742
266,528741046742,nedenkev旗舰店,乳胶床垫家用泰国天然橡胶卧室5cm厚垫子国家补贴软垫定制180x200,587.33,【非凡款】18cm厚【95D加硬护脊】 送内套+防螨外套,18,161.35,2904.38,6811.13,4.3折,平台加补后,https://detail.tmall.com/item.htm?b_s_f=sycm&b_spm=a21ag.29085015&id=528741046742
266,528741046742,nedenkev旗舰店,乳胶床垫家用泰国天然橡胶卧室5cm厚垫子国家补贴软垫定制180x200,587.33,【非凡款】18cm厚【85D柔软舒适】 送内套+防螨外套,18,153.47,2762.39,6624.41,4.2折,平台加补后,https://detail.tmall.com/item.htm?b_s_f=sycm&b_spm=a21ag.29085015&id=528741046742
266,528741046742,nedenkev旗舰店,乳胶床垫家用泰国天然橡胶卧室5cm厚垫子国家补贴软垫定制180x200,587.33,【非凡款】20cm厚【95D加硬护脊】 送内套+防螨外套,20,159.53,3190.6,7478.01,4.3折,平台加补后,https://detail.tmall.com/item.htm?b_s_f=sycm&b_spm=a21ag.29085015&id=528741046742
266,528741046742,nedenkev旗舰店,乳胶床垫家用泰国天然橡胶卧室5cm厚垫子国家补贴软垫定制180x200,587.33,【非凡款】20cm厚【85D柔软舒适】 送内套+防螨外套,20,151.71,3034.12,7209.77,4.2折,平台加补后,https://detail.tmall.com/item.htm?b_s_f=sycm&b_spm=a21ag.29085015&id=528741046742
266,528741046742,nedenkev旗舰店,乳胶床垫家用泰国天然橡胶卧室5cm厚垫子国家补贴软垫定制180x200,587.33,【非凡款】3cm厚【95D加硬护脊】 送内套+防螨外套,3,242.31,726.92,1517.12,4.8折,平台加补后,https://detail.tmall.com/item.htm?b_s_f=sycm&b_spm=a21ag.29085015&id=528741046742
266,528741046742,nedenkev旗舰店,乳胶床垫家用泰国天然橡胶卧室5cm厚垫子国家补贴软垫定制180x200,587.33,【非凡款】3cm厚【85D柔软舒适】 送内套+防螨外套,3,195.78,587.33,1402.53,4.2折,平台加补后,https://detail.tmall.com/item.htm?b_s_f=sycm&b_spm=a21ag.29085015&id=528741046742
266,528741046742,nedenkev旗舰店,乳胶床垫家用泰国天然橡胶卧室5cm厚垫子国家补贴软垫定制180x200,587.33,【非凡Pro】5cm厚【95D加硬护脊】 送内套+防螨外套,5,197.09,985.46,2161.35,4.6折,平台加补后,https://detail.tmall.com/item.htm?b_s_f=sycm&b_spm=a21ag.29085015&id=528741046742
266,528741046742,nedenkev旗舰店,乳胶床垫家用泰国天然橡胶卧室5cm厚垫子国家补贴软垫定制180x200,587.33,【非凡Pro】5cm厚【85D柔软舒适】 送内套+防螨外套,5,182.59,912.97,2085.69,4.4折,平台加补后,https://detail.tmall.com/item.htm?b_s_f=sycm&b_spm=a21ag.29085015&id=528741046742
266,528741046742,nedenkev旗舰店,乳胶床垫家用泰国天然橡胶卧室5cm厚垫子国家补贴软垫定制180x200,587.33,【非凡Pro】7.5cm厚【95D加硬护脊】 送内套+防螨外套,7.5,194.21,1456.6,2961.51,4.9折,平台加补后,https://detail.tmall.com/item.htm?b_s_f=sycm&b_spm=a21ag.29085015&id=528741046742
266,528741046742,nedenkev旗舰店,乳胶床垫家用泰国天然橡胶卧室5cm厚垫子国家补贴软垫定制180x200,587.33,【非凡Pro】7.5cm厚【85D柔软舒适】 送内套+防螨外套,7.5,184.78,1385.84,2704.19,5.1折,平台加补后,https://detail.tmall.com/item.htm?b_s_f=sycm&b_spm=a21ag.29085015&id=528741046742
266,528741046742,nedenkev旗舰店,乳胶床垫家用泰国天然橡胶卧室5cm厚垫子国家补贴软垫定制180x200,587.33,【非凡Pro】10cm厚【95D加硬护脊】 送内套+防螨外套,10,185.77,1857.68,4057.78,4.6折,平台加补后,https://detail.tmall.com/item.htm?b_s_f=sycm&b_spm=a21ag.29085015&id=528741046742
266,528741046742,nedenkev旗舰店,乳胶床垫家用泰国天然橡胶卧室5cm厚垫子国家补贴软垫定制180x200,587.33,【非凡Pro】10cm厚【85D柔软舒适】 送内套+防螨外套,10,176.69,1766.9,3650.11,4.8折,平台加补后,https://detail.tmall.com/item.htm?b_s_f=sycm&b_spm=a21ag.29085015&id=528741046742
266,528741046742,nedenkev旗舰店,乳胶床垫家用泰国天然橡胶卧室5cm厚垫子国家补贴软垫定制180x200,587.33,【泰舒Max】5cm厚【95D加硬护脊】泰国原产乳胶芯 送内套+防螨外套,5,279.71,1398.53,2900.8,4.8折,平台加补后,https://detail.tmall.com/item.htm?b_s_f=sycm&b_spm=a21ag.29085015&id=528741046742
266,528741046742,nedenkev旗舰店,乳胶床垫家用泰国天然橡胶卧室5cm厚垫子国家补贴软垫定制180x200,587.33,【泰舒Max】5cm厚【85D柔软舒适】泰国原产乳胶芯 送内套+防螨外套,5,254.81,1274.04,2646.4,4.8折,平台加补后,https://detail.tmall.com/item.htm?b_s_f=sycm&b_spm=a21ag.29085015&id=528741046742
266,528741046742,nedenkev旗舰店,乳胶床垫家用泰国天然橡胶卧室5cm厚垫子国家补贴软垫定制180x200,587.33,【泰舒Max】7.5cm厚【95D加硬护脊】泰国原产乳胶内芯 送送内套+防螨外套,7.5,257.61,1932.07,4004.8,4.8折,平台加补后,https://detail.tmall.com/item.htm?b_s_f=sycm&b_spm=a21ag.29085015&id=528741046742
266,528741046742,nedenkev旗舰店,乳胶床垫家用泰国天然橡胶卧室5cm厚垫子国家补贴软垫定制180x200,587.33,【泰舒Max】7.5cm厚【85D柔软舒适】泰国原产乳胶芯 送内套+防螨外套,7.5,234.39,1757.96,3644.8,4.8折,平台加补后,https://detail.tmall.com/item.htm?b_s_f=sycm&b_spm=a21ag.29085015&id=528741046742
266,528741046742,nedenkev旗舰店,乳胶床垫家用泰国天然橡胶卧室5cm厚垫子国家补贴软垫定制180x200,587.33,【泰舒Max】10cm厚【95D加硬护脊】泰国原产乳胶内芯 送内套+防螨外套,10,250.25,2502.53,5188.8,4.8折,平台加补后,https://detail.tmall.com/item.htm?b_s_f=sycm&b_spm=a21ag.29085015&id=528741046742
266,528741046742,nedenkev旗舰店,乳胶床垫家用泰国天然橡胶卧室5cm厚垫子国家补贴软垫定制180x200,587.33,【泰舒Max】10cm厚【85D柔软舒适】泰国原产乳胶芯 送内套+防螨外套,10,230.31,2303.15,4776,4.8折,平台加补后,https://detail.tmall.com/item.htm?b_s_f=sycm&b_spm=a21ag.29085015&id=528741046742
267,930714173834,峻泽旗舰店,床垫椰棕天然棕榈硬垫子1.5米家用卧室1.8米护脊护腰儿童棕垫定做,76.7,1800mm*2000mm 标准配置款,,,76.7,338.24,2.3折,平台加补后,https://detail.tmall.com/item.htm?b_s_f=sycm&b_spm=a21ag.29085015&id=930714173834
268,593812127935,宝珀旗舰店,乳胶床垫1.8m床天然橡胶软垫家用1.5米儿童学生宿舍床垫5cm厚定制,459.85,1800mm*2000mm 标准配置款,5,91.97,459.85,615,7.5折,平台加补后,https://detail.tmall.com/item.htm?b_s_f=sycm&b_spm=a21ag.29085015&id=593812127935
269,715174186279,金可儿旗舰店,国家补贴|金可儿乳胶床垫硬垫子弹簧床垫家用席梦思1898典藏版,7998.5,1898典藏成人床垫【28cm|6度】 乐风乳胶 五区弹簧,28,285.66,7998.5,12388,6.5折,平台加补后,https://detail.tmall.com/item.htm?b_s_f=sycm&b_spm=a21ag.29085015&id=715174186279
269,715174186279,金可儿旗舰店,国家补贴|金可儿乳胶床垫硬垫子弹簧床垫家用席梦思1898典藏版,7998.5,1898 Luxury成人床垫【30cm|8度 银离子抗菌 七区弹簧,30,346.63,10398.9,15918,6.5折,平台加补后,https://detail.tmall.com/item.htm?b_s_f=sycm&b_spm=a21ag.29085015&id=715174186279
269,715174186279,金可儿旗舰店,国家补贴|金可儿乳胶床垫硬垫子弹簧床垫家用席梦思1898典藏版,7998.5,1898 MC高端分体式床垫【32cm|双面】 分体四面可拆卸,32,453.09,14499,21249,6.8折,平台加补后,https://detail.tmall.com/item.htm?b_s_f=sycm&b_spm=a21ag.29085015&id=715174186279
269,715174186279,金可儿旗舰店,国家补贴|金可儿乳胶床垫硬垫子弹簧床垫家用席梦思1898典藏版,7998.5,【月球灰】1898典藏成人床垫 搭 1898典藏成人床架 到手价11098,,,11698,17748,6.6折,平台加补后,https://detail.tmall.com/item.htm?b_s_f=sycm&b_spm=a21ag.29085015&id=715174186279
269,715174186279,金可儿旗舰店,国家补贴|金可儿乳胶床垫硬垫子弹簧床垫家用席梦思1898典藏版,7998.5,【魅影黑】1898典藏成人床垫 搭 1898典藏成人床架 到手价11098,,,11698,17748,6.6折,平台加补后,https://detail.tmall.com/item.htm?b_s_f=sycm&b_spm=a21ag.29085015&id=715174186279
270,1033255960173,林氏家居官方旗舰店,国家补贴林氏家居天然S型黄麻床垫分区护脊弹簧棕垫180x200木业,1110.51,(1)金麻【黄麻】静音舒缓承托 缓解久坐疲劳 | 21cm 近期热销,21,52.88,1110.51,1894,5.9折,平台加补后,https://detail.tmall.com/item.htm?b_s_f=sycm&b_spm=a21ag.29085015&id=1033255960173
270,1033255960173,林氏家居官方旗舰店,国家补贴林氏家居天然S型黄麻床垫分区护脊弹簧棕垫180x200木业,1110.51,(2)金麻【黄麻双睡】3区柔弹护脊 乳胶舒适双睡|23cm,23,60.67,1395.36,2380,5.9折,平台加补后,https://detail.tmall.com/item.htm?b_s_f=sycm&b_spm=a21ag.29085015&id=1033255960173
270,1033255960173,林氏家居官方旗舰店,国家补贴林氏家居天然S型黄麻床垫分区护脊弹簧棕垫180x200木业,1110.51,(3)金麻Plus【黄麻棕】强支撑护脊 脊椎不适|23cm,23,60.67,1395.36,2380,5.9折,平台加补后,https://detail.tmall.com/item.htm?b_s_f=sycm&b_spm=a21ag.29085015&id=1033255960173
270,1033255960173,林氏家居官方旗舰店,国家补贴林氏家居天然S型黄麻床垫分区护脊弹簧棕垫180x200木业,1110.51,(4)金麻Plus【S型黄麻】7区强韧护脊 全家都好睡|24cm,24,70.01,1680.21,2866,5.9折,平台加补后,https://detail.tmall.com/item.htm?b_s_f=sycm&b_spm=a21ag.29085015&id=1033255960173
271,591912308182,源氏木语官方旗舰店,源氏木语可心青少年0胶水床垫天然椰棕硬垫弹簧席梦思防螨乳胶垫,1038.8,薄款·偏硬护脊/8CM|JJ23,8,129.85,1038.8,1332,7.8折,平台加补后,https://detail.tmall.com/item.htm?b_s_f=sycm&b_spm=a21ag.29085015&id=591912308182
271,591912308182,源氏木语官方旗舰店,源氏木语可心青少年0胶水床垫天然椰棕硬垫弹簧席梦思防螨乳胶垫,1038.8,智衡扣弹簧·偏硬护脊/22CM|J31 千人加购,22,68.57,1508.5,1935,7.8折,平台加补后,https://detail.tmall.com/item.htm?b_s_f=sycm&b_spm=a21ag.29085015&id=591912308182
272,1036270610267,伊梦莲旗舰店,床垫天然椰棕黄麻床垫子订制护腰脊可折叠儿童成人家用乳胶榻榻米,138.21,1800mm*2000mm 标准配置款,,,138.21,227.76,6.1折,平台加补后,https://detail.tmall.com/item.htm?b_s_f=sycm&b_spm=a21ag.29085015&id=1036270610267
273,630059493016,香港海马家具工厂体验店,海马天然椰棕床垫十大品牌护脊棕垫3e棕榈偏硬儿童折叠榻榻米定制,317,1800mm*2000mm 标准配置款,,,317,364,8.7折,平台加补后,https://detail.tmall.com/item.htm?b_s_f=sycm&b_spm=a21ag.29085015&id=630059493016
274,840693091776,米物旗舰店,米物云想推拉沙发床垫定制折叠黄麻乳胶护脊坐卧两用拼接特殊尺寸,941.94,定制咨询客服！！,,,947.7,1278.94,7.4折,平台加补后,https://detail.tmall.com/item.htm?b_s_f=sycm&b_spm=a21ag.29085015&id=840693091776
274,840693091776,米物旗舰店,米物云想推拉沙发床垫定制折叠黄麻乳胶护脊坐卧两用拼接特殊尺寸,941.94,单榉木沙发床架,,,2140.51,3434.25,6.2折,平台加补后,https://detail.tmall.com/item.htm?b_s_f=sycm&b_spm=a21ag.29085015&id=840693091776
274,840693091776,米物旗舰店,米物云想推拉沙发床垫定制折叠黄麻乳胶护脊坐卧两用拼接特殊尺寸,941.94,E5:双面硬展开5~6cm厚.,6,156.99,941.94,1531.16,6.2折,平台加补后,https://detail.tmall.com/item.htm?b_s_f=sycm&b_spm=a21ag.29085015&id=840693091776
274,840693091776,米物旗舰店,米物云想推拉沙发床垫定制折叠黄麻乳胶护脊坐卧两用拼接特殊尺寸,941.94,E7:双面硬折叠展开约7~8cm厚.,8,145.38,1163.04,1885.28,6.2折,平台加补后,https://detail.tmall.com/item.htm?b_s_f=sycm&b_spm=a21ag.29085015&id=840693091776
274,840693091776,米物旗舰店,米物云想推拉沙发床垫定制折叠黄麻乳胶护脊坐卧两用拼接特殊尺寸,941.94,E9:双面硬展开9~10cm厚.,10,130.18,1301.84,2107.58,6.2折,平台加补后,https://detail.tmall.com/item.htm?b_s_f=sycm&b_spm=a21ag.29085015&id=840693091776
274,840693091776,米物旗舰店,米物云想推拉沙发床垫定制折叠黄麻乳胶护脊坐卧两用拼接特殊尺寸,941.94,A7:坐面2cm乳胶展开7~8cm厚.,8,148.87,1190.99,1930.16,6.2折,平台加补后,https://detail.tmall.com/item.htm?b_s_f=sycm&b_spm=a21ag.29085015&id=840693091776
274,840693091776,米物旗舰店,米物云想推拉沙发床垫定制折叠黄麻乳胶护脊坐卧两用拼接特殊尺寸,941.94,A9:坐面2cm乳胶展开9~10cm厚.,10,140.34,1403.38,2270.03,6.2折,平台加补后,https://detail.tmall.com/item.htm?b_s_f=sycm&b_spm=a21ag.29085015&id=840693091776
274,840693091776,米物旗舰店,米物云想推拉沙发床垫定制折叠黄麻乳胶护脊坐卧两用拼接特殊尺寸,941.94,B7:卧面2cm乳胶展开7~8cm厚.,8,148.87,1190.99,1930.16,6.2折,平台加补后,https://detail.tmall.com/item.htm?b_s_f=sycm&b_spm=a21ag.29085015&id=840693091776
274,840693091776,米物旗舰店,米物云想推拉沙发床垫定制折叠黄麻乳胶护脊坐卧两用拼接特殊尺寸,941.94,B9:卧面2cm乳胶展开9~10cm厚.,10,140.34,1403.38,2270.03,6.2折,平台加补后,https://detail.tmall.com/item.htm?b_s_f=sycm&b_spm=a21ag.29085015&id=840693091776
274,840693091776,米物旗舰店,米物云想推拉沙发床垫定制折叠黄麻乳胶护脊坐卧两用拼接特殊尺寸,941.94,C7:双面1cm乳胶展开7~8cm厚.,8,148.87,1190.99,1930.16,6.2折,平台加补后,https://detail.tmall.com/item.htm?b_s_f=sycm&b_spm=a21ag.29085015&id=840693091776
274,840693091776,米物旗舰店,米物云想推拉沙发床垫定制折叠黄麻乳胶护脊坐卧两用拼接特殊尺寸,941.94,C9:双面2cm乳胶展开9~10cm厚.,10,144.0,1440.04,2329.16,6.2折,平台加补后,https://detail.tmall.com/item.htm?b_s_f=sycm&b_spm=a21ag.29085015&id=840693091776
274,840693091776,米物旗舰店,米物云想推拉沙发床垫定制折叠黄麻乳胶护脊坐卧两用拼接特殊尺寸,941.94,升级（榉木）床架+E5床垫 收起来42cm高,42,85.41,3587.26,5124.3,7.0折,平台加补后,https://detail.tmall.com/item.htm?b_s_f=sycm&b_spm=a21ag.29085015&id=840693091776
274,840693091776,米物旗舰店,米物云想推拉沙发床垫定制折叠黄麻乳胶护脊坐卧两用拼接特殊尺寸,941.94,升级（榉木）床架+C7床垫 收起来46cm高,46,78.31,3602.43,5697.15,6.3折,平台加补后,https://detail.tmall.com/item.htm?b_s_f=sycm&b_spm=a21ag.29085015&id=840693091776
274,840693091776,米物旗舰店,米物云想推拉沙发床垫定制折叠黄麻乳胶护脊坐卧两用拼接特殊尺寸,941.94,升级（榉木）床架+C9床垫 收起来50cm高,50,76.65,3832.34,6186.64,6.2折,平台加补后,https://detail.tmall.com/item.htm?b_s_f=sycm&b_spm=a21ag.29085015&id=840693091776
274,840693091776,米物旗舰店,米物云想推拉沙发床垫定制折叠黄麻乳胶护脊坐卧两用拼接特殊尺寸,941.94,榉木推拉床 pro【可做地台床】,,,2744.44,3975.75,6.9折,平台加补后,https://detail.tmall.com/item.htm?b_s_f=sycm&b_spm=a21ag.29085015&id=840693091776
274,840693091776,米物旗舰店,米物云想推拉沙发床垫定制折叠黄麻乳胶护脊坐卧两用拼接特殊尺寸,941.94,榉木推拉床床（升级） pro+抽屉一对,,,3327.15,5072.29,6.6折,平台加补后,https://detail.tmall.com/item.htm?b_s_f=sycm&b_spm=a21ag.29085015&id=840693091776
274,840693091776,米物旗舰店,米物云想推拉沙发床垫定制折叠黄麻乳胶护脊坐卧两用拼接特殊尺寸,941.94,榉木推拉床 pro（升级）+C7床垫+抽屉一对,,,4787.86,7328.78,6.5折,平台加补后,https://detail.tmall.com/item.htm?b_s_f=sycm&b_spm=a21ag.29085015&id=840693091776
274,840693091776,米物旗舰店,米物云想推拉沙发床垫定制折叠黄麻乳胶护脊坐卧两用拼接特殊尺寸,941.94,榉木推拉床 pro（升级）+C9床垫+抽屉一对,,,5105.43,7825.39,6.5折,平台加补后,https://detail.tmall.com/item.htm?b_s_f=sycm&b_spm=a21ag.29085015&id=840693091776
275,1072004464613,栖作官方旗舰店,【M】栖作床垫可拆洗独立袋装弹簧护脊硬垫子厚款坚果,3990,【0胶坚果】经典硬床垫.23cm 近期热销,23,173.48,3990,5200,7.7折,平台加补后,https://detail.tmall.com/item.htm?b_s_f=sycm&b_spm=a21ag.29085015&id=1072004464613
275,1072004464613,栖作官方旗舰店,【M】栖作床垫可拆洗独立袋装弹簧护脊硬垫子厚款坚果,3990,【0胶坚果·馥桂.28cm】三重深弹护脊,28,244.04,6833,9838,6.9折,平台加补后,https://detail.tmall.com/item.htm?b_s_f=sycm&b_spm=a21ag.29085015&id=1072004464613
276,650423226539,派乐熊儿童床垫品牌店,派乐熊儿童专用床垫护脊0胶弹簧偏硬席梦思青少年家用甲醛无超标,1030.2,偏硬B款20CM=【防螨黄麻】+双线加固独立弹簧,20,51.51,1030.2,1378,7.5折,平台加补后,https://detail.tmall.com/item.htm?b_s_f=sycm&b_spm=a21ag.29085015&id=650423226539
276,650423226539,派乐熊儿童床垫品牌店,派乐熊儿童专用床垫护脊0胶弹簧偏硬席梦思青少年家用甲醛无超标,1030.2,偏硬B款15CM=【防螨黄麻】+双线加固独立弹簧,15,68.68,1030.2,1378,7.5折,平台加补后,https://detail.tmall.com/item.htm?b_s_f=sycm&b_spm=a21ag.29085015&id=650423226539
276,650423226539,派乐熊儿童床垫品牌店,派乐熊儿童专用床垫护脊0胶弹簧偏硬席梦思青少年家用甲醛无超标,1030.2,适中A款22CM=【乳胶+黄麻】+双线加固独立弹簧,22,48.18,1059.95,1418,7.5折,平台加补后,https://detail.tmall.com/item.htm?b_s_f=sycm&b_spm=a21ag.29085015&id=650423226539
276,650423226539,派乐熊儿童床垫品牌店,派乐熊儿童专用床垫护脊0胶弹簧偏硬席梦思青少年家用甲醛无超标,1030.2,适中A款20CM=【乳胶+黄麻】+双线加固独立弹簧,20,53.0,1059.95,1418,7.5折,平台加补后,https://detail.tmall.com/item.htm?b_s_f=sycm&b_spm=a21ag.29085015&id=650423226539
276,650423226539,派乐熊儿童床垫品牌店,派乐熊儿童专用床垫护脊0胶弹簧偏硬席梦思青少年家用甲醛无超标,1030.2,适中A款15CM=【乳胶+黄麻】+双线加固独立弹簧,15,70.66,1059.95,1418,7.5折,平台加补后,https://detail.tmall.com/item.htm?b_s_f=sycm&b_spm=a21ag.29085015&id=650423226539
276,650423226539,派乐熊儿童床垫品牌店,派乐熊儿童专用床垫护脊0胶弹簧偏硬席梦思青少年家用甲醛无超标,1030.2,适中H款22CM=【记忆棉+黄麻】+双线加固独立弹簧,22,50.23,1105,1478,7.5折,平台加补后,https://detail.tmall.com/item.htm?b_s_f=sycm&b_spm=a21ag.29085015&id=650423226539
276,650423226539,派乐熊儿童床垫品牌店,派乐熊儿童专用床垫护脊0胶弹簧偏硬席梦思青少年家用甲醛无超标,1030.2,适中H款20CM=【记忆棉+黄麻】+双线加固独立弹簧 千人加购,20,55.25,1105,1478,7.5折,平台加补后,https://detail.tmall.com/item.htm?b_s_f=sycm&b_spm=a21ag.29085015&id=650423226539
276,650423226539,派乐熊儿童床垫品牌店,派乐熊儿童专用床垫护脊0胶弹簧偏硬席梦思青少年家用甲醛无超标,1030.2,适中H款15CM=【记忆棉+黄麻】+双线加固独立弹簧,15,73.67,1105,1478,7.5折,平台加补后,https://detail.tmall.com/item.htm?b_s_f=sycm&b_spm=a21ag.29085015&id=650423226539
276,650423226539,派乐熊儿童床垫品牌店,派乐熊儿童专用床垫护脊0胶弹簧偏硬席梦思青少年家用甲醛无超标,1030.2,双面C款22CM=【乳胶+黄麻】+双线加固独立弹簧,22,48.18,1059.95,1418,7.5折,平台加补后,https://detail.tmall.com/item.htm?b_s_f=sycm&b_spm=a21ag.29085015&id=650423226539
276,650423226539,派乐熊儿童床垫品牌店,派乐熊儿童专用床垫护脊0胶弹簧偏硬席梦思青少年家用甲醛无超标,1030.2,双面C款20CM=【乳胶+黄麻】+双线加固独立弹簧,20,53.0,1059.95,1418,7.5折,平台加补后,https://detail.tmall.com/item.htm?b_s_f=sycm&b_spm=a21ag.29085015&id=650423226539
276,650423226539,派乐熊儿童床垫品牌店,派乐熊儿童专用床垫护脊0胶弹簧偏硬席梦思青少年家用甲醛无超标,1030.2,双面C款15CM=【乳胶+黄麻】+双线加固独立弹簧,15,70.66,1059.95,1418,7.5折,平台加补后,https://detail.tmall.com/item.htm?b_s_f=sycm&b_spm=a21ag.29085015&id=650423226539
276,650423226539,派乐熊儿童床垫品牌店,派乐熊儿童专用床垫护脊0胶弹簧偏硬席梦思青少年家用甲醛无超标,1030.2,双面E款22CM=【记忆棉+黄麻】+双线加固独立弹簧 店长主推,22,50.23,1105,1478,7.5折,平台加补后,https://detail.tmall.com/item.htm?b_s_f=sycm&b_spm=a21ag.29085015&id=650423226539
276,650423226539,派乐熊儿童床垫品牌店,派乐熊儿童专用床垫护脊0胶弹簧偏硬席梦思青少年家用甲醛无超标,1030.2,双面E款20CM=【记忆棉+黄麻】+双线加固独立弹簧,20,55.25,1105,1478,7.5折,平台加补后,https://detail.tmall.com/item.htm?b_s_f=sycm&b_spm=a21ag.29085015&id=650423226539
276,650423226539,派乐熊儿童床垫品牌店,派乐熊儿童专用床垫护脊0胶弹簧偏硬席梦思青少年家用甲醛无超标,1030.2,双面E款15CM=【记忆棉+黄麻】+双线加固独立弹簧,15,73.67,1105,1478,7.5折,平台加补后,https://detail.tmall.com/item.htm?b_s_f=sycm&b_spm=a21ag.29085015&id=650423226539
276,650423226539,派乐熊儿童床垫品牌店,派乐熊儿童专用床垫护脊0胶弹簧偏硬席梦思青少年家用甲醛无超标,1030.2,升级J款23CM=【乳胶+3D+黄麻】+双线独立弹簧,23,48.78,1122,1500,7.5折,平台加补后,https://detail.tmall.com/item.htm?b_s_f=sycm&b_spm=a21ag.29085015&id=650423226539
276,650423226539,派乐熊儿童床垫品牌店,派乐熊儿童专用床垫护脊0胶弹簧偏硬席梦思青少年家用甲醛无超标,1030.2,升级J款21CM=【乳胶+3D+黄麻】+双线独立弹簧,21,53.43,1122,1500,7.5折,平台加补后,https://detail.tmall.com/item.htm?b_s_f=sycm&b_spm=a21ag.29085015&id=650423226539
276,650423226539,派乐熊儿童床垫品牌店,派乐熊儿童专用床垫护脊0胶弹簧偏硬席梦思青少年家用甲醛无超标,1030.2,升级J款16CM=【乳胶+3D+黄麻】+双线独立弹簧,16,70.12,1122,1500,7.5折,平台加补后,https://detail.tmall.com/item.htm?b_s_f=sycm&b_spm=a21ag.29085015&id=650423226539
276,650423226539,派乐熊儿童床垫品牌店,派乐熊儿童专用床垫护脊0胶弹簧偏硬席梦思青少年家用甲醛无超标,1030.2,升级K款23CM=【记忆棉+3D+黄麻】+双线独立弹簧,23,50.93,1171.3,1566,7.5折,平台加补后,https://detail.tmall.com/item.htm?b_s_f=sycm&b_spm=a21ag.29085015&id=650423226539
276,650423226539,派乐熊儿童床垫品牌店,派乐熊儿童专用床垫护脊0胶弹簧偏硬席梦思青少年家用甲醛无超标,1030.2,升级K款21CM=【记忆棉+3D+黄麻】+双线独立弹簧,21,55.78,1171.3,1566,7.5折,平台加补后,https://detail.tmall.com/item.htm?b_s_f=sycm&b_spm=a21ag.29085015&id=650423226539
276,650423226539,派乐熊儿童床垫品牌店,派乐熊儿童专用床垫护脊0胶弹簧偏硬席梦思青少年家用甲醛无超标,1030.2,升级K款16CM=【记忆棉+3D+黄麻】+双线独立弹簧,16,73.21,1171.3,1566,7.5折,平台加补后,https://detail.tmall.com/item.htm?b_s_f=sycm&b_spm=a21ag.29085015&id=650423226539
277,907099781070,宝康杰家居旗舰店,【床垫国家补贴】棕垫天然椰棕床垫儿童硬棕榈1.81.5米可折叠定制,221.17,A款6cm偏硬=3cm无胶3E椰棕+防螨提花 仅适合无缝隙床板,6,36.86,221.17,580,3.8折,平台加补后,https://detail.tmall.com/item.htm?b_s_f=sycm&b_spm=a21ag.29085015&id=907099781070
277,907099781070,宝康杰家居旗舰店,【床垫国家补贴】棕垫天然椰棕床垫儿童硬棕榈1.81.5米可折叠定制,221.17,6CM厚=4cm无胶水3E椰棕+抑菌防螨羊绒面料【可折叠】,6,43.74,262.46,722,3.6折,平台加补后,https://detail.tmall.com/item.htm?b_s_f=sycm&b_spm=a21ag.29085015&id=907099781070
277,907099781070,宝康杰家居旗舰店,【床垫国家补贴】棕垫天然椰棕床垫儿童硬棕榈1.81.5米可折叠定制,221.17,8CM厚=6cm无胶水3E椰棕+抑菌防螨羊绒面料【可折叠】,8,39.84,318.75,800,4.0折,平台加补后,https://detail.tmall.com/item.htm?b_s_f=sycm&b_spm=a21ag.29085015&id=907099781070
277,907099781070,宝康杰家居旗舰店,【床垫国家补贴】棕垫天然椰棕床垫儿童硬棕榈1.81.5米可折叠定制,221.17,10CM厚=8cm无胶水3E椰棕+抑菌防螨羊绒面料【可折叠】,10,43.27,432.65,1026,4.2折,平台加补后,https://detail.tmall.com/item.htm?b_s_f=sycm&b_spm=a21ag.29085015&id=907099781070
277,907099781070,宝康杰家居旗舰店,【床垫国家补贴】棕垫天然椰棕床垫儿童硬棕榈1.81.5米可折叠定制,221.17,13CM厚=11cm无胶水3E椰棕+抑菌防螨羊绒面料【可折叠】,13,35.77,464.95,1071,4.3折,平台加补后,https://detail.tmall.com/item.htm?b_s_f=sycm&b_spm=a21ag.29085015&id=907099781070
277,907099781070,宝康杰家居旗舰店,【床垫国家补贴】棕垫天然椰棕床垫儿童硬棕榈1.81.5米可折叠定制,221.17,16CM厚=14cm无胶水3E椰棕+抑菌防螨羊绒面料【可折叠】,16,31.08,497.25,1116,4.5折,平台加补后,https://detail.tmall.com/item.htm?b_s_f=sycm&b_spm=a21ag.29085015&id=907099781070
277,907099781070,宝康杰家居旗舰店,【床垫国家补贴】棕垫天然椰棕床垫儿童硬棕榈1.81.5米可折叠定制,221.17,18CM厚=16cm无胶水3E椰棕+抑菌防螨羊绒面料【可折叠】,18,29.42,529.55,1161,4.6折,平台加补后,https://detail.tmall.com/item.htm?b_s_f=sycm&b_spm=a21ag.29085015&id=907099781070
277,907099781070,宝康杰家居旗舰店,【床垫国家补贴】棕垫天然椰棕床垫儿童硬棕榈1.81.5米可折叠定制,221.17,20CM厚=18cm无胶水3E椰棕+抑菌防螨羊绒面料【可折叠】,20,29.37,587.35,1506,3.9折,平台加补后,https://detail.tmall.com/item.htm?b_s_f=sycm&b_spm=a21ag.29085015&id=907099781070
277,907099781070,宝康杰家居旗舰店,【床垫国家补贴】棕垫天然椰棕床垫儿童硬棕榈1.81.5米可折叠定制,221.17,7CM厚=4CM无胶水3E棕+1CM乳胶+抑菌防螨羊绒面料【可折叠】,7,46.37,324.62,809,4.0折,平台加补后,https://detail.tmall.com/item.htm?b_s_f=sycm&b_spm=a21ag.29085015&id=907099781070
277,907099781070,宝康杰家居旗舰店,【床垫国家补贴】棕垫天然椰棕床垫儿童硬棕榈1.81.5米可折叠定制,221.17,8CM厚=4CM无胶水3E棕+2CM乳胶+抑菌防螨羊绒面料【可折叠】 千人加购,8,56.52,452.2,1054,4.3折,平台加补后,https://detail.tmall.com/item.htm?b_s_f=sycm&b_spm=a21ag.29085015&id=907099781070
277,907099781070,宝康杰家居旗舰店,【床垫国家补贴】棕垫天然椰棕床垫儿童硬棕榈1.81.5米可折叠定制,221.17,9CM厚=6CM无胶水3E棕+1CM乳胶+抑菌防螨羊绒面料【可折叠】,9,46.56,419.05,1008,4.2折,平台加补后,https://detail.tmall.com/item.htm?b_s_f=sycm&b_spm=a21ag.29085015&id=907099781070
277,907099781070,宝康杰家居旗舰店,【床垫国家补贴】棕垫天然椰棕床垫儿童硬棕榈1.81.5米可折叠定制,221.17,10CM厚=6CM无胶水3E棕+2CM乳+抑菌防螨羊绒面料【可折叠】,10,52.27,522.75,1151,4.5折,平台加补后,https://detail.tmall.com/item.htm?b_s_f=sycm&b_spm=a21ag.29085015&id=907099781070
277,907099781070,宝康杰家居旗舰店,【床垫国家补贴】棕垫天然椰棕床垫儿童硬棕榈1.81.5米可折叠定制,221.17,11CM厚=8CM无胶水3E棕+1CM乳+抑菌防螨羊绒面料【可折叠】,11,45.75,503.2,1124,4.5折,平台加补后,https://detail.tmall.com/item.htm?b_s_f=sycm&b_spm=a21ag.29085015&id=907099781070
277,907099781070,宝康杰家居旗舰店,【床垫国家补贴】棕垫天然椰棕床垫儿童硬棕榈1.81.5米可折叠定制,221.17,12CM厚=8CM无胶水3E棕+2CM乳+抑菌防螨羊绒面料【可折叠】,12,46.25,555.05,1196,4.6折,平台加补后,https://detail.tmall.com/item.htm?b_s_f=sycm&b_spm=a21ag.29085015&id=907099781070
277,907099781070,宝康杰家居旗舰店,【床垫国家补贴】棕垫天然椰棕床垫儿童硬棕榈1.81.5米可折叠定制,221.17,15CM厚=11CM无胶水3E棕+2CM乳胶+抑菌防螨羊绒面料【可折叠】,15,48.51,727.6,1701,4.3折,平台加补后,https://detail.tmall.com/item.htm?b_s_f=sycm&b_spm=a21ag.29085015&id=907099781070
277,907099781070,宝康杰家居旗舰店,【床垫国家补贴】棕垫天然椰棕床垫儿童硬棕榈1.81.5米可折叠定制,221.17,20CM厚=16CM无胶水3E棕+2CM乳胶+抑菌防螨羊绒面料【可折叠】,20,38.04,760.75,1746,4.4折,平台加补后,https://detail.tmall.com/item.htm?b_s_f=sycm&b_spm=a21ag.29085015&id=907099781070
278,40640084764,铂马仕旗舰店,儿童护脊黄麻乳胶床垫家用环保席梦思高低床天然椰棕垫1.2m折叠,591.6,护脊A【6cm】A类棉麻面料+3cmS黄麻,6,98.6,591.6,849,7.0折,平台加补后,https://detail.tmall.com/item.htm?b_s_f=sycm&b_spm=a21ag.29085015&id=40640084764
278,40640084764,铂马仕旗舰店,儿童护脊黄麻乳胶床垫家用环保席梦思高低床天然椰棕垫1.2m折叠,591.6,护脊A【8cm】A类棉麻面料+5cmS黄麻,8,87.97,703.8,999,7.0折,平台加补后,https://detail.tmall.com/item.htm?b_s_f=sycm&b_spm=a21ag.29085015&id=40640084764
278,40640084764,铂马仕旗舰店,儿童护脊黄麻乳胶床垫家用环保席梦思高低床天然椰棕垫1.2m折叠,591.6,护脊A【10cm】A类棉麻面料+7cmS黄麻,10,80.5,804.95,1149,7.0折,平台加补后,https://detail.tmall.com/item.htm?b_s_f=sycm&b_spm=a21ag.29085015&id=40640084764
278,40640084764,铂马仕旗舰店,儿童护脊黄麻乳胶床垫家用环保席梦思高低床天然椰棕垫1.2m折叠,591.6,护脊A【13cm】A类棉麻面料+10cmS黄麻,13,74.54,969,1399,6.9折,平台加补后,https://detail.tmall.com/item.htm?b_s_f=sycm&b_spm=a21ag.29085015&id=40640084764
278,40640084764,铂马仕旗舰店,儿童护脊黄麻乳胶床垫家用环保席梦思高低床天然椰棕垫1.2m折叠,591.6,护脊A【18cm】A类棉麻面料+15cmS黄麻,18,68.52,1233.35,1799,6.9折,平台加补后,https://detail.tmall.com/item.htm?b_s_f=sycm&b_spm=a21ag.29085015&id=40640084764
278,40640084764,铂马仕旗舰店,儿童护脊黄麻乳胶床垫家用环保席梦思高低床天然椰棕垫1.2m折叠,591.6,防螨B【8cm】A类棉麻面料+2cm乳胶+3cmS黄麻,8,87.02,696.15,989,7.0折,平台加补后,https://detail.tmall.com/item.htm?b_s_f=sycm&b_spm=a21ag.29085015&id=40640084764
278,40640084764,铂马仕旗舰店,儿童护脊黄麻乳胶床垫家用环保席梦思高低床天然椰棕垫1.2m折叠,591.6,防螨B【10cm】A类棉麻面料+2cm乳胶+5cmS黄麻,10,79.73,797.3,1139,7.0折,平台加补后,https://detail.tmall.com/item.htm?b_s_f=sycm&b_spm=a21ag.29085015&id=40640084764
278,40640084764,铂马仕旗舰店,儿童护脊黄麻乳胶床垫家用环保席梦思高低床天然椰棕垫1.2m折叠,591.6,防螨B【12cm】A类棉麻面料+2cm乳胶+7cmS黄麻,12,74.16,889.95,1289,6.9折,平台加补后,https://detail.tmall.com/item.htm?b_s_f=sycm&b_spm=a21ag.29085015&id=40640084764
278,40640084764,铂马仕旗舰店,儿童护脊黄麻乳胶床垫家用环保席梦思高低床天然椰棕垫1.2m折叠,591.6,防螨B【15cm】A类棉麻面料+2cm乳胶+10cmS黄麻,15,69.7,1045.5,1539,6.8折,平台加补后,https://detail.tmall.com/item.htm?b_s_f=sycm&b_spm=a21ag.29085015&id=40640084764
278,40640084764,铂马仕旗舰店,儿童护脊黄麻乳胶床垫家用环保席梦思高低床天然椰棕垫1.2m折叠,591.6,防螨B【20cm】A类棉麻面料+2cm乳胶+15cmS黄麻,20,71.31,1426.3,2089,6.8折,平台加补后,https://detail.tmall.com/item.htm?b_s_f=sycm&b_spm=a21ag.29085015&id=40640084764
278,40640084764,铂马仕旗舰店,儿童护脊黄麻乳胶床垫家用环保席梦思高低床天然椰棕垫1.2m折叠,591.6,透气C【8cm】A类棉麻面料+2cm 3D透气芯+3cmS黄麻,8,87.02,696.15,989,7.0折,平台加补后,https://detail.tmall.com/item.htm?b_s_f=sycm&b_spm=a21ag.29085015&id=40640084764
278,40640084764,铂马仕旗舰店,儿童护脊黄麻乳胶床垫家用环保席梦思高低床天然椰棕垫1.2m折叠,591.6,透气C【10cm】A类棉麻面料+2cm 3D透气芯+5cmS黄麻,10,79.73,797.3,1139,7.0折,平台加补后,https://detail.tmall.com/item.htm?b_s_f=sycm&b_spm=a21ag.29085015&id=40640084764
278,40640084764,铂马仕旗舰店,儿童护脊黄麻乳胶床垫家用环保席梦思高低床天然椰棕垫1.2m折叠,591.6,透气C【12cm】A类棉麻面料+2cm 3D透气芯+7cmS黄麻,12,74.16,889.95,1289,6.9折,平台加补后,https://detail.tmall.com/item.htm?b_s_f=sycm&b_spm=a21ag.29085015&id=40640084764
278,40640084764,铂马仕旗舰店,儿童护脊黄麻乳胶床垫家用环保席梦思高低床天然椰棕垫1.2m折叠,591.6,透气C【15cm】A类棉麻面料+2cm 3D透气芯+10cmS黄麻,15,69.7,1045.5,1539,6.8折,平台加补后,https://detail.tmall.com/item.htm?b_s_f=sycm&b_spm=a21ag.29085015&id=40640084764
278,40640084764,铂马仕旗舰店,儿童护脊黄麻乳胶床垫家用环保席梦思高低床天然椰棕垫1.2m折叠,591.6,透气C【20cm】A类棉麻面料+2cm 3D透气芯+15cmS黄麻,20,71.31,1426.3,2089,6.8折,平台加补后,https://detail.tmall.com/item.htm?b_s_f=sycm&b_spm=a21ag.29085015&id=40640084764
278,40640084764,铂马仕旗舰店,儿童护脊黄麻乳胶床垫家用环保席梦思高低床天然椰棕垫1.2m折叠,591.6,全拆护脊A【6cm】A类棉麻面料+3cmS黄麻,6,98.6,591.6,849,7.0折,平台加补后,https://detail.tmall.com/item.htm?b_s_f=sycm&b_spm=a21ag.29085015&id=40640084764
278,40640084764,铂马仕旗舰店,儿童护脊黄麻乳胶床垫家用环保席梦思高低床天然椰棕垫1.2m折叠,591.6,全拆护脊A【8cm】A类棉麻面料+5cmS黄麻,8,87.97,703.8,999,7.0折,平台加补后,https://detail.tmall.com/item.htm?b_s_f=sycm&b_spm=a21ag.29085015&id=40640084764
278,40640084764,铂马仕旗舰店,儿童护脊黄麻乳胶床垫家用环保席梦思高低床天然椰棕垫1.2m折叠,591.6,全拆护脊A【10cm】A类棉麻面料+7cmS黄麻,10,80.5,804.95,1149,7.0折,平台加补后,https://detail.tmall.com/item.htm?b_s_f=sycm&b_spm=a21ag.29085015&id=40640084764
278,40640084764,铂马仕旗舰店,儿童护脊黄麻乳胶床垫家用环保席梦思高低床天然椰棕垫1.2m折叠,591.6,全拆护脊A【13cm】A类棉麻面料+10cmS黄麻,13,74.54,969,1399,6.9折,平台加补后,https://detail.tmall.com/item.htm?b_s_f=sycm&b_spm=a21ag.29085015&id=40640084764
278,40640084764,铂马仕旗舰店,儿童护脊黄麻乳胶床垫家用环保席梦思高低床天然椰棕垫1.2m折叠,591.6,全拆护脊A【18cm】A类棉麻面料+15cmS黄麻,18,68.52,1233.35,1799,6.9折,平台加补后,https://detail.tmall.com/item.htm?b_s_f=sycm&b_spm=a21ag.29085015&id=40640084764
278,40640084764,铂马仕旗舰店,儿童护脊黄麻乳胶床垫家用环保席梦思高低床天然椰棕垫1.2m折叠,591.6,全拆防螨B【8cm】A类棉麻面料+2cm乳胶+3cmS黄麻,8,87.02,696.15,989,7.0折,平台加补后,https://detail.tmall.com/item.htm?b_s_f=sycm&b_spm=a21ag.29085015&id=40640084764
278,40640084764,铂马仕旗舰店,儿童护脊黄麻乳胶床垫家用环保席梦思高低床天然椰棕垫1.2m折叠,591.6,全拆防螨B【10cm】A类棉麻面料+2cm乳胶+5cmS黄麻,10,79.73,797.3,1139,7.0折,平台加补后,https://detail.tmall.com/item.htm?b_s_f=sycm&b_spm=a21ag.29085015&id=40640084764
278,40640084764,铂马仕旗舰店,儿童护脊黄麻乳胶床垫家用环保席梦思高低床天然椰棕垫1.2m折叠,591.6,全拆防螨B【12cm】A类棉麻面料+2cm乳胶+7cmS黄麻,12,74.16,889.95,1289,6.9折,平台加补后,https://detail.tmall.com/item.htm?b_s_f=sycm&b_spm=a21ag.29085015&id=40640084764
278,40640084764,铂马仕旗舰店,儿童护脊黄麻乳胶床垫家用环保席梦思高低床天然椰棕垫1.2m折叠,591.6,全拆防螨B【15cm】A类棉麻面料+2cm乳胶+10cmS黄麻,15,69.7,1045.5,1539,6.8折,平台加补后,https://detail.tmall.com/item.htm?b_s_f=sycm&b_spm=a21ag.29085015&id=40640084764
278,40640084764,铂马仕旗舰店,儿童护脊黄麻乳胶床垫家用环保席梦思高低床天然椰棕垫1.2m折叠,591.6,全拆防螨B【20cm】A类棉麻面料+2cm乳胶+15cmS黄麻,20,71.31,1426.3,2089,6.8折,平台加补后,https://detail.tmall.com/item.htm?b_s_f=sycm&b_spm=a21ag.29085015&id=40640084764
278,40640084764,铂马仕旗舰店,儿童护脊黄麻乳胶床垫家用环保席梦思高低床天然椰棕垫1.2m折叠,591.6,全拆透气C【8cm】A类棉麻面料+2cm 3D透气芯+3cmS黄麻,8,87.02,696.15,989,7.0折,平台加补后,https://detail.tmall.com/item.htm?b_s_f=sycm&b_spm=a21ag.29085015&id=40640084764
278,40640084764,铂马仕旗舰店,儿童护脊黄麻乳胶床垫家用环保席梦思高低床天然椰棕垫1.2m折叠,591.6,全拆透气C【10cm】A类棉麻面料+2cm 3D透气芯+5cmS黄麻,10,79.73,797.3,1139,7.0折,平台加补后,https://detail.tmall.com/item.htm?b_s_f=sycm&b_spm=a21ag.29085015&id=40640084764
278,40640084764,铂马仕旗舰店,儿童护脊黄麻乳胶床垫家用环保席梦思高低床天然椰棕垫1.2m折叠,591.6,全拆透气C【12cm】A类棉麻面料+2cm 3D透气芯+7cmS黄麻,12,74.16,889.95,1289,6.9折,平台加补后,https://detail.tmall.com/item.htm?b_s_f=sycm&b_spm=a21ag.29085015&id=40640084764
278,40640084764,铂马仕旗舰店,儿童护脊黄麻乳胶床垫家用环保席梦思高低床天然椰棕垫1.2m折叠,591.6,全拆透气C【15cm】A类棉麻面料+2cm 3D透气芯+10cmS黄麻,15,69.7,1045.5,1539,6.8折,平台加补后,https://detail.tmall.com/item.htm?b_s_f=sycm&b_spm=a21ag.29085015&id=40640084764
278,40640084764,铂马仕旗舰店,儿童护脊黄麻乳胶床垫家用环保席梦思高低床天然椰棕垫1.2m折叠,591.6,全拆透气C【20cm】A类棉麻面料+2cm 3D透气芯+15cmS黄麻,20,71.31,1426.3,2089,6.8折,平台加补后,https://detail.tmall.com/item.htm?b_s_f=sycm&b_spm=a21ag.29085015&id=40640084764
279,934031235549,品藕家具旗舰店,天然椰棕床垫棕垫棕榈硬垫1.5米可定制1.8m儿童护腰护脊家用床垫,157,6cm 天空白折叠【4cm棕芯 +0胶水+质保20年】 万人加购,6,26.17,157,512,3.1折,平台加补后,https://detail.tmall.com/item.htm?b_s_f=sycm&b_spm=a21ag.29085015&id=934031235549
279,934031235549,品藕家具旗舰店,天然椰棕床垫棕垫棕榈硬垫1.5米可定制1.8m儿童护腰护脊家用床垫,157,6cm 绅士灰折叠【4cm棕芯 +0胶水+质保20年】,6,26.17,157,512,3.1折,平台加补后,https://detail.tmall.com/item.htm?b_s_f=sycm&b_spm=a21ag.29085015&id=934031235549
279,934031235549,品藕家具旗舰店,天然椰棕床垫棕垫棕榈硬垫1.5米可定制1.8m儿童护腰护脊家用床垫,157,6cm 金麦穗折叠【4cm棕芯 +0胶水+质保20年】,6,26.17,157,512,3.1折,平台加补后,https://detail.tmall.com/item.htm?b_s_f=sycm&b_spm=a21ag.29085015&id=934031235549
279,934031235549,品藕家具旗舰店,天然椰棕床垫棕垫棕榈硬垫1.5米可定制1.8m儿童护腰护脊家用床垫,157,7cm 天空白折叠【4cm棕芯 +1cm乳胶+0胶水+质保20年】,7,27.43,192,554,3.5折,平台加补后,https://detail.tmall.com/item.htm?b_s_f=sycm&b_spm=a21ag.29085015&id=934031235549
279,934031235549,品藕家具旗舰店,天然椰棕床垫棕垫棕榈硬垫1.5米可定制1.8m儿童护腰护脊家用床垫,157,7cm 绅士灰折叠【4cm棕芯 +1cm乳胶+0胶水+质保20年】,7,27.43,192,554,3.5折,平台加补后,https://detail.tmall.com/item.htm?b_s_f=sycm&b_spm=a21ag.29085015&id=934031235549
279,934031235549,品藕家具旗舰店,天然椰棕床垫棕垫棕榈硬垫1.5米可定制1.8m儿童护腰护脊家用床垫,157,7cm 金麦穗折叠【4cm棕芯 +1cm乳胶+0胶水+质保20年】,7,27.43,192,554,3.5折,平台加补后,https://detail.tmall.com/item.htm?b_s_f=sycm&b_spm=a21ag.29085015&id=934031235549
279,934031235549,品藕家具旗舰店,天然椰棕床垫棕垫棕榈硬垫1.5米可定制1.8m儿童护腰护脊家用床垫,157,8cm 天空白折叠【6cm棕芯 +0胶水+质保20年】,8,30.5,244,647,3.8折,平台加补后,https://detail.tmall.com/item.htm?b_s_f=sycm&b_spm=a21ag.29085015&id=934031235549
279,934031235549,品藕家具旗舰店,天然椰棕床垫棕垫棕榈硬垫1.5米可定制1.8m儿童护腰护脊家用床垫,157,8cm 绅士灰折叠【6cm棕芯 +0胶水+质保20年】,8,30.5,244,647,3.8折,平台加补后,https://detail.tmall.com/item.htm?b_s_f=sycm&b_spm=a21ag.29085015&id=934031235549
279,934031235549,品藕家具旗舰店,天然椰棕床垫棕垫棕榈硬垫1.5米可定制1.8m儿童护腰护脊家用床垫,157,8cm 金麦穗折叠【6cm棕芯 +0胶水+质保20年】,8,30.5,244,647,3.8折,平台加补后,https://detail.tmall.com/item.htm?b_s_f=sycm&b_spm=a21ag.29085015&id=934031235549
279,934031235549,品藕家具旗舰店,天然椰棕床垫棕垫棕榈硬垫1.5米可定制1.8m儿童护腰护脊家用床垫,157,9cm 天空白折叠【6cm棕芯 +1cm乳胶+0胶水+质保20年】,9,30.11,271,678,4.0折,平台加补后,https://detail.tmall.com/item.htm?b_s_f=sycm&b_spm=a21ag.29085015&id=934031235549
279,934031235549,品藕家具旗舰店,天然椰棕床垫棕垫棕榈硬垫1.5米可定制1.8m儿童护腰护脊家用床垫,157,9cm 绅士灰折叠【6cm棕芯 +1cm乳胶+0胶水+质保20年】,9,30.11,271,678,4.0折,平台加补后,https://detail.tmall.com/item.htm?b_s_f=sycm&b_spm=a21ag.29085015&id=934031235549
279,934031235549,品藕家具旗舰店,天然椰棕床垫棕垫棕榈硬垫1.5米可定制1.8m儿童护腰护脊家用床垫,157,9cm 金麦穗折叠【6cm棕芯 +1cm乳胶+0胶水+质保20年】,9,30.11,271,678,4.0折,平台加补后,https://detail.tmall.com/item.htm?b_s_f=sycm&b_spm=a21ag.29085015&id=934031235549
279,934031235549,品藕家具旗舰店,天然椰棕床垫棕垫棕榈硬垫1.5米可定制1.8m儿童护腰护脊家用床垫,157,10cm 天空白折叠【8cm棕芯 +0胶水+质保20年】,10,30.0,300,712,4.2折,平台加补后,https://detail.tmall.com/item.htm?b_s_f=sycm&b_spm=a21ag.29085015&id=934031235549
279,934031235549,品藕家具旗舰店,天然椰棕床垫棕垫棕榈硬垫1.5米可定制1.8m儿童护腰护脊家用床垫,157,10cm 绅士灰折叠【8cm棕芯 +0胶水+质保20年】,10,30.0,300,712,4.2折,平台加补后,https://detail.tmall.com/item.htm?b_s_f=sycm&b_spm=a21ag.29085015&id=934031235549
279,934031235549,品藕家具旗舰店,天然椰棕床垫棕垫棕榈硬垫1.5米可定制1.8m儿童护腰护脊家用床垫,157,10cm 金麦穗折叠【8cm棕芯 +0胶水+质保20年】,10,30.0,300,712,4.2折,平台加补后,https://detail.tmall.com/item.htm?b_s_f=sycm&b_spm=a21ag.29085015&id=934031235549
279,934031235549,品藕家具旗舰店,天然椰棕床垫棕垫棕榈硬垫1.5米可定制1.8m儿童护腰护脊家用床垫,157,11cm 天空白折叠【8cm棕芯 +1cm乳胶+0胶水+质保20年】,11,28.27,311,725,4.3折,平台加补后,https://detail.tmall.com/item.htm?b_s_f=sycm&b_spm=a21ag.29085015&id=934031235549
279,934031235549,品藕家具旗舰店,天然椰棕床垫棕垫棕榈硬垫1.5米可定制1.8m儿童护腰护脊家用床垫,157,11cm 绅士灰折叠【8cm棕芯 +1cm乳胶+0胶水+质保20年】,11,28.27,311,725,4.3折,平台加补后,https://detail.tmall.com/item.htm?b_s_f=sycm&b_spm=a21ag.29085015&id=934031235549
279,934031235549,品藕家具旗舰店,天然椰棕床垫棕垫棕榈硬垫1.5米可定制1.8m儿童护腰护脊家用床垫,157,11cm 金麦穗折叠【8cm棕芯 +1cm乳胶+0胶水+质保20年】,11,28.27,311,725,4.3折,平台加补后,https://detail.tmall.com/item.htm?b_s_f=sycm&b_spm=a21ag.29085015&id=934031235549
279,934031235549,品藕家具旗舰店,天然椰棕床垫棕垫棕榈硬垫1.5米可定制1.8m儿童护腰护脊家用床垫,157,抑菌条纹白6cm折叠【4cm棕芯 +0胶水+质保20年】,6,30.0,180,539,3.3折,平台加补后,https://detail.tmall.com/item.htm?b_s_f=sycm&b_spm=a21ag.29085015&id=934031235549
279,934031235549,品藕家具旗舰店,天然椰棕床垫棕垫棕榈硬垫1.5米可定制1.8m儿童护腰护脊家用床垫,157,抑菌条纹白7cm折叠【4cm棕芯 +1cm乳胶+0胶水+质保20年】,7,35.86,251,655,3.8折,平台加补后,https://detail.tmall.com/item.htm?b_s_f=sycm&b_spm=a21ag.29085015&id=934031235549
279,934031235549,品藕家具旗舰店,天然椰棕床垫棕垫棕榈硬垫1.5米可定制1.8m儿童护腰护脊家用床垫,157,抑菌条纹白8cm折叠【6cm棕芯 +0胶水+质保20年】,8,37.5,300,712,4.2折,平台加补后,https://detail.tmall.com/item.htm?b_s_f=sycm&b_spm=a21ag.29085015&id=934031235549
279,934031235549,品藕家具旗舰店,天然椰棕床垫棕垫棕榈硬垫1.5米可定制1.8m儿童护腰护脊家用床垫,157,抑菌条纹白9cm折叠【6cm棕芯 +1cm乳胶+0胶水+质保20年】,9,39.56,356,778,4.6折,平台加补后,https://detail.tmall.com/item.htm?b_s_f=sycm&b_spm=a21ag.29085015&id=934031235549
279,934031235549,品藕家具旗舰店,天然椰棕床垫棕垫棕榈硬垫1.5米可定制1.8m儿童护腰护脊家用床垫,157,抑菌条纹白10cm折叠【8cm棕芯 +0胶水+质保20年】,10,32.2,322,738,4.4折,平台加补后,https://detail.tmall.com/item.htm?b_s_f=sycm&b_spm=a21ag.29085015&id=934031235549
279,934031235549,品藕家具旗舰店,天然椰棕床垫棕垫棕榈硬垫1.5米可定制1.8m儿童护腰护脊家用床垫,157,抑菌条纹白11cm折叠【8cm棕芯 +1cm乳胶+0胶水+质保20年】,11,34.09,375,801,4.7折,平台加补后,https://detail.tmall.com/item.htm?b_s_f=sycm&b_spm=a21ag.29085015&id=934031235549
279,934031235549,品藕家具旗舰店,天然椰棕床垫棕垫棕榈硬垫1.5米可定制1.8m儿童护腰护脊家用床垫,157,防螨灰竹炭6cm折叠【4cm棕芯 +0胶水+质保20年】,6,32.33,194,556,3.5折,平台加补后,https://detail.tmall.com/item.htm?b_s_f=sycm&b_spm=a21ag.29085015&id=934031235549
279,934031235549,品藕家具旗舰店,天然椰棕床垫棕垫棕榈硬垫1.5米可定制1.8m儿童护腰护脊家用床垫,157,防螨灰竹炭7cm折叠【4cm棕芯 +1cm乳胶+0胶水+质保20年】,7,38.14,267,674,4.0折,平台加补后,https://detail.tmall.com/item.htm?b_s_f=sycm&b_spm=a21ag.29085015&id=934031235549
279,934031235549,品藕家具旗舰店,天然椰棕床垫棕垫棕榈硬垫1.5米可定制1.8m儿童护腰护脊家用床垫,157,防螨灰竹炭8cm折叠【6cm棕芯 +0胶水+质保20年】,8,37.12,297,709,4.2折,平台加补后,https://detail.tmall.com/item.htm?b_s_f=sycm&b_spm=a21ag.29085015&id=934031235549
279,934031235549,品藕家具旗舰店,天然椰棕床垫棕垫棕榈硬垫1.5米可定制1.8m儿童护腰护脊家用床垫,157,防螨灰竹炭9cm折叠【6cm棕芯 +1cm乳胶+0胶水+质保20年】,9,39.78,358,781,4.6折,平台加补后,https://detail.tmall.com/item.htm?b_s_f=sycm&b_spm=a21ag.29085015&id=934031235549
279,934031235549,品藕家具旗舰店,天然椰棕床垫棕垫棕榈硬垫1.5米可定制1.8m儿童护腰护脊家用床垫,157,防螨灰竹炭10cm折叠【8cm棕芯 +0胶水+质保20年】,10,33.7,337,756,4.5折,平台加补后,https://detail.tmall.com/item.htm?b_s_f=sycm&b_spm=a21ag.29085015&id=934031235549
279,934031235549,品藕家具旗舰店,天然椰棕床垫棕垫棕榈硬垫1.5米可定制1.8m儿童护腰护脊家用床垫,157,防螨灰竹炭11cm折叠【8cm棕芯 +1cm乳胶+0胶水+质保20年】,11,35.55,391,819,4.8折,平台加补后,https://detail.tmall.com/item.htm?b_s_f=sycm&b_spm=a21ag.29085015&id=934031235549
280,604908308635,拙璞家具旗舰店,天然全山棕床垫子手工纯粽椰榈儿童母婴级加硬神器薄家用十大名牌,336,3.5cm无胶山棕（送防尘套） 千人加购,3.5,96.0,336,468,7.2折,平台加补后,https://detail.tmall.com/item.htm?b_s_f=sycm&b_spm=a21ag.29085015&id=604908308635
280,604908308635,拙璞家具旗舰店,天然全山棕床垫子手工纯粽椰榈儿童母婴级加硬神器薄家用十大名牌,336,4.5cm总厚（3.5无胶山棕+织棉面料,4.5,85.56,385,523,7.4折,平台加补后,https://detail.tmall.com/item.htm?b_s_f=sycm&b_spm=a21ag.29085015&id=604908308635
280,604908308635,拙璞家具旗舰店,天然全山棕床垫子手工纯粽椰榈儿童母婴级加硬神器薄家用十大名牌,336,5.5cm总厚（3.5无胶山棕+棉面料,5.5,97.64,537,692,7.8折,平台加补后,https://detail.tmall.com/item.htm?b_s_f=sycm&b_spm=a21ag.29085015&id=604908308635
280,604908308635,拙璞家具旗舰店,天然全山棕床垫子手工纯粽椰榈儿童母婴级加硬神器薄家用十大名牌,336,5.5cm总厚（3.5无胶山棕+防潮面料,5.5,111.09,611,774,7.9折,平台加补后,https://detail.tmall.com/item.htm?b_s_f=sycm&b_spm=a21ag.29085015&id=604908308635
280,604908308635,拙璞家具旗舰店,天然全山棕床垫子手工纯粽椰榈儿童母婴级加硬神器薄家用十大名牌,336,6.5cm总厚（5.5无胶山棕+织棉面料,6.5,121.08,787,1142,6.9折,平台加补后,https://detail.tmall.com/item.htm?b_s_f=sycm&b_spm=a21ag.29085015&id=604908308635
280,604908308635,拙璞家具旗舰店,天然全山棕床垫子手工纯粽椰榈儿童母婴级加硬神器薄家用十大名牌,336,7.5cm总厚（5.5无胶山棕+棉面料,7.5,122.67,920,1289,7.1折,平台加补后,https://detail.tmall.com/item.htm?b_s_f=sycm&b_spm=a21ag.29085015&id=604908308635
280,604908308635,拙璞家具旗舰店,天然全山棕床垫子手工纯粽椰榈儿童母婴级加硬神器薄家用十大名牌,336,7.5cm总厚（5.5无胶山棕+防潮面料,7.5,132.67,995,1373,7.2折,平台加补后,https://detail.tmall.com/item.htm?b_s_f=sycm&b_spm=a21ag.29085015&id=604908308635
280,604908308635,拙璞家具旗舰店,天然全山棕床垫子手工纯粽椰榈儿童母婴级加硬神器薄家用十大名牌,336,8.5cm总厚（7.5无胶山棕+织棉面料,8.5,119.53,1016,1396,7.3折,平台加补后,https://detail.tmall.com/item.htm?b_s_f=sycm&b_spm=a21ag.29085015&id=604908308635
280,604908308635,拙璞家具旗舰店,天然全山棕床垫子手工纯粽椰榈儿童母婴级加硬神器薄家用十大名牌,336,9.5cm总厚（7.5无胶山棕+棉面料,9.5,116.11,1103,1493,7.4折,平台加补后,https://detail.tmall.com/item.htm?b_s_f=sycm&b_spm=a21ag.29085015&id=604908308635
280,604908308635,拙璞家具旗舰店,天然全山棕床垫子手工纯粽椰榈儿童母婴级加硬神器薄家用十大名牌,336,11cm总厚（10无胶山棕+织棉面料,11,122.73,1350,1767,7.6折,平台加补后,https://detail.tmall.com/item.htm?b_s_f=sycm&b_spm=a21ag.29085015&id=604908308635
280,604908308635,拙璞家具旗舰店,天然全山棕床垫子手工纯粽椰榈儿童母婴级加硬神器薄家用十大名牌,336,12cm总厚（10无胶山棕+棉面料,12,126.0,1512,1947,7.8折,平台加补后,https://detail.tmall.com/item.htm?b_s_f=sycm&b_spm=a21ag.29085015&id=604908308635
280,604908308635,拙璞家具旗舰店,天然全山棕床垫子手工纯粽椰榈儿童母婴级加硬神器薄家用十大名牌,336,14cm总厚（12无胶山棕+棉面料,14,161.79,2265,3317,6.8折,平台加补后,https://detail.tmall.com/item.htm?b_s_f=sycm&b_spm=a21ag.29085015&id=604908308635
280,604908308635,拙璞家具旗舰店,天然全山棕床垫子手工纯粽椰榈儿童母婴级加硬神器薄家用十大名牌,336,15cm总厚（12无胶山棕+乳胶+羊绒面料,15,156.6,2349,3410,6.9折,平台加补后,https://detail.tmall.com/item.htm?b_s_f=sycm&b_spm=a21ag.29085015&id=604908308635
280,604908308635,拙璞家具旗舰店,天然全山棕床垫子手工纯粽椰榈儿童母婴级加硬神器薄家用十大名牌,336,17cm总厚（15无胶山棕+棉面料,17,149.94,2549,3633,7.0折,平台加补后,https://detail.tmall.com/item.htm?b_s_f=sycm&b_spm=a21ag.29085015&id=604908308635
280,604908308635,拙璞家具旗舰店,天然全山棕床垫子手工纯粽椰榈儿童母婴级加硬神器薄家用十大名牌,336,18cm总厚（15无胶山棕+乳胶+羊绒面料,18,144.94,2609,3699,7.1折,平台加补后,https://detail.tmall.com/item.htm?b_s_f=sycm&b_spm=a21ag.29085015&id=604908308635
281,994905259801,源氏木语官方旗舰店,源氏木语0胶水床垫家用深睡双层垫四季通用三层独立袋弹簧垫双栖,2916.3,双层床垫·软硬适中/29CM|JH3SND000 千人加购,29,238.97,6930.2,9018,7.7折,平台加补后,https://detail.tmall.com/item.htm?b_s_f=sycm&b_spm=a21ag.29085015&id=994905259801
281,994905259801,源氏木语官方旗舰店,源氏木语0胶水床垫家用深睡双层垫四季通用三层独立袋弹簧垫双栖,2916.3,顶垫·软硬适中/8CM|JH3SND000,8,364.54,2916.3,3807,7.7折,平台加补后,https://detail.tmall.com/item.htm?b_s_f=sycm&b_spm=a21ag.29085015&id=994905259801
282,1002744767494,眠骑士六星级睡眠,眠骑士席梦思弹簧床垫21cm厚独立袋装全水洗酒店家用卧室床垫偏硬,687.99,A配置【21cm全拆款】18cm独立袋弹簧+3cm单色面料 千人加购,21,32.76,687.99,1148,6.0折,平台加补后,https://detail.tmall.com/item.htm?b_s_f=sycm&b_spm=a21ag.29085015&id=1002744767494
282,1002744767494,眠骑士六星级睡眠,眠骑士席梦思弹簧床垫21cm厚独立袋装全水洗酒店家用卧室床垫偏硬,687.99,B配置【22cm全拆款】18cm独立袋弹簧+3cm单色面料+1分透气凉席,22,38.09,837.99,1298,6.5折,平台加补后,https://detail.tmall.com/item.htm?b_s_f=sycm&b_spm=a21ag.29085015&id=1002744767494
282,1002744767494,眠骑士六星级睡眠,眠骑士席梦思弹簧床垫21cm厚独立袋装全水洗酒店家用卧室床垫偏硬,687.99,C配置【23cm全拆款】18cm独立袋弹簧+3cm单色面料+2分舒腰代棕棉,23,40.35,927.99,1358,6.8折,平台加补后,https://detail.tmall.com/item.htm?b_s_f=sycm&b_spm=a21ag.29085015&id=1002744767494
282,1002744767494,眠骑士六星级睡眠,眠骑士席梦思弹簧床垫21cm厚独立袋装全水洗酒店家用卧室床垫偏硬,687.99,D配置【21cm升级面料全拆】3cm双感面料+18cm独立袋装弹簧 店长主推,21,35.62,748,1208,6.2折,平台加补后,https://detail.tmall.com/item.htm?b_s_f=sycm&b_spm=a21ag.29085015&id=1002744767494
282,1002744767494,眠骑士六星级睡眠,眠骑士席梦思弹簧床垫21cm厚独立袋装全水洗酒店家用卧室床垫偏硬,687.99,E配置【23cm升级面料全拆】3cm双感面料+2cm海藻生物基护脊棉+18cm独立袋装弹簧,23,39.04,898,1358,6.6折,平台加补后,https://detail.tmall.com/item.htm?b_s_f=sycm&b_spm=a21ag.29085015&id=1002744767494
282,1002744767494,眠骑士六星级睡眠,眠骑士席梦思弹簧床垫21cm厚独立袋装全水洗酒店家用卧室床垫偏硬,687.99,F配置【23cm升级面料全拆】3cm双感面料+2cm护脊代棕棉+18cm独立袋装弹簧,23,46.0,1058,1518,7.0折,平台加补后,https://detail.tmall.com/item.htm?b_s_f=sycm&b_spm=a21ag.29085015&id=1002744767494
283,1064191136456,ATOUR 睡眠体验馆,亚朵星球床垫深睡控温护脊软硬适中人体工学支撑独立袋装弹簧卧室,2104,亚朵酒店经济客房款20CM,20,105.2,2104,2960,7.1折,平台加补后,https://detail.tmall.com/item.htm?b_s_f=sycm&b_spm=a21ag.29085015&id=1064191136456
283,1064191136456,ATOUR 睡眠体验馆,亚朵星球床垫深睡控温护脊软硬适中人体工学支撑独立袋装弹簧卧室,2104,亚朵酒店偏硬护脊款22CM,22,100.45,2210,3080,7.2折,平台加补后,https://detail.tmall.com/item.htm?b_s_f=sycm&b_spm=a21ag.29085015&id=1064191136456
283,1064191136456,ATOUR 睡眠体验馆,亚朵星球床垫深睡控温护脊软硬适中人体工学支撑独立袋装弹簧卧室,2104,亚朵酒店推荐主卧款24CM,24,96.04,2305,3188,7.2折,平台加补后,https://detail.tmall.com/item.htm?b_s_f=sycm&b_spm=a21ag.29085015&id=1064191136456
283,1064191136456,ATOUR 睡眠体验馆,亚朵星球床垫深睡控温护脊软硬适中人体工学支撑独立袋装弹簧卧室,2104,亚朵酒店升级主卧款25CM,25,93.6,2340,3228,7.2折,平台加补后,https://detail.tmall.com/item.htm?b_s_f=sycm&b_spm=a21ag.29085015&id=1064191136456
283,1064191136456,ATOUR 睡眠体验馆,亚朵星球床垫深睡控温护脊软硬适中人体工学支撑独立袋装弹簧卧室,2104,亚朵酒店五星主卧款25CM,25,95.0,2375,3268,7.3折,平台加补后,https://detail.tmall.com/item.htm?b_s_f=sycm&b_spm=a21ag.29085015&id=1064191136456
283,1064191136456,ATOUR 睡眠体验馆,亚朵星球床垫深睡控温护脊软硬适中人体工学支撑独立袋装弹簧卧室,2104,亚朵酒店舒适零压款25CM 近期热销,25,96.44,2411,3308,7.3折,平台加补后,https://detail.tmall.com/item.htm?b_s_f=sycm&b_spm=a21ag.29085015&id=1064191136456
283,1064191136456,ATOUR 睡眠体验馆,亚朵星球床垫深睡控温护脊软硬适中人体工学支撑独立袋装弹簧卧室,2104,亚朵酒店软硬双面款28CM,28,94.0,2632,3560,7.4折,平台加补后,https://detail.tmall.com/item.htm?b_s_f=sycm&b_spm=a21ag.29085015&id=1064191136456
283,1064191136456,ATOUR 睡眠体验馆,亚朵星球床垫深睡控温护脊软硬适中人体工学支撑独立袋装弹簧卧室,2104,亚朵酒店总统套房款30CM,30,89.5,2685,3620,7.4折,平台加补后,https://detail.tmall.com/item.htm?b_s_f=sycm&b_spm=a21ag.29085015&id=1064191136456
284,1066598375344,林氏家居官方旗舰店,国家补贴林氏家居官方弹簧床垫乳胶180x200家用撑腰护脊硬垫云撑,1597.63,(1)【云撑·经典版】3分区科学护腰层 透气全身释压|偏硬|24cm 近期热销,24,66.57,1597.63,3493,4.6折,平台加补后,https://detail.tmall.com/item.htm?b_s_f=sycm&b_spm=a21ag.29085015&id=1066598375344
284,1066598375344,林氏家居官方旗舰店,国家补贴林氏家居官方弹簧床垫乳胶180x200家用撑腰护脊硬垫云撑,1597.63,(2)【云撑·PLUS版】双弹簧分区强撑腰 静音动态贴合|适中|26cm,26,80.66,2097.29,4345,4.8折,平台加补后,https://detail.tmall.com/item.htm?b_s_f=sycm&b_spm=a21ag.29085015&id=1066598375344
285,741644621788,RL皇室品牌乳胶直销店,泰国乳胶床垫进口1.8m床橡胶5cm榻榻米学生宿舍乳胶垫1.5米儿童软,226.9,1800mm*2000mm 标准配置款,5,45.38,226.9,284.9,8.0折,平台加补后,https://detail.tmall.com/item.htm?b_s_f=sycm&b_spm=a21ag.29085015&id=741644621788
286,898161510350,BEAUTYSPACE旗舰店,舒梦丨席梦思官方可拆洗弹簧薄款床垫12cm厚高箱床10家用15榻榻米,1244.19,护脊零压Air-10cm【加硬护脊/可拆洗0胶水】,10,152.49,1524.94,2039.05,7.5折,平台加补后,https://detail.tmall.com/item.htm?b_s_f=sycm&b_spm=a21ag.29085015&id=898161510350
286,898161510350,BEAUTYSPACE旗舰店,舒梦丨席梦思官方可拆洗弹簧薄款床垫12cm厚高箱床10家用15榻榻米,1244.19,零压套房Air-10cm【软硬适中/可拆洗0胶水】 千人加购,10,151.92,1519.16,2031.25,7.5折,平台加补后,https://detail.tmall.com/item.htm?b_s_f=sycm&b_spm=a21ag.29085015&id=898161510350
286,898161510350,BEAUTYSPACE旗舰店,舒梦丨席梦思官方可拆洗弹簧薄款床垫12cm厚高箱床10家用15榻榻米,1244.19,护脊零压Air-12cm【护脊支撑/可拆洗0胶水】,12,150.75,1809.01,2764.25,6.5折,平台加补后,https://detail.tmall.com/item.htm?b_s_f=sycm&b_spm=a21ag.29085015&id=898161510350
286,898161510350,BEAUTYSPACE旗舰店,舒梦丨席梦思官方可拆洗弹簧薄款床垫12cm厚高箱床10家用15榻榻米,1244.19,零压套房Air-12cm【软硬适中&微硬/可拆洗0胶水】,12,143.07,1716.79,2641.75,6.5折,平台加补后,https://detail.tmall.com/item.htm?b_s_f=sycm&b_spm=a21ag.29085015&id=898161510350
286,898161510350,BEAUTYSPACE旗舰店,舒梦丨席梦思官方可拆洗弹簧薄款床垫12cm厚高箱床10家用15榻榻米,1244.19,总统套房Air-12cm【五星酒店睡感/可拆洗0胶水】,12,174.79,2097.43,3149.57,6.7折,平台加补后,https://detail.tmall.com/item.htm?b_s_f=sycm&b_spm=a21ag.29085015&id=898161510350
286,898161510350,BEAUTYSPACE旗舰店,舒梦丨席梦思官方可拆洗弹簧薄款床垫12cm厚高箱床10家用15榻榻米,1244.19,护脊零压Air-15cm【护脊支撑/可拆洗0胶水】,15,127.2,1908.05,2896.77,6.6折,平台加补后,https://detail.tmall.com/item.htm?b_s_f=sycm&b_spm=a21ag.29085015&id=898161510350
286,898161510350,BEAUTYSPACE旗舰店,舒梦丨席梦思官方可拆洗弹簧薄款床垫12cm厚高箱床10家用15榻榻米,1244.19,零压套房Air-15cm【软硬适中&微硬/可拆洗0胶水】,15,120.6,1809.01,2764.25,6.5折,平台加补后,https://detail.tmall.com/item.htm?b_s_f=sycm&b_spm=a21ag.29085015&id=898161510350
286,898161510350,BEAUTYSPACE旗舰店,舒梦丨席梦思官方可拆洗弹簧薄款床垫12cm厚高箱床10家用15榻榻米,1244.19,总统套房Air-15cm【五星酒店睡感/可拆洗0胶水】,15,145.73,2185.97,3268.73,6.7折,平台加补后,https://detail.tmall.com/item.htm?b_s_f=sycm&b_spm=a21ag.29085015&id=898161510350
286,898161510350,BEAUTYSPACE旗舰店,舒梦丨席梦思官方可拆洗弹簧薄款床垫12cm厚高箱床10家用15榻榻米,1244.19,护脊零压Air-20cm【护脊支撑/可拆洗0胶水】,20,104.87,2097.43,3149.57,6.7折,平台加补后,https://detail.tmall.com/item.htm?b_s_f=sycm&b_spm=a21ag.29085015&id=898161510350
286,898161510350,BEAUTYSPACE旗舰店,舒梦丨席梦思官方可拆洗弹簧薄款床垫12cm厚高箱床10家用15榻榻米,1244.19,零压套房Air-20cm【软硬适中&微硬/可拆洗0胶水】,20,95.4,1908.05,2896.77,6.6折,平台加补后,https://detail.tmall.com/item.htm?b_s_f=sycm&b_spm=a21ag.29085015&id=898161510350
286,898161510350,BEAUTYSPACE旗舰店,舒梦丨席梦思官方可拆洗弹簧薄款床垫12cm厚高箱床10家用15榻榻米,1244.19,总统套房Air-20cm【五星酒店睡感/可拆洗0胶水】,20,114.39,2287.85,3404.59,6.7折,平台加补后,https://detail.tmall.com/item.htm?b_s_f=sycm&b_spm=a21ag.29085015&id=898161510350
286,898161510350,BEAUTYSPACE旗舰店,舒梦丨席梦思官方可拆洗弹簧薄款床垫12cm厚高箱床10家用15榻榻米,1244.19,定制长宽尺寸【咨询客服下单】,12,103.68,1244.19,1663.75,7.5折,平台加补后,https://detail.tmall.com/item.htm?b_s_f=sycm&b_spm=a21ag.29085015&id=898161510350
287,943734859363,栀眠旗舰店,天然S型黄麻椰棕榈硬床垫家用卧室护脊乳胶婴儿童硬垫榻榻米定制,271.32,【3.0偏硬护脊】A款6cm=黄麻3E棕+防螨羊绒面料 百人购买,6,45.22,271.32,380,7.1折,平台加补后,https://detail.tmall.com/item.htm?b_s_f=sycm&b_spm=a21ag.29085015&id=943734859363
287,943734859363,栀眠旗舰店,天然S型黄麻椰棕榈硬床垫家用卧室护脊乳胶婴儿童硬垫榻榻米定制,271.32,【3.0Pro偏硬护脊】B款6cm=黄麻3E棕+防螨竹纤维面料,6,49.98,299.87,421,7.1折,平台加补后,https://detail.tmall.com/item.htm?b_s_f=sycm&b_spm=a21ag.29085015&id=943734859363
287,943734859363,栀眠旗舰店,天然S型黄麻椰棕榈硬床垫家用卧室护脊乳胶婴儿童硬垫榻榻米定制,271.32,【3.0偏硬护脊】A款8cm=黄麻3E棕+防螨羊绒面料,8,42.84,342.71,481,7.1折,平台加补后,https://detail.tmall.com/item.htm?b_s_f=sycm&b_spm=a21ag.29085015&id=943734859363
287,943734859363,栀眠旗舰店,天然S型黄麻椰棕榈硬床垫家用卧室护脊乳胶婴儿童硬垫榻榻米定制,271.32,【3.0Pro偏硬护脊】B款8cm=黄麻3E棕+防螨竹纤维面料,8,46.51,372.11,522,7.1折,平台加补后,https://detail.tmall.com/item.htm?b_s_f=sycm&b_spm=a21ag.29085015&id=943734859363
287,943734859363,栀眠旗舰店,天然S型黄麻椰棕榈硬床垫家用卧室护脊乳胶婴儿童硬垫榻榻米定制,271.32,【3.0偏硬护脊】A款10cm=黄麻3E棕+防螨羊绒面料,10,39.98,399.84,560,7.1折,平台加补后,https://detail.tmall.com/item.htm?b_s_f=sycm&b_spm=a21ag.29085015&id=943734859363
287,943734859363,栀眠旗舰店,天然S型黄麻椰棕榈硬床垫家用卧室护脊乳胶婴儿童硬垫榻榻米定制,271.32,【3.0Pro偏硬护脊】B款10cm=黄麻3E棕+防螨竹纤维面料,10,42.84,428.39,601,7.1折,平台加补后,https://detail.tmall.com/item.htm?b_s_f=sycm&b_spm=a21ag.29085015&id=943734859363
287,943734859363,栀眠旗舰店,天然S型黄麻椰棕榈硬床垫家用卧室护脊乳胶婴儿童硬垫榻榻米定制,271.32,【3.0偏硬护脊】A款13cm=黄麻3E棕+防螨羊绒面料,13,40.64,528.36,740,7.1折,平台加补后,https://detail.tmall.com/item.htm?b_s_f=sycm&b_spm=a21ag.29085015&id=943734859363
287,943734859363,栀眠旗舰店,天然S型黄麻椰棕榈硬床垫家用卧室护脊乳胶婴儿童硬垫榻榻米定制,271.32,【3.0Pro偏硬护脊】B款13cm=黄麻3E棕+防螨竹纤维面料,13,42.84,556.91,781,7.1折,平台加补后,https://detail.tmall.com/item.htm?b_s_f=sycm&b_spm=a21ag.29085015&id=943734859363
287,943734859363,栀眠旗舰店,天然S型黄麻椰棕榈硬床垫家用卧室护脊乳胶婴儿童硬垫榻榻米定制,271.32,【3.0适中护脊】A款7cm=黄麻3E棕+防螨羊绒面料+1cm乳胶,7,45.72,320.03,449,7.1折,平台加补后,https://detail.tmall.com/item.htm?b_s_f=sycm&b_spm=a21ag.29085015&id=943734859363
287,943734859363,栀眠旗舰店,天然S型黄麻椰棕榈硬床垫家用卧室护脊乳胶婴儿童硬垫榻榻米定制,271.32,【3.0Pro适中护脊】B款7cm=黄麻3E棕+防螨竹纤维面料+1cm乳胶,7,49.92,349.44,490,7.1折,平台加补后,https://detail.tmall.com/item.htm?b_s_f=sycm&b_spm=a21ag.29085015&id=943734859363
287,943734859363,栀眠旗舰店,天然S型黄麻椰棕榈硬床垫家用卧室护脊乳胶婴儿童硬垫榻榻米定制,271.32,【3.0适中护脊】A款9cm=黄麻3E棕+防螨羊绒面料+1cm乳胶,9,44.43,399.84,560,7.1折,平台加补后,https://detail.tmall.com/item.htm?b_s_f=sycm&b_spm=a21ag.29085015&id=943734859363
287,943734859363,栀眠旗舰店,天然S型黄麻椰棕榈硬床垫家用卧室护脊乳胶婴儿童硬垫榻榻米定制,271.32,【3.0Pro适中护脊】B款9cm=黄麻3E棕+防螨竹纤维面料+1cm乳胶,9,47.6,428.39,601,7.1折,平台加补后,https://detail.tmall.com/item.htm?b_s_f=sycm&b_spm=a21ag.29085015&id=943734859363
287,943734859363,栀眠旗舰店,天然S型黄麻椰棕榈硬床垫家用卧室护脊乳胶婴儿童硬垫榻榻米定制,271.32,【3.0适中护脊】A款11cm=黄麻3E棕+防螨羊绒面料+1cm乳胶,11,41.01,451.08,632,7.1折,平台加补后,https://detail.tmall.com/item.htm?b_s_f=sycm&b_spm=a21ag.29085015&id=943734859363
287,943734859363,栀眠旗舰店,天然S型黄麻椰棕榈硬床垫家用卧室护脊乳胶婴儿童硬垫榻榻米定制,271.32,【3.0Pro适中护脊】B款11cm=黄麻3E棕+防螨竹纤维面料+1cm乳胶,11,43.76,481.31,675,7.1折,平台加补后,https://detail.tmall.com/item.htm?b_s_f=sycm&b_spm=a21ag.29085015&id=943734859363
287,943734859363,栀眠旗舰店,天然S型黄麻椰棕榈硬床垫家用卧室护脊乳胶婴儿童硬垫榻榻米定制,271.32,【3.0舒适护脊】A款8cm=黄麻3E棕+防螨羊绒面料+2cm乳胶,8,51.45,411.6,577,7.1折,平台加补后,https://detail.tmall.com/item.htm?b_s_f=sycm&b_spm=a21ag.29085015&id=943734859363
287,943734859363,栀眠旗舰店,天然S型黄麻椰棕榈硬床垫家用卧室护脊乳胶婴儿童硬垫榻榻米定制,271.32,【3.0Pro舒适护脊】B款8cm=黄麻3E棕+防螨竹纤维面料+2cm乳胶,8,55.34,442.68,620,7.1折,平台加补后,https://detail.tmall.com/item.htm?b_s_f=sycm&b_spm=a21ag.29085015&id=943734859363
287,943734859363,栀眠旗舰店,天然S型黄麻椰棕榈硬床垫家用卧室护脊乳胶婴儿童硬垫榻榻米定制,271.32,【3.0舒适护脊】A款10cm=黄麻3E棕+防螨羊绒面料+2cm乳胶,10,48.8,488.04,684,7.1折,平台加补后,https://detail.tmall.com/item.htm?b_s_f=sycm&b_spm=a21ag.29085015&id=943734859363
287,943734859363,栀眠旗舰店,天然S型黄麻椰棕榈硬床垫家用卧室护脊乳胶婴儿童硬垫榻榻米定制,271.32,【3.0Pro舒适护脊】B款10cm=黄麻3E棕+防螨竹纤维面料+2cm乳胶,10,51.74,517.44,725,7.1折,平台加补后,https://detail.tmall.com/item.htm?b_s_f=sycm&b_spm=a21ag.29085015&id=943734859363
287,943734859363,栀眠旗舰店,天然S型黄麻椰棕榈硬床垫家用卧室护脊乳胶婴儿童硬垫榻榻米定制,271.32,【3.0舒适护脊】A款12cm=黄麻3E棕+防螨羊绒面料+2cm乳胶,12,45.57,546.83,767,7.1折,平台加补后,https://detail.tmall.com/item.htm?b_s_f=sycm&b_spm=a21ag.29085015&id=943734859363
287,943734859363,栀眠旗舰店,天然S型黄麻椰棕榈硬床垫家用卧室护脊乳胶婴儿童硬垫榻榻米定制,271.32,【3.0Pro舒适护脊】B款12cm=黄麻3E棕+防螨竹纤维面料+2cm乳胶,12,48.09,577.07,809,7.1折,平台加补后,https://detail.tmall.com/item.htm?b_s_f=sycm&b_spm=a21ag.29085015&id=943734859363
287,943734859363,栀眠旗舰店,天然S型黄麻椰棕榈硬床垫家用卧室护脊乳胶婴儿童硬垫榻榻米定制,271.32,【3.0舒适护脊】A款15cm=黄麻3E棕+防螨羊绒面料+2cm乳胶,15,47.04,705.59,989,7.1折,平台加补后,https://detail.tmall.com/item.htm?b_s_f=sycm&b_spm=a21ag.29085015&id=943734859363
287,943734859363,栀眠旗舰店,天然S型黄麻椰棕榈硬床垫家用卧室护脊乳胶婴儿童硬垫榻榻米定制,271.32,【3.0Pro舒适护脊】B款15cm=黄麻3E棕+防螨竹纤维面料+2cm乳胶,15,49.02,735.25,1030,7.1折,平台加补后,https://detail.tmall.com/item.htm?b_s_f=sycm&b_spm=a21ag.29085015&id=943734859363
287,943734859363,栀眠旗舰店,天然S型黄麻椰棕榈硬床垫家用卧室护脊乳胶婴儿童硬垫榻榻米定制,271.32,【5.0偏硬护脊】A款6cm=S型黄麻+防螨羊绒面料,6,64.82,388.92,545,7.1折,平台加补后,https://detail.tmall.com/item.htm?b_s_f=sycm&b_spm=a21ag.29085015&id=943734859363
287,943734859363,栀眠旗舰店,天然S型黄麻椰棕榈硬床垫家用卧室护脊乳胶婴儿童硬垫榻榻米定制,271.32,【5.0Pro偏硬护脊】B款6cm=S型黄麻+防螨竹纤维面料,6,69.86,419.15,588,7.1折,平台加补后,https://detail.tmall.com/item.htm?b_s_f=sycm&b_spm=a21ag.29085015&id=943734859363
287,943734859363,栀眠旗舰店,天然S型黄麻椰棕榈硬床垫家用卧室护脊乳胶婴儿童硬垫榻榻米定制,271.32,【5.0偏硬护脊】A款8cm=S型黄麻+防螨羊绒面料,8,66.05,528.36,740,7.1折,平台加补后,https://detail.tmall.com/item.htm?b_s_f=sycm&b_spm=a21ag.29085015&id=943734859363
287,943734859363,栀眠旗舰店,天然S型黄麻椰棕榈硬床垫家用卧室护脊乳胶婴儿童硬垫榻榻米定制,271.32,【5.0Pro偏硬护脊】B款8cm=S型黄麻+防螨竹纤维面料,8,69.61,556.91,781,7.1折,平台加补后,https://detail.tmall.com/item.htm?b_s_f=sycm&b_spm=a21ag.29085015&id=943734859363
287,943734859363,栀眠旗舰店,天然S型黄麻椰棕榈硬床垫家用卧室护脊乳胶婴儿童硬垫榻榻米定制,271.32,【5.0偏硬护脊】A款10cm=S型黄麻+防螨羊绒面料,10,62.91,629.15,882,7.1折,平台加补后,https://detail.tmall.com/item.htm?b_s_f=sycm&b_spm=a21ag.29085015&id=943734859363
287,943734859363,栀眠旗舰店,天然S型黄麻椰棕榈硬床垫家用卧室护脊乳胶婴儿童硬垫榻榻米定制,271.32,【5.0Pro偏硬护脊】B款10cm=S型黄麻+防螨竹纤维面料,10,65.85,658.55,923,7.1折,平台加补后,https://detail.tmall.com/item.htm?b_s_f=sycm&b_spm=a21ag.29085015&id=943734859363
287,943734859363,栀眠旗舰店,天然S型黄麻椰棕榈硬床垫家用卧室护脊乳胶婴儿童硬垫榻榻米定制,271.32,【5.0偏硬护脊】A款13cm=S型黄麻+防螨羊绒面料,13,68.33,888.25,1242,7.2折,平台加补后,https://detail.tmall.com/item.htm?b_s_f=sycm&b_spm=a21ag.29085015&id=943734859363
287,943734859363,栀眠旗舰店,天然S型黄麻椰棕榈硬床垫家用卧室护脊乳胶婴儿童硬垫榻榻米定制,271.32,【5.0Pro偏硬护脊】B款13cm=S型黄麻+防螨竹纤维面料,13,70.62,918,1283,7.2折,平台加补后,https://detail.tmall.com/item.htm?b_s_f=sycm&b_spm=a21ag.29085015&id=943734859363
287,943734859363,栀眠旗舰店,天然S型黄麻椰棕榈硬床垫家用卧室护脊乳胶婴儿童硬垫榻榻米定制,271.32,【5.0舒适护脊】A款8cm=S型黄麻+防螨羊绒面料+2cm乳胶,8,69.61,556.91,781,7.1折,平台加补后,https://detail.tmall.com/item.htm?b_s_f=sycm&b_spm=a21ag.29085015&id=943734859363
287,943734859363,栀眠旗舰店,天然S型黄麻椰棕榈硬床垫家用卧室护脊乳胶婴儿童硬垫榻榻米定制,271.32,【5.0Pro舒适护脊】B款8cm=S型黄麻+防螨竹纤维面料+2cm乳胶,8,73.39,587.15,823,7.1折,平台加补后,https://detail.tmall.com/item.htm?b_s_f=sycm&b_spm=a21ag.29085015&id=943734859363
287,943734859363,栀眠旗舰店,天然S型黄麻椰棕榈硬床垫家用卧室护脊乳胶婴儿童硬垫榻榻米定制,271.32,【5.0舒适护脊】A款10cm=S型黄麻+防螨羊绒面料+2cm乳胶,10,72.5,725.05,1016,7.1折,平台加补后,https://detail.tmall.com/item.htm?b_s_f=sycm&b_spm=a21ag.29085015&id=943734859363
287,943734859363,栀眠旗舰店,天然S型黄麻椰棕榈硬床垫家用卧室护脊乳胶婴儿童硬垫榻榻米定制,271.32,【5.0Pro舒适护脊】B款10cm=S型黄麻+防螨竹纤维面料+2cm乳胶,10,75.56,755.65,1058,7.1折,平台加补后,https://detail.tmall.com/item.htm?b_s_f=sycm&b_spm=a21ag.29085015&id=943734859363
287,943734859363,栀眠旗舰店,天然S型黄麻椰棕榈硬床垫家用卧室护脊乳胶婴儿童硬垫榻榻米定制,271.32,【5.0舒适护脊】A款12cm=S型黄麻+防螨羊绒面料+2cm乳胶,12,70.69,848.3,1187,7.1折,平台加补后,https://detail.tmall.com/item.htm?b_s_f=sycm&b_spm=a21ag.29085015&id=943734859363
287,943734859363,栀眠旗舰店,天然S型黄麻椰棕榈硬床垫家用卧室护脊乳胶婴儿童硬垫榻榻米定制,271.32,【5.0Pro舒适护脊】B款12cm=S型黄麻+防螨竹纤维面料+2cm乳胶,12,73.17,878.05,1228,7.2折,平台加补后,https://detail.tmall.com/item.htm?b_s_f=sycm&b_spm=a21ag.29085015&id=943734859363
287,943734859363,栀眠旗舰店,天然S型黄麻椰棕榈硬床垫家用卧室护脊乳胶婴儿童硬垫榻榻米定制,271.32,【5.0舒适护脊】A款15cm=S型黄麻+防螨羊绒面料+2cm乳胶,15,78.99,1184.9,1652,7.2折,平台加补后,https://detail.tmall.com/item.htm?b_s_f=sycm&b_spm=a21ag.29085015&id=943734859363
287,943734859363,栀眠旗舰店,天然S型黄麻椰棕榈硬床垫家用卧室护脊乳胶婴儿童硬垫榻榻米定制,271.32,【5.0Pro舒适护脊】B款15cm=S型黄麻+防螨竹纤维面料+2cm乳胶,15,81.03,1215.5,1695,7.2折,平台加补后,https://detail.tmall.com/item.htm?b_s_f=sycm&b_spm=a21ag.29085015&id=943734859363
288,929639074800,峻泽旗舰店,床垫椰棕天然棕榈硬垫子1.5米家用护脊1.8米护腰儿童折叠床垫定做,76.7,1800mm*2000mm 标准配置款,,,76.7,338.24,2.3折,平台加补后,https://detail.tmall.com/item.htm?b_s_f=sycm&b_spm=a21ag.29085015&id=929639074800
289,1026365574253,SMAN森眠旗舰店,森眠[云柏]S型天然黄麻床垫榻榻米折叠儿童0胶护脊偏硬垫子可定制,558.77,云柏 可拆E款6cm护脊=3cmS型黄麻+3cm亚麻面料,6,109.9,659.42,939.79,7.0折,平台加补后,https://detail.tmall.com/item.htm?b_s_f=sycm&b_spm=a21ag.29085015&id=1026365574253
289,1026365574253,SMAN森眠旗舰店,森眠[云柏]S型天然黄麻床垫榻榻米折叠儿童0胶护脊偏硬垫子可定制,558.77,云柏 可拆E款8cm护脊=5cmS型黄麻+3cm亚麻面料,8,97.7,781.63,1133.56,6.9折,平台加补后,https://detail.tmall.com/item.htm?b_s_f=sycm&b_spm=a21ag.29085015&id=1026365574253
289,1026365574253,SMAN森眠旗舰店,森眠[云柏]S型天然黄麻床垫榻榻米折叠儿童0胶护脊偏硬垫子可定制,558.77,云柏 可拆E款11cm护脊=8cmS型黄麻+3cm亚麻面料,11,87.04,957.42,1410.38,6.8折,平台加补后,https://detail.tmall.com/item.htm?b_s_f=sycm&b_spm=a21ag.29085015&id=1026365574253
289,1026365574253,SMAN森眠旗舰店,森眠[云柏]S型天然黄麻床垫榻榻米折叠儿童0胶护脊偏硬垫子可定制,558.77,云柏 折叠可拆G款6cm护脊=3cmS型黄麻+3cm亚麻面料,6,109.9,659.42,939.79,7.0折,平台加补后,https://detail.tmall.com/item.htm?b_s_f=sycm&b_spm=a21ag.29085015&id=1026365574253
289,1026365574253,SMAN森眠旗舰店,森眠[云柏]S型天然黄麻床垫榻榻米折叠儿童0胶护脊偏硬垫子可定制,558.77,云柏 折叠可拆G款8cm护脊=5cmS型黄麻+3cm亚麻面料,8,97.7,781.63,1133.56,6.9折,平台加补后,https://detail.tmall.com/item.htm?b_s_f=sycm&b_spm=a21ag.29085015&id=1026365574253
289,1026365574253,SMAN森眠旗舰店,森眠[云柏]S型天然黄麻床垫榻榻米折叠儿童0胶护脊偏硬垫子可定制,558.77,云柏 折叠可拆G款11cm护脊=8cmS型黄麻+3cm亚麻面料,11,86.34,949.77,1410.38,6.7折,平台加补后,https://detail.tmall.com/item.htm?b_s_f=sycm&b_spm=a21ag.29085015&id=1026365574253
289,1026365574253,SMAN森眠旗舰店,森眠[云柏]S型天然黄麻床垫榻榻米折叠儿童0胶护脊偏硬垫子可定制,558.77,云柏 可拆F款8cm舒脊=2cm乳胶+3cmS型黄麻+3cm亚麻面料,8,108.08,864.62,1287.2,6.7折,平台加补后,https://detail.tmall.com/item.htm?b_s_f=sycm&b_spm=a21ag.29085015&id=1026365574253
289,1026365574253,SMAN森眠旗舰店,森眠[云柏]S型天然黄麻床垫榻榻米折叠儿童0胶护脊偏硬垫子可定制,558.77,云柏 可拆F款10cm舒脊=2cm乳胶+5cmS型黄麻+3cm亚麻面料,10,102.34,1023.37,1480.96,6.9折,平台加补后,https://detail.tmall.com/item.htm?b_s_f=sycm&b_spm=a21ag.29085015&id=1026365574253
289,1026365574253,SMAN森眠旗舰店,森眠[云柏]S型天然黄麻床垫榻榻米折叠儿童0胶护脊偏硬垫子可定制,558.77,云柏 可拆F款13cm舒脊=2cm乳胶+8cmS型黄麻+3cm亚麻面料,13,93.62,1217.01,1757.78,6.9折,平台加补后,https://detail.tmall.com/item.htm?b_s_f=sycm&b_spm=a21ag.29085015&id=1026365574253
289,1026365574253,SMAN森眠旗舰店,森眠[云柏]S型天然黄麻床垫榻榻米折叠儿童0胶护脊偏硬垫子可定制,558.77,云柏 折叠可拆H款8cm舒脊=2cm乳胶+3cmS型黄麻+3cm亚麻面料,8,108.61,868.87,1287.2,6.8折,平台加补后,https://detail.tmall.com/item.htm?b_s_f=sycm&b_spm=a21ag.29085015&id=1026365574253
289,1026365574253,SMAN森眠旗舰店,森眠[云柏]S型天然黄麻床垫榻榻米折叠儿童0胶护脊偏硬垫子可定制,558.77,云柏 折叠可拆H款10cm舒脊=2cm乳胶+5cmS型黄麻+3cm亚麻面料,10,102.68,1026.77,1480.96,6.9折,平台加补后,https://detail.tmall.com/item.htm?b_s_f=sycm&b_spm=a21ag.29085015&id=1026365574253
289,1026365574253,SMAN森眠旗舰店,森眠[云柏]S型天然黄麻床垫榻榻米折叠儿童0胶护脊偏硬垫子可定制,558.77,云柏 折叠可拆H款13cm舒脊=2cm乳胶+8cmS型黄麻+3cm亚麻面料,13,93.62,1217.01,1757.78,6.9折,平台加补后,https://detail.tmall.com/item.htm?b_s_f=sycm&b_spm=a21ag.29085015&id=1026365574253
289,1026365574253,SMAN森眠旗舰店,森眠[云柏]S型天然黄麻床垫榻榻米折叠儿童0胶护脊偏硬垫子可定制,558.77,云柏 A款6cm护脊=3cmS型黄麻+3cm亚麻面料,6,93.13,558.77,801.38,7.0折,平台加补后,https://detail.tmall.com/item.htm?b_s_f=sycm&b_spm=a21ag.29085015&id=1026365574253
289,1026365574253,SMAN森眠旗舰店,森眠[云柏]S型天然黄麻床垫榻榻米折叠儿童0胶护脊偏硬垫子可定制,558.77,云柏 A款8cm护脊=5cmS型黄麻+3cm亚麻面料,8,87.35,698.83,995.15,7.0折,平台加补后,https://detail.tmall.com/item.htm?b_s_f=sycm&b_spm=a21ag.29085015&id=1026365574253
289,1026365574253,SMAN森眠旗舰店,森眠[云柏]S型天然黄麻床垫榻榻米折叠儿童0胶护脊偏硬垫子可定制,558.77,云柏 A款11cm护脊=8cmS型黄麻+3cm亚麻面料,11,79.9,878.87,1271.97,6.9折,平台加补后,https://detail.tmall.com/item.htm?b_s_f=sycm&b_spm=a21ag.29085015&id=1026365574253
289,1026365574253,SMAN森眠旗舰店,森眠[云柏]S型天然黄麻床垫榻榻米折叠儿童0胶护脊偏硬垫子可定制,558.77,云柏 C款6cm折叠护脊=3cmS型黄麻+3cm亚麻面料,6,93.13,558.77,801.38,7.0折,平台加补后,https://detail.tmall.com/item.htm?b_s_f=sycm&b_spm=a21ag.29085015&id=1026365574253
289,1026365574253,SMAN森眠旗舰店,森眠[云柏]S型天然黄麻床垫榻榻米折叠儿童0胶护脊偏硬垫子可定制,558.77,云柏 C款8cm折叠护脊=5cmS型黄麻+3cm亚麻面料,8,87.35,698.83,995.15,7.0折,平台加补后,https://detail.tmall.com/item.htm?b_s_f=sycm&b_spm=a21ag.29085015&id=1026365574253
289,1026365574253,SMAN森眠旗舰店,森眠[云柏]S型天然黄麻床垫榻榻米折叠儿童0胶护脊偏硬垫子可定制,558.77,云柏 C款11cm折叠护脊=8cmS型黄麻+3cm亚麻面料,11,79.9,878.87,1271.97,6.9折,平台加补后,https://detail.tmall.com/item.htm?b_s_f=sycm&b_spm=a21ag.29085015&id=1026365574253
289,1026365574253,SMAN森眠旗舰店,森眠[云柏]S型天然黄麻床垫榻榻米折叠儿童0胶护脊偏硬垫子可定制,558.77,云柏 B款8cm舒脊=2cm乳胶+3cmS型黄麻+3cm亚麻面料,8,99.0,792.02,1148.79,6.9折,平台加补后,https://detail.tmall.com/item.htm?b_s_f=sycm&b_spm=a21ag.29085015&id=1026365574253
289,1026365574253,SMAN森眠旗舰店,森眠[云柏]S型天然黄麻床垫榻榻米折叠儿童0胶护脊偏硬垫子可定制,558.77,云柏 B款10cm舒脊=2cm乳胶+5cmS型黄麻+3cm亚麻面料,10,92.78,927.83,1342.56,6.9折,平台加补后,https://detail.tmall.com/item.htm?b_s_f=sycm&b_spm=a21ag.29085015&id=1026365574253
289,1026365574253,SMAN森眠旗舰店,森眠[云柏]S型天然黄麻床垫榻榻米折叠儿童0胶护脊偏硬垫子可定制,558.77,云柏 B款13cm舒脊=2cm乳胶+8cmS型黄麻+3cm亚麻面料,13,86.2,1120.61,1619.37,6.9折,平台加补后,https://detail.tmall.com/item.htm?b_s_f=sycm&b_spm=a21ag.29085015&id=1026365574253
289,1026365574253,SMAN森眠旗舰店,森眠[云柏]S型天然黄麻床垫榻榻米折叠儿童0胶护脊偏硬垫子可定制,558.77,云柏 D款8cm折叠舒脊=2cm乳胶+3cmS型黄麻+3cm亚麻面料,8,99.0,792.02,1148.79,6.9折,平台加补后,https://detail.tmall.com/item.htm?b_s_f=sycm&b_spm=a21ag.29085015&id=1026365574253
289,1026365574253,SMAN森眠旗舰店,森眠[云柏]S型天然黄麻床垫榻榻米折叠儿童0胶护脊偏硬垫子可定制,558.77,云柏 D款10cm折叠舒脊=2cm乳胶+5cmS型黄麻+3cm亚麻面料,10,92.78,927.83,1342.56,6.9折,平台加补后,https://detail.tmall.com/item.htm?b_s_f=sycm&b_spm=a21ag.29085015&id=1026365574253
289,1026365574253,SMAN森眠旗舰店,森眠[云柏]S型天然黄麻床垫榻榻米折叠儿童0胶护脊偏硬垫子可定制,558.77,云柏 D款13cm折叠舒脊=2cm乳胶+8cmS型黄麻+3cm亚麻面料,13,86.2,1120.61,1619.37,6.9折,平台加补后,https://detail.tmall.com/item.htm?b_s_f=sycm&b_spm=a21ag.29085015&id=1026365574253
290,731492021945,蓝盒子官方旗舰店,蓝盒子电动智能床垫独立弹簧全自动多功能情侣老人席梦思 补贴15%,7649.15,1800mm*2000mm 标准配置款,,,7649.15,11193,6.8折,平台加补后,https://detail.tmall.com/item.htm?b_s_f=sycm&b_spm=a21ag.29085015&id=731492021945
291,831669879118,乔治巴斯家居旗舰店,乔治巴斯乳胶床垫十大名牌家用席梦思床垫1.8软垫椰棕垫偏硬护脊,950,"乔【豪华A款】：护脊圆簧+3E椰棕+天丝面料,睡感：中硬护脊【厚度22cm】",22,43.18,950,1212,7.8折,平台加补后,https://detail.tmall.com/item.htm?b_s_f=sycm&b_spm=a21ag.29085015&id=831669879118
291,831669879118,乔治巴斯家居旗舰店,乔治巴斯乳胶床垫十大名牌家用席梦思床垫1.8软垫椰棕垫偏硬护脊,950,"【豪华B款】：护脊圆簧+进口乳胶+天丝面料,,睡感：软硬适中【厚度22cm】1",22,46.32,1019,1294,7.9折,平台加补后,https://detail.tmall.com/item.htm?b_s_f=sycm&b_spm=a21ag.29085015&id=831669879118
291,831669879118,乔治巴斯家居旗舰店,乔治巴斯乳胶床垫十大名牌家用席梦思床垫1.8软垫椰棕垫偏硬护脊,950,"【豪华C款】：护脊圆簧+进口乳胶+3E椰棕+天丝面料,软硬两面可用【厚度22cm】",22,47.73,1050,1330,7.9折,平台加补后,https://detail.tmall.com/item.htm?b_s_f=sycm&b_spm=a21ag.29085015&id=831669879118
291,831669879118,乔治巴斯家居旗舰店,乔治巴斯乳胶床垫十大名牌家用席梦思床垫1.8软垫椰棕垫偏硬护脊,950,"乔【旗舰D款】：静音独立袋弹簧+3E椰棕+天丝面料,睡感：偏硬护脊【厚度22cm】一张",22,49.55,1090,1377,7.9折,平台加补后,https://detail.tmall.com/item.htm?b_s_f=sycm&b_spm=a21ag.29085015&id=831669879118
291,831669879118,乔治巴斯家居旗舰店,乔治巴斯乳胶床垫十大名牌家用席梦思床垫1.8软垫椰棕垫偏硬护脊,950,"【旗舰E款】：静音独立袋弹簧+进口乳胶+天丝面料,,睡感：适中带软【厚度22cm】1",22,50.91,1120,1412,7.9折,平台加补后,https://detail.tmall.com/item.htm?b_s_f=sycm&b_spm=a21ag.29085015&id=831669879118
291,831669879118,乔治巴斯家居旗舰店,乔治巴斯乳胶床垫十大名牌家用席梦思床垫1.8软垫椰棕垫偏硬护脊,950,"【旗舰F款】：静音独立袋弹簧+进口乳胶+3E椰棕, 软硬两面可用【厚度22cm】",22,55.41,1219,1529,8.0折,平台加补后,https://detail.tmall.com/item.htm?b_s_f=sycm&b_spm=a21ag.29085015&id=831669879118
291,831669879118,乔治巴斯家居旗舰店,乔治巴斯乳胶床垫十大名牌家用席梦思床垫1.8软垫椰棕垫偏硬护脊,950,【五星I款】：1400p迷你弹簧+2CM乳胶 五星级睡感：软硬适中【厚度22cm】1 店长主推,22,58.64,1290,1612,8.0折,平台加补后,https://detail.tmall.com/item.htm?b_s_f=sycm&b_spm=a21ag.29085015&id=831669879118
291,831669879118,乔治巴斯家居旗舰店,乔治巴斯乳胶床垫十大名牌家用席梦思床垫1.8软垫椰棕垫偏硬护脊,950,【偏胖J款】：1400p迷你弹簧+2CM乳胶+3E椰棕+记忆海绵 软硬两面可用【厚度22cm】,22,62.27,1370,1706,8.0折,平台加补后,https://detail.tmall.com/item.htm?b_s_f=sycm&b_spm=a21ag.29085015&id=831669879118
291,831669879118,乔治巴斯家居旗舰店,乔治巴斯乳胶床垫十大名牌家用席梦思床垫1.8软垫椰棕垫偏硬护脊,950,【卷包G款】：压缩卷包发货 九区独立袋弹簧+进口乳胶 睡感软硬适中【厚度22cm】,22,57.23,1259,1576,8.0折,平台加补后,https://detail.tmall.com/item.htm?b_s_f=sycm&b_spm=a21ag.29085015&id=831669879118
291,831669879118,乔治巴斯家居旗舰店,乔治巴斯乳胶床垫十大名牌家用席梦思床垫1.8软垫椰棕垫偏硬护脊,950,【卷包H款】：压缩卷包发货 九区独立袋弹簧+记忆海绵 睡感：适中带软【厚度22cm】,22,57.23,1259,1576,8.0折,平台加补后,https://detail.tmall.com/item.htm?b_s_f=sycm&b_spm=a21ag.29085015&id=831669879118
291,831669879118,乔治巴斯家居旗舰店,乔治巴斯乳胶床垫十大名牌家用席梦思床垫1.8软垫椰棕垫偏硬护脊,950,卷包 五星I款：压缩发货 1400p迷你弹簧+2CM乳胶 五星级睡感：软硬适中22cm厚度,22,63.14,1389,1729,8.0折,平台加补后,https://detail.tmall.com/item.htm?b_s_f=sycm&b_spm=a21ag.29085015&id=831669879118
291,831669879118,乔治巴斯家居旗舰店,乔治巴斯乳胶床垫十大名牌家用席梦思床垫1.8软垫椰棕垫偏硬护脊,950,尊雅K款【静音护脊款 25CM厚】3E椰棕+独立袋装弹簧 静音护脊硬感贴合 偏硬,25,49.48,1237,1550,8.0折,平台加补后,https://detail.tmall.com/item.htm?b_s_f=sycm&b_spm=a21ag.29085015&id=831669879118
291,831669879118,乔治巴斯家居旗舰店,乔治巴斯乳胶床垫十大名牌家用席梦思床垫1.8软垫椰棕垫偏硬护脊,950,尊雅M款【偏软释压 25CM厚 】进口乳胶+独立袋装弹簧1,25,51.48,1287,1609,8.0折,平台加补后,https://detail.tmall.com/item.htm?b_s_f=sycm&b_spm=a21ag.29085015&id=831669879118
291,831669879118,乔治巴斯家居旗舰店,乔治巴斯乳胶床垫十大名牌家用席梦思床垫1.8软垫椰棕垫偏硬护脊,950,尊雅N款 【软硬两面可用 25CM厚】独立袋弹簧+进口乳胶+3E椰棕,25,54.68,1367,1703,8.0折,平台加补后,https://detail.tmall.com/item.htm?b_s_f=sycm&b_spm=a21ag.29085015&id=831669879118
291,831669879118,乔治巴斯家居旗舰店,乔治巴斯乳胶床垫十大名牌家用席梦思床垫1.8软垫椰棕垫偏硬护脊,950,尊雅O款 【顶奢浮口款 厚度35CM】独立袋弹簧+进口乳胶+3E椰棕 软硬两面可用,35,51.91,1817,2232,8.1折,平台加补后,https://detail.tmall.com/item.htm?b_s_f=sycm&b_spm=a21ag.29085015&id=831669879118
292,792307331851,诺沐旗舰店,天然环保3e椰棕床垫护腰护脊腰疼专用全棕垫子乳胶纯棕榈偏硬家用,360.4,5cm偏硬【3cm椰棕芯】,5,124.86,624.32,864.5,7.2折,平台加补后,https://detail.tmall.com/item.htm?b_s_f=sycm&b_spm=a21ag.29085015&id=792307331851
292,792307331851,诺沐旗舰店,天然环保3e椰棕床垫护腰护脊腰疼专用全棕垫子乳胶纯棕榈偏硬家用,360.4,7cm偏硬【5cm椰棕芯】,7,100.0,699.98,969.5,7.2折,平台加补后,https://detail.tmall.com/item.htm?b_s_f=sycm&b_spm=a21ag.29085015&id=792307331851
292,792307331851,诺沐旗舰店,天然环保3e椰棕床垫护腰护脊腰疼专用全棕垫子乳胶纯棕榈偏硬家用,360.4,10cm偏硬 【8cm椰棕芯】,10,84.96,849.58,1176.5,7.2折,平台加补后,https://detail.tmall.com/item.htm?b_s_f=sycm&b_spm=a21ag.29085015&id=792307331851
292,792307331851,诺沐旗舰店,天然环保3e椰棕床垫护腰护脊腰疼专用全棕垫子乳胶纯棕榈偏硬家用,360.4,15cm偏硬【13cm椰棕芯】,15,72.45,1086.72,1504.5,7.2折,平台加补后,https://detail.tmall.com/item.htm?b_s_f=sycm&b_spm=a21ag.29085015&id=792307331851
292,792307331851,诺沐旗舰店,天然环保3e椰棕床垫护腰护脊腰疼专用全棕垫子乳胶纯棕榈偏硬家用,360.4,20cm偏硬【18cm椰棕芯】,20,66.83,1336.62,1850.5,7.2折,平台加补后,https://detail.tmall.com/item.htm?b_s_f=sycm&b_spm=a21ag.29085015&id=792307331851
292,792307331851,诺沐旗舰店,天然环保3e椰棕床垫护腰护脊腰疼专用全棕垫子乳胶纯棕榈偏硬家用,360.4,6cm适中 【3cm椰棕+1cm乳胶】,6,121.98,731.85,1014,7.2折,平台加补后,https://detail.tmall.com/item.htm?b_s_f=sycm&b_spm=a21ag.29085015&id=792307331851
292,792307331851,诺沐旗舰店,天然环保3e椰棕床垫护腰护脊腰疼专用全棕垫子乳胶纯棕榈偏硬家用,360.4,8cm适中 【 5cm椰棕+1cm乳胶】,8,101.31,810.48,1122.5,7.2折,平台加补后,https://detail.tmall.com/item.htm?b_s_f=sycm&b_spm=a21ag.29085015&id=792307331851
292,792307331851,诺沐旗舰店,天然环保3e椰棕床垫护腰护脊腰疼专用全棕垫子乳胶纯棕榈偏硬家用,360.4,11cm适中 【8cm椰棕+1cm乳胶】,11,87.09,957.95,1326,7.2折,平台加补后,https://detail.tmall.com/item.htm?b_s_f=sycm&b_spm=a21ag.29085015&id=792307331851
292,792307331851,诺沐旗舰店,天然环保3e椰棕床垫护腰护脊腰疼专用全棕垫子乳胶纯棕榈偏硬家用,360.4,16cm适中【13cm椰棕+1cm乳胶】,16,74.64,1194.25,1654,7.2折,平台加补后,https://detail.tmall.com/item.htm?b_s_f=sycm&b_spm=a21ag.29085015&id=792307331851
292,792307331851,诺沐旗舰店,天然环保3e椰棕床垫护腰护脊腰疼专用全棕垫子乳胶纯棕榈偏硬家用,360.4,21cm适中【18cm椰棕+1cm乳胶】,21,68.77,1444.15,1999,7.2折,平台加补后,https://detail.tmall.com/item.htm?b_s_f=sycm&b_spm=a21ag.29085015&id=792307331851
292,792307331851,诺沐旗舰店,天然环保3e椰棕床垫护腰护脊腰疼专用全棕垫子乳胶纯棕榈偏硬家用,360.4,7cm偏软【3cm椰棕+2cm乳胶】,7,120.03,840.22,1163.5,7.2折,平台加补后,https://detail.tmall.com/item.htm?b_s_f=sycm&b_spm=a21ag.29085015&id=792307331851
292,792307331851,诺沐旗舰店,天然环保3e椰棕床垫护腰护脊腰疼专用全棕垫子乳胶纯棕榈偏硬家用,360.4,9cm偏软【5cm椰棕+2cm乳胶】,9,101.86,916.72,1269.5,7.2折,平台加补后,https://detail.tmall.com/item.htm?b_s_f=sycm&b_spm=a21ag.29085015&id=792307331851
292,792307331851,诺沐旗舰店,天然环保3e椰棕床垫护腰护脊腰疼专用全棕垫子乳胶纯棕榈偏硬家用,360.4,12cm偏软【8cm椰棕+2cm乳胶】,12,88.79,1065.48,1475.5,7.2折,平台加补后,https://detail.tmall.com/item.htm?b_s_f=sycm&b_spm=a21ag.29085015&id=792307331851
292,792307331851,诺沐旗舰店,天然环保3e椰棕床垫护腰护脊腰疼专用全棕垫子乳胶纯棕榈偏硬家用,360.4,17cm偏软【13cm椰棕+2cm乳胶】,17,76.68,1303.48,1804.5,7.2折,平台加补后,https://detail.tmall.com/item.htm?b_s_f=sycm&b_spm=a21ag.29085015&id=792307331851
292,792307331851,诺沐旗舰店,天然环保3e椰棕床垫护腰护脊腰疼专用全棕垫子乳胶纯棕榈偏硬家用,360.4,22cm偏软【18cm椰棕+2cm乳胶】,22,70.47,1550.4,2146,7.2折,平台加补后,https://detail.tmall.com/item.htm?b_s_f=sycm&b_spm=a21ag.29085015&id=792307331851
292,792307331851,诺沐旗舰店,天然环保3e椰棕床垫护腰护脊腰疼专用全棕垫子乳胶纯棕榈偏硬家用,360.4,8cm云感【3cm椰棕+3cm乳胶】,8,144.5,1156,1600,7.2折,平台加补后,https://detail.tmall.com/item.htm?b_s_f=sycm&b_spm=a21ag.29085015&id=792307331851
292,792307331851,诺沐旗舰店,天然环保3e椰棕床垫护腰护脊腰疼专用全棕垫子乳胶纯棕榈偏硬家用,360.4,10cm云感【5cm椰棕+3cm乳胶】,10,123.04,1230.38,1703.5,7.2折,平台加补后,https://detail.tmall.com/item.htm?b_s_f=sycm&b_spm=a21ag.29085015&id=792307331851
292,792307331851,诺沐旗舰店,天然环保3e椰棕床垫护腰护脊腰疼专用全棕垫子乳胶纯棕榈偏硬家用,360.4,13cm云感【8cm椰棕+3cm乳胶】,13,106.15,1379.98,1910.5,7.2折,平台加补后,https://detail.tmall.com/item.htm?b_s_f=sycm&b_spm=a21ag.29085015&id=792307331851
292,792307331851,诺沐旗舰店,天然环保3e椰棕床垫护腰护脊腰疼专用全棕垫子乳胶纯棕榈偏硬家用,360.4,18cm云感【13cm椰棕+3cm乳胶】,18,89.91,1618.4,2240,7.2折,平台加补后,https://detail.tmall.com/item.htm?b_s_f=sycm&b_spm=a21ag.29085015&id=792307331851
292,792307331851,诺沐旗舰店,天然环保3e椰棕床垫护腰护脊腰疼专用全棕垫子乳胶纯棕榈偏硬家用,360.4,23cm云感【18cm椰棕+3cm乳胶】,23,81.1,1865.32,2582.5,7.2折,平台加补后,https://detail.tmall.com/item.htm?b_s_f=sycm&b_spm=a21ag.29085015&id=792307331851
292,792307331851,诺沐旗舰店,天然环保3e椰棕床垫护腰护脊腰疼专用全棕垫子乳胶纯棕榈偏硬家用,360.4,5cm偏硬【3cm椰棕芯】可拆洗,5,124.86,624.32,864.5,7.2折,平台加补后,https://detail.tmall.com/item.htm?b_s_f=sycm&b_spm=a21ag.29085015&id=792307331851
292,792307331851,诺沐旗舰店,天然环保3e椰棕床垫护腰护脊腰疼专用全棕垫子乳胶纯棕榈偏硬家用,360.4,7cm偏硬【5cm椰棕芯】可拆洗,7,100.0,699.98,969.5,7.2折,平台加补后,https://detail.tmall.com/item.htm?b_s_f=sycm&b_spm=a21ag.29085015&id=792307331851
292,792307331851,诺沐旗舰店,天然环保3e椰棕床垫护腰护脊腰疼专用全棕垫子乳胶纯棕榈偏硬家用,360.4,10cm偏硬【8cm椰棕芯】可拆洗,10,84.96,849.58,1176.5,7.2折,平台加补后,https://detail.tmall.com/item.htm?b_s_f=sycm&b_spm=a21ag.29085015&id=792307331851
292,792307331851,诺沐旗舰店,天然环保3e椰棕床垫护腰护脊腰疼专用全棕垫子乳胶纯棕榈偏硬家用,360.4,15cm偏硬【13cm椰棕芯】可拆洗,15,72.45,1086.72,1504.5,7.2折,平台加补后,https://detail.tmall.com/item.htm?b_s_f=sycm&b_spm=a21ag.29085015&id=792307331851
292,792307331851,诺沐旗舰店,天然环保3e椰棕床垫护腰护脊腰疼专用全棕垫子乳胶纯棕榈偏硬家用,360.4,20cm偏硬【18cm椰棕芯】可拆洗,20,66.83,1336.62,1850.5,7.2折,平台加补后,https://detail.tmall.com/item.htm?b_s_f=sycm&b_spm=a21ag.29085015&id=792307331851
292,792307331851,诺沐旗舰店,天然环保3e椰棕床垫护腰护脊腰疼专用全棕垫子乳胶纯棕榈偏硬家用,360.4,6cm适中 【 3cm椰棕+1cm乳胶】可拆洗,6,121.98,731.85,1014,7.2折,平台加补后,https://detail.tmall.com/item.htm?b_s_f=sycm&b_spm=a21ag.29085015&id=792307331851
292,792307331851,诺沐旗舰店,天然环保3e椰棕床垫护腰护脊腰疼专用全棕垫子乳胶纯棕榈偏硬家用,360.4,8cm适中【 5cm椰棕+1cm乳胶 】可拆洗,8,101.31,810.48,1122.5,7.2折,平台加补后,https://detail.tmall.com/item.htm?b_s_f=sycm&b_spm=a21ag.29085015&id=792307331851
292,792307331851,诺沐旗舰店,天然环保3e椰棕床垫护腰护脊腰疼专用全棕垫子乳胶纯棕榈偏硬家用,360.4,11cm适中【8cm椰棕+1cm乳胶】可拆洗,11,87.09,957.95,1326,7.2折,平台加补后,https://detail.tmall.com/item.htm?b_s_f=sycm&b_spm=a21ag.29085015&id=792307331851
292,792307331851,诺沐旗舰店,天然环保3e椰棕床垫护腰护脊腰疼专用全棕垫子乳胶纯棕榈偏硬家用,360.4,16cm适中【13cm椰棕+1cm乳胶】可拆洗,16,74.64,1194.25,1654,7.2折,平台加补后,https://detail.tmall.com/item.htm?b_s_f=sycm&b_spm=a21ag.29085015&id=792307331851
292,792307331851,诺沐旗舰店,天然环保3e椰棕床垫护腰护脊腰疼专用全棕垫子乳胶纯棕榈偏硬家用,360.4,21cm适中【18cm椰棕+1cm乳胶】可拆洗,21,68.77,1444.15,1999,7.2折,平台加补后,https://detail.tmall.com/item.htm?b_s_f=sycm&b_spm=a21ag.29085015&id=792307331851
292,792307331851,诺沐旗舰店,天然环保3e椰棕床垫护腰护脊腰疼专用全棕垫子乳胶纯棕榈偏硬家用,360.4,7cm偏软【3cm椰棕+2cm乳胶】可拆洗,7,120.03,840.22,1163.5,7.2折,平台加补后,https://detail.tmall.com/item.htm?b_s_f=sycm&b_spm=a21ag.29085015&id=792307331851
292,792307331851,诺沐旗舰店,天然环保3e椰棕床垫护腰护脊腰疼专用全棕垫子乳胶纯棕榈偏硬家用,360.4,9cm偏软【5cm椰棕+2cm乳胶】可拆洗,9,101.86,916.72,1269.5,7.2折,平台加补后,https://detail.tmall.com/item.htm?b_s_f=sycm&b_spm=a21ag.29085015&id=792307331851
292,792307331851,诺沐旗舰店,天然环保3e椰棕床垫护腰护脊腰疼专用全棕垫子乳胶纯棕榈偏硬家用,360.4,12cm偏软【8cm椰棕+2cm乳胶】可拆洗,12,88.79,1065.48,1475.5,7.2折,平台加补后,https://detail.tmall.com/item.htm?b_s_f=sycm&b_spm=a21ag.29085015&id=792307331851
292,792307331851,诺沐旗舰店,天然环保3e椰棕床垫护腰护脊腰疼专用全棕垫子乳胶纯棕榈偏硬家用,360.4,17cm偏软【13cm椰棕+2cm乳胶】可拆洗,17,76.68,1303.48,1804.5,7.2折,平台加补后,https://detail.tmall.com/item.htm?b_s_f=sycm&b_spm=a21ag.29085015&id=792307331851
292,792307331851,诺沐旗舰店,天然环保3e椰棕床垫护腰护脊腰疼专用全棕垫子乳胶纯棕榈偏硬家用,360.4,22cm偏软【18cm椰棕+2cm乳胶】可拆洗,22,70.47,1550.4,2146,7.2折,平台加补后,https://detail.tmall.com/item.htm?b_s_f=sycm&b_spm=a21ag.29085015&id=792307331851
292,792307331851,诺沐旗舰店,天然环保3e椰棕床垫护腰护脊腰疼专用全棕垫子乳胶纯棕榈偏硬家用,360.4,8cm云感【3cm椰棕+3cm乳胶】可拆洗,8,144.5,1156,1600,7.2折,平台加补后,https://detail.tmall.com/item.htm?b_s_f=sycm&b_spm=a21ag.29085015&id=792307331851
292,792307331851,诺沐旗舰店,天然环保3e椰棕床垫护腰护脊腰疼专用全棕垫子乳胶纯棕榈偏硬家用,360.4,10cm云感【5cm椰棕+3cm乳胶】可拆洗,10,123.04,1230.38,1703.5,7.2折,平台加补后,https://detail.tmall.com/item.htm?b_s_f=sycm&b_spm=a21ag.29085015&id=792307331851
292,792307331851,诺沐旗舰店,天然环保3e椰棕床垫护腰护脊腰疼专用全棕垫子乳胶纯棕榈偏硬家用,360.4,13cm云感【8cm椰棕+3cm乳胶】可拆洗,13,106.15,1379.98,1910.5,7.2折,平台加补后,https://detail.tmall.com/item.htm?b_s_f=sycm&b_spm=a21ag.29085015&id=792307331851
292,792307331851,诺沐旗舰店,天然环保3e椰棕床垫护腰护脊腰疼专用全棕垫子乳胶纯棕榈偏硬家用,360.4,18cm云感【13cm椰棕+3cm乳胶】可拆洗,18,89.91,1618.4,2240,7.2折,平台加补后,https://detail.tmall.com/item.htm?b_s_f=sycm&b_spm=a21ag.29085015&id=792307331851
292,792307331851,诺沐旗舰店,天然环保3e椰棕床垫护腰护脊腰疼专用全棕垫子乳胶纯棕榈偏硬家用,360.4,23cm云感【18cm椰棕+3cm乳胶】可拆洗,23,81.1,1865.32,2582.5,7.2折,平台加补后,https://detail.tmall.com/item.htm?b_s_f=sycm&b_spm=a21ag.29085015&id=792307331851
292,792307331851,诺沐旗舰店,天然环保3e椰棕床垫护腰护脊腰疼专用全棕垫子乳胶纯棕榈偏硬家用,360.4,定制任意尺寸/折叠 千人加购,,,360.4,499,7.2折,平台加补后,https://detail.tmall.com/item.htm?b_s_f=sycm&b_spm=a21ag.29085015&id=792307331851
293,604469677154,顾家家居家具旗舰店,顾家家居梦想垫国民深睡卧室独立轻音弹簧椰棕席梦思乳胶透气床垫,1167.9,（1）【梦想乳胶·适中偏硬】22cm 50%客户选择,22,53.09,1167.9,2291,5.1折,平台加补后,https://detail.tmall.com/item.htm?b_s_f=sycm&b_spm=a21ag.29085015&id=604469677154
293,604469677154,顾家家居家具旗舰店,顾家家居梦想垫国民深睡卧室独立轻音弹簧椰棕席梦思乳胶透气床垫,1167.9,（2）【梦想椰棕·偏硬】22cm 支撑护脊,22,60.85,1338.75,2625,5.1折,平台加补后,https://detail.tmall.com/item.htm?b_s_f=sycm&b_spm=a21ag.29085015&id=604469677154
293,604469677154,顾家家居家具旗舰店,顾家家居梦想垫国民深睡卧室独立轻音弹簧椰棕席梦思乳胶透气床垫,1167.9,（3）【梦想乳胶·偏硬】22cm 腰部精准支撑,22,64.91,1428,2801,5.1折,平台加补后,https://detail.tmall.com/item.htm?b_s_f=sycm&b_spm=a21ag.29085015&id=604469677154
293,604469677154,顾家家居家具旗舰店,顾家家居梦想垫国民深睡卧室独立轻音弹簧椰棕席梦思乳胶透气床垫,1167.9,（4）【梦想椰棕·加硬】23cm 硬挺支撑,23,65.12,1497.7,2938,5.1折,平台加补后,https://detail.tmall.com/item.htm?b_s_f=sycm&b_spm=a21ag.29085015&id=604469677154
293,604469677154,顾家家居家具旗舰店,顾家家居梦想垫国民深睡卧室独立轻音弹簧椰棕席梦思乳胶透气床垫,1167.9,（5）【梦想乳胶·双睡】23cm 正面适中反面硬,23,73.84,1698.3,3330,5.1折,平台加补后,https://detail.tmall.com/item.htm?b_s_f=sycm&b_spm=a21ag.29085015&id=604469677154
293,604469677154,顾家家居家具旗舰店,顾家家居梦想垫国民深睡卧室独立轻音弹簧椰棕席梦思乳胶透气床垫,1167.9,（6）【(全垫0胶水)梦想黄麻·加硬】21cm 硬挺支撑,21,92.77,1948.2,3820,5.1折,平台加补后,https://detail.tmall.com/item.htm?b_s_f=sycm&b_spm=a21ag.29085015&id=604469677154
293,604469677154,顾家家居家具旗舰店,顾家家居梦想垫国民深睡卧室独立轻音弹簧椰棕席梦思乳胶透气床垫,1167.9,（7）【(全垫0胶水)梦想乳胶·偏硬】23cm A类面料,23,70.77,1627.75,3193,5.1折,平台加补后,https://detail.tmall.com/item.htm?b_s_f=sycm&b_spm=a21ag.29085015&id=604469677154
294,1086048369244,花蜜旗舰店,【爱侣】花蜜马尾毛手工床垫0胶席梦思四叶草弹簧床垫护脊垫卧室,199900,1800mm*2000mm 标准配置款,,,199900,,,平台加补后,https://detail.tmall.com/item.htm?b_s_f=sycm&b_spm=a21ag.29085015&id=1086048369244
295,986243811377,雅兰官方旗舰店,【有度×净界Pro】雅兰独袋弹簧0胶可拆洗黄麻偏硬护脊床垫席梦思,3900.65,有度ｘ净界Pro【26cm】- 0胶可拆，软硬自调（购买床垫注意长宽厚度需适配床）· 多人加购,26,150.03,3900.65,6099,6.4折,平台加补后,https://detail.tmall.com/item.htm?b_s_f=sycm&b_spm=a21ag.29085015&id=986243811377
296,1017864791804,Novilla家居旗舰店,Novilla 竹炭记忆棉独立弹簧席梦思床垫家用护脊硬垫透气无异味N2,873,N2竹炭抑菌透气护脊 | 适中偏硬 | 23CM厚 店长主推,23,37.96,873,1333,6.5折,平台加补后,https://detail.tmall.com/item.htm?b_s_f=sycm&b_spm=a21ag.29085015&id=1017864791804
296,1017864791804,Novilla家居旗舰店,Novilla 竹炭记忆棉独立弹簧席梦思床垫家用护脊硬垫透气无异味N2,873,N2竹炭抑菌透气护脊 | 适中偏硬 | 26CM厚,26,33.58,873,1333,6.5折,平台加补后,https://detail.tmall.com/item.htm?b_s_f=sycm&b_spm=a21ag.29085015&id=1017864791804
296,1017864791804,Novilla家居旗舰店,Novilla 竹炭记忆棉独立弹簧席梦思床垫家用护脊硬垫透气无异味N2,873,N2pro竹炭抑菌透气护脊丨双面睡感丨26CM厚,26,44.81,1165,1665,7.0折,平台加补后,https://detail.tmall.com/item.htm?b_s_f=sycm&b_spm=a21ag.29085015&id=1017864791804
297,763648168541,雅兰家具旗舰店,【有度旗舰】雅兰床垫国家补贴偏硬护脊黄麻乳胶弹簧0胶垫席梦思,2429.3,有度·旗舰版3.0-23cm 【热销旗舰款-超6成客户选ta】,23,109.32,2514.3,4235,5.9折,平台加补后,https://detail.tmall.com/item.htm?b_s_f=sycm&b_spm=a21ag.29085015&id=763648168541
297,763648168541,雅兰家具旗舰店,【有度旗舰】雅兰床垫国家补贴偏硬护脊黄麻乳胶弹簧0胶垫席梦思,2429.3,【☆主推新品】有度·旗舰S-22cm 【双重分区承托升级】,22,110.42,2429.3,4117,5.9折,平台加补后,https://detail.tmall.com/item.htm?b_s_f=sycm&b_spm=a21ag.29085015&id=763648168541
297,763648168541,雅兰家具旗舰店,【有度旗舰】雅兰床垫国家补贴偏硬护脊黄麻乳胶弹簧0胶垫席梦思,2429.3,有度·旗舰Plus-24cm 【加厚乳胶释压-舒适升级】,24,126.01,3024.3,4940,6.1折,平台加补后,https://detail.tmall.com/item.htm?b_s_f=sycm&b_spm=a21ag.29085015&id=763648168541
297,763648168541,雅兰家具旗舰店,【有度旗舰】雅兰床垫国家补贴偏硬护脊黄麻乳胶弹簧0胶垫席梦思,2429.3,【质价比超值推荐】有度·旗舰Pro-26cm【3分区进阶硬支撑-透气升级】,26,132.67,3449.3,5529,6.2折,平台加补后,https://detail.tmall.com/item.htm?b_s_f=sycm&b_spm=a21ag.29085015&id=763648168541
297,763648168541,雅兰家具旗舰店,【有度旗舰】雅兰床垫国家补贴偏硬护脊黄麻乳胶弹簧0胶垫席梦思,2429.3,有度·旗舰Max-29cm【3区微感释压-灵敏支撑】,29,130.67,3789.3,5999,6.3折,平台加补后,https://detail.tmall.com/item.htm?b_s_f=sycm&b_spm=a21ag.29085015&id=763648168541
297,763648168541,雅兰家具旗舰店,【有度旗舰】雅兰床垫国家补贴偏硬护脊黄麻乳胶弹簧0胶垫席梦思,2429.3,【超级新品】有度·0胶-25cm【0胶环保】·,25,124.37,3109.3,5058,6.1折,平台加补后,https://detail.tmall.com/item.htm?b_s_f=sycm&b_spm=a21ag.29085015&id=763648168541
297,763648168541,雅兰家具旗舰店,【有度旗舰】雅兰床垫国家补贴偏硬护脊黄麻乳胶弹簧0胶垫席梦思,2429.3,有度·旗舰Kids-20cm【儿童床垫A类可拆洗-抗菌防螨】,20,159.72,3194.3,5176,6.2折,平台加补后,https://detail.tmall.com/item.htm?b_s_f=sycm&b_spm=a21ag.29085015&id=763648168541
297,763648168541,雅兰家具旗舰店,【有度旗舰】雅兰床垫国家补贴偏硬护脊黄麻乳胶弹簧0胶垫席梦思,2429.3,【套餐】白露真皮床(珍珠白)+有度·旗舰版3.0,,,4384.3,6823,6.4折,平台加补后,https://detail.tmall.com/item.htm?b_s_f=sycm&b_spm=a21ag.29085015&id=763648168541
297,763648168541,雅兰家具旗舰店,【有度旗舰】雅兰床垫国家补贴偏硬护脊黄麻乳胶弹簧0胶垫席梦思,2429.3,【套餐】白露真皮床(珍珠白)+有度护脊版3.0,,,4044.3,6352,6.4折,平台加补后,https://detail.tmall.com/item.htm?b_s_f=sycm&b_spm=a21ag.29085015&id=763648168541
298,751772952995,麻大师旗舰店,麻大师蚕豆0胶水床垫S型精细黄麻床垫透气可拆洗羊毛床垫定做家用,1847.14,舒适款：7CM=2CM羊毛垫+3cmS型黄麻,7,263.88,1847.14,2799,6.6折,平台加补后,https://detail.tmall.com/item.htm?b_s_f=sycm&b_spm=a21ag.29085015&id=751772952995
298,751772952995,麻大师旗舰店,麻大师蚕豆0胶水床垫S型精细黄麻床垫透气可拆洗羊毛床垫定做家用,1847.14,舒适款：9CM=2CM羊毛垫+5cmS型黄麻,9,242.07,2178.64,3299,6.6折,平台加补后,https://detail.tmall.com/item.htm?b_s_f=sycm&b_spm=a21ag.29085015&id=751772952995
298,751772952995,麻大师旗舰店,麻大师蚕豆0胶水床垫S型精细黄麻床垫透气可拆洗羊毛床垫定做家用,1847.14,舒适款：11CM=2CM羊毛垫+7cmS型黄麻,11,222.17,2443.84,3699,6.6折,平台加补后,https://detail.tmall.com/item.htm?b_s_f=sycm&b_spm=a21ag.29085015&id=751772952995
298,751772952995,麻大师旗舰店,麻大师蚕豆0胶水床垫S型精细黄麻床垫透气可拆洗羊毛床垫定做家用,1847.14,舒适款：14CM=2CM羊毛垫+10cmS型黄麻,14,202.97,2841.64,4299,6.6折,平台加补后,https://detail.tmall.com/item.htm?b_s_f=sycm&b_spm=a21ag.29085015&id=751772952995
298,751772952995,麻大师旗舰店,麻大师蚕豆0胶水床垫S型精细黄麻床垫透气可拆洗羊毛床垫定做家用,1847.14,舒适款：16CM=2CM羊毛垫+12cmS型黄麻,16,206.61,3305.74,4999,6.6折,平台加补后,https://detail.tmall.com/item.htm?b_s_f=sycm&b_spm=a21ag.29085015&id=751772952995
298,751772952995,麻大师旗舰店,麻大师蚕豆0胶水床垫S型精细黄麻床垫透气可拆洗羊毛床垫定做家用,1847.14,舒适款：19CM=2CM羊毛垫+15cmS型黄麻,19,194.92,3703.54,5599,6.6折,平台加补后,https://detail.tmall.com/item.htm?b_s_f=sycm&b_spm=a21ag.29085015&id=751772952995
298,751772952995,麻大师旗舰店,麻大师蚕豆0胶水床垫S型精细黄麻床垫透气可拆洗羊毛床垫定做家用,1847.14,升级款：9CM=杜邦Sorona+羊毛垫+3cmS型黄麻,9,242.07,2178.64,3299,6.6折,平台加补后,https://detail.tmall.com/item.htm?b_s_f=sycm&b_spm=a21ag.29085015&id=751772952995
298,751772952995,麻大师旗舰店,麻大师蚕豆0胶水床垫S型精细黄麻床垫透气可拆洗羊毛床垫定做家用,1847.14,升级款：11CM=杜邦Sorona+羊毛垫+5cmS型黄麻,11,222.17,2443.84,3699,6.6折,平台加补后,https://detail.tmall.com/item.htm?b_s_f=sycm&b_spm=a21ag.29085015&id=751772952995
298,751772952995,麻大师旗舰店,麻大师蚕豆0胶水床垫S型精细黄麻床垫透气可拆洗羊毛床垫定做家用,1847.14,升级款：13CM=杜邦Sorona+羊毛垫+7cmS型黄麻,13,208.39,2709.04,4099,6.6折,平台加补后,https://detail.tmall.com/item.htm?b_s_f=sycm&b_spm=a21ag.29085015&id=751772952995
298,751772952995,麻大师旗舰店,麻大师蚕豆0胶水床垫S型精细黄麻床垫透气可拆洗羊毛床垫定做家用,1847.14,升级款：16CM=杜邦Sorona+羊毛垫+10cmS型黄麻,16,194.18,3106.84,4699,6.6折,平台加补后,https://detail.tmall.com/item.htm?b_s_f=sycm&b_spm=a21ag.29085015&id=751772952995
298,751772952995,麻大师旗舰店,麻大师蚕豆0胶水床垫S型精细黄麻床垫透气可拆洗羊毛床垫定做家用,1847.14,升级款：18CM=杜邦Sorona+羊毛垫+12cmS型黄麻,18,191.02,3438.34,5199,6.6折,平台加补后,https://detail.tmall.com/item.htm?b_s_f=sycm&b_spm=a21ag.29085015&id=751772952995
298,751772952995,麻大师旗舰店,麻大师蚕豆0胶水床垫S型精细黄麻床垫透气可拆洗羊毛床垫定做家用,1847.14,升级款：21CM=杜邦Sorona+羊毛垫+15cmS型黄麻,21,185.83,3902.44,5899,6.6折,平台加补后,https://detail.tmall.com/item.htm?b_s_f=sycm&b_spm=a21ag.29085015&id=751772952995
299,622068300334,金可儿旗舰店,国家补贴 | 金可儿乳胶床垫子 酒店席梦思弹簧床垫卧室软垫 繁星B,6098.75,繁星B【32cm|5度适中】 抑菌阻螨+缓震降噪,32,190.59,6098.75,8175,7.5折,平台加补后,https://detail.tmall.com/item.htm?b_s_f=sycm&b_spm=a21ag.29085015&id=622068300334
299,622068300334,金可儿旗舰店,国家补贴 | 金可儿乳胶床垫子 酒店席梦思弹簧床垫卧室软垫 繁星B,6098.75,繁星B+【32cm|5度适中】 五区弹簧+抗菌防螨 咨询客服返现,32,221.8,7097.5,9350,7.6折,平台加补后,https://detail.tmall.com/item.htm?b_s_f=sycm&b_spm=a21ag.29085015&id=622068300334
299,622068300334,金可儿旗舰店,国家补贴 | 金可儿乳胶床垫子 酒店席梦思弹簧床垫卧室软垫 繁星B,6098.75,繁星B搭繁星床架【月球灰】,,,9797.95,12527,7.8折,平台加补后,https://detail.tmall.com/item.htm?b_s_f=sycm&b_spm=a21ag.29085015&id=622068300334
299,622068300334,金可儿旗舰店,国家补贴 | 金可儿乳胶床垫子 酒店席梦思弹簧床垫卧室软垫 繁星B,6098.75,繁星B搭繁星床架【魅影黑】,,,9797.95,12527,7.8折,平台加补后,https://detail.tmall.com/item.htm?b_s_f=sycm&b_spm=a21ag.29085015&id=622068300334
299,622068300334,金可儿旗舰店,国家补贴 | 金可儿乳胶床垫子 酒店席梦思弹簧床垫卧室软垫 繁星B,6098.75,繁星B+搭繁星床架【魅影黑】 咨询客服返现,,,10897.85,13821,7.9折,平台加补后,https://detail.tmall.com/item.htm?b_s_f=sycm&b_spm=a21ag.29085015&id=622068300334
299,622068300334,金可儿旗舰店,国家补贴 | 金可儿乳胶床垫子 酒店席梦思弹簧床垫卧室软垫 繁星B,6098.75,繁星B+搭繁星床架【月球灰】 咨询客服返现,,,10897.85,13821,7.9折,平台加补后,https://detail.tmall.com/item.htm?b_s_f=sycm&b_spm=a21ag.29085015&id=622068300334
299,622068300334,金可儿旗舰店,国家补贴 | 金可儿乳胶床垫子 酒店席梦思弹簧床垫卧室软垫 繁星B,6098.75,繁星B+搭繁星luxury【赤陶棕】,,,12198,15198,8.0折,平台加补后,https://detail.tmall.com/item.htm?b_s_f=sycm&b_spm=a21ag.29085015&id=622068300334
299,622068300334,金可儿旗舰店,国家补贴 | 金可儿乳胶床垫子 酒店席梦思弹簧床垫卧室软垫 繁星B,6098.75,繁星B+搭繁星luxury【密釉黑】,,,12198,15198,8.0折,平台加补后,https://detail.tmall.com/item.htm?b_s_f=sycm&b_spm=a21ag.29085015&id=622068300334
299,622068300334,金可儿旗舰店,国家补贴 | 金可儿乳胶床垫子 酒店席梦思弹簧床垫卧室软垫 繁星B,6098.75,繁星B+搭繁星luxury【摩卡棕】,,,12198,15198,8.0折,平台加补后,https://detail.tmall.com/item.htm?b_s_f=sycm&b_spm=a21ag.29085015&id=622068300334
300,1006747991168,木趣家居生活馆,五星级酒店床垫超软加厚20cm乳胶独立弹簧压缩家用卧室席梦思床垫,320.19,希尔顿基础客房款-碳钢加密弹簧约20CM【适中舒适】 送货入户卷包发货 店长主推,20,16.01,320.19,406.25,7.9折,平台加补后,https://detail.tmall.com/item.htm?b_s_f=sycm&b_spm=a21ag.29085015&id=1006747991168
300,1006747991168,木趣家居生活馆,五星级酒店床垫超软加厚20cm乳胶独立弹簧压缩家用卧室席梦思床垫,320.19,希尔顿柔软舒适款-碳钢加密弹簧约22CM【柔软升级】 送货入户卷包发货,22,16.35,359.69,456.25,7.9折,平台加补后,https://detail.tmall.com/item.htm?b_s_f=sycm&b_spm=a21ag.29085015&id=1006747991168
300,1006747991168,木趣家居生活馆,五星级酒店床垫超软加厚20cm乳胶独立弹簧压缩家用卧室席梦思床垫,320.19,希尔顿升级主卧款-碳钢加密弹簧约24CM【软硬适中】 送货入户卷包发货,24,16.63,399.19,506.25,7.9折,平台加补后,https://detail.tmall.com/item.htm?b_s_f=sycm&b_spm=a21ag.29085015&id=1006747991168
300,1006747991168,木趣家居生活馆,五星级酒店床垫超软加厚20cm乳胶独立弹簧压缩家用卧室席梦思床垫,320.19,希尔顿奢华款-碳钢加密弹簧约26CM【适中柔软】 送货入户卷包发货,26,18.03,468.82,593.75,7.9折,平台加补后,https://detail.tmall.com/item.htm?b_s_f=sycm&b_spm=a21ag.29085015&id=1006747991168
300,1006747991168,木趣家居生活馆,五星级酒店床垫超软加厚20cm乳胶独立弹簧压缩家用卧室席梦思床垫,320.19,希尔顿豪华款-碳钢加密弹簧弹簧约28CM【云端柔软】 送货入户卷包发货,28,19.19,537.44,681.25,7.9折,平台加补后,https://detail.tmall.com/item.htm?b_s_f=sycm&b_spm=a21ag.29085015&id=1006747991168
300,1006747991168,木趣家居生活馆,五星级酒店床垫超软加厚20cm乳胶独立弹簧压缩家用卧室席梦思床垫,320.19,希尔顿总统套房款-碳钢加密弹簧弹簧约30CM【顶级超软】 送货入户卷包发货,30,21.21,636.19,806.25,7.9折,平台加补后,https://detail.tmall.com/item.htm?b_s_f=sycm&b_spm=a21ag.29085015&id=1006747991168
300,1006747991168,木趣家居生活馆,五星级酒店床垫超软加厚20cm乳胶独立弹簧压缩家用卧室席梦思床垫,320.19,希尔顿基础客房款-静音独立弹簧约20CM【静音舒适】 送货入户卷包发货,20,16.79,335.75,425,7.9折,平台加补后,https://detail.tmall.com/item.htm?b_s_f=sycm&b_spm=a21ag.29085015&id=1006747991168
300,1006747991168,木趣家居生活馆,五星级酒店床垫超软加厚20cm乳胶独立弹簧压缩家用卧室席梦思床垫,320.19,希尔顿柔软舒适款-静音独立弹簧约22CM【静音柔软】 送货入户卷包发货,22,17.25,379.44,481.25,7.9折,平台加补后,https://detail.tmall.com/item.htm?b_s_f=sycm&b_spm=a21ag.29085015&id=1006747991168
300,1006747991168,木趣家居生活馆,五星级酒店床垫超软加厚20cm乳胶独立弹簧压缩家用卧室席梦思床垫,320.19,希尔顿升级主卧款-静音独立弹簧约24CM【静音适中】 送货入户卷包发货,24,18.71,449.07,568.75,7.9折,平台加补后,https://detail.tmall.com/item.htm?b_s_f=sycm&b_spm=a21ag.29085015&id=1006747991168
300,1006747991168,木趣家居生活馆,五星级酒店床垫超软加厚20cm乳胶独立弹簧压缩家用卧室席梦思床垫,320.19,希尔顿奢华款-静音独立弹簧约26CM【适中柔软】 送货入户卷包发货,26,19.91,517.69,656.25,7.9折,平台加补后,https://detail.tmall.com/item.htm?b_s_f=sycm&b_spm=a21ag.29085015&id=1006747991168
300,1006747991168,木趣家居生活馆,五星级酒店床垫超软加厚20cm乳胶独立弹簧压缩家用卧室席梦思床垫,320.19,希尔顿豪华款-静音独立弹簧约28CM【云端柔软】 送货入户卷包发货,28,20.98,587.32,743.75,7.9折,平台加补后,https://detail.tmall.com/item.htm?b_s_f=sycm&b_spm=a21ag.29085015&id=1006747991168
300,1006747991168,木趣家居生活馆,五星级酒店床垫超软加厚20cm乳胶独立弹簧压缩家用卧室席梦思床垫,320.19,希尔顿总统套房款-静音独立弹簧约30CM【顶级超软】 送货入户卷包发货,30,22.87,686.07,868.75,7.9折,平台加补后,https://detail.tmall.com/item.htm?b_s_f=sycm&b_spm=a21ag.29085015&id=1006747991168
