排名,商品ID,商品标题,店铺,主图透出价格,核心材质与卖点,营销活动与服务,视觉版式风格,1.8米规格直达链接,标准商品链接,主图原图高清链接,本地主图文件名,生意参谋支付金额,支付件数,支付买家数,客单价,主图OCR完整文案
1,20719504509,月光之家乳胶床垫家用独立弹簧软垫儿童黄麻棕硬护腰席梦思1.8米,moonlightfamily旗舰店,未透出,护脊偏硬支撑 | 天然乳胶 | 环保椰棕/黄麻,平台/政府大额补贴 | 免费试睡保障 | 热销爆款背书 | 花呗免息分期 | 官方正品权威背书,促销大字报冲击型,https://detail.tmall.com/item.htm?b_s_f=sycm&b_spm=a21ag.29085015&id=20719504509,https://detail.tmall.com/item.htm?b_s_f=sycm&b_spm=a21ag.29085015&id=20719504509,https://img.alicdn.com/bao/uploaded/i2/919851856/O1CN01sVHPWB5zLED32pKq_!!4611686018427384656-0-item_pic.jpg,001_20719504509.jpg,"253,796.46 21.59%",150 5.03%,136,"1,866.15",Moonlight family ONNOON 月光之家 家装节 FAMILY 0胶+5A双认证 Moonlight family Moonlight family 优惠可叠加 政府补贴官方立减惊喜红包 88VIP Doonlight family 200天免费试睡 15% 12% 150 20年超长质保 3期免息 价保100天 免费取旧 天猫榜单 48小时顺丰速发 SF 热销榜好评榜
2,676435752637,睡眠骑士梦舒乳胶五星级酒店床垫席梦思记忆棉加厚30cm厚家用软垫,睡眠骑士床垫企业店,未透出,天然乳胶 | 零压记忆棉,免费试睡保障 | 买赠高价值赠品 | 花呗免息分期 | 官方正品权威背书,标准电商综合展示型,https://detail.tmall.com/item.htm?b_s_f=sycm&b_spm=a21ag.29085015&id=676435752637,https://detail.tmall.com/item.htm?b_s_f=sycm&b_spm=a21ag.29085015&id=676435752637,https://img.alicdn.com/bao/uploaded/i4/720743073/O1CN01OAeAQh1YZUESKorAz_!!720743073.jpg,002_676435752637.jpg,"129,507.86 11.02%",77 2.58%,63,"2,055.68",SLEEP° 睡眠骑士 官方优选 KNIGHT 五星级酒店专供 ☆☆☆☆☆ SleepKnigh 30CM 200天免费试睡|20年超长质保 加厚超软 48小时顺丰速发 部分尺寸 及地区 花呗分期免息 365天免费仓储 免费送货到家
3,746683178170,悠梦思乳胶床垫独立弹簧1.5米1.8五星酒店席梦思软硬两用厚款定制,yarges悠梦思旗舰店,未透出,天然乳胶 | 双面双睡感/可拆洗,平台/政府大额补贴 | 免费试睡保障 | 买赠高价值赠品 | 花呗免息分期 | 官方正品权威背书,促销大字报冲击型,https://detail.tmall.com/item.htm?b_s_f=sycm&b_spm=a21ag.29085015&id=746683178170,https://detail.tmall.com/item.htm?b_s_f=sycm&b_spm=a21ag.29085015&id=746683178170,https://img.alicdn.com/bao/uploaded/i1/2215907225135/O1CN01UYps14fxinI2vH2e_!!4611686018427383343-0-item_pic.jpg,003_746683178170.jpg,"86,222.75 7.33%",92 3.08%,79,"1,091.43",YARGES悠梦思 官方5A质量等级认证 101天真正免费试睡 88 YARGES|悠梦思 活动下单即享 折 88消费券 （立即抢购无需凑单） 限时立享至高减150元 88VIP可用 数量有限详情咨询客服 天猫家装节 抢 政府补贴15% 因地区差异，补贴信息详情请见支付页面！ 官方立减12% 下单入会“抢 99 舒睡枕x2 48小时顺丰速发 质保20年 限部分 尺寸地区 免费送货到家 分期免息 1365天免费仓储
4,45590433293,铂马仕独立弹簧床垫乳胶席梦思软垫椰棕垫护脊偏硬家用双人1.8米,铂马仕旗舰店,未透出,护脊偏硬支撑 | 天然乳胶 | 环保椰棕/黄麻,平台/政府大额补贴 | 免费试睡保障 | 官方正品权威背书,促销大字报冲击型,https://detail.tmall.com/item.htm?b_s_f=sycm&b_spm=a21ag.29085015&id=45590433293,https://detail.tmall.com/item.htm?b_s_f=sycm&b_spm=a21ag.29085015&id=45590433293,https://img.alicdn.com/bao/uploaded/i4/2165873208/O1CN01OpjK0QUdjHB2vH2e_!!4611686018427386424-0-item_pic.jpg,004_45590433293.jpg,"85,084.55 7.24%",60 2.01%,47,"1,810.31",铂马仕 家装节 POMOSER 德国品质 20年不塌+5A双认证 1886颗专利迷你感应小弹簧 POMOSER Pomosermseepwell Pomoser mseepwell Pomoser seepwell asoo eepwell Pomose soo POMOSER 42% 4重补贴优惠至高直降 150元 政府补贴 官方补贴 惊喜红包 满1500元可用 + 立减15%+立减12% 88VIP专享券 详见支付页面 可叠加店铺券 官方 200天 真正免费试睡 20年 超长质保 Free 抽检认证 48小时顺丰速发S 发货时效 限部分 尺寸地区
5,25956076042,月光之家乳胶床垫超薄款家庭用15cm软硬独立弹簧席梦思10厘米1.8m,moonlightfamily旗舰店,未透出,天然乳胶,平台/政府大额补贴 | 免费试睡保障 | 花呗免息分期 | 官方正品权威背书,促销大字报冲击型,https://detail.tmall.com/item.htm?b_s_f=sycm&b_spm=a21ag.29085015&id=25956076042,https://detail.tmall.com/item.htm?b_s_f=sycm&b_spm=a21ag.29085015&id=25956076042,https://img.alicdn.com/bao/uploaded/i3/919851856/O1CN01zqetc0bHjlI32pKq_!!4611686018427384656-0-item_pic.jpg,005_25956076042.jpg,"48,734.59 4.15%",31 1.04%,29,"1,680.50",Moonlight family MOONLICHT 月光之家 家装节 FAMILY 超薄迷你弹簧床垫 软硬齐全厚度10-20CM 优惠可叠加 政府补贴官方立减惊喜红包 88VIP 200天免费试睡 15% 12% 150 20年超长质保 3期免息 价保100天 免费取旧 顺丰 SF 0胶+5A双重认证 到家
6,783167304430,麻师傅全拆薄S形天然黄麻床垫1.8米家用10cm儿童老人护脊加硬椰棕,麻师傅家具旗舰店,未透出,护脊偏硬支撑 | 环保椰棕/黄麻,平台/政府大额补贴,促销大字报冲击型,https://detail.tmall.com/item.htm?b_s_f=sycm&b_spm=a21ag.29085015&id=783167304430,https://detail.tmall.com/item.htm?b_s_f=sycm&b_spm=a21ag.29085015&id=783167304430,https://img.alicdn.com/bao/uploaded/i3/2217706005293/O1CN01OkVRVoHd0ZK1chua_!!4611686018427380525-0-item_pic.jpg,006_783167304430.jpg,"43,560.98 3.71%",44 1.47%,39,"1,116.95",麻师傅 ? 6-20cm黄麻床垫 偏硬护脊腰轻松 政府补贴 15% 家装节 12% 48小时 中青年/老人/孕童 顺丰发货
7,15290005941,月光之家天然黄麻床垫子家用儿童硬薄全拆乳胶椰棕1.8m榻榻米定制,moonlightfamily旗舰店,未透出,天然乳胶 | 环保椰棕/黄麻,平台/政府大额补贴 | 免费试睡保障 | 热销爆款背书 | 花呗免息分期 | 官方正品权威背书,促销大字报冲击型,https://detail.tmall.com/item.htm?b_s_f=sycm&b_spm=a21ag.29085015&id=15290005941,https://detail.tmall.com/item.htm?b_s_f=sycm&b_spm=a21ag.29085015&id=15290005941,https://img.alicdn.com/bao/uploaded/i3/919851856/O1CN01MGQTLIsLJgD32pKq_!!4611686018427384656-0-item_pic.jpg,007_15290005941.jpg,"33,367.27 2.84%",28 0.94%,23,"1,450.75",Moonlightfamily ONNOON 家装节 FAMILY 月光之家 O胶 全拆可洗软硬可调 累计爆卖超9万张 优惠可叠加 政府补贴官方立减惊喜红包 88VIP 200天免费试睡 15% 12% 150 20年超长质保 3期免息 价保100天 免费取旧 天猫榜单 48小时顺丰速发 SF 热销榜好评榜
8,650423226539,派乐熊儿童专用床垫护脊0胶弹簧偏硬席梦思青少年家用甲醛无超标,派乐熊儿童床垫品牌店,未透出,护脊偏硬支撑,平台/政府大额补贴,促销大字报冲击型 | 产品材质分层结构拆解型,https://detail.tmall.com/item.htm?b_s_f=sycm&b_spm=a21ag.29085015&id=650423226539,https://detail.tmall.com/item.htm?b_s_f=sycm&b_spm=a21ag.29085015&id=650423226539,https://img.alicdn.com/bao/uploaded/i1/371424161/O1CN01W79SKTig1fL1chua_!!371424161.jpg,008_650423226539.jpg,"28,943.86 2.46%",24 0.80%,17,"1,702.58",派乐熊×专注儿童健康睡眠 面料层全拆可清洗 15% 政府补贴 因地区差异，补贴(优惠）信息详见支付页面 家装节 88VIP消费券 2W 立减12% 88VIP专享 儿童 美国出口品质+5A双认证 双线加固独立弹簧 专用
9,40640084764,儿童护脊黄麻乳胶床垫家用环保席梦思高低床天然椰棕垫1.2m折叠,铂马仕旗舰店,￥500,护脊偏硬支撑 | 天然乳胶 | 环保椰棕/黄麻,平台/政府大额补贴 | 免费试睡保障 | 买赠高价值赠品 | 官方正品权威背书,促销大字报冲击型,https://detail.tmall.com/item.htm?b_s_f=sycm&b_spm=a21ag.29085015&id=40640084764,https://detail.tmall.com/item.htm?b_s_f=sycm&b_spm=a21ag.29085015&id=40640084764,https://img.alicdn.com/bao/uploaded/i2/2165873208/O1CN01jrRP6b6X3XC2vH2e_!!4611686018427386424-0-item_pic.jpg,009_40640084764.jpg,"28,801.18 2.45%",28 0.94%,25,"1,152.05",铂马仕 家装节 POMOSER 儿童S黄麻床垫 A类母婴标准 拒绝胶水甲醛 双重补贴拍不立减！ 惊喜红包限时抢！ 政府补贴 官方补贴 惊喜红包 88折消费券 立减15% 立减12% 不止9折至高减500元 详见支付页面 可叠加店铺券 88VIP可用 送 单品直降约 现货速发顺丰到家 限部分 咨询 抢舒睡枕X2 尺寸地区 37% 200天真正免费试睡
10,691510768993,睡眠骑士乳胶床垫五星级酒店薄款独立弹簧10cm席梦思15cm家用公分,睡眠骑士床垫企业店,未透出,天然乳胶,免费试睡保障 | 买赠高价值赠品 | 花呗免息分期 | 官方正品权威背书,标准电商综合展示型,https://detail.tmall.com/item.htm?b_s_f=sycm&b_spm=a21ag.29085015&id=691510768993,https://detail.tmall.com/item.htm?b_s_f=sycm&b_spm=a21ag.29085015&id=691510768993,https://img.alicdn.com/bao/uploaded/i4/720743073/O1CN01Nea37OVgfpB2vH2e_!!720743073.jpg,010_691510768993.jpg,"28,759.00 2.45%",17 0.57%,16,"1,797.44",SLEEP 官方优选 睡眠骑士 KNIGHT 超薄独立弹簧床垫 可选厚度10/12/15厘米 9-15CM 200天免费试睡 20年超长质保 酒店睡感 SF 48小时顺丰速发 部分尺寸 及地区 花呗分期免息 365天免费仓储 免费送货到家
11,728968513494,派乐熊全拆儿童床垫护脊加密弹簧青少年学生家用席梦思0胶水工艺,派乐熊旗舰店,未透出,护脊偏硬支撑,平台/政府大额补贴,促销大字报冲击型,https://detail.tmall.com/item.htm?b_s_f=sycm&b_spm=a21ag.29085015&id=728968513494,https://detail.tmall.com/item.htm?b_s_f=sycm&b_spm=a21ag.29085015&id=728968513494,https://img.alicdn.com/bao/uploaded/i2/2215984907648/O1CN0111kTrXcHdmJ1chua_!!4611686018427381120-0-item_pic.jpg,011_728968513494.jpg,"22,195.17 1.89%",15 0.50%,15,"1,479.68",派乐熊×专注儿童健康睡眠 2160加密酷布小弹簧 15% 政府补贴 因地区差异，补贴(优惠)信息详见支付页面 家装节 88VIP消费券 立减12% 88VIP专享 A类 美国出口品质+5A双认证 纯棉 全拆软硬睡感可调节
12,893138674729,麻师傅天然S形黄麻床垫叠加软床专用加硬神器儿童老人护腰脊椰棕,麻师傅家具旗舰店,未透出,护脊偏硬支撑 | 环保椰棕/黄麻,平台/政府大额补贴,促销大字报冲击型,https://detail.tmall.com/item.htm?b_s_f=sycm&b_spm=a21ag.29085015&id=893138674729,https://detail.tmall.com/item.htm?b_s_f=sycm&b_spm=a21ag.29085015&id=893138674729,https://img.alicdn.com/bao/uploaded/i4/2217706005293/O1CN01GSqhqusyJaG1chua_!!4611686018427380525-0-item_pic.jpg,012_893138674729.jpg,"18,830.49 1.60%",26 0.87%,25,753.22,麻师傅 ? 软垫加硬神器 3-5cm硬黄麻床垫 政府补贴 15% + 家装节 12% 48小时 青年/老人/孕婴童 顺丰发货
13,521995661165,月光之家五星级酒店乳胶床垫家庭用超软独立弹簧席梦思1.8米加厚,moonlightfamily旗舰店,未透出,天然乳胶,平台/政府大额补贴 | 免费试睡保障 | 花呗免息分期 | 官方正品权威背书,促销大字报冲击型,https://detail.tmall.com/item.htm?b_s_f=sycm&b_spm=a21ag.29085015&id=521995661165,https://detail.tmall.com/item.htm?b_s_f=sycm&b_spm=a21ag.29085015&id=521995661165,https://img.alicdn.com/bao/uploaded/i4/919851856/O1CN01Cx58UXUGLTG32pKq_!!4611686018427384656-0-item_pic.jpg,013_521995661165.jpg,"16,502.00 1.40%",9 0.30%,7,"2,357.43",Moonlight family MOONLICHT 月光之家 家装节 FAMILY 超软五星级酒店睡感 超软偏软厚度22-30CM Olenguyong 用光之家·品保 Moonlight family THSISAHOTSELING MATTRESS 优惠可叠加 政府补贴官方立减惊喜红包 88VIP 200天免费试睡 15% 12% 150 20年超长质保 3期免息 价保100天 免费取旧 顺丰 SF 0胶+5A双重认证 到家
14,871914448139,派乐熊儿童专用床垫加密独立袋弹簧青少年偏硬护脊席梦思学生家用,PARELER BEAR旗舰店,未透出,护脊偏硬支撑 | 独立袋装弹簧,平台/政府大额补贴,促销大字报冲击型,https://detail.tmall.com/item.htm?b_s_f=sycm&b_spm=a21ag.29085015&id=871914448139,https://detail.tmall.com/item.htm?b_s_f=sycm&b_spm=a21ag.29085015&id=871914448139,https://img.alicdn.com/bao/uploaded/i4/2219146481808/O1CN016zbwYtFXi1C1chua_!!4611686018427383952-0-item_pic.jpg,014_871914448139.jpg,"16,088.84 1.37%",16 0.54%,14,"1,149.20",派乐熊×专注儿童健康睡眠 2160颗专利儿童小弹簧 派东 15% 政府补贴 因地区差异，补贴(优惠)信息详见支付页面 家装节 88VIP消费券 立减12% 88VIP专享 儿童 美国出口品质+5A双认证 专用 静音护脊加密独立袋弹簧
15,866382200003,甜蜜睡眠床垫马尾毛手工拉扣席梦思独立袋装弹簧乳胶护脊卧室家用,甜蜜睡眠旗舰店,未透出,护脊偏硬支撑 | 天然乳胶 | 独立袋装弹簧,平台/政府大额补贴 | 买赠高价值赠品 | 花呗免息分期 | 官方正品权威背书,促销大字报冲击型,https://detail.tmall.com/item.htm?b_s_f=sycm&b_spm=a21ag.29085015&id=866382200003,https://detail.tmall.com/item.htm?b_s_f=sycm&b_spm=a21ag.29085015&id=866382200003,https://img.alicdn.com/bao/uploaded/i3/2215897735682/O1CN01XfXIupbAQvG2R3rs_!!4611686018427380226-0-item_pic.jpg,015_866382200003.jpg,"15,695.06 1.33%",5 0.17%,5,"3,139.01",甜蜜睡眠丨暮云系列 家装节 Tianmishuimian 母婴级环保 通过280余项检测认证 0胶床垫 政府补贴！！ 15% 9折券 无门槛消费券（至高减150） 88VIP专享 甜蜜睡眠 Zzz sweet seep matress 2件再享折上折，买越多省越多！ 综合补贴到手价： 政府 官方 店铺 至高省 38% 2018 ? + + 补贴 立减 优惠 起 全国送货入户 赠大件运费险 花呗分期免息 365天免费囤货
16,616295938570,睡眠骑士乳胶超软席梦思床垫独立弹簧30cm加厚五星级酒店软垫2米,睡眠骑士床垫企业店,未透出,天然乳胶,免费试睡保障 | 买赠高价值赠品 | 花呗免息分期 | 官方正品权威背书,标准电商综合展示型,https://detail.tmall.com/item.htm?b_s_f=sycm&b_spm=a21ag.29085015&id=616295938570,https://detail.tmall.com/item.htm?b_s_f=sycm&b_spm=a21ag.29085015&id=616295938570,https://img.alicdn.com/bao/uploaded/i3/720743073/O1CN01KVWZQp1YZUESRP0qh_!!720743073.jpg,016_616295938570.jpg,"15,605.00 1.33%",9 0.30%,6,"2,600.83","SLEEP"""" 睡眠骑士 官方优选 KNIGHT 五星级酒店床垫 加厚乳胶|奢享睡感 30CM 200天免费试睡|20年超长质保 加厚超软 48小时顺丰速发 部分尺寸 及地区 花呗分期免息 365天免费仓储 免费送货到家"
17,685270598397,睡眠骑士五星酒店席梦思款床垫15cm厚乳胶记忆棉家用软垫20cm双面,睡眠骑士床垫企业店,未透出,天然乳胶 | 零压记忆棉 | 双面双睡感/可拆洗,免费试睡保障 | 买赠高价值赠品 | 花呗免息分期 | 官方正品权威背书,标准电商综合展示型,https://detail.tmall.com/item.htm?b_s_f=sycm&b_spm=a21ag.29085015&id=685270598397,https://detail.tmall.com/item.htm?b_s_f=sycm&b_spm=a21ag.29085015&id=685270598397,https://img.alicdn.com/bao/uploaded/i1/720743073/O1CN01TgnPdW1YZUESnw6Gt_!!720743073.jpg,017_685270598397.jpg,"15,468.84 1.32%",9 0.30%,8,"1,933.61",SLEEP° 睡眠骑士 官方优选 KNIGHT 五星级酒店床垫 厚度:20/22/24cm 15-24cm 200天免费试睡|20年超长质保 酒店睡感 现货速发顺丰送到家 部分尺寸 及地区 花呗分期免息 365天免费仓储 免费送货到家
18,788140809544,15公分薄独立袋弹簧床垫家用10cm12含乳胶黄麻儿童榻榻米席梦思,麻师傅家具旗舰店,未透出,天然乳胶 | 独立袋装弹簧 | 环保椰棕/黄麻,平台/政府大额补贴,促销大字报冲击型,https://detail.tmall.com/item.htm?b_s_f=sycm&b_spm=a21ag.29085015&id=788140809544,https://detail.tmall.com/item.htm?b_s_f=sycm&b_spm=a21ag.29085015&id=788140809544,https://img.alicdn.com/bao/uploaded/i4/2217706005293/O1CN014s1wi9Dml7L1chua_!!4611686018427380525-0-item_pic.jpg,018_788140809544.jpg,"12,044.16 1.02%",13 0.44%,11,"1,094.92",麻师傅 ? 10-15cm薄弹簧床垫 软硬适中不咯腰 政府补贴 15% M 家装节 12% 72小 小时 高箱\储物\榻榻米 顺丰发货
19,639619273082,【睡眠骑士呼呼】儿童床垫 青少年S黄麻榻榻米硬垫乳胶护脊上下铺,睡眠骑士床垫企业店,未透出,护脊偏硬支撑 | 天然乳胶 | 环保椰棕/黄麻 | 抗菌防螨健康,免费试睡保障 | 买赠高价值赠品 | 花呗免息分期 | 官方正品权威背书,标准电商综合展示型,https://detail.tmall.com/item.htm?b_s_f=sycm&b_spm=a21ag.29085015&id=639619273082,https://detail.tmall.com/item.htm?b_s_f=sycm&b_spm=a21ag.29085015&id=639619273082,https://img.alicdn.com/bao/uploaded/i4/720743073/O1CN01sfmNoR1YZUGUkKiyY_!!720743073.jpg,019_639619273082.jpg,"11,792.00 1.00%",9 0.30%,9,"1,310.22",SLEEP. 睡眠骑士 官方优选 KNIGHT 呼呼款·0胶水床垫 S型黄麻内芯|抑菌防螨 15-24CM 现货速发顺丰送到家 SF 加硬护脊 部分尺寸及地区详情咨询客服 200天免费试睡 花呗分期免息 365天免费仓储 免费送货到家
20,1025218536548,派乐熊儿童全拆S形黄麻床垫学生宿舍上下铺加硬护脊青少年榻榻米,PARELER BEAR旗舰店,未透出,护脊偏硬支撑 | 环保椰棕/黄麻 | 双面双睡感/可拆洗,平台/政府大额补贴,促销大字报冲击型,https://detail.tmall.com/item.htm?b_s_f=sycm&b_spm=a21ag.29085015&id=1025218536548,https://detail.tmall.com/item.htm?b_s_f=sycm&b_spm=a21ag.29085015&id=1025218536548,https://img.alicdn.com/bao/uploaded/i1/2219146481808/O1CN01JKXQgJFF7zJ1chua_!!4611686018427383952-0-item_pic.jpg,020_1025218536548.jpg,"9,919.92 0.84%",11 0.37%,9,"1,102.21",派乐熊×专注儿童健康睡眠 全拆儿童S形黄麻床垫 15% 政府补贴 因地区差异，补贴(优惠)信息详见支付页面 家装节 88VIP消费券 立减12% 88VIP专享 儿童 美国出口品质+5A双认证 专用 榻榻米/上下铺/折叠可定制
21,1046478563403,月光之家全拆家庭用床垫薄款独立弹簧乳胶记忆棉黄麻席梦思1.8米,moonlightfamily旗舰店,未透出,天然乳胶 | 环保椰棕/黄麻 | 零压记忆棉,平台/政府大额补贴 | 免费试睡保障 | 花呗免息分期 | 官方正品权威背书,促销大字报冲击型,https://detail.tmall.com/item.htm?b_s_f=sycm&b_spm=a21ag.29085015&id=1046478563403,https://detail.tmall.com/item.htm?b_s_f=sycm&b_spm=a21ag.29085015&id=1046478563403,https://img.alicdn.com/bao/uploaded/i3/919851856/O1CN016GUsCkB01pF32pKq_!!4611686018427384656-0-item_pic.jpg,021_1046478563403.jpg,"9,763.08 0.83%",6 0.20%,5,"1,952.62",Moonlight family MOONLICHT 月光之家 家装节 FAMILY 超薄全拆弹簧床垫 软硬可调厚度12-20CM 优惠可叠加 政府补贴官方立减惊喜红包 88VIP 200天免费试睡 15% 12% 150 20年超长质保 3期免息 价保100天 免费取旧 顺丰 SF 0胶+5A双重认证 到家
22,730136503602,派乐熊儿童全拆S形黄麻床垫学生宿舍上下铺加硬护脊青少年榻榻米,派乐熊旗舰店,未透出,护脊偏硬支撑 | 环保椰棕/黄麻 | 双面双睡感/可拆洗,平台/政府大额补贴,促销大字报冲击型,https://detail.tmall.com/item.htm?b_s_f=sycm&b_spm=a21ag.29085015&id=730136503602,https://detail.tmall.com/item.htm?b_s_f=sycm&b_spm=a21ag.29085015&id=730136503602,https://img.alicdn.com/bao/uploaded/i2/2215984907648/O1CN015fWAEm1c4xL1chua_!!4611686018427381120-0-item_pic.jpg,022_730136503602.jpg,"9,414.69 0.80%",12 0.40%,10,941.47,派乐熊×专注儿童健康睡眠 全拆儿童S形黄麻床垫 15% 政府补贴 因地区差异，补贴(优惠)信息详见支付页面 家装节 88VIP消费券 立减12% 88VIP专享 儿童 美国出口品质+5A双认证 专用 榻榻米/上下铺/折叠可定制
23,693457489039,派乐熊儿童全拆S形黄麻床垫学生宿舍上下铺加硬护脊青少年榻榻米,派乐熊儿童床垫品牌店,未透出,护脊偏硬支撑 | 环保椰棕/黄麻 | 双面双睡感/可拆洗,平台/政府大额补贴,促销大字报冲击型,https://detail.tmall.com/item.htm?b_s_f=sycm&b_spm=a21ag.29085015&id=693457489039,https://detail.tmall.com/item.htm?b_s_f=sycm&b_spm=a21ag.29085015&id=693457489039,https://img.alicdn.com/bao/uploaded/i4/371424161/O1CN01GAKVgwkHy2L1chua_!!371424161.jpg,023_693457489039.jpg,"8,684.94 0.74%",10 0.34%,7,"1,240.71",派乐熊×专注儿童健康睡眠 全拆儿童S形黄麻床垫 15% 政府补贴 因地区差异，补贴(优惠)信息详见支付页面 家装节 88VIP消费券 立减12% 88VIP专享 儿童 美国出口品质+5A双认证 专用 榻榻米/上下铺/折叠可定制
24,816598391499,凯菲露乳胶床垫独立弹簧卧室家用防塌护脊黄麻硬垫22cm厚酒店睡感,凯菲露家具旗舰店,未透出,护脊偏硬支撑 | 天然乳胶 | 环保椰棕/黄麻 | 智能调节深睡,平台/政府大额补贴 | 免费试睡保障 | 免费送装一体 | 热销爆款背书 | 买赠高价值赠品 | 官方正品权威背书,促销大字报冲击型,https://detail.tmall.com/item.htm?b_s_f=sycm&b_spm=a21ag.29085015&id=816598391499,https://detail.tmall.com/item.htm?b_s_f=sycm&b_spm=a21ag.29085015&id=816598391499,https://img.alicdn.com/bao/uploaded/i4/2218234661637/O1CN01GSWXKUkhxHF1chua_!!4611686018427382533-0-item_pic.jpg,024_816598391499.jpg,"8,600.04 0.73%",8 0.27%,5,"1,720.01",KKAIFEL凯菲露×天猫家装节 官方5A质量等级认证 本店销量 TOP1 评价有礼 ￥20 咨询客服领 KAIFEL 评价有礼 返20元红包 抢 多重优惠 全店立减12% 政府补贴15% 150元券 咨询客服享好礼 叠加立减 限时补贴拍下立减 下拉详情了解更多 + 88VIP消费券 叠加至高减 原生黄麻拒绝甲醛无惧塌陷 48% 顺丰速发送货上楼 限部分 100天真正免费试睡 尺寸地区
25,826409177301,睡眠骑士乳胶床垫硬垫30cm厚加硬独立袋弹簧五星级酒店黄麻护脊,睡眠骑士床垫企业店,未透出,护脊偏硬支撑 | 天然乳胶 | 独立袋装弹簧 | 环保椰棕/黄麻,免费试睡保障 | 买赠高价值赠品 | 花呗免息分期 | 官方正品权威背书,产品材质分层结构拆解型,https://detail.tmall.com/item.htm?b_s_f=sycm&b_spm=a21ag.29085015&id=826409177301,https://detail.tmall.com/item.htm?b_s_f=sycm&b_spm=a21ag.29085015&id=826409177301,https://img.alicdn.com/bao/uploaded/i3/720743073/O1CN016MZ9Zc1YZUESmXEAG_!!720743073.jpg,025_826409177301.jpg,"8,529.00 0.73%",5 0.17%,3,"2,843.00",SLEEP° 睡眠骑士 官方优选 KNIGHT 五星级护脊撑腰 3D支撑层|加硬护脊 30CM 200天免费试睡 |20年超长质保 加硬护脊 现货速发 顺丰送到家 部分尺寸 及地区 花呗分期免息 365天免费仓储 免费送货到家
26,1060750230053,麻师傅中老年人护腰脊神器偏硬黄麻独立弹簧床垫家用席梦思20cm厚,麻师傅诺隆专卖店,未透出,护脊偏硬支撑 | 环保椰棕/黄麻,平台/政府大额补贴,促销大字报冲击型,https://detail.tmall.com/item.htm?b_s_f=sycm&b_spm=a21ag.29085015&id=1060750230053,https://detail.tmall.com/item.htm?b_s_f=sycm&b_spm=a21ag.29085015&id=1060750230053,https://img.alicdn.com/bao/uploaded/i1/2221163466073/O1CN01ksG3Gliph2I21stE_!!4611686018427383129-0-item_pic.jpg,026_1060750230053.jpg,"8,303.00 0.71%",8 0.27%,7,"1,186.14",麻师傅 ? 中老年专用 硬弹簧床垫 政府补贴 15% + 家装节 12% 顺丰 加硬护脊腰轻松 发货
27,878994904392,悠梦思酒店弹簧床垫15cm薄乳胶黄麻1.8席梦思家用椰棕垫子软垫,yarges悠梦思旗舰店,未透出,天然乳胶 | 环保椰棕/黄麻,平台/政府大额补贴 | 免费试睡保障 | 买赠高价值赠品 | 花呗免息分期 | 官方正品权威背书,促销大字报冲击型,https://detail.tmall.com/item.htm?b_s_f=sycm&b_spm=a21ag.29085015&id=878994904392,https://detail.tmall.com/item.htm?b_s_f=sycm&b_spm=a21ag.29085015&id=878994904392,https://img.alicdn.com/bao/uploaded/i4/2215907225135/O1CN01ybay1s2BLBH2vH2e_!!4611686018427383343-0-item_pic.jpg,027_878994904392.jpg,"7,577.05 0.64%",7 0.23%,7,"1,082.44",YARGES悠梦思 15cm薄弹簧床垫 101天真正免费试睡 88 活动下单即享 折 YARGES悠梦思 88消费券 （立即抢购无需凑单） 限时立享至高减150元 88VIP可用 数量有限详情咨询客服 天猫家装节 抢 政府补贴15% 因地区差异，补贴信息详情请见支付页面！ 官方立减12% 下单入会“抢 99 舒睡枕x2 现货下单顺丰速发 质保20年 限部分 尺寸地区 免费送货到家 分期免息 1365天免费仓储
28,640048898334,睡眠骑士儿童床垫0胶0甲醛护脊偏硬20cm独立袋弹簧乳胶青少年专用,睡眠骑士床垫企业店,未透出,护脊偏硬支撑 | 天然乳胶 | 独立袋装弹簧 | 环保椰棕/黄麻 | 亲肤透气面料,免费试睡保障 | 买赠高价值赠品 | 花呗免息分期 | 官方正品权威背书,标准电商综合展示型,https://detail.tmall.com/item.htm?b_s_f=sycm&b_spm=a21ag.29085015&id=640048898334,https://detail.tmall.com/item.htm?b_s_f=sycm&b_spm=a21ag.29085015&id=640048898334,https://img.alicdn.com/bao/uploaded/i1/720743073/O1CN01l2ghWxskjeD2vH2e_!!720743073.jpg,028_640048898334.jpg,"7,260.00 0.62%",5 0.17%,5,"1,452.00",SLEEP 官方优选 睡眠骑士 KNIGHT 呼呼款 TOHELLWITH i9ooz 透气支撑·儿童床垫 空气纤维一天然黄麻 10-24CM 现货速发顺丰送到家 SF 加硬护脊 部分尺寸及地区详情咨询客服 200天免费试睡 花呗分期免息 365天免费仓储 免费送货到家
29,721092643270,睡眠骑士记忆棉床垫五星级酒店床垫卧室加厚乳胶30cm厚家用软垫,睡眠骑士床垫企业店,未透出,天然乳胶 | 零压记忆棉,免费试睡保障 | 买赠高价值赠品 | 花呗免息分期 | 官方正品权威背书,标准电商综合展示型,https://detail.tmall.com/item.htm?b_s_f=sycm&b_spm=a21ag.29085015&id=721092643270,https://detail.tmall.com/item.htm?b_s_f=sycm&b_spm=a21ag.29085015&id=721092643270,https://img.alicdn.com/bao/uploaded/i1/720743073/O1CN01LUfxMa1YZUESUoVg9_!!720743073.jpg,029_721092643270.jpg,"6,678.00 0.57%",4 0.13%,4,"1,669.50",SLEEP° 睡眠骑士 官方优选 KNIGHT 记忆棉酒店床垫 舒适睡感5CM记忆棉 uydogs 30CM 200天免费试睡 20年超长质保 加厚贴合 现货速发 顺丰送到家 部分尺寸 及地区 花呗分期免息 365天免费仓储 免费送货到家
30,1051956336669,麻师傅全拆席梦思床垫酷布独立袋弹簧酒店记忆棉乳胶软硬可调家用,麻师傅舒梦专卖店,未透出,天然乳胶 | 独立袋装弹簧 | 零压记忆棉,平台/政府大额补贴 | 买赠高价值赠品,促销大字报冲击型,https://detail.tmall.com/item.htm?b_s_f=sycm&b_spm=a21ag.29085015&id=1051956336669,https://detail.tmall.com/item.htm?b_s_f=sycm&b_spm=a21ag.29085015&id=1051956336669,https://img.alicdn.com/bao/uploaded/i4/2221247863396/O1CN01FCGZvfuX4wB1chua_!!4611686018427386468-0-item_pic.jpg,030_1051956336669.jpg,"6,571.92 0.56%",6 0.20%,6,"1,095.32",麻师傅 ? 全拆软硬睡感可调节 政府补贴 15% + 家装节 12% Masu岛傅 拒绝 下单赠送大件运费险 甲醛 静音酷布独立袋弹簧
31,42242821658,铂马仕 加厚进口乳胶床垫 超软席梦思弹簧床垫1.5m 1.8米单双人,铂马仕旗舰店,￥500,天然乳胶,平台/政府大额补贴 | 买赠高价值赠品 | 官方正品权威背书,促销大字报冲击型,https://detail.tmall.com/item.htm?b_s_f=sycm&b_spm=a21ag.29085015&id=42242821658,https://detail.tmall.com/item.htm?b_s_f=sycm&b_spm=a21ag.29085015&id=42242821658,https://img.alicdn.com/bao/uploaded/i3/2165873208/O1CN01ScF4mXUkiRB2vH2e_!!4611686018427386424-0-item_pic.jpg,031_42242821658.jpg,"6,431.42 0.55%",4 0.13%,4,"1,607.86",铂马仕 家装节 POMOSER 5CM进口乳胶 蜂巢加密弹簧五星级酒店睡眠 ARCHITEC POMOSER POMOSER 双重补贴拍下立减！ 惊喜红包限时抢！ 政府补贴 官方补贴 惊喜红包 88折消费券 立减15% 立减12% 不止9折至高减500元 详见支付页面 可叠加店铺券 88VIP可用 送 单品直降约 现货速发顺丰到家 限部分 咨询客服抢舒睡枕X2 尺寸地区 37% 下单入会享好礼 ￥20 会员专享券 门槛 POMOSER
32,837948013130,甜蜜睡眠朗月床垫偏硬护脊弹簧黄麻无胶水席梦思可拆透气家用卧室,甜蜜睡眠旗舰店,￥1181,护脊偏硬支撑 | 环保椰棕/黄麻 | 亲肤透气面料,平台/政府大额补贴 | 买赠高价值赠品 | 花呗免息分期 | 官方正品权威背书,促销大字报冲击型,https://detail.tmall.com/item.htm?b_s_f=sycm&b_spm=a21ag.29085015&id=837948013130,https://detail.tmall.com/item.htm?b_s_f=sycm&b_spm=a21ag.29085015&id=837948013130,https://img.alicdn.com/bao/uploaded/i3/2215897735682/O1CN01Yf6clFXR1yJ2R3rs_!!4611686018427380226-0-item_pic.jpg,032_837948013130.jpg,"5,862.60 0.50%",3 0.10%,2,"2,931.30",甜蜜睡眠丨朗月系列 家装节 Tianmishuimian 护脊撑腰硬床垫 政府补贴！ 立减 15% （告别腰酸背痛整垫可拆卸） 9折券 无门槛消费券（至高减150） 88VIP专享 Zzz 甜蜜睡眠 sweetsleepmattress 2件再享折上折，买越多省越多！ 综合补贴到手价： 政府 官方 店铺 至高省 1181 43% ￥ + + 补贴 立减 优惠 起 全国送货入户 赠大件运费险 花呗分期免息 365天免费囤货
33,1016986066309,派乐熊儿童专用薄弹簧床垫10cm青少年偏硬席梦思护脊学生家用15厚,PARELER BEAR旗舰店,未透出,护脊偏硬支撑 | 独立袋装弹簧,平台/政府大额补贴,促销大字报冲击型,https://detail.tmall.com/item.htm?b_s_f=sycm&b_spm=a21ag.29085015&id=1016986066309,https://detail.tmall.com/item.htm?b_s_f=sycm&b_spm=a21ag.29085015&id=1016986066309,https://img.alicdn.com/bao/uploaded/i1/2219146481808/O1CN01jFKsNbeMHuF1chua_!!4611686018427383952-0-item_pic.jpg,033_1016986066309.jpg,"5,426.00 0.46%",5 0.17%,5,"1,085.20",派乐熊×专注儿童健康睡眠 1054颗专利儿童小弹簧 15% 政府补贴 因地区差异，补贴（优惠）信息详见支付页面 家装节 88VIP消费券 立减12% 88VIP专享 儿童 8/10/15CM薄弹簧床垫 专用 儿童专用加密独立袋弹簧
34,786030574869,ROZO华夫格席梦思护脊床垫国家补贴适中独立弹簧黄麻乳胶偏硬家用,rozo家具旗舰店,未透出,护脊偏硬支撑 | 天然乳胶 | 环保椰棕/黄麻 | 抗菌防螨健康,平台/政府大额补贴 | 官方正品权威背书,促销大字报冲击型,https://detail.tmall.com/item.htm?b_s_f=sycm&b_spm=a21ag.29085015&id=786030574869,https://detail.tmall.com/item.htm?b_s_f=sycm&b_spm=a21ag.29085015&id=786030574869,https://img.alicdn.com/bao/uploaded/i2/2939975400/O1CN01GIn4jhXXdwG2vH2e_!!4611686018427385576-2-item_pic.png,034_786030574869.jpg,"5,174.76 0.44%",5 0.17%,5,"1,034.95",ROZO? 秋季家装节 X 零胶水 加“硬”承托撑腰护脊 抗菌防螨|拒绝甲醛 实付满1500立减 ￥150 88VIP消费券 实付满480立减 ￥60 88VIP消费券 政府补贴 12% 至高立减约 官方 下单立减 15% 45% 活动 限时优惠券89 咨询客服 全网低价 正品保障·售后无忧·买贵退差价
35,908411378814,铂马仕S黄麻床垫家用卧室薄儿童加硬垫可拆洗无甲醛双人椰棕乳胶,铂马仕旗舰店,￥500,护脊偏硬支撑 | 天然乳胶 | 环保椰棕/黄麻 | 双面双睡感/可拆洗 | 亲肤透气面料,平台/政府大额补贴 | 免费试睡保障 | 买赠高价值赠品 | 官方正品权威背书,促销大字报冲击型,https://detail.tmall.com/item.htm?b_s_f=sycm&b_spm=a21ag.29085015&id=908411378814,https://detail.tmall.com/item.htm?b_s_f=sycm&b_spm=a21ag.29085015&id=908411378814,https://img.alicdn.com/bao/uploaded/i3/2165873208/O1CN01K1yAy9668AI2vH2e_!!4611686018427386424-0-item_pic.jpg,035_908411378814.jpg,"5,135.22 0.44%",5 0.17%,5,"1,027.04",铂马仕 家装节 POMOSER 护脊S黄麻高透气 全拆设计全家人适用的床垫 POMOSER 双重补贴拍下立减！ 惊喜红包限时抢！ 政府补贴 官方补贴 惊喜红包 88折消费券 立减15% 立减12% 不止9折至高减500元 详见支付页面 可叠加店铺券 88VIP可用 送 单品直降约 现货速发顺丰到家 限部分 咨询客服抢舒睡枕X2 尺寸地区 37% 200天真正免费试睡
37,562872250776,席梦思床垫硬垫家用软硬双面椰棕五星酒店薄款15cm厚乳胶弹簧定制,优群家居正品商城,未透出,护脊偏硬支撑 | 天然乳胶 | 环保椰棕/黄麻 | 双面双睡感/可拆洗,平台/政府大额补贴 | 免费试睡保障 | 官方正品权威背书,促销大字报冲击型,https://detail.tmall.com/item.htm?b_s_f=sycm&b_spm=a21ag.29085015&id=562872250776,https://detail.tmall.com/item.htm?b_s_f=sycm&b_spm=a21ag.29085015&id=562872250776,https://img.alicdn.com/bao/uploaded/i4/3346353128/O1CN01C7Eekyyfv1C2vH2e_!!3346353128.jpg,037_562872250776.jpg,"4,815.00 0.41%",3 0.10%,3,"1,605.00",极有家 超级立减 JIYOUJIA.COM 奢享五星优质睡眠 100天免费试睡 塌陷包赔 五年质保支持定制 拒绝甲醛胶水无异味 10 顺丰速发 % 官方优惠 下单立减 （详情咨询客服）
38,1050149631481,国家补贴品味布帆乳胶独立弹簧床垫黄麻1.8米 席梦思双人家用软硬,品味布帆家居旗舰店,未透出,天然乳胶 | 环保椰棕/黄麻,平台/政府大额补贴 | 免费试睡保障 | 买赠高价值赠品 | 花呗免息分期 | 官方正品权威背书,促销大字报冲击型,https://detail.tmall.com/item.htm?b_s_f=sycm&b_spm=a21ag.29085015&id=1050149631481,https://detail.tmall.com/item.htm?b_s_f=sycm&b_spm=a21ag.29085015&id=1050149631481,https://img.alicdn.com/bao/uploaded/i1/2222488681261/O1CN01qXPcZqxexHI21stE_!!4611686018427386669-0-item_pic.jpg,038_1050149631481.jpg,"4,698.38 0.40%",6 0.20%,5,939.68,品味布帆 ? 家装节 权威检测 认证产品 AAAAA质量I睡得放心 品味布筑 双重补贴-下单立减 政府补贴 官方补贴 立减15% 立减12% 详情咨询客服 详情咨询客服 到手价 120天免费试睡 88VIP专享消费券 598 20年超长质保 48小时快速发货 100天保价 夫 3期花呗免息 免费仓储 送货入户无需安装 1.8×2米经典A款
39,743609626271,派乐熊全拆儿童专用薄弹簧床垫青少年偏硬席梦思护脊学生家用15cm,派乐熊旗舰店,未透出,护脊偏硬支撑,平台/政府大额补贴,促销大字报冲击型,https://detail.tmall.com/item.htm?b_s_f=sycm&b_spm=a21ag.29085015&id=743609626271,https://detail.tmall.com/item.htm?b_s_f=sycm&b_spm=a21ag.29085015&id=743609626271,https://img.alicdn.com/bao/uploaded/i3/2215984907648/O1CN01RZh87Nya4SG1chua_!!4611686018427381120-0-item_pic.jpg,039_743609626271.jpg,"4,684.00 0.40%",3 0.10%,3,"1,561.33",派乐熊×专注儿童健康睡眠 全拆儿童薄款弹簧床垫 15% 政府补贴 因地区差异，补贴(优惠)信息详见支付页面 家装节 88VIP消费券 立减12% 88VIP专享 全拆软硬睡感可调节 A类 纯棉 12-15CM儿童薄弹簧床垫
40,1007724840079,睡眠骑士S1 全拆床垫0胶水家用席梦思天然黄麻护脊酷布四叶草弹簧,睡眠骑士床垫企业店,未透出,护脊偏硬支撑 | 环保椰棕/黄麻,免费试睡保障 | 买赠高价值赠品 | 花呗免息分期 | 官方正品权威背书,标准电商综合展示型,https://detail.tmall.com/item.htm?b_s_f=sycm&b_spm=a21ag.29085015&id=1007724840079,https://detail.tmall.com/item.htm?b_s_f=sycm&b_spm=a21ag.29085015&id=1007724840079,https://img.alicdn.com/bao/uploaded/i4/720743073/O1CN01MvNbmRTh29C2vH2e_!!720743073.jpg,040_1007724840079.jpg,"4,534.00 0.39%",2 0.07%,2,"2,267.00",SLEEP 官方优选 睡眠骑士 KNIGHT 整张床垫O胶水 S1全拆|材料可见 林 睡眠骑士 23-25CM 现货速发顺丰送到家 SF 0胶全拆 部分尺寸及地区详情咨询客服 200天免费试睡 花呗分期免息 365天免费仓储 免费送货到家
41,642438274024,ROZO席梦思床垫护脊家用记忆棉乳胶弹簧椰棕双面五星级酒店22cm厚,rozo家具旗舰店,未透出,护脊偏硬支撑 | 天然乳胶 | 环保椰棕/黄麻 | 零压记忆棉 | 双面双睡感/可拆洗,平台/政府大额补贴 | 官方正品权威背书,促销大字报冲击型,https://detail.tmall.com/item.htm?b_s_f=sycm&b_spm=a21ag.29085015&id=642438274024,https://detail.tmall.com/item.htm?b_s_f=sycm&b_spm=a21ag.29085015&id=642438274024,https://img.alicdn.com/bao/uploaded/i3/2939975400/O1CN01wfkpSeSbQwB2vH2e_!!4611686018427385576-2-item_pic.png,041_642438274024.jpg,"4,147.85 0.35%",3 0.10%,3,"1,382.62",ROZO°X J 秋季家装节 黑金系列 双螺旋弹簧床垫 软硬适中丨睡得轻松 实付满1500立减 150 夫 88VIP消费券 实付满480立减 ROZO 60 夫 88VIP消费券 政府补贴 12% 至高立减约 官方 下单立减 15% 45% 活动 叠加使用优惠券 咨询客服
42,595066893675,铂马仕席梦思床垫乳胶弹簧家用双人软垫卧室酒店厚垫1.8m可拆,铂马仕旗舰店,￥500,护脊偏硬支撑 | 天然乳胶 | 智能调节深睡,平台/政府大额补贴 | 免费试睡保障 | 买赠高价值赠品 | 官方正品权威背书,促销大字报冲击型,https://detail.tmall.com/item.htm?b_s_f=sycm&b_spm=a21ag.29085015&id=595066893675,https://detail.tmall.com/item.htm?b_s_f=sycm&b_spm=a21ag.29085015&id=595066893675,https://img.alicdn.com/bao/uploaded/i4/2165873208/O1CN01dq4kYKUg4sE2vH2e_!!4611686018427386424-0-item_pic.jpg,042_595066893675.jpg,"4,136.00 0.35%",3 0.10%,3,"1,378.67",铂马仕 家装节 POMOSER 双核护脊支撑 软硬双核心深睡系统 铂马仕 POMOSER POMOSER 双重补贴拍下立减！ 惊喜红包限时抢！ 政府补贴 官方补贴 88折消费券 惊喜红包 立减15% 立减12% 不止9折至高减500元 详见支付页面 可叠加店铺券 88VIP可用 送 单品直降约 现货速发顺丰到家 限部分 咨询客服抢舒睡枕X2 尺寸地区 37% 100天真正免费试睡
43,973610633655,派乐熊全拆儿童床垫可拆卸0胶水工艺调节软硬护脊独立弹簧席梦思,派乐熊旗舰店,未透出,护脊偏硬支撑,常规销售,产品材质分层结构拆解型,https://detail.tmall.com/item.htm?b_s_f=sycm&b_spm=a21ag.29085015&id=973610633655,https://detail.tmall.com/item.htm?b_s_f=sycm&b_spm=a21ag.29085015&id=973610633655,https://img.alicdn.com/bao/uploaded/i1/2215984907648/O1CN01rz2h2n26MqGB4lhLu_!!4611686018427381120-0-item_pic.jpg,043_973610633655.jpg,"3,999.90 0.34%",2 0.07%,2,"1,999.95",派乐熊×专注儿童健康睡眠 全拆双层护脊弹簧床垫 派乐熊 Pareler Bear A类 全拆软硬睡感可调节 纯棉 四叶形0胶工艺酷布袋弹簧
44,788457904913,加密独立袋弹簧偏硬护脊床垫黄麻席梦思乳胶硬20cm记忆棉床垫,CEFALU旗舰店,未透出,护脊偏硬支撑 | 天然乳胶 | 独立袋装弹簧 | 环保椰棕/黄麻 | 零压记忆棉 | 亲肤透气面料,平台/政府大额补贴 | 免费试睡保障 | 买赠高价值赠品,促销大字报冲击型,https://detail.tmall.com/item.htm?b_s_f=sycm&b_spm=a21ag.29085015&id=788457904913,https://detail.tmall.com/item.htm?b_s_f=sycm&b_spm=a21ag.29085015&id=788457904913,https://img.alicdn.com/bao/uploaded/i3/1692273605/O1CN01bj9cwY5LCnC2vH2e_!!4611686018427382725-0-item_pic.jpg,044_788457904913.jpg,"3,839.00 0.33%",4 0.13%,3,"1,279.67",® 甄选 CEFALU× 超级立减 尖货 OTIIIN 1258个加密小弹簧 护脊撑腰睡感可选 15 再省% 可叠加店内任何优惠活动 政府补贴 快递包邮 免费试睡200天 享政府补贴 预计下单直降 25% 优惠直降10%叠加使用 （环保透气软硬可选拒绝甲醛送货上门） 详情咨询客服
45,532960004497,棕葆王国天然环保黄麻椰棕床垫儿童3e棕1.35米榻榻米棕榈加硬神器,棕葆王国品牌店,未透出,护脊偏硬支撑 | 环保椰棕/黄麻 | 双面双睡感/可拆洗,平台/政府大额补贴 | 免费试睡保障 | 买赠高价值赠品 | 花呗免息分期,促销大字报冲击型,https://detail.tmall.com/item.htm?b_s_f=sycm&b_spm=a21ag.29085015&id=532960004497,https://detail.tmall.com/item.htm?b_s_f=sycm&b_spm=a21ag.29085015&id=532960004497,https://img.alicdn.com/bao/uploaded/i1/251231227/O1CN01EHsGlH6hScC2vH2e_!!251231227.jpg,045_532960004497.jpg,"3,509.00 0.30%",4 0.13%,3,"1,169.67",超级立减 棕葆王国 可拆洗 环保无胶 保护脊椎为你撑腰 S型环保精细黄麻有异味退全款 立减 活动优惠 软硬两用 体验双重睡感 10% 免费试睡 保 20年不塌陷 花呗3期免息 顺丰送货入户
46,769966237344,月光之家乳胶弹簧床垫1.8米家用软垫席梦思 1.5m记忆棉黄麻棕垫硬,moonlightfamily旗舰店,未透出,天然乳胶 | 环保椰棕/黄麻 | 零压记忆棉,平台/政府大额补贴 | 免费试睡保障 | 热销爆款背书 | 花呗免息分期 | 官方正品权威背书,促销大字报冲击型,https://detail.tmall.com/item.htm?b_s_f=sycm&b_spm=a21ag.29085015&id=769966237344,https://detail.tmall.com/item.htm?b_s_f=sycm&b_spm=a21ag.29085015&id=769966237344,https://img.alicdn.com/bao/uploaded/i4/919851856/O1CN01hfneo6H41oG32pKq_!!4611686018427384656-0-item_pic.jpg,046_769966237344.jpg,"3,455.00 0.29%",2 0.07%,2,"1,727.50",Moonlight family MOONLICHT 月光之家 家装节 FAMILY 店铺销冠PLUS系列 软硬齐全厚度21-25CM Moonligu family 优惠可叠加 政府补贴官方立减惊喜红包 88VIP 200天免费试睡 15% 12% 150 20年超长质保 3期免息 价保100天 免费取旧 顺丰 SF 0胶+5A双重认证 到家
48,1028454725472,儿童护脊黄麻乳胶折叠床垫家用环保席梦思高低床天然椰棕1.2m定制,铂马仕旗舰店,￥500,护脊偏硬支撑 | 天然乳胶 | 环保椰棕/黄麻,平台/政府大额补贴 | 买赠高价值赠品 | 官方正品权威背书,促销大字报冲击型,https://detail.tmall.com/item.htm?b_s_f=sycm&b_spm=a21ag.29085015&id=1028454725472,https://detail.tmall.com/item.htm?b_s_f=sycm&b_spm=a21ag.29085015&id=1028454725472,https://img.alicdn.com/bao/uploaded/i1/2165873208/O1CN01x7dE7RRZ98G2vH2e_!!4611686018427386424-0-item_pic.jpg,048_1028454725472.jpg,"3,358.59 0.29%",4 0.13%,3,"1,119.53",铂马仕 家装节 POMOSER 儿童折叠黄麻垫 榻榻米可用便捷收纳 轻松搬运 双重补贴拍下立减！ 惊喜红包限时抢！ 政府补贴 官方补贴 惊喜红包 88折消费券 立减15% 立减12% 不止9折至高减500元 详见支付页面 可叠加店铺券 88VIP可用 送 单品直降约 现货速发顺丰到家 限部分 咨询客服抢舒睡枕X2 尺寸地区 37% 下单入会享好礼 ￥20 会员专享券 门槛 POMOSER
49,714642283854,派乐熊全拆儿童床垫0胶水工艺酷布独立袋弹簧青少年护脊硬席梦思,派乐熊儿童床垫品牌店,未透出,护脊偏硬支撑 | 独立袋装弹簧,常规销售,标准电商综合展示型,https://detail.tmall.com/item.htm?b_s_f=sycm&b_spm=a21ag.29085015&id=714642283854,https://detail.tmall.com/item.htm?b_s_f=sycm&b_spm=a21ag.29085015&id=714642283854,https://img.alicdn.com/bao/uploaded/i1/371424161/O1CN01ZhOkB01gbnB78gsut_!!371424161.jpg,049_714642283854.jpg,"3,269.76 0.28%",2 0.07%,1,"3,269.76",派乐熊×专注儿童健康睡眠 全拆1480颗四叶形0胶弹簧 派乐熊 Pareler Bear A类 全拆软硬睡感可调节 纯棉 儿童专用0胶加密酷布弹簧
50,15292785950,月光之家天然纯乳胶床垫超薄可全拆分区按摩软榻榻米1.8米可定制,moonlightfamily旗舰店,未透出,天然乳胶 | 双面双睡感/可拆洗,平台/政府大额补贴 | 免费试睡保障 | 花呗免息分期 | 官方正品权威背书,促销大字报冲击型,https://detail.tmall.com/item.htm?b_s_f=sycm&b_spm=a21ag.29085015&id=15292785950,https://detail.tmall.com/item.htm?b_s_f=sycm&b_spm=a21ag.29085015&id=15292785950,https://img.alicdn.com/bao/uploaded/i3/919851856/O1CN01Ruhi3JVbMXK32pKq_!!4611686018427384656-0-item_pic.jpg,050_15292785950.jpg,"3,149.00 0.27%",2 0.07%,2,"1,574.50",Moonlight family MOONLICHT 月光之家 家装节 FAMILY 全拆可洗纯乳胶床垫 适中偏软厚度6-13CM 优惠可叠加 政府补贴官方立减惊喜红包 88VIP 200天免费试睡 15% 12% 150 20年超长质保 3期免息 价保100天 免费取旧 顺丰 SF 0胶+5A双重认证 到家
51,826540116802,睡眠骑士五星级酒店床垫双面20cm厚乳胶席梦思硬垫加硬家用记忆棉,睡眠骑士床垫企业店,未透出,护脊偏硬支撑 | 天然乳胶 | 零压记忆棉 | 双面双睡感/可拆洗,免费试睡保障 | 买赠高价值赠品 | 花呗免息分期 | 官方正品权威背书,标准电商综合展示型,https://detail.tmall.com/item.htm?b_s_f=sycm&b_spm=a21ag.29085015&id=826540116802,https://detail.tmall.com/item.htm?b_s_f=sycm&b_spm=a21ag.29085015&id=826540116802,https://img.alicdn.com/bao/uploaded/i4/720743073/O1CN01Xdj6rv1YZUESn9IB0_!!720743073.jpg,051_826540116802.jpg,"3,120.00 0.27%",2 0.07%,1,"3,120.00","SLEEP"""" 睡眠骑士 官方优选 KNIGHT FIVE-STAR HOTEL MATTRESS 五星护脊弹簧床垫 厚度：20/22/24CM 15-24CM 现货速发顺丰送到家 SF 加硬护脊 部分尺寸及地区详情咨询客服 200天免费试睡 花呗分期免息 365天免费仓储 免费送货到家"
52,587602685704,全拆软硬薄独立弹簧床垫高箱10cm15公分含乳胶记忆棉家用榻榻米,布莱轩尼旗舰店,未透出,天然乳胶 | 零压记忆棉,平台/政府大额补贴 | 官方正品权威背书,促销大字报冲击型,https://detail.tmall.com/item.htm?b_s_f=sycm&b_spm=a21ag.29085015&id=587602685704,https://detail.tmall.com/item.htm?b_s_f=sycm&b_spm=a21ag.29085015&id=587602685704,https://img.alicdn.com/bao/uploaded/i4/1104379506/O1CN017BoiRhUnpGC1chua_!!4611686018427387506-0-item_pic.jpg,052_587602685704.jpg,"3,091.00 0.26%",2 0.07%,2,"1,545.50",布莱轩尼 天猫家装节 10-15cm 软硬可调 全拆薄弹簧床垫 家装节立减12% 政府补贴 立减15% 详情咨询客服 TMALL天猫 买贵退差价·售后无忧 家装节 官方立减12% 官方立减12%+政府补贴15%
53,829143171600,铂马仕弹簧床垫乳胶席梦思家用软垫双人卧室椰棕厚硬垫单人1.8米,铂马仕旗舰店,￥500,护脊偏硬支撑 | 天然乳胶 | 环保椰棕/黄麻,平台/政府大额补贴 | 免费试睡保障 | 买赠高价值赠品 | 官方正品权威背书,促销大字报冲击型,https://detail.tmall.com/item.htm?b_s_f=sycm&b_spm=a21ag.29085015&id=829143171600,https://detail.tmall.com/item.htm?b_s_f=sycm&b_spm=a21ag.29085015&id=829143171600,https://img.alicdn.com/bao/uploaded/i3/2165873208/O1CN011b3iree9dLB1chua_!!4611686018427386424-0-item_pic.jpg,053_829143171600.jpg,"3,081.16 0.26%",2 0.07%,2,"1,540.58",铂马仕 家装节 POMOSER 德国品质 良芯好床垫 1886颗专利迷你感应小弹簧 限时领取 惊喜红包 88折消费券 不止9折至高减500元 88VIP可用 POMOSER 双重补贴拍下立减！ 政府补贴 官方补贴 立减15% 立减12% 详见支付页面 可叠加店铺券 官方 120天真正免费试睡 咨询客服抢舒睡枕X2 送 Free 抽检认证 48小时顺丰速发S 发货时效 限部分 尺寸地区
54,1046477892506,麻师傅20cm厚独立弹簧床垫席梦思家用1.8m卧室含乳胶记忆棉软黄麻,麻师傅家具旗舰店,未透出,护脊偏硬支撑 | 天然乳胶 | 环保椰棕/黄麻 | 零压记忆棉,平台/政府大额补贴,促销大字报冲击型,https://detail.tmall.com/item.htm?b_s_f=sycm&b_spm=a21ag.29085015&id=1046477892506,https://detail.tmall.com/item.htm?b_s_f=sycm&b_spm=a21ag.29085015&id=1046477892506,https://img.alicdn.com/bao/uploaded/i2/2217706005293/O1CN015ktxVIzZJuC1chua_!!4611686018427380525-0-item_pic.jpg,054_1046477892506.jpg,"3,051.95 0.26%",3 0.10%,2,"1,525.97",麻师傅 ? 20-22cm厚弹簧床垫 偏硬护脊版 政府补贴 15% + 麻师傅 家装节 MASHFU麻师傅 12% 72 小时 久坐办公族 顺丰发货
55,800087983555,悠梦思乳胶薄款床垫8cm高箱床独立袋弹簧14cm席梦思黄麻榻榻米垫,yarges悠梦思旗舰店,未透出,天然乳胶 | 独立袋装弹簧 | 环保椰棕/黄麻,平台/政府大额补贴 | 免费试睡保障 | 买赠高价值赠品 | 花呗免息分期 | 官方正品权威背书,促销大字报冲击型,https://detail.tmall.com/item.htm?b_s_f=sycm&b_spm=a21ag.29085015&id=800087983555,https://detail.tmall.com/item.htm?b_s_f=sycm&b_spm=a21ag.29085015&id=800087983555,https://img.alicdn.com/bao/uploaded/i2/2215907225135/O1CN01iwa2GbojoxL2vH2e_!!4611686018427383343-0-item_pic.jpg,055_800087983555.jpg,"3,050.45 0.26%",3 0.10%,3,"1,016.82",YARGES悠梦思 8cm薄弹簧床垫 101天真正免费试睡 88 活动下单即享 折 88消费券 （立即抢购无需凑单） 限时立享至高减150元 YARGES悠梦思 88VIP可用 数量有限详情咨询客服 天猫家装节 抢 政府补贴15% 因地区差异，补贴信息详情请见支付页面！ 官方立减12% 下单入会“抢 99 舒睡枕x2 现货下单顺丰速发 质保20年 限部分 尺寸地区 免费送货到家 分期免息 1365天免费仓储
56,692623573466,记忆棉盒子压缩席梦思弹簧乳胶床垫软垫家用卧室硬垫官方十大名牌,梦织葆家居品牌店,未透出,护脊偏硬支撑 | 天然乳胶 | 零压记忆棉 | 抗菌防螨健康 | 亲肤透气面料,平台/政府大额补贴 | 免费试睡保障 | 买赠高价值赠品 | 官方正品权威背书,促销大字报冲击型,https://detail.tmall.com/item.htm?b_s_f=sycm&b_spm=a21ag.29085015&id=692623573466,https://detail.tmall.com/item.htm?b_s_f=sycm&b_spm=a21ag.29085015&id=692623573466,https://img.alicdn.com/bao/uploaded/i3/2265426359/O1CN01IjZtnK1wqTi7EWFzv_!!2265426359.jpg,056_692623573466.jpg,"2,992.00 0.25%",5 0.17%,5,598.40,"""""weavei 梦织葆 超级88 Leep 限时活动 优惠抢不停 免费试睡100天 卷包床垫护脊防塌陷 厚款20-24CM 薄款12-14CM MATTRESS 两种弹簧 可选 抑菌防螨亲肤面料 拒绝甲醛胶水无异味 官方活动 叠加优惠满300减60 12% 立减 180天免费仓储 送货入户 保价30天"
57,686760000635,睡眠骑士薄款弹簧床垫15cm软垫乳胶席梦思双面家用记忆棉椰棕硬垫,睡眠骑士床垫企业店,未透出,护脊偏硬支撑 | 天然乳胶 | 环保椰棕/黄麻 | 零压记忆棉 | 双面双睡感/可拆洗,免费试睡保障 | 买赠高价值赠品 | 花呗免息分期 | 官方正品权威背书,标准电商综合展示型,https://detail.tmall.com/item.htm?b_s_f=sycm&b_spm=a21ag.29085015&id=686760000635,https://detail.tmall.com/item.htm?b_s_f=sycm&b_spm=a21ag.29085015&id=686760000635,https://img.alicdn.com/bao/uploaded/i4/720743073/O1CN01gbY1gS1YZUETBzijE_!!720743073.jpg,057_686760000635.jpg,"2,985.84 0.25%",2 0.07%,2,"1,492.92","SLEEP"""" 睡眠骑士 官方优选 KNIGHT FIVE-STARHOTEL MATTRESS 薄款独立弹簧床垫 厚度：10/12/15CM 9-15CM 现货速发顺丰送到家 SF 酒店睡感 部分尺寸及地区详情咨询客服 200天免费试睡 花呗分期免息 365天免费仓储 免费送货到家"
58,623410616784,月光之家五星级酒店床垫家庭用迷你独立弹簧高档双人席梦思1.8米,moonlightfamily旗舰店,未透出,护脊偏硬支撑,平台/政府大额补贴 | 免费试睡保障 | 花呗免息分期 | 官方正品权威背书,促销大字报冲击型,https://detail.tmall.com/item.htm?b_s_f=sycm&b_spm=a21ag.29085015&id=623410616784,https://detail.tmall.com/item.htm?b_s_f=sycm&b_spm=a21ag.29085015&id=623410616784,https://img.alicdn.com/bao/uploaded/i2/919851856/O1CN015RusymABuDD32pKq_!!4611686018427384656-0-item_pic.jpg,058_623410616784.jpg,"2,869.00 0.24%",1 0.03%,1,"2,869.00",Moonlight family MOONLICHT 月光之家 家装节 FAMILY 3180个弹簧强力支撑 软硬齐全厚度24-28CM hpuno nybrpuoG ( 优惠可叠加 政府补贴官方立减惊喜红包 88VIP 200天免费试睡 15% 12% 150 20年超长质保 3期免息 价保100天 免费取旧 顺丰 SF 0胶+5A双重认证 到家
59,714909821260,铂马仕10cm厚乳胶床垫独立袋薄弹簧床垫硬15公分软垫席梦思高箱床,铂马仕旗舰店,￥500,护脊偏硬支撑 | 天然乳胶 | 独立袋装弹簧,平台/政府大额补贴 | 买赠高价值赠品 | 官方正品权威背书,促销大字报冲击型,https://detail.tmall.com/item.htm?b_s_f=sycm&b_spm=a21ag.29085015&id=714909821260,https://detail.tmall.com/item.htm?b_s_f=sycm&b_spm=a21ag.29085015&id=714909821260,https://img.alicdn.com/bao/uploaded/i3/2165873208/O1CN01ArQuBqLsokL2vH2e_!!4611686018427386424-0-item_pic.jpg,059_714909821260.jpg,"2,778.00 0.24%",2 0.07%,2,"1,389.00",铂马仕 家装节 POMOSER 德国品质撑腰护脊 10CM薄款弹簧床垫 AlvarAalto POMOSER POMOSER MANME 双重补贴拍下立减！ 惊喜红包限时抢！ 政府补贴 官方补贴 惊喜红包 88折消费券 立减15% 立减12% 不止9折至高减500元 详见支付页面 可叠加店铺券 88VIP可用 送 单品直降约 现货速发顺丰到家 限部分 咨询客服抢舒睡枕X2 尺寸地区 37% 下单入会享好礼 ￥20 会员专享券 门槛 POMOSER
60,692763933781,【国补】压缩卷包独立袋弹簧记忆棉席梦思乳胶20cm护脊厚床垫,CEFALU旗舰店,未透出,护脊偏硬支撑 | 天然乳胶 | 独立袋装弹簧 | 零压记忆棉 | 亲肤透气面料,平台/政府大额补贴 | 免费试睡保障 | 买赠高价值赠品,促销大字报冲击型,https://detail.tmall.com/item.htm?b_s_f=sycm&b_spm=a21ag.29085015&id=692763933781,https://detail.tmall.com/item.htm?b_s_f=sycm&b_spm=a21ag.29085015&id=692763933781,https://img.alicdn.com/bao/uploaded/i4/1692273605/O1CN01yC7izi4zBvF2vH2e_!!4611686018427382725-0-item_pic.jpg,060_692763933781.jpg,"2,430.00 0.21%",2 0.07%,2,"1,215.00",超级立减 甄选 CEFALU 尖货 面料可拆 内材可见 15 再省% 可叠加店内任何优惠活动 政府补贴 快递包邮 免费试睡200天 享政府补贴 预计下单直降 25% 优惠直降10%叠加使用 （环保透气软硬可选拒绝甲醛送货上门） 详情咨询客服
61,979681631360,睡眠骑士自在可调节全拆床垫独立袋弹簧1.8米0胶水家用卧室软垫子,睡眠骑士床垫企业店,未透出,护脊偏硬支撑 | 独立袋装弹簧,免费试睡保障 | 买赠高价值赠品 | 花呗免息分期 | 官方正品权威背书,标准电商综合展示型,https://detail.tmall.com/item.htm?b_s_f=sycm&b_spm=a21ag.29085015&id=979681631360,https://detail.tmall.com/item.htm?b_s_f=sycm&b_spm=a21ag.29085015&id=979681631360,https://img.alicdn.com/bao/uploaded/i4/720743073/O1CN01ezy6FO1YZUCf1Zd1V_!!720743073.jpg,061_979681631360.jpg,"2,398.00 0.20%",1 0.03%,1,"2,398.00",SLEEP° 睡眠骑士 官方优选 KNIGHT 高支撑3016个弹簧 0胶床垫可拆卸设计 SLEEPKNIGHT LUXURY MATTRESS 22-28CM 200天免费试睡 120年超长质保 全拆床垫 现货速发 顺丰送到家 部分尺寸 及地区 花呗分期免息 365天免费仓储 免费送货到家
62,965421153017,麻师傅独立弹簧床垫20cm厚护脊硬黄麻含乳胶记忆棉席梦思十大名牌,麻师傅家具旗舰店,未透出,护脊偏硬支撑 | 天然乳胶 | 环保椰棕/黄麻 | 零压记忆棉,平台/政府大额补贴,促销大字报冲击型,https://detail.tmall.com/item.htm?b_s_f=sycm&b_spm=a21ag.29085015&id=965421153017,https://detail.tmall.com/item.htm?b_s_f=sycm&b_spm=a21ag.29085015&id=965421153017,https://img.alicdn.com/bao/uploaded/i3/2217706005293/O1CN01CrfuuQ7CriG1chua_!!4611686018427380525-0-item_pic.jpg,062_965421153017.jpg,"2,237.14 0.19%",2 0.07%,2,"1,118.57",麻师傅 ? 20-22cm厚弹簧床垫 3cmS形护脊黄麻 政府补贴 15% + 家装节 12% MASHIFU麻师傅 72 小时 中青年护脊/老人/孕妇 顺丰发货
63,994995979658,麻师傅天然S形黄麻薄床垫10cm厚全拆加硬护腰脊儿童老人家用椰棕,麻师傅家具旗舰店,未透出,护脊偏硬支撑 | 环保椰棕/黄麻,平台/政府大额补贴,促销大字报冲击型,https://detail.tmall.com/item.htm?b_s_f=sycm&b_spm=a21ag.29085015&id=994995979658,https://detail.tmall.com/item.htm?b_s_f=sycm&b_spm=a21ag.29085015&id=994995979658,https://img.alicdn.com/bao/uploaded/i3/2217706005293/O1CN01m59pEWubnMF1chua_!!4611686018427380525-0-item_pic.jpg,063_994995979658.jpg,"2,218.00 0.19%",1 0.03%,1,"2,218.00",麻师傅 ? 6-20cm黄麻床垫 偏硬护脊腰轻松 政府补贴 15% 家装节 12% 72小时 中青年/老人/孕童 顺丰发货
64,858779275867,悠梦思乳胶床垫独立弹簧席梦思加厚软硬适中家用护脊黄麻酒店定制,yarges悠梦思旗舰店,未透出,护脊偏硬支撑 | 天然乳胶 | 环保椰棕/黄麻 | 抗菌防螨健康,平台/政府大额补贴 | 买赠高价值赠品 | 花呗免息分期 | 官方正品权威背书,促销大字报冲击型,https://detail.tmall.com/item.htm?b_s_f=sycm&b_spm=a21ag.29085015&id=858779275867,https://detail.tmall.com/item.htm?b_s_f=sycm&b_spm=a21ag.29085015&id=858779275867,https://img.alicdn.com/bao/uploaded/i4/2215907225135/O1CN01MgJdqv5DdYL2vH2e_!!4611686018427383343-0-item_pic.jpg,064_858779275867.jpg,"2,160.00 0.18%",2 0.07%,2,"1,080.00",YARGES悠梦思 科学支撑 撑腰护脊 进口黄麻 抑菌防螨 YARGES 悠梦思 88 活动下单即享 折 88消费券 （立即抢购无需凑单） 限时立享至高减150元 88VIP可用 数量有限详情咨询客服 天猫家装节 抢 政府补贴15% 因地区差异，补贴信息详情请见支付页面！ 官方立减12% 下单入会“抢 舒睡枕x2 现货下单顺丰速发 质保20年 限部分 尺寸地区 免费送货到家 分期免息 盒365天免费仓储
65,1078382595239,麻师傅全拆S形黄麻床垫叠加软床加硬神器专用儿童老人护腰脊椰棕,麻师傅诺隆专卖店,未透出,护脊偏硬支撑 | 环保椰棕/黄麻,平台/政府大额补贴,促销大字报冲击型,https://detail.tmall.com/item.htm?b_s_f=sycm&b_spm=a21ag.29085015&id=1078382595239,https://detail.tmall.com/item.htm?b_s_f=sycm&b_spm=a21ag.29085015&id=1078382595239,https://img.alicdn.com/bao/uploaded/i1/2221163466073/O1CN010OeMjZwTUtD1chua_!!4611686018427383129-0-item_pic.jpg,065_1078382595239.jpg,"2,100.00 0.18%",2 0.07%,2,"1,050.00",麻师傅 ? 软垫加硬神器 3-5cm硬黄麻床垫 政府补贴 15% + 家装节 12% 48小时 青年/老人/孕婴童 顺丰发货
66,898868296824,凯菲露黄麻乳胶独立袋弹簧薄款床垫加硬榻榻米卧室10cm厚国家补贴,凯菲露家具旗舰店,未透出,护脊偏硬支撑 | 天然乳胶 | 独立袋装弹簧 | 环保椰棕/黄麻 | 智能调节深睡,平台/政府大额补贴 | 免费试睡保障 | 免费送装一体 | 买赠高价值赠品,促销大字报冲击型,https://detail.tmall.com/item.htm?b_s_f=sycm&b_spm=a21ag.29085015&id=898868296824,https://detail.tmall.com/item.htm?b_s_f=sycm&b_spm=a21ag.29085015&id=898868296824,https://img.alicdn.com/bao/uploaded/i2/2218234661637/O1CN01XKWvsmS8YlC1chua_!!4611686018427382533-0-item_pic.jpg,066_898868296824.jpg,"2,085.00 0.18%",2 0.07%,2,"1,042.50",PKAIFEL 秋季家装节 10/12/13/15CM 薄弹簧床垫 店铺红包 轻薄护脊！云栖系列 限时抢 送 X2 下单到手 评价有礼返20红包 （顺丰速发送货上楼（限部分地区/尺寸） 至高立减 政府补贴 9折消费券 全店立减 48% 立减15% 12% 下拉详情领取 88VIP可用 优惠可叠加 10G 免费 加 黄麻护脊·静音抗扰·灵动贴合 试睡
67,1007130832612,铂马仕云霄全拆洗可调节弹簧床垫席梦思乳胶软垫家用椰棕加硬床垫,铂马仕旗舰店,￥500,天然乳胶 | 环保椰棕/黄麻,平台/政府大额补贴 | 买赠高价值赠品 | 官方正品权威背书,促销大字报冲击型,https://detail.tmall.com/item.htm?b_s_f=sycm&b_spm=a21ag.29085015&id=1007130832612,https://detail.tmall.com/item.htm?b_s_f=sycm&b_spm=a21ag.29085015&id=1007130832612,https://img.alicdn.com/bao/uploaded/i4/2165873208/O1CN013CaqZcaaFlI2vH2e_!!4611686018427386424-0-item_pic.jpg,067_1007130832612.jpg,"2,078.60 0.18%",1 0.03%,1,"2,078.60",铂马仕 家装节 POMOSER O胶全拆洗软硬可调 20-30CM 多种睡感体验 惊喜红包 88折消费券 不止9折至高减500元 88VIP可用 POMOSER 双重补贴拍下立减！ 政府补贴 官方补贴 立减15% 立减12% 详见支付页面 可叠加店铺券 送 单品直降约 现货速发顺丰到家 限部分 咨询客服抢舒睡枕X2 尺寸地区 37% 下单入会享好礼 ￥20 会员专享券 门槛 POMOSER
69,941363571679,ROZO国家补贴全拆黄芽护脊床垫席梦思无胶独立弹簧黄麻乳胶硬家用,rozo家具旗舰店,未透出,护脊偏硬支撑 | 天然乳胶 | 环保椰棕/黄麻,平台/政府大额补贴 | 热销爆款背书,促销大字报冲击型,https://detail.tmall.com/item.htm?b_s_f=sycm&b_spm=a21ag.29085015&id=941363571679,https://detail.tmall.com/item.htm?b_s_f=sycm&b_spm=a21ag.29085015&id=941363571679,https://img.alicdn.com/bao/uploaded/i3/2939975400/O1CN01DGqJgNNo3VB2vH2e_!!4611686018427385576-2-item_pic.png,069_941363571679.jpg,"1,922.00 0.16%",1 0.03%,1,"1,922.00",ROZO° 秋季家装节 X 零胶水 （店铺内） TOP1 同款性价比 升级黄麻|全拆可调 实付满1500立减 150 夫 88VIP消费券 实付满480立减 60 夫 88VIP消费券 政府补贴 至高立减约 下单立减 12% 15% 45 5% 限时优惠券56 ROZO 咨询客服
70,1016981719311,铂马仕云岚全拆弹簧床垫乳胶席梦思1.8m米软家用护脊硬垫黄麻床垫,铂马仕旗舰店,￥500,护脊偏硬支撑 | 天然乳胶 | 环保椰棕/黄麻,平台/政府大额补贴 | 买赠高价值赠品 | 官方正品权威背书,促销大字报冲击型,https://detail.tmall.com/item.htm?b_s_f=sycm&b_spm=a21ag.29085015&id=1016981719311,https://detail.tmall.com/item.htm?b_s_f=sycm&b_spm=a21ag.29085015&id=1016981719311,https://img.alicdn.com/bao/uploaded/i3/2165873208/O1CN01fGm2RoPuNLC2vH2e_!!4611686018427386424-0-item_pic.jpg,070_1016981719311.jpg,"1,880.00 0.16%",1 0.03%,1,"1,880.00",铂马仕 家装节 POMOSER 0甲醛0胶水全拆床垫 舒适护脊安全环保 惊喜红包 88折消费券 不止9折至高减500元 88VIP可用 POMOSER 叠加 政府补贴 官方补贴 立减15% 立减12% 优惠 详见支付页面 可叠加店铺券 送 单品直降约 现货速发顺丰到家 限部分 咨询客服抢舒睡枕X2 尺寸地区 37% 下单入会享好礼 ￥20 会员专享券 门槛 POMOSER
71,1018101560481,甜蜜睡眠可拆卸床垫软硬可调无胶席梦思乳胶独立弹簧全拆卧室家用,甜蜜睡眠旗舰店,￥1293,天然乳胶 | 亲肤透气面料,平台/政府大额补贴 | 买赠高价值赠品 | 花呗免息分期 | 官方正品权威背书,促销大字报冲击型,https://detail.tmall.com/item.htm?b_s_f=sycm&b_spm=a21ag.29085015&id=1018101560481,https://detail.tmall.com/item.htm?b_s_f=sycm&b_spm=a21ag.29085015&id=1018101560481,https://img.alicdn.com/bao/uploaded/i3/2215897735682/O1CN017rYO2ZmHhnL2R3rs_!!4611686018427380226-0-item_pic.jpg,071_1018101560481.jpg,"1,863.18 0.16%",1 0.03%,1,"1,863.18",甜蜜睡眠「朗月系列 家装节 Tianmishuimian 全垫0胶可拆卸 舒适透气软硬轻松调节） 政府补贴！ 9折券 立减 15% 无门槛消费券（至高减150） 88VIP专享 甜蜜睡眠 Zzz sweetsleepmattress 2件再享折上折，买越多省越多！ 综合补贴到手价： 政府 官方 店铺 至高省 1293 42% ? + + 补贴 立减 优惠 起 全国送货入户 赠大件运费险 花呗分期免息 365天免费囤货
72,653309172278,适用于宜家米隆床垫儿童分段式可伸缩婴儿拼接床可拆卸棕垫80x200,棕葆王国品牌店,未透出,环保椰棕/黄麻,平台/政府大额补贴 | 免费试睡保障 | 买赠高价值赠品 | 花呗免息分期,促销大字报冲击型,https://detail.tmall.com/item.htm?b_s_f=sycm&b_spm=a21ag.29085015&id=653309172278,https://detail.tmall.com/item.htm?b_s_f=sycm&b_spm=a21ag.29085015&id=653309172278,https://img.alicdn.com/bao/uploaded/i3/251231227/O1CN01zZXrIYPI4WG2vH2e_!!251231227.jpg,072_653309172278.jpg,"1,782.00 0.15%",2 0.07%,1,"1,782.00",超级立减 棕葆王国 米隆儿童专用 不环保100%退款 S型环保精细黄麻孩子用更合适 立减 活动优惠 8-12cm厚三块拼接款 10% 免费试睡 保 20年不塌陷 花呗3期免息 顺丰送货入户
73,1002508687323,睡眠骑士名匠全拆可调节床垫席梦思无胶家用20cm硬垫天然乳胶黄麻,睡眠骑士床垫企业店,未透出,护脊偏硬支撑 | 天然乳胶 | 环保椰棕/黄麻,免费试睡保障 | 买赠高价值赠品 | 花呗免息分期 | 官方正品权威背书,标准电商综合展示型,https://detail.tmall.com/item.htm?b_s_f=sycm&b_spm=a21ag.29085015&id=1002508687323,https://detail.tmall.com/item.htm?b_s_f=sycm&b_spm=a21ag.29085015&id=1002508687323,https://img.alicdn.com/bao/uploaded/i3/720743073/O1CN016QipDW1YZUESrNc0S_!!720743073.jpg,073_1002508687323.jpg,"1,723.16 0.15%",1 0.03%,1,"1,723.16",SLEEP. 睡眠骑士 官方优选 KNIGHT 可拆0胶水床垫 30s轻松拆卸 四叶草 弹簧 天然S型 黄麻 20-25CM 现货速发顺丰送到家 SF 0胶全拆 部分尺寸及地区详情咨询客服 200天免费试睡 花呗分期免息 365天免费仓储 免费送货到家
74,639084200572,月光之家儿童床垫硬家用独立弹簧青少年学生黄麻席梦思1.8米1.5m,moonlightfamily旗舰店,未透出,环保椰棕/黄麻,平台/政府大额补贴 | 免费试睡保障 | 花呗免息分期 | 官方正品权威背书,促销大字报冲击型,https://detail.tmall.com/item.htm?b_s_f=sycm&b_spm=a21ag.29085015&id=639084200572,https://detail.tmall.com/item.htm?b_s_f=sycm&b_spm=a21ag.29085015&id=639084200572,https://img.alicdn.com/bao/uploaded/i1/919851856/O1CN01B7Bm2MLg8vI32pKq_!!4611686018427384656-0-item_pic.jpg,074_639084200572.jpg,"1,657.00 0.14%",1 0.03%,1,"1,657.00",Moonlight family MOONLICHT 月光之家 家装节 FAMILY 儿童专用弹簧床垫 软硬齐全厚度20-22CM SMondafufonada 优惠可叠加 政府补贴官方立减惊喜红包 88VIP 200天免费试睡 15% 12% 150 20年超长质保 3期免息 价保100天 免费取旧 顺丰 SF 0胶+5A双重认证 到家
75,648731865254,儿童床垫椰棕垫席梦思护脊偏硬1.2无甲醛棕垫1.35m天然乳胶席梦思,佛山享睡床垫品牌店,未透出,护脊偏硬支撑 | 天然乳胶 | 环保椰棕/黄麻,平台/政府大额补贴 | 免费试睡保障 | 买赠高价值赠品 | 官方正品权威背书,促销大字报冲击型,https://detail.tmall.com/item.htm?b_s_f=sycm&b_spm=a21ag.29085015&id=648731865254,https://detail.tmall.com/item.htm?b_s_f=sycm&b_spm=a21ag.29085015&id=648731865254,https://img.alicdn.com/bao/uploaded/i1/371421979/O1CN01Kib6i6KO3qH2vH2e_!!371421979.jpg,075_648731865254.jpg,"1,643.00 0.14%",1 0.03%,1,"1,643.00",WEIMLU 超级88 一维梦露一 婴幼级专用 护脊黄麻棕 A类面料可全拆 免费试睡101天 下单立减 京东顺丰送到家 TIME:9/620:00-9/1323:59 12% 可叠加优惠满300减60 （详情咨询客服即可） 免费送货到家 先用后付 180天免费仓储 超长保价30天
76,650559391013,派乐熊儿童专用床垫加密独立袋弹簧青少年偏硬护脊席梦思学生家用,派乐熊儿童床垫品牌店,未透出,护脊偏硬支撑 | 独立袋装弹簧,平台/政府大额补贴,促销大字报冲击型,https://detail.tmall.com/item.htm?b_s_f=sycm&b_spm=a21ag.29085015&id=650559391013,https://detail.tmall.com/item.htm?b_s_f=sycm&b_spm=a21ag.29085015&id=650559391013,https://img.alicdn.com/bao/uploaded/i3/371424161/O1CN01WfF48jHd3qI1chua_!!371424161.jpg,076_650559391013.jpg,"1,423.00 0.12%",1 0.03%,1,"1,423.00",派乐熊×专注儿童健康睡眠 2160颗专利儿童小弹簧 15% 政府补贴 因地区差异，补贴(优惠)信息详见支付页面 家装节 88VIP消费券 立减12% 88VIP专享 儿童 A类亚麻纤维面料 专用 静音护脊独立袋弹簧
77,753435672675,铂马仕护脊弹簧床垫黄麻席梦思乳胶软垫家用1.5米 1.8m椰棕硬垫,铂马仕旗舰店,￥500,护脊偏硬支撑 | 天然乳胶 | 环保椰棕/黄麻,平台/政府大额补贴 | 买赠高价值赠品 | 官方正品权威背书,促销大字报冲击型,https://detail.tmall.com/item.htm?b_s_f=sycm&b_spm=a21ag.29085015&id=753435672675,https://detail.tmall.com/item.htm?b_s_f=sycm&b_spm=a21ag.29085015&id=753435672675,https://img.alicdn.com/bao/uploaded/i3/2165873208/O1CN01FzUv9ZbMIIB2vH2e_!!4611686018427386424-0-item_pic.jpg,077_753435672675.jpg,"1,379.00 0.12%",1 0.03%,1,"1,379.00",铂马仕 家装节 POMOSER 强效护脊弹簧 POMOSER POMOSER 双重补贴拍下立减！ 惊喜红包限时抢！ 政府补贴 官方补贴 惊喜红包 88折消费券 立减15% 立减12% 不止9折至高减500元 详见支付页面 可叠加店铺券 88VIP可用 送 单品直降约 现货速发顺丰到家 限部分 咨询客服抢舒睡枕X2 尺寸地区 37% 下单入会享好礼 ￥20 会员专享券 门槛 POMOSER
78,708089540708,月光之家5cm乳胶床垫超薄家庭用五星级酒店席梦思独立弹簧偏软1.8,moonlightfamily旗舰店,未透出,天然乳胶,平台/政府大额补贴 | 免费试睡保障 | 花呗免息分期 | 官方正品权威背书,促销大字报冲击型,https://detail.tmall.com/item.htm?b_s_f=sycm&b_spm=a21ag.29085015&id=708089540708,https://detail.tmall.com/item.htm?b_s_f=sycm&b_spm=a21ag.29085015&id=708089540708,https://img.alicdn.com/bao/uploaded/i4/919851856/O1CN01gkiwXdXkMkG32pKq_!!4611686018427384656-0-item_pic.jpg,078_708089540708.jpg,"1,367.24 0.12%",1 0.03%,1,"1,367.24",Moonlight family MOONLICHT 月光之家 家装节 FAMILY 超薄五星级酒店睡感 适中偏软厚度12-20CM 优惠可叠加 政府补贴官方立减惊喜红包 88VIP 200天免费试睡 15% 12% 150 20年超长质保 3期免息 价保100天 免费取旧 顺丰 SF 0胶+5A双重认证 到家
79,626431216907,月光之家儿童床垫天然黄麻棕垫榻榻米硬1.5米青少年学生专用1.2m,moonlightfamily旗舰店,未透出,护脊偏硬支撑 | 环保椰棕/黄麻 | 双面双睡感/可拆洗,平台/政府大额补贴 | 免费试睡保障 | 花呗免息分期 | 官方正品权威背书,促销大字报冲击型,https://detail.tmall.com/item.htm?b_s_f=sycm&b_spm=a21ag.29085015&id=626431216907,https://detail.tmall.com/item.htm?b_s_f=sycm&b_spm=a21ag.29085015&id=626431216907,https://img.alicdn.com/bao/uploaded/i3/919851856/O1CN01wej91tS9yxJ32pKq_!!4611686018427384656-0-item_pic.jpg,079_626431216907.jpg,"1,199.00 0.10%",1 0.03%,1,"1,199.00",Moonlight family MOONLICHT 月光之家 家装节 FAMILY 儿童护脊黄麻床垫 软硬双面厚度6-18CM 优惠可叠加 政府补贴官方立减惊喜红包 88VIP 200天免费试睡 15% 12% 150 20年超长质保 3期免息 价保100天 免费取旧 顺丰 SF 0胶+5A双重认证 到家
80,943732529605,ROZO黄豆加硬全拆床垫S型天然黄麻乳胶榻榻米矮床儿童偏硬护脊,rozo家具旗舰店,未透出,护脊偏硬支撑 | 天然乳胶 | 环保椰棕/黄麻,平台/政府大额补贴,促销大字报冲击型,https://detail.tmall.com/item.htm?b_s_f=sycm&b_spm=a21ag.29085015&id=943732529605,https://detail.tmall.com/item.htm?b_s_f=sycm&b_spm=a21ag.29085015&id=943732529605,https://img.alicdn.com/bao/uploaded/i1/2939975400/O1CN01dMq86L4ZskH2vH2e_!!4611686018427385576-2-item_pic.png,080_943732529605.jpg,"1,173.30 0.10%",2 0.07%,2,586.65,ROZO 秋季家装节 X 全拆零胶水 黄麻薄垫 腰酸终结者 护脊强支撑|全拆可调 15 实付满1500立减 150 88VIP消费券 实付满480立减 60 88VIP消费券 政府补贴 至高立减约 12% 下单立减 15% 45 % 限时优惠券107 ROZO 咨询客服
81,942607064286,麻师傅S型黄麻床垫折叠学生榻榻米10cm15椰棕含乳胶老人加硬护腰,麻师傅家具旗舰店,未透出,护脊偏硬支撑 | 天然乳胶 | 环保椰棕/黄麻,平台/政府大额补贴,促销大字报冲击型,https://detail.tmall.com/item.htm?b_s_f=sycm&b_spm=a21ag.29085015&id=942607064286,https://detail.tmall.com/item.htm?b_s_f=sycm&b_spm=a21ag.29085015&id=942607064286,https://img.alicdn.com/bao/uploaded/i1/2217706005293/O1CN01ZBmN9x8YE9E1chua_!!4611686018427380525-0-item_pic.jpg,081_942607064286.jpg,"1,171.80 0.10%",2 0.07%,1,"1,171.80",麻师傅 ? 6-15cm黄麻床垫 折叠款翻取方便 政府补贴 15% 家装节 12% 72小时 榻榻米/上下铺/储物床 顺丰发货
82,735558795052,悠梦思华夫格独立袋弹簧床垫1.8m压缩乳胶席梦思20cm厚五星酒店,yarges悠梦思旗舰店,未透出,天然乳胶 | 独立袋装弹簧,平台/政府大额补贴 | 免费试睡保障 | 买赠高价值赠品 | 花呗免息分期 | 官方正品权威背书,促销大字报冲击型,https://detail.tmall.com/item.htm?b_s_f=sycm&b_spm=a21ag.29085015&id=735558795052,https://detail.tmall.com/item.htm?b_s_f=sycm&b_spm=a21ag.29085015&id=735558795052,https://img.alicdn.com/bao/uploaded/i2/2215907225135/O1CN01w6KXxK0sTLI2vH2e_!!4611686018427383343-0-item_pic.jpg,082_735558795052.jpg,"1,155.00 0.10%",1 0.03%,1,"1,155.00",YARGES悠梦思 压缩卷包盒子床垫 101天真正免费试睡 88 活动下单即享 折 88消费券 YAGES （立即抢购无需凑单） GES 限时立享至高减150元 梦思 88VIP可用 数量有限详情咨询客服 天猫家装节 抢 政府补贴15% 因地区差异，补贴信息详情请见支付页面！ 官方立减12% 下单入会“抢 99 舒睡枕x2 现货下单顺丰速发 质保20年 限部分 尺寸地区 免费送货到家 分期免息 1365天免费仓储
83,773925664034,薄款独立袋10cm矮弹簧记忆棉席梦思黄麻偏硬护脊薄床垫家用可拆洗,CEFALU旗舰店,未透出,护脊偏硬支撑 | 独立袋装弹簧 | 环保椰棕/黄麻 | 零压记忆棉 | 双面双睡感/可拆洗 | 亲肤透气面料,平台/政府大额补贴 | 免费试睡保障 | 买赠高价值赠品,促销大字报冲击型,https://detail.tmall.com/item.htm?b_s_f=sycm&b_spm=a21ag.29085015&id=773925664034,https://detail.tmall.com/item.htm?b_s_f=sycm&b_spm=a21ag.29085015&id=773925664034,https://img.alicdn.com/bao/uploaded/i2/1692273605/O1CN015qkDip7OQ3L2vH2e_!!4611686018427382725-0-item_pic.jpg,083_773925664034.jpg,"1,154.00 0.10%",1 0.03%,1,"1,154.00",® 超级立减 甄选 CEFALU 尖货 10-14cm薄款弹簧床垫 软硬有度睡感可选 15 再省% 可叠加店内任何优惠活动 政府补贴 快递包邮 免费试睡200天 享政府补贴 预计下单直降 25% 优惠直降10%叠加使用 （环保透气软硬可选拒绝甲醛送货上门） 详情咨询客服
84,984636395043,铂马仕薄乳胶床垫独立弹簧软垫记忆棉席梦思椰棕硬垫家用双人1.8m,铂马仕旗舰店,￥500,护脊偏硬支撑 | 天然乳胶 | 环保椰棕/黄麻 | 零压记忆棉,平台/政府大额补贴 | 免费试睡保障 | 买赠高价值赠品 | 官方正品权威背书,促销大字报冲击型,https://detail.tmall.com/item.htm?b_s_f=sycm&b_spm=a21ag.29085015&id=984636395043,https://detail.tmall.com/item.htm?b_s_f=sycm&b_spm=a21ag.29085015&id=984636395043,https://img.alicdn.com/bao/uploaded/i1/2165873208/O1CN01ByTxTgzBo1E2vH2e_!!4611686018427386424-0-item_pic.jpg,084_984636395043.jpg,"1,145.00 0.10%",1 0.03%,1,"1,145.00",铂马仕 家装节 POMOSER 120天免费试睡 11-14CM强支撑薄款弹簧床垫 惊喜红包 88折消费券 不止9折至高减500元 88VIP可用 双重补贴拍下立减！ POMOSER POMOSER 政府补贴 官方补贴 立减15% 立减12% 详见支付页面 可叠加店铺券 送 单品直降约 现货速发顺丰到家 限部分 咨询客服抢舒睡枕X2 尺寸地区 37% 下单入会享好礼 ￥20 会员专享券 门槛 POMOSER
85,987240660508,铂马仕薄款乳胶弹簧床垫席梦思独立软垫记忆棉床垫家用双人19cm,铂马仕旗舰店,￥500,天然乳胶 | 零压记忆棉,平台/政府大额补贴 | 免费试睡保障 | 买赠高价值赠品 | 官方正品权威背书,促销大字报冲击型,https://detail.tmall.com/item.htm?b_s_f=sycm&b_spm=a21ag.29085015&id=987240660508,https://detail.tmall.com/item.htm?b_s_f=sycm&b_spm=a21ag.29085015&id=987240660508,https://img.alicdn.com/bao/uploaded/i3/2165873208/O1CN01HJ96ZBs0rsH2vH2e_!!4611686018427386424-0-item_pic.jpg,085_987240660508.jpg,"1,118.00 0.10%",1 0.03%,1,"1,118.00",铂马仕 家装节 POMOSER 1886颗专利迷你弹簧 mUSE 荣获美国缪斯MUSE设计金奖 DESICN AWARDS POMOSER POMOSER 双重补贴拍下立减！ 惊喜红包限时抢！ 政府补贴 官方补贴 惊喜红包 88折消费券 立减15% 立减12% 不止9折至高减500元 详见支付页面 可叠加店铺券 88VIP可用 送 单品直降约 现货速发顺丰到家 限部分 咨询客服抢舒睡枕X2 尺寸地区 37% 120天真正免费试睡
86,1056213868269,品味布帆家用席梦思软垫记忆棉乳胶独立袋弹簧厚床垫双人酒店可选,品味布帆家居旗舰店,未透出,天然乳胶 | 独立袋装弹簧 | 零压记忆棉,平台/政府大额补贴 | 免费试睡保障 | 买赠高价值赠品 | 花呗免息分期 | 官方正品权威背书,促销大字报冲击型,https://detail.tmall.com/item.htm?b_s_f=sycm&b_spm=a21ag.29085015&id=1056213868269,https://detail.tmall.com/item.htm?b_s_f=sycm&b_spm=a21ag.29085015&id=1056213868269,https://img.alicdn.com/bao/uploaded/i4/2222488681261/O1CN01UrLnkvkop6J21stE_!!4611686018427386669-0-item_pic.jpg,086_1056213868269.jpg,"1,034.59 0.09%",1 0.03%,1,"1,034.59",品味布帆 ? 家装节 星级睡眠专享 偏软舒适·静音入眠 品味布机 双重补贴-下单立减 政府补贴 官方补贴 立减15% 立减12% 详情咨询客服 详情咨询客服 到手价 120天免费试睡 88VIP专享消费券 869 20年超长质保 拒绝甲醛 塌陷包赔 100天保价 ￥ 3期花呗免息 免费仓储 送货入户无需安装 1.8×2米舒睡A款
87,40585578946,铂马仕天然椰棕床垫乳胶硬棕垫席梦思护脊1.5m1.8米折叠定做,铂马仕旗舰店,￥500,护脊偏硬支撑 | 天然乳胶 | 环保椰棕/黄麻,平台/政府大额补贴 | 免费试睡保障 | 买赠高价值赠品 | 官方正品权威背书,促销大字报冲击型 | 产品材质分层结构拆解型,https://detail.tmall.com/item.htm?b_s_f=sycm&b_spm=a21ag.29085015&id=40585578946,https://detail.tmall.com/item.htm?b_s_f=sycm&b_spm=a21ag.29085015&id=40585578946,https://img.alicdn.com/bao/uploaded/i3/2165873208/O1CN013KV7livukEB1chua_!!4611686018427386424-0-item_pic.jpg,087_40585578946.jpg,983.04 0.08%,1 0.03%,1,983.04,铂马仕 家装节 POMOSER S精细黄麻护脊 面层可拆拒绝甲醛胶水 双重补贴拍下立减！ 惊喜红包限时抢！ 政府补贴 官方补贴 惊喜红包 88折消费券 立减15% 立减12% 不止9折至高减500元 详见支付页面 可叠加店铺券 88VIP可用 送 现货速发顺丰到家 限部分 咨询客服抢舒睡枕X2 单品直降约 尺寸地区 37% 100天真正免费试睡
88,997397669549,政府补贴悠梦思S形黄麻全拆床垫1.8米1.5m儿童老人护脊硬宿舍薄垫,yarges悠梦思旗舰店,未透出,护脊偏硬支撑 | 环保椰棕/黄麻,平台/政府大额补贴 | 买赠高价值赠品 | 花呗免息分期 | 官方正品权威背书,促销大字报冲击型,https://detail.tmall.com/item.htm?b_s_f=sycm&b_spm=a21ag.29085015&id=997397669549,https://detail.tmall.com/item.htm?b_s_f=sycm&b_spm=a21ag.29085015&id=997397669549,https://img.alicdn.com/bao/uploaded/i2/2215907225135/O1CN01Qy1Q2gSOZ2F2vH2e_!!4611686018427383343-0-item_pic.jpg,088_997397669549.jpg,963.30 0.08%,1 0.03%,1,963.30,YARGES悠梦思 全拆“S型”黄麻床垫 YARGES 88 活动下单即享 折 88消费券 （立即抢购无需凑单） 限时立享至高减150元 88VIP可用 数量有限详情咨询客服 天猫家装节 抢 政府补贴15% 因地区差异，补贴信息详情请见支付页面！ 官方立减12% 下单入会“抢 舒睡枕x2 现货下单顺丰速发 拒绝塌陷 限部分 尺寸地区 。免费送货到家 分期免息 盒365天免费仓储
89,704696475115,布莱轩尼10-15cm薄全拆床垫卧室偏硬黄麻席梦思矮弹簧家用榻榻米,布莱轩尼旗舰店,未透出,护脊偏硬支撑 | 环保椰棕/黄麻,平台/政府大额补贴 | 官方正品权威背书,促销大字报冲击型,https://detail.tmall.com/item.htm?b_s_f=sycm&b_spm=a21ag.29085015&id=704696475115,https://detail.tmall.com/item.htm?b_s_f=sycm&b_spm=a21ag.29085015&id=704696475115,https://img.alicdn.com/bao/uploaded/i3/1104379506/O1CN01Z45jUrt2nqD1chua_!!4611686018427387506-0-item_pic.jpg,089_704696475115.jpg,922.00 0.08%,1 0.03%,1,922.00,布莱轩尼 天猫家装节 10-15cml 偏硬护脊 全拆薄弹簧床垫 家装节立减12% 政府补贴 立减15% 详情咨询客服 TMALL天猫 买贵退差价·售后无忧 家装节 官方立减12% 官方立减12%+政府补贴15%
90,1053690840174,悠梦思全拆S型黄麻床垫国家补贴乳胶1.8米儿童老人护脊10cm硬椰棕,yarges悠梦思旗舰店,未透出,护脊偏硬支撑 | 天然乳胶 | 环保椰棕/黄麻,平台/政府大额补贴 | 买赠高价值赠品 | 花呗免息分期 | 官方正品权威背书,促销大字报冲击型,https://detail.tmall.com/item.htm?b_s_f=sycm&b_spm=a21ag.29085015&id=1053690840174,https://detail.tmall.com/item.htm?b_s_f=sycm&b_spm=a21ag.29085015&id=1053690840174,https://img.alicdn.com/bao/uploaded/i1/2215907225135/O1CN01gyCTPaiLrNG2vH2e_!!4611686018427383343-0-item_pic.jpg,090_1053690840174.jpg,871.51 0.07%,1 0.03%,1,871.51,YARGES悠梦思/舒脊 舒脊好梦 腰酸终结者 一张全家人可睡的床垫 Persiana Cine-no 下单入会 88 抢舒睡枕*2 88消费券 活动下单即享 折(立即抢购无需凑单) 送 限时立享至高减150元 政府 15% 惊喜红包 官方 12% 补贴 立减 88VIP可用 + + 补贴随时结束不补差价 官方补贴限时优惠不补差价 （下单立享优惠） *详情咨询客服* 天猫家装节 现货下单顺丰速发 咨询客服享惊喜 （限部分尺寸地区） 拒绝甲醛 免费送货到家10分期免息1盒365天免费仓储
91,676138544613,记忆棉薄款床垫凝胶慢回弹榻榻米床垫子软垫家用学生宿舍褥子海绵,睡眠骑士床垫企业店,未透出,零压记忆棉 | 亲肤透气面料,免费试睡保障 | 买赠高价值赠品 | 花呗免息分期 | 官方正品权威背书,标准电商综合展示型,https://detail.tmall.com/item.htm?b_s_f=sycm&b_spm=a21ag.29085015&id=676138544613,https://detail.tmall.com/item.htm?b_s_f=sycm&b_spm=a21ag.29085015&id=676138544613,https://img.alicdn.com/bao/uploaded/i1/720743073/O1CN016Pf3TV1YZUESXvaYO_!!720743073.jpg,091_676138544613.jpg,811.00 0.07%,1 0.03%,1,811.00,SLEEP° 睡眠骑士 官方优选 KNIGHT 凝胶记忆棉薄款软垫 200天免费试睡 3-10cm 200天免费试睡 20年超长质保 透气薄垫 现货速发 顺丰送到家 部分尺寸 及地区 花呗分期免息 365天免费仓储 免费送货到家
92,1056256518394,品味布帆薄款乳胶弹簧床垫记忆棉席梦思黄麻12cm15厘米厚软硬可选,品味布帆家居旗舰店,未透出,天然乳胶 | 独立袋装弹簧 | 环保椰棕/黄麻 | 零压记忆棉,平台/政府大额补贴 | 免费试睡保障 | 买赠高价值赠品 | 花呗免息分期 | 官方正品权威背书,促销大字报冲击型,https://detail.tmall.com/item.htm?b_s_f=sycm&b_spm=a21ag.29085015&id=1056256518394,https://detail.tmall.com/item.htm?b_s_f=sycm&b_spm=a21ag.29085015&id=1056256518394,https://img.alicdn.com/bao/uploaded/i1/2222488681261/O1CN01BJBpa8v8fgL21stE_!!4611686018427386669-0-item_pic.jpg,092_1056256518394.jpg,807.04 0.07%,1 0.03%,1,807.04,品味布帆 ? 家装节 薄款独袋弹簧垫 12/15cm厚可选 双重补贴下单立减 品味布机 政府补贴 官方补贴 立减15% 立减12% + 详情咨询客服 详情咨询客服 到手价 120天免费试睡 88VIP专享消费券 738 20年超长质保 拒绝甲醛 塌陷包赔 100天保价 夫 3期花呗免息 免费仓储 送货入户无需安装 1.8×2米薄垫A款
93,922386927791,政府补贴悠梦思乳胶弹簧床垫席梦思精细S黄麻1.8米1.5m卧室租房厚,yarges悠梦思旗舰店,未透出,天然乳胶 | 环保椰棕/黄麻,平台/政府大额补贴 | 免费试睡保障 | 买赠高价值赠品 | 花呗免息分期 | 官方正品权威背书,促销大字报冲击型,https://detail.tmall.com/item.htm?b_s_f=sycm&b_spm=a21ag.29085015&id=922386927791,https://detail.tmall.com/item.htm?b_s_f=sycm&b_spm=a21ag.29085015&id=922386927791,https://img.alicdn.com/bao/uploaded/i4/2215907225135/O1CN01OXefH3OM9lE2vH2e_!!4611686018427383343-0-item_pic.jpg,093_922386927791.jpg,803.00 0.07%,1 0.03%,1,803.00,YARGES悠梦思 不贵但真的好 101天真正免费试睡 88 YARGES|悠梦思 折 活动下单即享 88消费券 （立即抢购无需凑单） 限时立享至高减150元 88VIP可用 数量有限详情咨询客服 天猫家装节 抢 政府补贴15% 因地区差异，补贴信息详情请见支付页面！ 官方立减12% 下单入会“抢 舒睡枕×2 现货下单顺丰速发 质保20年 限部分 尺寸地区 免费送货到家 分期免息 盒365天免费仓储
94,997467867127,麻师傅全拆S形黄麻薄床垫10cm厚老人儿童加硬护腰脊椰棕榈榻榻米,麻师傅舒梦专卖店,未透出,护脊偏硬支撑 | 环保椰棕/黄麻,平台/政府大额补贴 | 买赠高价值赠品,促销大字报冲击型,https://detail.tmall.com/item.htm?b_s_f=sycm&b_spm=a21ag.29085015&id=997467867127,https://detail.tmall.com/item.htm?b_s_f=sycm&b_spm=a21ag.29085015&id=997467867127,https://img.alicdn.com/bao/uploaded/i1/2221247863396/O1CN01z8AzZspW2eD1chua_!!4611686018427386468-0-item_pic.jpg,094_997467867127.jpg,761.45 0.06%,1 0.03%,1,761.45,麻师傅 ? 6-20cm黄麻床垫 偏硬护脊腰轻松 政府补贴 15% 家装节 12% 拒绝 下单赠送大件运费险 甲醛 中青年/老人/孕童
95,1081728080567,派乐熊学生宿舍专用床垫90cmx200cm上下铺单人记忆棉软85cmx190cm,PARELER BEAR旗舰店,未透出,零压记忆棉,平台/政府大额补贴 | 免费试睡保障 | 官方正品权威背书,促销大字报冲击型,https://detail.tmall.com/item.htm?b_s_f=sycm&b_spm=a21ag.29085015&id=1081728080567,https://detail.tmall.com/item.htm?b_s_f=sycm&b_spm=a21ag.29085015&id=1081728080567,https://img.alicdn.com/bao/uploaded/i1/2219146481808/O1CN01iHMSxiKAErH1chua_!!4611686018427383952-0-item_pic.jpg,095_1081728080567.jpg,674.84 0.06%,3 0.10%,3,224.95,PARELER BEAR 专为宿舍睡眠 新做的记忆棉床垫 15% 政府补贴 因地区差异，补贴（优惠）信息详见支付页面 家装节 88VIP消费券 立减12% 88VIP专享 新升级学生宿舍记忆棉床垫 30天免费试睡 4年质保 90天仓储 免费仓储
96,17048177986,加硬天然S形黄麻床垫家用儿童老人护腰脊10cm薄榻榻米椰棕含乳胶,布莱轩尼旗舰店,未透出,护脊偏硬支撑 | 天然乳胶 | 环保椰棕/黄麻,平台/政府大额补贴 | 官方正品权威背书,促销大字报冲击型,https://detail.tmall.com/item.htm?b_s_f=sycm&b_spm=a21ag.29085015&id=17048177986,https://detail.tmall.com/item.htm?b_s_f=sycm&b_spm=a21ag.29085015&id=17048177986,https://img.alicdn.com/bao/uploaded/i3/1104379506/O1CN01121InMUJhlF1chua_!!4611686018427387506-0-item_pic.jpg,096_17048177986.jpg,615.00 0.05%,1 0.03%,1,615.00,布莱轩尼 天猫家装节 硬弹黄麻床垫 6cm-20cm 家装节立减12% 政府补贴 立减15% 详情咨询客服 TMALL天猫 买贵退差价·售后无忧 家装节 官方立减12% 官方立减12%+政府补贴15%
99,1067750986444,月光之家学生宿舍床垫上下铺专用薄垫单人0.9m软垫子记忆棉可拆洗,moonlightfamily旗舰店,未透出,零压记忆棉 | 双面双睡感/可拆洗,免费试睡保障 | 买赠高价值赠品,标准电商综合展示型,https://detail.tmall.com/item.htm?b_s_f=sycm&b_spm=a21ag.29085015&id=1067750986444,https://detail.tmall.com/item.htm?b_s_f=sycm&b_spm=a21ag.29085015&id=1067750986444,https://img.alicdn.com/bao/uploaded/i2/919851856/O1CN01urdGd26nwXK32pKq_!!4611686018427384656-0-item_pic.jpg,099_1067750986444.jpg,304.00 0.03%,1 0.03%,1,304.00,学生宿舍专用床垫 轻便小巧便携搬运 赠 手提收纳袋 外套可拆洗 送 晒宿舍照片送护颈记忆枕 30天 记忆棉薄垫学生宿舍床优选 免费试睡
100,663753403176,moonlightfamily 床垫优惠专拍链接,moonlightfamily旗舰店,未透出,基础常规款,免费试睡保障 | 官方正品权威背书,标准电商综合展示型,https://detail.tmall.com/item.htm?b_s_f=sycm&b_spm=a21ag.29085015&id=663753403176,https://detail.tmall.com/item.htm?b_s_f=sycm&b_spm=a21ag.29085015&id=663753403176,https://img.alicdn.com/bao/uploaded/i3/919851856/O1CN01Er5mEC1Pa5p8dAg75_!!0-item_pic.jpg,100_663753403176.jpg,300.00 0.03%,300 10.05%,1,300.00,拒绝甲醛 UKAS MANAGEMENT SYSTEMS Moonlight family Moonlightfamily Moonlight family 45天免试睡 发货时效 官方 限部分尺寸及地区 现货闪发/欧盟环保 抽检认证
121,1053628373215,【0.01元锁定多件优惠折上折】甜蜜睡眠床垫专属特权 单拍不发货,甜蜜睡眠旗舰店,未透出,基础常规款,常规销售,促销大字报冲击型,https://detail.tmall.com/item.htm?b_s_f=sycm&b_spm=a21ag.29085015&id=1053628373215,https://detail.tmall.com/item.htm?b_s_f=sycm&b_spm=a21ag.29085015&id=1053628373215,https://img.alicdn.com/bao/uploaded/i1/2215897735682/O1CN01nXnZ0u1rqPaVzcC2d_!!4611686018427380226-0-item_pic.jpg,121_1053628373215.jpg,0.01 0.00%,1 0.03%,1,0.01,*本链接不发实物，仅保留优惠资格 0.01元预订折上折 买越多省越多 优惠保留有效期3个月 甜蜜睡眠 Zzz sweetsleepmattress
124,566735041553,原生黄麻床垫华夫格纯棉乳胶偏硬席梦思优群护脊折叠定制1.5m棕垫,优群家居正品商城,未透出,护脊偏硬支撑 | 天然乳胶 | 环保椰棕/黄麻 | 抗菌防螨健康,平台/政府大额补贴 | 官方正品权威背书,促销大字报冲击型,https://detail.tmall.com/item.htm?b_s_f=sycm&b_spm=a21ag.29085015&id=566735041553,https://detail.tmall.com/item.htm?b_s_f=sycm&b_spm=a21ag.29085015&id=566735041553,https://img.alicdn.com/bao/uploaded/i2/3346353128/O1CN01SbGGGrw88uI2vH2e_!!3346353128.jpg,124_566735041553.jpg,0.00 0.00%,0 0.00%,0,0.00,超级立减 极有家 JIYOUJIA.COM 科学支撑撑腰护脊 进口黄麻抑菌防螨 塌陷包赔 五年质保支持定制 拒绝甲醛胶水无异味 10 顺丰速发 % 官方优惠 下单立减 （详情咨询客服）
125,567446951949,青少年席梦思1.5m独立弹簧1.2米软硬两用天然椰棕垫儿童护脊床垫,优群家居正品商城,未透出,护脊偏硬支撑 | 环保椰棕/黄麻 | 抗菌防螨健康 | 双面双睡感/可拆洗,平台/政府大额补贴 | 官方正品权威背书,促销大字报冲击型,https://detail.tmall.com/item.htm?b_s_f=sycm&b_spm=a21ag.29085015&id=567446951949,https://detail.tmall.com/item.htm?b_s_f=sycm&b_spm=a21ag.29085015&id=567446951949,https://img.alicdn.com/bao/uploaded/i4/3346353128/O1CN01TH4w67fnbYE2vH2e_!!3346353128.jpg,125_567446951949.jpg,0.00 0.00%,0 0.00%,0,0.00,极有家 超级立减 JIYOUJIA.COM 儿童专用弹簧床垫 双重防螨安全守护 塌陷包赔 五年质保支持定制 拒绝甲醛胶水无异味 10 顺丰速发 % 官方优惠 下单立减 （详情咨询客服）
127,577783543121,睡眠骑士弹簧床垫1.5米1.8酒店乳胶椰棕软硬双面席梦思硬垫经济型,睡眠骑士床垫企业店,未透出,护脊偏硬支撑 | 天然乳胶 | 环保椰棕/黄麻 | 双面双睡感/可拆洗,免费试睡保障 | 买赠高价值赠品 | 花呗免息分期 | 官方正品权威背书,标准电商综合展示型,https://detail.tmall.com/item.htm?b_s_f=sycm&b_spm=a21ag.29085015&id=577783543121,https://detail.tmall.com/item.htm?b_s_f=sycm&b_spm=a21ag.29085015&id=577783543121,https://img.alicdn.com/bao/uploaded/i3/720743073/O1CN01tiIqFq1YZUENkp1kW_!!720743073.jpg,127_577783543121.jpg,0.00 0.00%,0 0.00%,0,0.00,SLEEP° 睡眠骑士 官方优选 KNIGHT 20年不塌陷 独立弹簧款22cm/24cm厚 22CM 200天免费试睡|20年超长质保 经济适用 现货速发顺丰送到家 部分尺寸 及地区 花呗分期免息 365天免费仓储 免费送货到家
128,617195410423,睡眠骑士盒子床垫压缩卷包席梦思 独立弹簧软垫酒店乳胶1.8米家用,睡眠骑士床垫企业店,未透出,天然乳胶 | 智能调节深睡,免费试睡保障 | 买赠高价值赠品 | 花呗免息分期 | 官方正品权威背书,标准电商综合展示型,https://detail.tmall.com/item.htm?b_s_f=sycm&b_spm=a21ag.29085015&id=617195410423,https://detail.tmall.com/item.htm?b_s_f=sycm&b_spm=a21ag.29085015&id=617195410423,https://img.alicdn.com/bao/uploaded/i4/720743073/O1CN01OJXYIa1YZUESqycXi_!!720743073.jpg,128_617195410423.jpg,0.00 0.00%,0 0.00%,0,0.00,SLEEP. 睡眠骑士 官方优选 KNIGHT 智能床专用床垫 装进盒子里面的床垫 Sleep Knight 睡眠骑士星级品质 15/23CM 200天免费试睡 |20年超长质保 盒子床垫 现货速发顺丰送到家 部分尺寸 及地区 花呗分期免息 365天免费仓储 免费送货到家
129,626297496804,月光之家高端床垫7cm按摩乳胶家用五星级酒店睡感独立弹簧双人1.8,moonlightfamily旗舰店,未透出,天然乳胶 | 双面双睡感/可拆洗,平台/政府大额补贴 | 免费试睡保障 | 花呗免息分期 | 官方正品权威背书,促销大字报冲击型,https://detail.tmall.com/item.htm?b_s_f=sycm&b_spm=a21ag.29085015&id=626297496804,https://detail.tmall.com/item.htm?b_s_f=sycm&b_spm=a21ag.29085015&id=626297496804,https://img.alicdn.com/bao/uploaded/i2/919851856/O1CN01bQxpKqjYUaL32pKq_!!4611686018427384656-0-item_pic.jpg,129_626297496804.jpg,0.00 0.00%,0 0.00%,0,0.00,Moonlight family MOONLICHT 月光之家 家装节 FAMILY 7CM加厚按摩乳胶 软硬双面厚度30CM 优惠可叠加 政府补贴官方立减惊喜红包 88VIP 200天免费试睡 15% 12% 150 20年超长质保 3期免息 价保100天 免费取旧 顺丰 SF 0胶+5A双重认证 到家
130,638853226945,优群席梦思床垫家用软垫软硬两用椰棕1.8m酒店硬垫厚乳胶独立弹簧,优群家居正品商城,未透出,护脊偏硬支撑 | 天然乳胶 | 环保椰棕/黄麻 | 双面双睡感/可拆洗,平台/政府大额补贴 | 免费试睡保障 | 官方正品权威背书,促销大字报冲击型,https://detail.tmall.com/item.htm?b_s_f=sycm&b_spm=a21ag.29085015&id=638853226945,https://detail.tmall.com/item.htm?b_s_f=sycm&b_spm=a21ag.29085015&id=638853226945,https://img.alicdn.com/bao/uploaded/i3/3346353128/O1CN01i7WyyJRS9eG2vH2e_!!3346353128.jpg,130_638853226945.jpg,0.00 0.00%,0 0.00%,0,0.00,极有家 超级立减 JIYOUJIA.COM 5cm乳胶全家适用 100天免费试睡 塌陷包赔 五年质保支持定制 拒绝甲醛胶水无异味 10 顺丰速发 % 官方优惠 下单立减 （详情咨询客服）
131,642344219408,适用于宜家汉尼斯沙发床床垫可折叠黄麻椰棕乳胶坐卧两用1.6*2m,棕葆王国品牌店,未透出,天然乳胶 | 环保椰棕/黄麻 | 双面双睡感/可拆洗,平台/政府大额补贴 | 免费试睡保障 | 买赠高价值赠品 | 花呗免息分期,促销大字报冲击型 | 产品材质分层结构拆解型,https://detail.tmall.com/item.htm?b_s_f=sycm&b_spm=a21ag.29085015&id=642344219408,https://detail.tmall.com/item.htm?b_s_f=sycm&b_spm=a21ag.29085015&id=642344219408,https://img.alicdn.com/bao/uploaded/i1/251231227/O1CN01ZSJ67ktpUxG2vH2e_!!251231227.jpg,131_642344219408.jpg,0.00 0.00%,0 0.00%,0,0.00,超级立减 棕葆王国 汉尼斯专用床垫 101天免费试睡 S型环保精细黄麻有胶水退全款 立减 活动优惠 垫层内材尺寸支持定制 10% 免费试睡 保 20年不塌陷 花呗3期免息 顺丰送货入户
132,642436132867,5cm乳胶席梦思五星酒店双人床垫独立弹簧双层加厚1.8米超软垫椰棕,铂马仕旗舰店,￥500,天然乳胶 | 环保椰棕/黄麻,平台/政府大额补贴 | 买赠高价值赠品 | 官方正品权威背书,促销大字报冲击型,https://detail.tmall.com/item.htm?b_s_f=sycm&b_spm=a21ag.29085015&id=642436132867,https://detail.tmall.com/item.htm?b_s_f=sycm&b_spm=a21ag.29085015&id=642436132867,https://img.alicdn.com/bao/uploaded/i4/2165873208/O1CN01SNiX0RJpkFH2vH2e_!!4611686018427386424-0-item_pic.jpg,132_642436132867.jpg,0.00 0.00%,0 0.00%,0,0.00,铂马仕 家装节 POMOSER 星级酒店睡感 POMOSER POMOSER 双重补贴拍下立减！ 惊喜红包限时抢！ 政府补贴 官方补贴 88折消费券 惊喜红包 立减15% 立减12% 不止9折至高减500元 详见支付页面 可叠加店铺券 88VIP可用 送 单品直降约 现货速发顺丰到家 限部分 咨询客服抢舒睡枕X2 尺寸地区 37% 下单入会享好礼 ￥20 会员专享券 门槛 POMOSER
133,667156597347,梦织葆独立弹簧席梦思偏硬护脊床垫乳胶黄麻椰棕家用官方十大品牌,梦织葆家居品牌店,未透出,护脊偏硬支撑 | 天然乳胶 | 环保椰棕/黄麻 | 抗菌防螨健康 | 亲肤透气面料,平台/政府大额补贴 | 免费试睡保障 | 买赠高价值赠品 | 官方正品权威背书,促销大字报冲击型,https://detail.tmall.com/item.htm?b_s_f=sycm&b_spm=a21ag.29085015&id=667156597347,https://detail.tmall.com/item.htm?b_s_f=sycm&b_spm=a21ag.29085015&id=667156597347,https://img.alicdn.com/bao/uploaded/i1/2265426359/O1CN01Gv2KuXYqPGI2vH2e_!!2265426359.jpg,133_667156597347.jpg,0.00 0.00%,0 0.00%,0,0.00,weavei 梦织葆 超级88 eep 限时活动优惠抢不停 免费试睡100天 偏硬护脊有效承托 抑菌防螨亲肤面料 拒绝甲醛胶水无异味 官方活动 叠加优惠满300减60 12% 立减 180天免费仓储 送货入户 保价30天
136,693160632302,天然黄麻棕垫环保3e椰棕床垫儿童榻榻米折叠家用加硬护脊定制薄款,棕葆王国品牌店,未透出,护脊偏硬支撑 | 环保椰棕/黄麻 | 双面双睡感/可拆洗,平台/政府大额补贴 | 免费试睡保障 | 买赠高价值赠品 | 花呗免息分期,促销大字报冲击型,https://detail.tmall.com/item.htm?b_s_f=sycm&b_spm=a21ag.29085015&id=693160632302,https://detail.tmall.com/item.htm?b_s_f=sycm&b_spm=a21ag.29085015&id=693160632302,https://img.alicdn.com/bao/uploaded/i2/251231227/O1CN01fH0gKozg1zG2vH2e_!!251231227.jpg,136_693160632302.jpg,0.00 0.00%,0 0.00%,0,0.00,超级立减 棕葆王国 可拆洗 环保无胶 保护脊椎为你撑腰 S型环保精细黄麻有胶水退全款 立减 活动优惠 软硬两用 体验双重睡感 10% 免费试睡 保 20年不塌陷 花呗3期免息 顺丰送货入户
137,713810571113,可拆洗薄款15cm弹簧3D透气偏硬护脊席梦思黄麻床垫榻榻米家用,CEFALU旗舰店,未透出,护脊偏硬支撑 | 环保椰棕/黄麻 | 双面双睡感/可拆洗 | 亲肤透气面料,平台/政府大额补贴 | 免费试睡保障 | 买赠高价值赠品,促销大字报冲击型,https://detail.tmall.com/item.htm?b_s_f=sycm&b_spm=a21ag.29085015&id=713810571113,https://detail.tmall.com/item.htm?b_s_f=sycm&b_spm=a21ag.29085015&id=713810571113,https://img.alicdn.com/bao/uploaded/i4/1692273605/O1CN01NGGrLGFdHsI2vH2e_!!4611686018427382725-0-item_pic.jpg,137_713810571113.jpg,0.00 0.00%,0 0.00%,0,0.00,超级立减 甄选 CEFALU 尖货 13-17cm护脊薄床垫 软硬有度睡感可选 15 再省% 可叠加店内任何优惠活动 政府补贴 快递包邮 免费试睡200天 享政府补贴 预计下单直降 25% 优惠直降10%叠加使用 （环保透气软硬可选拒绝甲醛送货上门） 详情咨询客服
138,727470484194,派乐熊全拆儿童床垫可拆卸0胶水工艺调节软硬护脊独立弹簧席梦思,派乐熊旗舰店,未透出,护脊偏硬支撑,常规销售,标准电商综合展示型,https://detail.tmall.com/item.htm?b_s_f=sycm&b_spm=a21ag.29085015&id=727470484194,https://detail.tmall.com/item.htm?b_s_f=sycm&b_spm=a21ag.29085015&id=727470484194,https://img.alicdn.com/bao/uploaded/i3/2215984907648/O1CN01gRo7h026MqGAPb0aO_!!4611686018427381120-0-item_pic.jpg,138_727470484194.jpg,0.00 0.00%,0 0.00%,0,0.00,派乐熊×专注儿童健康睡眠 全拆1480颗四叶形0胶弹簧 派乐熊 Pareler Bear A类 全拆软硬睡感可调节 纯棉 儿童专用0胶加密酷布弹簧
139,754064067524,悠梦思黄麻乳胶床垫1.8米家用儿童椰棕护脊薄垫棕垫1.5m折叠加硬,yarges悠梦思旗舰店,未透出,护脊偏硬支撑 | 天然乳胶 | 环保椰棕/黄麻,平台/政府大额补贴 | 买赠高价值赠品 | 花呗免息分期 | 官方正品权威背书,促销大字报冲击型,https://detail.tmall.com/item.htm?b_s_f=sycm&b_spm=a21ag.29085015&id=754064067524,https://detail.tmall.com/item.htm?b_s_f=sycm&b_spm=a21ag.29085015&id=754064067524,https://img.alicdn.com/bao/uploaded/i1/2215907225135/O1CN01XYDiUsuqjyC2vH2e_!!4611686018427383343-0-item_pic.jpg,139_754064067524.jpg,0.00 0.00%,0 0.00%,0,0.00,YARGES悠梦思 舒脊椰棕强韧承托 全拆设计无胶工艺 YARGES 88 活动下单即享 折 88消费券 （立即抢购无需凑单） 限时立享至高减150元 88VIP可用 数量有限详情咨询客服 天猫家装节 抢 政府补贴15% 因地区差异，补贴信息详情请见支付页面！ 官方立减12% 下单入会“抢 舒睡枕x2 现货下单顺丰速发 拒绝塌陷 限部分 尺寸地区 。免费送货到家 分期免息 盒365天免费仓储
141,826172426744,睡眠骑士薄款独立袋弹簧床垫席梦思10cm厚硬垫子乳胶加硬天然黄麻,睡眠骑士床垫企业店,未透出,护脊偏硬支撑 | 天然乳胶 | 独立袋装弹簧 | 环保椰棕/黄麻,免费试睡保障 | 买赠高价值赠品 | 花呗免息分期 | 官方正品权威背书,标准电商综合展示型,https://detail.tmall.com/item.htm?b_s_f=sycm&b_spm=a21ag.29085015&id=826172426744,https://detail.tmall.com/item.htm?b_s_f=sycm&b_spm=a21ag.29085015&id=826172426744,https://img.alicdn.com/bao/uploaded/i2/720743073/O1CN01CT5XXe1YZUESUWica_!!720743073.jpg,141_826172426744.jpg,0.00 0.00%,0 0.00%,0,0.00,SLEEP° 睡眠骑士 官方优选 KNIGHT 超薄护脊弹簧床垫 可选厚度10/12/15厘米 9-15cm 200天免费试睡|20年超长质保 加硬护脊 现货速发顺丰送到家 部分尺寸 及地区 花呗分期免息 365天免费仓储 免费送货到家
142,829970700988,凯菲露山隐盒子护脊乳胶独立弹簧床垫席梦思硬垫子家用卧室20cm厚,凯菲露家具旗舰店,未透出,护脊偏硬支撑 | 天然乳胶 | 独立袋装弹簧 | 智能调节深睡,平台/政府大额补贴 | 免费试睡保障 | 免费送装一体 | 买赠高价值赠品,促销大字报冲击型,https://detail.tmall.com/item.htm?b_s_f=sycm&b_spm=a21ag.29085015&id=829970700988,https://detail.tmall.com/item.htm?b_s_f=sycm&b_spm=a21ag.29085015&id=829970700988,https://img.alicdn.com/bao/uploaded/i2/2218234661637/O1CN01nK8alXP8tKC1chua_!!4611686018427382533-0-item_pic.jpg,142_829970700988.jpg,0.00 0.00%,0 0.00%,0,0.00,KKAIFEL 秋季家装节 三核支撑加倍护脊 深睡护脊1山隐系列 店铺红包 限时抢 凯菲 限时下单 送 KAIFEL X2 单咨询客服了解详情参与！ 下单到手 评价有礼返20红包 （顺丰速发送货上楼（限部分地区/尺寸） 至高立减 政府补贴 9折消费券 全店立减 48% 立减15% 12% 下拉详情领取 88VIP可用 优惠可叠加 10G 免费 专利分段式云感应独立袋弹簧 试睡
143,837754312562,月光之家记忆棉床垫家庭用独立弹簧双人席梦思软硬酒店卧室1.8米,moonlightfamily旗舰店,未透出,零压记忆棉,平台/政府大额补贴 | 免费试睡保障 | 花呗免息分期 | 官方正品权威背书,促销大字报冲击型,https://detail.tmall.com/item.htm?b_s_f=sycm&b_spm=a21ag.29085015&id=837754312562,https://detail.tmall.com/item.htm?b_s_f=sycm&b_spm=a21ag.29085015&id=837754312562,https://img.alicdn.com/bao/uploaded/i2/919851856/O1CN01fYkU5a4VLhJ32pKq_!!4611686018427384656-0-item_pic.jpg,143_837754312562.jpg,0.00 0.00%,0 0.00%,0,0.00,Moonlight family MOONLICHT 月光之家 家装节 FAMILY 释压记忆棉弹簧床垫 软硬齐全厚度22-24CM 优惠可叠加 政府补贴官方立减惊喜红包 88VIP 200天免费试睡 15% 12% 150 20年超长质保 3期免息 价保100天 免费取旧 顺丰 SF 0胶+5A双重认证 到家
144,871492255526,月光之家乳胶床垫家用软硬独立弹簧护腰护脊黄麻双人席梦思可定制,moonlightfamily旗舰店,未透出,护脊偏硬支撑 | 天然乳胶 | 环保椰棕/黄麻 | 双面双睡感/可拆洗,平台/政府大额补贴 | 免费试睡保障 | 花呗免息分期 | 官方正品权威背书,促销大字报冲击型 | 产品材质分层结构拆解型,https://detail.tmall.com/item.htm?b_s_f=sycm&b_spm=a21ag.29085015&id=871492255526,https://detail.tmall.com/item.htm?b_s_f=sycm&b_spm=a21ag.29085015&id=871492255526,https://img.alicdn.com/bao/uploaded/i4/919851856/O1CN01FEGKIbo2HIH32pKq_!!4611686018427384656-0-item_pic.jpg,144_871492255526.jpg,0.00 0.00%,0 0.00%,0,0.00,Moonlight family MOONLICHT 月光之家 家装节 FAMILY 2-3层内材可选择 软硬齐全厚度22-24CM 优惠可叠加 政府补贴官方立减惊喜红包 88VIP 200天免费试睡 15% 12% 150 20年超长质保 3期免息 价保100天 免费取旧 顺丰 SF 0胶+5A双重认证 到家
145,962636733969,ROZO15CM软硬薄独立矮弹簧床垫乳胶黄麻高箱儿童榻榻米10公分12CM,rozo家具旗舰店,未透出,护脊偏硬支撑 | 天然乳胶 | 环保椰棕/黄麻,平台/政府大额补贴 | 官方正品权威背书,促销大字报冲击型,https://detail.tmall.com/item.htm?b_s_f=sycm&b_spm=a21ag.29085015&id=962636733969,https://detail.tmall.com/item.htm?b_s_f=sycm&b_spm=a21ag.29085015&id=962636733969,https://img.alicdn.com/bao/uploaded/i1/2939975400/O1CN01Q5250mwMZHF2vH2e_!!4611686018427385576-2-item_pic.png,145_962636733969.jpg,0.00 0.00%,0 0.00%,0,0.00,ROZO 秋季家装节 8cm-17cm薄弹簧床垫 高箱床专用一支撑更护脊 实付满1500立减 150 88VIP消费券 实付满480立减 60 88VIP消费券 政府补贴 至高立减约 官方 12% 下单立减 15% 45 活动 % 限时优惠券109 咨询客服
146,979528835914,国家补贴铂马仕加厚乳胶酒店弹簧记忆棉席梦思软床垫家用1.8m硬垫,铂马仕旗舰店,￥500,护脊偏硬支撑 | 天然乳胶 | 零压记忆棉,平台/政府大额补贴 | 免费试睡保障 | 买赠高价值赠品 | 官方正品权威背书,促销大字报冲击型,https://detail.tmall.com/item.htm?b_s_f=sycm&b_spm=a21ag.29085015&id=979528835914,https://detail.tmall.com/item.htm?b_s_f=sycm&b_spm=a21ag.29085015&id=979528835914,https://img.alicdn.com/bao/uploaded/i1/2165873208/O1CN01lpxr2UFwNRF2vH2e_!!4611686018427386424-0-item_pic.jpg,146_979528835914.jpg,0.00 0.00%,0 0.00%,0,0.00,铂马仕 家装节 POMOSER 5A认证优等品 星级酒店睡感 惊喜红包 88折消费券 不止9折至高减500元 88VIP可用 POMOSER POMOSER 双重补贴拍下立减！ 政府补贴 官方补贴 立减15% 立减12% 5A认证优等品 详见支付页面 可叠加店铺券 官方 送 120天真正免费试睡 咨询客服抢舒睡枕X2 Free 抽检认证 48小时顺丰速发 (SF 发货时效 限部分 尺寸地区
148,1025367985156,铂马仕云歌全拆床垫席梦思弹簧乳胶薄垫子软硬可调黄麻硬垫家用软,铂马仕旗舰店,￥500,护脊偏硬支撑 | 天然乳胶 | 环保椰棕/黄麻,平台/政府大额补贴 | 买赠高价值赠品 | 官方正品权威背书,促销大字报冲击型,https://detail.tmall.com/item.htm?b_s_f=sycm&b_spm=a21ag.29085015&id=1025367985156,https://detail.tmall.com/item.htm?b_s_f=sycm&b_spm=a21ag.29085015&id=1025367985156,https://img.alicdn.com/bao/uploaded/i2/2165873208/O1CN01jE96v3nrSpJ2vH2e_!!4611686018427386424-0-item_pic.jpg,148_1025367985156.jpg,0.00 0.00%,0 0.00%,0,0.00,铂马仕 家装节 POMOSER 全拆无胶工艺薄弹簧垫 榻榻米高箱床可用软硬可调 惊喜红包 88折消费券 不止9折至高减500元 88VIP可用 叠加 政府补贴 官方补贴 立减15% 立减12% 优惠 详见支付页面 可叠加店铺券 送 单品直降约 现货速发顺丰到家 限部分 咨询客服抢舒睡枕X2 尺寸地区 37% 下单入会享好礼 ￥20 会员专享券 门槛 POMOSER
149,1025910026008,悠梦思可拆卸席梦思水洗床垫独立袋弹簧1.8m记忆棉软硬可调节酒店,yarges悠梦思旗舰店,未透出,独立袋装弹簧 | 零压记忆棉 | 双面双睡感/可拆洗,平台/政府大额补贴 | 免费试睡保障 | 买赠高价值赠品 | 花呗免息分期 | 官方正品权威背书,促销大字报冲击型,https://detail.tmall.com/item.htm?b_s_f=sycm&b_spm=a21ag.29085015&id=1025910026008,https://detail.tmall.com/item.htm?b_s_f=sycm&b_spm=a21ag.29085015&id=1025910026008,https://img.alicdn.com/bao/uploaded/i1/2215907225135/O1CN0101QpWdX37xJ2vH2e_!!4611686018427383343-0-item_pic.jpg,149_1025910026008.jpg,0.00 0.00%,0 0.00%,0,0.00,YARGES悠梦思/全拆星系列 软硬可调整 0胶可拆洗 101天真正免费试睡 下单入会 88 抢舒睡枕*2 88消费券 活动下单即享 折(立即抢购无需凑单) 送 限时立享至高减150元 政府 15% 惊喜红包 官方 12% 补贴 + 立减 88VIP可用 + 补贴随时结束不补差价 官方补贴限时优惠不补差价 （下单立享优惠） *详情咨询客服* 天猫家装节 现货下单 顺丰速发 咨询客服享惊喜 （限部分尺寸地区） 拒绝甲醛 免费送货到家1C分期免息1盒365天免费仓储
150,1028434008034,睡眠骑士榻榻米床垫天然黄麻定制尺寸乳胶椰棕硬垫护脊床垫子儿童,睡眠骑士床垫企业店,未透出,护脊偏硬支撑 | 天然乳胶 | 环保椰棕/黄麻,免费试睡保障 | 买赠高价值赠品 | 花呗免息分期 | 官方正品权威背书,标准电商综合展示型,https://detail.tmall.com/item.htm?b_s_f=sycm&b_spm=a21ag.29085015&id=1028434008034,https://detail.tmall.com/item.htm?b_s_f=sycm&b_spm=a21ag.29085015&id=1028434008034,https://img.alicdn.com/bao/uploaded/i3/720743073/O1CN01kE6EAH1YZUEg7rGiy_!!720743073.jpg,150_1028434008034.jpg,0.00 0.00%,0 0.00%,0,0.00,SLEEP 睡眠骑士 官方优选 KNIGHT 型护脊 S型原生黄麻床垫 全垫0胶－性价比之选 5-12CM 现货速发顺丰送到家 (SF 天然黄麻 部分尺寸及地区详情咨询客服 200天免费试睡 花呗分期免息 365天免费仓储 免费送货到家
151,1044931207918,月光之家儿童床垫护脊独立袋弹簧加粗黄麻可全拆席梦思1.8米1.5m,moonlightfamily旗舰店,未透出,护脊偏硬支撑 | 独立袋装弹簧 | 环保椰棕/黄麻,平台/政府大额补贴 | 免费试睡保障 | 花呗免息分期 | 官方正品权威背书,促销大字报冲击型,https://detail.tmall.com/item.htm?b_s_f=sycm&b_spm=a21ag.29085015&id=1044931207918,https://detail.tmall.com/item.htm?b_s_f=sycm&b_spm=a21ag.29085015&id=1044931207918,https://img.alicdn.com/bao/uploaded/i1/919851856/O1CN01usehxYBNq1C32pKq_!!4611686018427384656-0-item_pic.jpg,151_1044931207918.jpg,0.00 0.00%,0 0.00%,0,0.00,Moonlight family MOONLICHT 月光之家 家装节 FAMILY 全拆儿童美式大弹簧 软硬可调厚度21-24CM 优惠可叠加 政府补贴官方立减惊喜红包 88VIP 200天免费试睡 15% 12% 150 20年超长质保 3期免息 价保100天 免费取旧 顺丰 SF 0胶+5A双重认证 到家
152,1055461434406,派乐熊独立袋弹簧床垫乳胶记忆棉席梦思软垫黄麻偏硬护脊双人家用,PARELER BEAR旗舰店,未透出,护脊偏硬支撑 | 天然乳胶 | 独立袋装弹簧 | 环保椰棕/黄麻 | 零压记忆棉,买赠高价值赠品,标准电商综合展示型,https://detail.tmall.com/item.htm?b_s_f=sycm&b_spm=a21ag.29085015&id=1055461434406,https://detail.tmall.com/item.htm?b_s_f=sycm&b_spm=a21ag.29085015&id=1055461434406,https://img.alicdn.com/bao/uploaded/i4/2219146481808/O1CN01enMOk71PE7EfP84uc_!!4611686018427383952-0-item_pic.jpg,152_1055461434406.jpg,0.00 0.00%,0 0.00%,0,0.00,派乐熊 2160颗加密独立袋弹簧 拒绝 赠送大件运费险 静音护脊弹簧床垫 甲醛
153,1055818322651,派乐熊独立袋弹簧床垫乳胶记忆棉席梦思软垫黄麻偏硬护脊双人家用,派乐熊旗舰店,未透出,护脊偏硬支撑 | 天然乳胶 | 独立袋装弹簧 | 环保椰棕/黄麻 | 零压记忆棉,买赠高价值赠品,标准电商综合展示型,https://detail.tmall.com/item.htm?b_s_f=sycm&b_spm=a21ag.29085015&id=1055818322651,https://detail.tmall.com/item.htm?b_s_f=sycm&b_spm=a21ag.29085015&id=1055818322651,https://img.alicdn.com/bao/uploaded/i4/2215984907648/O1CN01TYsOxu26MqG9bLmxO_!!4611686018427381120-0-item_pic.jpg,153_1055818322651.jpg,0.00 0.00%,0 0.00%,0,0.00,派乐熊 2160颗加密独立袋弹簧 拒绝 赠送大件运费险 静音护脊弹簧床垫 甲醛
154,1064210526530,派乐熊学生宿舍专用床垫90cmx200cm上下铺单人记忆棉软85cmx190cm,派乐熊儿童床垫品牌店,未透出,零压记忆棉,免费试睡保障 | 官方正品权威背书,标准电商综合展示型,https://detail.tmall.com/item.htm?b_s_f=sycm&b_spm=a21ag.29085015&id=1064210526530,https://detail.tmall.com/item.htm?b_s_f=sycm&b_spm=a21ag.29085015&id=1064210526530,https://img.alicdn.com/bao/uploaded/i3/371424161/O1CN016zHSkIDTF8D1chua_!!371424161.jpg,154_1064210526530.jpg,0.00 0.00%,0 0.00%,0,0.00,PARELER BEAR 专为宿舍睡眠 新做的记忆棉床垫 家装节 12% 本店支持使用 88VIP消费券 新升级学生宿舍记忆棉床垫 30天免费试睡 4年质保 90天仓储 免费仓储
155,1065338283292,睡眠骑士大学生宿舍专用床垫透气单人90x190cm国家补贴床垫记忆棉,睡眠骑士床垫企业店,￥229,护脊偏硬支撑 | 零压记忆棉 | 亲肤透气面料,平台/政府大额补贴 | 免费试睡保障 | 免费送装一体 | 买赠高价值赠品 | 花呗免息分期 | 官方正品权威背书,促销大字报冲击型,https://detail.tmall.com/item.htm?b_s_f=sycm&b_spm=a21ag.29085015&id=1065338283292,https://detail.tmall.com/item.htm?b_s_f=sycm&b_spm=a21ag.29085015&id=1065338283292,https://img.alicdn.com/bao/uploaded/i3/720743073/O1CN01eYxnRRKxtwC2XrKe_!!720743073.jpg,155_1065338283292.jpg,0.00 0.00%,0 0.00%,0,0.00,SLEEP 睡眠骑士 官方优选 KNIGHT 学生专用宿舍床垫 有力支撑 掌久睡不塌 免费试睡 30 ? 普惠到手价 开学必备床垫！ 229 官方 店铺 政府 综合立省 40 新客 1% 立减 立减 优惠 补贴 ? 赠大件运费险 免费送货上楼 3期免息
156,1069210598370,3cm黄麻偏硬独立弹簧床垫青年老人护腰脊加硬神器家用席梦思22cm,布莱轩尼旗舰店,未透出,护脊偏硬支撑 | 环保椰棕/黄麻,常规销售,标准电商综合展示型,https://detail.tmall.com/item.htm?b_s_f=sycm&b_spm=a21ag.29085015&id=1069210598370,https://detail.tmall.com/item.htm?b_s_f=sycm&b_spm=a21ag.29085015&id=1069210598370,https://img.alicdn.com/bao/uploaded/i1/1104379506/O1CN01PwX21IxhUQD1chua_!!4611686018427387506-0-item_pic.jpg,156_1069210598370.jpg,0.00 0.00%,0 0.00%,0,0.00,布莱轩尼 天猫家装节 硬睡感弹簧床垫 3cm黄麻加硬内芯 布莱轩尼 买贵退差价·售后无忧> 护腰 中青老年/孕妇/学生
158,24564568640,月光之家天然乳胶床垫家用子母式席梦思软垫三层可拆加厚3D1.8米,moonlightfamily旗舰店,未透出,天然乳胶,平台/政府大额补贴 | 免费试睡保障 | 花呗免息分期 | 官方正品权威背书,促销大字报冲击型,https://detail.tmall.com/item.htm?b_s_f=sycm&b_spm=a21ag.29085015&id=24564568640,https://detail.tmall.com/item.htm?b_s_f=sycm&b_spm=a21ag.29085015&id=24564568640,https://img.alicdn.com/bao/uploaded/i4/919851856/O1CN01qdWOSzk94dB32pKq_!!4611686018427384656-0-item_pic.jpg,158_24564568640.jpg,0.00 0.00%,0 0.00%,0,0.00,Moonlight family MOONLICHT 月光之家 家装节 FAMILY 一张床垫可分二张用 适中偏软厚度26-32CM ENGLAND Bersish brand 优惠可叠加 政府补贴官方立减惊喜红包 88VIP 200天免费试睡 15% 12% 150 20年超长质保 3期免息 价保100天 免费取旧 顺丰 SF 0胶+5A双重认证 到家
159,35427751133,moonlightfamily进口乳胶床垫 双人席梦思独立弹簧1.5米 1.8m床垫,moonlightfamily旗舰店,未透出,天然乳胶,常规销售,极简素雅质感型,https://detail.tmall.com/item.htm?b_s_f=sycm&b_spm=a21ag.29085015&id=35427751133,https://detail.tmall.com/item.htm?b_s_f=sycm&b_spm=a21ag.29085015&id=35427751133,https://img.alicdn.com/bao/uploaded/i2/919851856/O1CN015BncMt1Pa5sA1MKwm_!!0-item_pic.jpg,159_35427751133.jpg,0.00 0.00%,0 0.00%,0,0.00,FAMILY
160,38883955175,精细S型儿童黄麻床垫1.2上下床硬椰棕垫乳胶1.5m折叠榻榻米,布莱轩尼旗舰店,未透出,天然乳胶 | 环保椰棕/黄麻,常规销售,极简素雅质感型,https://detail.tmall.com/item.htm?b_s_f=sycm&b_spm=a21ag.29085015&id=38883955175,https://detail.tmall.com/item.htm?b_s_f=sycm&b_spm=a21ag.29085015&id=38883955175,https://img.alicdn.com/bao/uploaded/i1/1104379506/O1CN011ZvbcN2K5nti3dbBW_!!0-item_pic.jpg,160_38883955175.jpg,0.00 0.00%,0 0.00%,0,0.00,HOT 【植物系列】儿童床垫 敏感肌孩子也能安心用 A类100%纯棉
161,39529399419,布莱轩尼天然精细S形黄麻床垫儿童老人偏硬护脊10cm薄椰棕榻榻米,布莱轩尼旗舰店,未透出,护脊偏硬支撑 | 环保椰棕/黄麻,平台/政府大额补贴 | 官方正品权威背书,促销大字报冲击型,https://detail.tmall.com/item.htm?b_s_f=sycm&b_spm=a21ag.29085015&id=39529399419,https://detail.tmall.com/item.htm?b_s_f=sycm&b_spm=a21ag.29085015&id=39529399419,https://img.alicdn.com/bao/uploaded/i2/1104379506/O1CN01rHe5kdOEaFH1chua_!!4611686018427387506-0-item_pic.jpg,161_39529399419.jpg,0.00 0.00%,0 0.00%,0,0.00,布莱轩尼 天猫家装节 6-15cm偏硬护脊床垫 S形精细黄麻 家装节立减12% 政府补贴 布莱物龙 立减15% 详情咨询客服 TMALL天猫 买贵退差价·售后无忧 家装节 官方立减12% 官方立减12%+政府补贴15%
163,41539078425,MOON乳胶床垫5CM席梦思弹簧床垫1.5M1.8M进口天然乳胶软硬两用,moonlightfamily旗舰店,未透出,天然乳胶 | 双面双睡感/可拆洗,常规销售,极简素雅质感型,https://detail.tmall.com/item.htm?b_s_f=sycm&b_spm=a21ag.29085015&id=41539078425,https://detail.tmall.com/item.htm?b_s_f=sycm&b_spm=a21ag.29085015&id=41539078425,https://img.alicdn.com/bao/uploaded/i3/919851856/O1CN01n1E2Vn1Pa5sA1LWyf_!!0-item_pic.jpg,163_41539078425.jpg,0.00 0.00%,0 0.00%,0,0.00,FAMILY ENGLAND Britsh brand ENGLAND
164,42834836992,席梦思独立袋弹簧乳胶儿童床垫软垫1.5米椰棕偏硬床垫双人家用,CEFALU旗舰店,未透出,护脊偏硬支撑 | 天然乳胶 | 独立袋装弹簧 | 环保椰棕/黄麻,平台/政府大额补贴 | 免费试睡保障,促销大字报冲击型,https://detail.tmall.com/item.htm?b_s_f=sycm&b_spm=a21ag.29085015&id=42834836992,https://detail.tmall.com/item.htm?b_s_f=sycm&b_spm=a21ag.29085015&id=42834836992,https://img.alicdn.com/bao/uploaded/i2/1692273605/O1CN01URXzoW1cV8xhMxHX0_!!4611686018427382725-0-item_pic.jpg,164_42834836992.jpg,0.00 0.00%,0 0.00%,0,0.00,® 甄选 CEFALU 618狂欢节 X 尖货 21-26cm厚弹簧床垫 200天免费试睡 1235 15 再省% 可叠加店内任何优惠活动 政府补贴 快递包邮 免费试睡200天 享政府补贴 预计下单直降 30% 优惠直降15%叠加使用 （活动时间：5月31日00:00-6月21日23:59） 详情咨询客服
165,43000653365,布莱轩尼3cm乳胶席梦思凝胶记忆棉弹簧床垫加厚28cm酒店家用偏软,布莱轩尼旗舰店,未透出,天然乳胶 | 零压记忆棉,常规销售,标准电商综合展示型,https://detail.tmall.com/item.htm?b_s_f=sycm&b_spm=a21ag.29085015&id=43000653365,https://detail.tmall.com/item.htm?b_s_f=sycm&b_spm=a21ag.29085015&id=43000653365,https://img.alicdn.com/bao/uploaded/i4/1104379506/O1CN019LPcez2K5nteQCTiJ_!!0-item_pic.jpg,165_43000653365.jpg,0.00 0.00%,0 0.00%,0,0.00,布莱轩尼 BLACK HENESSY MATTRESS PLUS版 偏软 偏软五星酒店睡感 3cm乳胶+2cm凝胶记忆棉 慢回弹
167,43657665885,天然环保椰棕黄麻榻榻米床垫儿童护脊椎乳胶垫偏硬可拆洗折叠床垫,CEFALU旗舰店,未透出,护脊偏硬支撑 | 天然乳胶 | 环保椰棕/黄麻 | 双面双睡感/可拆洗,平台/政府大额补贴 | 免费试睡保障,促销大字报冲击型,https://detail.tmall.com/item.htm?b_s_f=sycm&b_spm=a21ag.29085015&id=43657665885,https://detail.tmall.com/item.htm?b_s_f=sycm&b_spm=a21ag.29085015&id=43657665885,https://img.alicdn.com/bao/uploaded/i1/1692273605/O1CN01wp6V1X1cV8y7So4wT_!!4611686018427382725-0-item_pic.jpg,167_43657665885.jpg,0.00 0.00%,0 0.00%,0,0.00,® 甄选 CEFALU 超级88 尖货 进口S型精细黄麻 韧性支撑科学护脊 15 再省% 可叠加店内任何优惠活动 政府补贴 MIV 快递包邮 免费试睡200天 享政府补贴 预计下单直降 27% 优惠直降12%叠加使用 （活动时间：07月07日20:00-07月09日23:59） 详情咨询客服
168,43671626227,铂马仕 5cm进口乳胶3D空气纤维进口床垫九区独立弹簧床垫席梦思,铂马仕旗舰店,￥500,天然乳胶,平台/政府大额补贴 | 买赠高价值赠品 | 官方正品权威背书,促销大字报冲击型,https://detail.tmall.com/item.htm?b_s_f=sycm&b_spm=a21ag.29085015&id=43671626227,https://detail.tmall.com/item.htm?b_s_f=sycm&b_spm=a21ag.29085015&id=43671626227,https://img.alicdn.com/bao/uploaded/i2/2165873208/O1CN0103P47YCMYtI2vH2e_!!4611686018427386424-0-item_pic.jpg,168_43671626227.jpg,0.00 0.00%,0 0.00%,0,0.00,铂马仕 家装节 POMOSER 30CM厚弹簧床垫 5CM按摩乳胶五星级酒店睡感 POMOSER POMOSER 双重补贴拍下立减！ 惊喜红包限时抢！ 政府补贴 官方补贴 惊喜红包 88折消费券 立减15% 立减12% 不止9折至高减500元 详见支付页面 可叠加店铺券 88VIP可用 送 单品直降约 现货速发顺丰到家 限部分 咨询客服抢舒睡枕X2 尺寸地区 37% 下单入会享好礼 ￥20 会员专享券 门槛 POMOSER
169,45014137732,布莱轩尼儿童床垫1.2米天然椰棕床垫棕垫棕榈硬席梦思1.5/1.8定做,布莱轩尼旗舰店,未透出,环保椰棕/黄麻,常规销售,极简素雅质感型,https://detail.tmall.com/item.htm?b_s_f=sycm&b_spm=a21ag.29085015&id=45014137732,https://detail.tmall.com/item.htm?b_s_f=sycm&b_spm=a21ag.29085015&id=45014137732,https://img.alicdn.com/bao/uploaded/i4/1104379506/O1CN01oktCyA2K5nmMRsyqo_!!0-item_pic.jpg,169_45014137732.jpg,0.00 0.00%,0 0.00%,0,0.00,布莱轩尼 BLACKHENESSYMATTRESS 儿童款天然椰棕床垫 CHILDREN'SNATURALCOCONUTBROWNMATTRESS
170,520109129797,moon 儿童硬床垫 棕榈全棕垫环保偏硬床垫席梦思天然椰棕护脊床垫,moonlightfamily旗舰店,未透出,护脊偏硬支撑 | 环保椰棕/黄麻,常规销售,极简素雅质感型,https://detail.tmall.com/item.htm?b_s_f=sycm&b_spm=a21ag.29085015&id=520109129797,https://detail.tmall.com/item.htm?b_s_f=sycm&b_spm=a21ag.29085015&id=520109129797,https://img.alicdn.com/bao/uploaded/i1/919851856/O1CN01bvy2Cy1Pa5rwwHDZc_!!0-item_pic.jpg,170_520109129797.jpg,0.00 0.00%,0 0.00%,0,0.00,FAMILY
171,521035549829,布莱轩尼独立弹簧椰棕席梦思床垫官方牌乳胶软垫家用厚20cm卧室,布莱轩尼旗舰店,未透出,天然乳胶 | 环保椰棕/黄麻,免费试睡保障 | 花呗免息分期 | 官方正品权威背书,标准电商综合展示型,https://detail.tmall.com/item.htm?b_s_f=sycm&b_spm=a21ag.29085015&id=521035549829,https://detail.tmall.com/item.htm?b_s_f=sycm&b_spm=a21ag.29085015&id=521035549829,https://img.alicdn.com/bao/uploaded/i2/1104379506/O1CN01E5bxEe2K5ntudVkeJ_!!0-item_pic.jpg,171_521035549829.jpg,0.00 0.00%,0 0.00%,0,0.00,30年质保五年换新 官方优选 免定制费1 免费试睡1 免息三期
172,522896607337,铂马仕S黄麻护脊床垫棕垫席梦思儿童天然硬垫1.5米折叠乳胶环保垫,铂马仕旗舰店,￥500,护脊偏硬支撑 | 天然乳胶 | 环保椰棕/黄麻,平台/政府大额补贴 | 免费试睡保障 | 买赠高价值赠品 | 官方正品权威背书,促销大字报冲击型,https://detail.tmall.com/item.htm?b_s_f=sycm&b_spm=a21ag.29085015&id=522896607337,https://detail.tmall.com/item.htm?b_s_f=sycm&b_spm=a21ag.29085015&id=522896607337,https://img.alicdn.com/bao/uploaded/i4/2165873208/O1CN01ijpyooKCZeF2vH2e_!!4611686018427386424-0-item_pic.jpg,172_522896607337.jpg,0.00 0.00%,0 0.00%,0,0.00,铂马仕 家装节 POMOSER 100天免费试睡 全拆无胶工艺 S黄麻护脊床垫 双重补贴拍下立减！ 惊喜红包限时抢！ 政府补贴 官方补贴 88折消费券 惊喜红包 立减15% 立减12% 不止9折至高减500元 详见支付页面 可叠加店铺券 88VIP可用 送 单品直降约 现货速发顺丰到家 限部分 咨询客服抢舒睡枕X2 尺寸地区 37% 下单入会享好礼 ￥20 会员专享券 门槛 POMOSER
173,523759687251,月光之家2cm乳胶床垫家庭用双人独立袋弹簧卧室席梦思软1.8米1.5m,moonlightfamily旗舰店,未透出,天然乳胶 | 独立袋装弹簧 | 双面双睡感/可拆洗,平台/政府大额补贴 | 免费试睡保障 | 花呗免息分期 | 官方正品权威背书,促销大字报冲击型,https://detail.tmall.com/item.htm?b_s_f=sycm&b_spm=a21ag.29085015&id=523759687251,https://detail.tmall.com/item.htm?b_s_f=sycm&b_spm=a21ag.29085015&id=523759687251,https://img.alicdn.com/bao/uploaded/i1/919851856/O1CN01h8gJ4kX4gwB32pKq_!!4611686018427384656-0-item_pic.jpg,173_523759687251.jpg,0.00 0.00%,0 0.00%,0,0.00,Moonlight family MOONLICHT 月光之家 家装节 FAMILY 二次定型弹簧床垫 软硬双面厚度22-24CM 优惠可叠加 政府补贴官方立减惊喜红包 88VIP 200天免费试睡 15% 12% 150 20年超长质保 3期免息 价保100天 免费取旧 顺丰 SF 0胶+5A双重认证 到家
174,527030351823,月光之家拉扣手工床垫家用软独立弹簧乳胶羊毛蚕丝加厚席梦思1.8m,moonlightfamily旗舰店,未透出,天然乳胶 | 亲肤透气面料,平台/政府大额补贴 | 免费试睡保障 | 花呗免息分期 | 官方正品权威背书,促销大字报冲击型 | 产品材质分层结构拆解型,https://detail.tmall.com/item.htm?b_s_f=sycm&b_spm=a21ag.29085015&id=527030351823,https://detail.tmall.com/item.htm?b_s_f=sycm&b_spm=a21ag.29085015&id=527030351823,https://img.alicdn.com/bao/uploaded/i2/919851856/O1CN01Qpnl15ke4fD32pKq_!!4611686018427384656-0-item_pic.jpg,174_527030351823.jpg,0.00 0.00%,0 0.00%,0,0.00,Moonlight family MOONLICHT 月光之家 家装节 FAMILY 多层手工拉扣床垫 软硬适中厚度28CM 682 优惠可叠加 政府补贴官方立减惊喜红包 88VIP 200天免费试睡 15% 12% 150 20年超长质保 3期免息 价保100天 免费取旧 顺丰 SF 0胶+5A双重认证 到家
175,527750219515,天然乳胶床垫5cm双人1.8m床3cm橡胶泰国乳胶床垫1.5m乳胶垫1.2米,铂马仕旗舰店,￥620,天然乳胶,花呗免息分期,促销大字报冲击型,https://detail.tmall.com/item.htm?b_s_f=sycm&b_spm=a21ag.29085015&id=527750219515,https://detail.tmall.com/item.htm?b_s_f=sycm&b_spm=a21ag.29085015&id=527750219515,https://img.alicdn.com/bao/uploaded/i4/2165873208/O1CN01TTBzdb1ZZJQaSkSo5_!!0-item_pic.jpg,175_527750219515.jpg,0.00 0.00%,0 0.00%,0,0.00,铂马仕 花呗 POMOSER 免息 活动到手价 天然乳胶加软床垫 ￥起 620 满600减60 满800减100
176,528755017391,月光之家儿童床垫独立弹簧棕垫护脊乳胶家用席梦思床垫1.8米1.5m,moonlightfamily旗舰店,未透出,护脊偏硬支撑 | 天然乳胶 | 环保椰棕/黄麻,平台/政府大额补贴 | 免费试睡保障 | 花呗免息分期 | 官方正品权威背书,促销大字报冲击型,https://detail.tmall.com/item.htm?b_s_f=sycm&b_spm=a21ag.29085015&id=528755017391,https://detail.tmall.com/item.htm?b_s_f=sycm&b_spm=a21ag.29085015&id=528755017391,https://img.alicdn.com/bao/uploaded/i2/919851856/O1CN01i1aZscZdV8L32pKq_!!4611686018427384656-0-item_pic.jpg,176_528755017391.jpg,0.00 0.00%,0 0.00%,0,0.00,Moonlight family MOONLICHT 月光之家 家装节 FAMILY 学生护脊弹簧床垫 软硬适中厚度22CM ENGLAND Beoxli bee 优惠可叠加 政府补贴官方立减惊喜红包 88VIP 200天免费试睡 15% 12% 150 20年超长质保 3期免息 价保100天 免费取旧 顺丰 SF 0胶+5A双重认证 到家
177,529352901694,10cm高箱独立薄弹簧床垫家用乳胶榻榻米黄麻护脊棕垫15分厚席梦思,铂马仕旗舰店,￥500,护脊偏硬支撑 | 天然乳胶 | 环保椰棕/黄麻,平台/政府大额补贴 | 买赠高价值赠品 | 官方正品权威背书,促销大字报冲击型,https://detail.tmall.com/item.htm?b_s_f=sycm&b_spm=a21ag.29085015&id=529352901694,https://detail.tmall.com/item.htm?b_s_f=sycm&b_spm=a21ag.29085015&id=529352901694,https://img.alicdn.com/bao/uploaded/i1/2165873208/O1CN01ftkpGi52IKK2vH2e_!!4611686018427386424-0-item_pic.jpg,177_529352901694.jpg,0.00 0.00%,0 0.00%,0,0.00,铂马仕 家装节 POMOSER 10CM薄弹簧床垫 12-20CM厚高箱床榻榻米可用 POMOSER 双重补贴拍下立减！ 惊喜红包限时抢！ 政府补贴 官方补贴 惊喜红包 88折消费券 立减15% 立减12% 不止9折至高减500元 详见支付页面 可叠加店铺券 88VIP可用 送 单品直降约 现货速发顺丰到家 限部分 咨询客服抢舒睡枕X2 尺寸地区 37% 下单入会享好礼 ￥20 会员专享券 门槛 POMOSER
179,535595500419,月光之家日本4D空气纤维床垫独立弹簧席梦思椰棕垫偏硬1.8米加厚,moonlightfamily旗舰店,未透出,护脊偏硬支撑 | 环保椰棕/黄麻,平台/政府大额补贴 | 免费试睡保障 | 花呗免息分期 | 官方正品权威背书,促销大字报冲击型,https://detail.tmall.com/item.htm?b_s_f=sycm&b_spm=a21ag.29085015&id=535595500419,https://detail.tmall.com/item.htm?b_s_f=sycm&b_spm=a21ag.29085015&id=535595500419,https://img.alicdn.com/bao/uploaded/i1/919851856/O1CN01B9YRsoGXGJI32pKq_!!4611686018427384656-0-item_pic.jpg,179_535595500419.jpg,0.00 0.00%,0 0.00%,0,0.00,Moonlight family MOONLICHT 月光之家 家装节 FAMILY 4D纤维竹炭棕加硬护脊 偏硬护脊厚度30CM 米 优惠可叠加 政府补贴官方立减惊喜红包 88VIP 200天免费试睡 15% 12% 150 20年超长质保 3期免息 价保100天 免费取旧 顺丰 SF 0胶+5A双重认证 到家
180,551529307732,布莱轩尼全拆两用卧室薄床垫矮独立弹簧席梦思软20cm含乳胶记忆棉,布莱轩尼旗舰店,未透出,天然乳胶 | 零压记忆棉 | 双面双睡感/可拆洗,平台/政府大额补贴 | 官方正品权威背书,促销大字报冲击型,https://detail.tmall.com/item.htm?b_s_f=sycm&b_spm=a21ag.29085015&id=551529307732,https://detail.tmall.com/item.htm?b_s_f=sycm&b_spm=a21ag.29085015&id=551529307732,https://img.alicdn.com/bao/uploaded/i1/1104379506/O1CN01rIZ0TPgv1dL1chua_!!4611686018427387506-0-item_pic.jpg,180_551529307732.jpg,0.00 0.00%,0 0.00%,0,0.00,布莱轩尼 天猫家装节 12-22cm 薄弹簧床垫 3cm/5cm乳胶/记忆棉 家装节立减12% 布莱轩尼 政府补贴 立减15% 详情咨询客服 TMALL天猫 买贵退差价·售后无忧 家装节 官方立减12% 官方立减12%+政府补贴15%
181,554453366403,ROZO床垫席梦思3D记忆棉软硬适中1.5米1.8m独立弹簧卷包家用床垫,rozo家具旗舰店,未透出,零压记忆棉,平台/政府大额补贴 | 官方正品权威背书,促销大字报冲击型,https://detail.tmall.com/item.htm?b_s_f=sycm&b_spm=a21ag.29085015&id=554453366403,https://detail.tmall.com/item.htm?b_s_f=sycm&b_spm=a21ag.29085015&id=554453366403,https://img.alicdn.com/bao/uploaded/i1/2939975400/O1CN0158FOT72dy9C2vH2e_!!4611686018427385576-2-item_pic.png,181_554453366403.jpg,0.00 0.00%,0 0.00%,0,0.00,RONO°X 秋季家装节 零胶水 焕新升级云端舒睡 温柔包裹 拥抱承托 实付满1500立减 150 ￥ 88VIP消费券 实付满480立减 60 夫 88VIP消费券 政府补贴 12% 至高立减约 官方 下单立减 15% 45% 活动 叠加使用优惠券 咨询客服
182,557488215167,ROZO乳胶床垫5cm弹簧床垫软硬双人环保椰棕垫1.5m 1.8m席梦思床垫,rozo家具旗舰店,未透出,天然乳胶 | 环保椰棕/黄麻,平台/政府大额补贴 | 官方正品权威背书,促销大字报冲击型,https://detail.tmall.com/item.htm?b_s_f=sycm&b_spm=a21ag.29085015&id=557488215167,https://detail.tmall.com/item.htm?b_s_f=sycm&b_spm=a21ag.29085015&id=557488215167,https://img.alicdn.com/bao/uploaded/i4/2939975400/O1CN01wtJp4qNv2bF2vH2e_!!4611686018427385576-2-item_pic.png,182_557488215167.jpg,0.00 0.00%,0 0.00%,0,0.00,ROZO? 秋季家装节 X 零胶水 五星级酒店专用 多种配置|多种睡感 实付满1500立减 150 Beautyblack 88VIP消费券 MATTRESS 实付满480立减 60 夫 88VIP消费券 政府补贴 12% 至高立减约 官方 下单立减 15% 45% 活动 叠加使用优惠券 咨询客服
183,563941033815,弹簧床垫 偏硬 中老人 双面用1.8m 1.5米天然椰棕乳胶席梦思床垫,棕葆王国品牌店,未透出,护脊偏硬支撑 | 天然乳胶 | 环保椰棕/黄麻 | 双面双睡感/可拆洗,平台/政府大额补贴 | 免费试睡保障 | 买赠高价值赠品 | 花呗免息分期,促销大字报冲击型,https://detail.tmall.com/item.htm?b_s_f=sycm&b_spm=a21ag.29085015&id=563941033815,https://detail.tmall.com/item.htm?b_s_f=sycm&b_spm=a21ag.29085015&id=563941033815,https://img.alicdn.com/bao/uploaded/i1/251231227/O1CN01IhXIBxCiBKC2vH2e_!!251231227.jpg,183_563941033815.jpg,0.00 0.00%,0 0.00%,0,0.00,超级立减 棕葆王国 护脊静音弹簧床垫 竹炭纤维面料健康环保 含环保无胶3E棕有胶水退全款 立减 活动优惠 22-24cm厚 10% 软硬双面 免费试睡 保 20年不塌陷 花呗3期免息 顺丰送货入户
184,573950419958,家用卧室薄天然S形黄麻床垫软加硬神器3/5cm老人护腰脊椰棕含乳胶,布莱轩尼旗舰店,未透出,护脊偏硬支撑 | 天然乳胶 | 环保椰棕/黄麻,平台/政府大额补贴 | 官方正品权威背书,促销大字报冲击型,https://detail.tmall.com/item.htm?b_s_f=sycm&b_spm=a21ag.29085015&id=573950419958,https://detail.tmall.com/item.htm?b_s_f=sycm&b_spm=a21ag.29085015&id=573950419958,https://img.alicdn.com/bao/uploaded/i2/1104379506/O1CN01gFbKHHR8UMC1chua_!!4611686018427387506-0-item_pic.jpg,184_573950419958.jpg,0.00 0.00%,0 0.00%,0,0.00,布莱轩尼 天猫家装节 软垫加硬腰轻松 薄黄麻床垫 3-5cm厚度 家装节立减12% 政府补贴 立减15% 详情咨询客服 TMALL天猫 买贵退差价·售后无忧 家装节 官方立减12% 官方立减12%+政府补贴15%
186,593982170286,铂马仕儿童护脊弹簧床垫席梦思 青少年1.2软硬两用进口乳胶椰棕垫,铂马仕旗舰店,￥500,护脊偏硬支撑 | 天然乳胶 | 环保椰棕/黄麻 | 双面双睡感/可拆洗,平台/政府大额补贴 | 免费试睡保障 | 买赠高价值赠品 | 官方正品权威背书,促销大字报冲击型,https://detail.tmall.com/item.htm?b_s_f=sycm&b_spm=a21ag.29085015&id=593982170286,https://detail.tmall.com/item.htm?b_s_f=sycm&b_spm=a21ag.29085015&id=593982170286,https://img.alicdn.com/bao/uploaded/i3/2165873208/O1CN01ujGlRPb2T2B2vH2e_!!4611686018427386424-0-item_pic.jpg,186_593982170286.jpg,0.00 0.00%,0 0.00%,0,0.00,铂马仕 家装节 POMOSER 防塌边防跌落 儿童床垫推荐榜NO.1 本店 POMOSER POMOSER 双重补贴拍下立减！ 惊喜红包限时抢！ 政府补贴 官方补贴 惊喜红包 88折消费券 立减15% 立减12% 不止9折至高减500元 详见支付页面 可叠加店铺券 88VIP可用 送 单品直降约 现货速发顺丰到家 限部分 咨询客服抢舒睡枕X2 尺寸地区 37% 100天真正免费试睡
187,594335980486,天然椰棕床垫 儿童护脊棕榈垫软硬棕垫薄席梦思1.5米1.8m折叠定制,布莱轩尼旗舰店,未透出,护脊偏硬支撑 | 环保椰棕/黄麻 | 抗菌防螨健康,买赠高价值赠品 | 官方正品权威背书,促销大字报冲击型,https://detail.tmall.com/item.htm?b_s_f=sycm&b_spm=a21ag.29085015&id=594335980486,https://detail.tmall.com/item.htm?b_s_f=sycm&b_spm=a21ag.29085015&id=594335980486,https://img.alicdn.com/bao/uploaded/i3/1104379506/O1CN01Tsz25I2K5nwoEdT5g_!!0-item_pic.jpg,187_594335980486.jpg,0.00 0.00%,0 0.00%,0,0.00,布莱轩尼 BLACK HENESSY MATTRESS 多重防螨德国品质 可拆式品质型3D黄麻棕床垫 官方 抽检认证 多重防螨欧盟环保甲醛达标 花呗0元体验免费送货到家
189,612521306609,国家补贴儿童护脊床垫全拆无甲醛偏硬家用乳胶弹簧椰棕1.5米20c厚,佛山享睡床垫品牌店,未透出,护脊偏硬支撑 | 天然乳胶 | 独立袋装弹簧 | 环保椰棕/黄麻 | 抗菌防螨健康,平台/政府大额补贴 | 免费试睡保障 | 买赠高价值赠品 | 官方正品权威背书,促销大字报冲击型,https://detail.tmall.com/item.htm?b_s_f=sycm&b_spm=a21ag.29085015&id=612521306609,https://detail.tmall.com/item.htm?b_s_f=sycm&b_spm=a21ag.29085015&id=612521306609,https://img.alicdn.com/bao/uploaded/i4/371421979/O1CN01DJ2fog13ZEB2vH2e_!!371421979.jpg,189_612521306609.jpg,0.00 0.00%,0 0.00%,0,0.00,WEIMLU 超级88 一维梦露一 三重防塌 独立袋弹簧 抗菌防螨可面拆 免费试睡101天 下单立减 京东顺丰送到家 TIME:9/620:00-9/1323:59 12 2% 可叠加优惠满300减60 （详情咨询客服即可） 免费送货到家 先用后付 180天免费仓储 保超长保价30天
190,623718173982,月光之家3cm天然乳胶床垫家用五星级酒店独立弹簧加厚席梦思1.8米,moonlightfamily旗舰店,未透出,天然乳胶 | 双面双睡感/可拆洗,平台/政府大额补贴 | 免费试睡保障 | 花呗免息分期 | 官方正品权威背书,促销大字报冲击型,https://detail.tmall.com/item.htm?b_s_f=sycm&b_spm=a21ag.29085015&id=623718173982,https://detail.tmall.com/item.htm?b_s_f=sycm&b_spm=a21ag.29085015&id=623718173982,https://img.alicdn.com/bao/uploaded/i4/919851856/O1CN01vbNHJhqacDK32pKq_!!4611686018427384656-0-item_pic.jpg,190_623718173982.jpg,0.00 0.00%,0 0.00%,0,0.00,Moonlight family MOONLICHT 月光之家 家装节 FAMILY 偏软释压酒店睡感 软硬双面厚度20-28CM 优惠可叠加 政府补贴官方立减惊喜红包 88VIP 200天免费试睡 15% 12% 150 20年超长质保 3期免息 价保100天 免费取旧 顺丰 SF 0胶+5A双重认证 到家
191,626618661459,MF月光之家恒温面料 5cm进口天然乳偏软独立袋弹簧床垫凝胶记忆棉,moonlightfamily旗舰店,未透出,天然乳胶 | 独立袋装弹簧 | 零压记忆棉,平台/政府大额补贴 | 免费试睡保障,促销大字报冲击型,https://detail.tmall.com/item.htm?b_s_f=sycm&b_spm=a21ag.29085015&id=626618661459,https://detail.tmall.com/item.htm?b_s_f=sycm&b_spm=a21ag.29085015&id=626618661459,https://img.alicdn.com/bao/uploaded/i1/919851856/O1CN01iiUcAw1Pa6Dvswraq_!!4611686018427384656-0-item_pic.jpg,191_626618661459.jpg,0.00 0.00%,0 0.00%,0,0.00,×38焕新周 豪华酒店睡感家用版 5CM按摩乳胶/2CM凝胶记忆棉/厚度30CM ENGLAND itish brand 100天免试睡 政府补贴 时效和物流 限部分尺寸及地区 下单立减 支持大部分区域 抢 15% 抢先顺丰发货 SF
192,635575176530,儿童护脊无甲醛黄麻乳胶椰棕 1.2棕榈床垫硬垫1.35米定制折叠双面,佛山享睡床垫品牌店,未透出,护脊偏硬支撑 | 天然乳胶 | 环保椰棕/黄麻 | 双面双睡感/可拆洗,平台/政府大额补贴 | 免费试睡保障 | 买赠高价值赠品 | 官方正品权威背书,促销大字报冲击型,https://detail.tmall.com/item.htm?b_s_f=sycm&b_spm=a21ag.29085015&id=635575176530,https://detail.tmall.com/item.htm?b_s_f=sycm&b_spm=a21ag.29085015&id=635575176530,https://img.alicdn.com/bao/uploaded/i3/371421979/O1CN01UKM0ovBIAQH2vH2e_!!371421979.jpg,192_635575176530.jpg,0.00 0.00%,0 0.00%,0,0.00,WEIMLU 超级88 一维梦露一 护脊黄麻棕 强效撑腰 支持定制可全拆 免费试睡101天 下单立减 京东顺丰送到家 TIME:9/620:00-9/1323:59 12% 可叠加优惠满300减60 （详情咨询客服即可） 免费送货到家 先用后付 180天免费仓储 超长保价30天
193,637957683669,睡眠骑士15cm厚床垫高箱床薄垫席梦思乳胶榻榻米10公分椰棕硬垫子,睡眠骑士床垫企业店,未透出,护脊偏硬支撑 | 天然乳胶 | 环保椰棕/黄麻,免费试睡保障 | 买赠高价值赠品 | 花呗免息分期 | 官方正品权威背书,标准电商综合展示型,https://detail.tmall.com/item.htm?b_s_f=sycm&b_spm=a21ag.29085015&id=637957683669,https://detail.tmall.com/item.htm?b_s_f=sycm&b_spm=a21ag.29085015&id=637957683669,https://img.alicdn.com/bao/uploaded/i1/720743073/O1CN01CFnTBa1YZUEU1qPL8_!!720743073.jpg,193_637957683669.jpg,0.00 0.00%,0 0.00%,0,0.00,SLEEP° 睡眠骑士 官方优选 KNIGHT 15CM独立弹簧床垫 厚度：10cm/12cm/15cm 10-15cm 200天免费试睡 |20年超长质保 经济适用 现货速发 顺丰送到家 部分尺寸 及地区 花呗分期免息 365天免费仓储 免费送货到家
194,638409773842,乳胶床垫超软独立弹簧席梦思家用软垫五星酒店30cm加厚2.2米,棕葆王国品牌店,未透出,天然乳胶,平台/政府大额补贴 | 免费试睡保障 | 买赠高价值赠品 | 花呗免息分期,促销大字报冲击型,https://detail.tmall.com/item.htm?b_s_f=sycm&b_spm=a21ag.29085015&id=638409773842,https://detail.tmall.com/item.htm?b_s_f=sycm&b_spm=a21ag.29085015&id=638409773842,https://img.alicdn.com/bao/uploaded/i3/251231227/O1CN01G6wGICgKL7G2vH2e_!!251231227.jpg,194_638409773842.jpg,0.00 0.00%,0 0.00%,0,0.00,超级立减 棕葆王国 超软五星睡眠 30cm超软一五星之选 此款含5cm乳胶超软加厚睡感 立减 活动优惠 10% 20-30cm厚柔软舒适 免费试睡 保 20年不塌陷 花呗3期免息 顺丰送货入户
195,644162229737,布莱轩尼全拆席梦思弹簧床垫酒店含乳胶记忆棉卧室偏软20cm厚家用,布莱轩尼旗舰店,未透出,天然乳胶 | 零压记忆棉,平台/政府大额补贴 | 官方正品权威背书,促销大字报冲击型,https://detail.tmall.com/item.htm?b_s_f=sycm&b_spm=a21ag.29085015&id=644162229737,https://detail.tmall.com/item.htm?b_s_f=sycm&b_spm=a21ag.29085015&id=644162229737,https://img.alicdn.com/bao/uploaded/i3/1104379506/O1CN01zsVsaHVPq5F1chua_!!4611686018427387506-0-item_pic.jpg,195_644162229737.jpg,0.00 0.00%,0 0.00%,0,0.00,布莱轩尼 天猫家装节 20-24cm 全拆软硬可调 四叶形无胶工艺弹簧床垫 家装节立减12% 布莱轩尼 政府补贴 立减15% 详情咨询客服 TMALL天猫 买贵退差价·售后无忧 家装节 官方立减12% 官方立减12%+政府补贴15%
197,651781164154,月光之家中老年床垫家用黄麻棕垫硬独立弹簧护脊席梦思1.8米1.5m,moonlightfamily旗舰店,未透出,护脊偏硬支撑 | 环保椰棕/黄麻,平台/政府大额补贴 | 免费试睡保障 | 花呗免息分期 | 官方正品权威背书,促销大字报冲击型,https://detail.tmall.com/item.htm?b_s_f=sycm&b_spm=a21ag.29085015&id=651781164154,https://detail.tmall.com/item.htm?b_s_f=sycm&b_spm=a21ag.29085015&id=651781164154,https://img.alicdn.com/bao/uploaded/i1/919851856/O1CN01mNZkeGbpUUF32pKq_!!4611686018427384656-0-item_pic.jpg,197_651781164154.jpg,0.00 0.00%,0 0.00%,0,0.00,Moonlight family MOONLICHT 月光之家 家装节 FAMILY 中老年专用护脊床垫 偏硬护脊厚度14-23CM 优惠可叠加 政府补贴官方立减惊喜红包 88VIP 200天免费试睡 15% 12% 150 20年超长质保 3期免息 价保100天 免费取旧 顺丰 SF 0胶+5A双重认证 到家
198,652575058615,月光之家黄麻床垫家庭用独立弹簧加厚加硬双人卧室席梦思中老年用,moonlightfamily旗舰店,未透出,护脊偏硬支撑 | 环保椰棕/黄麻,平台/政府大额补贴 | 免费试睡保障 | 花呗免息分期 | 官方正品权威背书,促销大字报冲击型,https://detail.tmall.com/item.htm?b_s_f=sycm&b_spm=a21ag.29085015&id=652575058615,https://detail.tmall.com/item.htm?b_s_f=sycm&b_spm=a21ag.29085015&id=652575058615,https://img.alicdn.com/bao/uploaded/i4/919851856/O1CN01LrBVCIbxjyC32pKq_!!4611686018427384656-0-item_pic.jpg,198_652575058615.jpg,0.00 0.00%,0 0.00%,0,0.00,Moonlight family MOONLICHT 月光之家 家装节 FAMILY 加厚黄麻护腰床垫 偏硬护脊厚度21-25CM Moaonigh fomily 米 优惠可叠加 政府补贴官方立减惊喜红包 88VIP 200天免费试睡 15% 12% 150 20年超长质保 3期免息 价保100天 免费取旧 顺丰 SF 0胶+5A双重认证 到家
199,656332991247,儿童弹簧床垫专用席梦思无甲醛护脊垫青少年软硬两用椰棕垫可定制,佛山享睡床垫品牌店,未透出,护脊偏硬支撑 | 环保椰棕/黄麻 | 双面双睡感/可拆洗 | 亲肤透气面料,平台/政府大额补贴 | 免费试睡保障 | 买赠高价值赠品 | 官方正品权威背书,促销大字报冲击型,https://detail.tmall.com/item.htm?b_s_f=sycm&b_spm=a21ag.29085015&id=656332991247,https://detail.tmall.com/item.htm?b_s_f=sycm&b_spm=a21ag.29085015&id=656332991247,https://img.alicdn.com/bao/uploaded/i3/371421979/O1CN01bMBt1anUr5C2vH2e_!!371421979.jpg,199_656332991247.jpg,0.00 0.00%,0 0.00%,0,0.00,WEIMLU 超级88 一维梦露一 儿童专用三线 和弦弹簧 吸汗透气可面拆 免费试睡101天 下单立减 京东顺丰送到家 TIME:9/620:00-9/1323:59 12% 可叠加优惠满300减60 （详情咨询客服即可） 免费送货到家 先用后付 180天免费仓储 保超长保价30天
201,669274531222,儿童床垫全拆黄麻专用榻榻米3D空气纤维无甲醛青少年1.2米1.5m垫,佛山享睡床垫品牌店,未透出,环保椰棕/黄麻 | 双面双睡感/可拆洗,平台/政府大额补贴 | 免费试睡保障 | 买赠高价值赠品 | 官方正品权威背书,促销大字报冲击型,https://detail.tmall.com/item.htm?b_s_f=sycm&b_spm=a21ag.29085015&id=669274531222,https://detail.tmall.com/item.htm?b_s_f=sycm&b_spm=a21ag.29085015&id=669274531222,https://img.alicdn.com/bao/uploaded/i1/371421979/O1CN011JGkmyqrNrF2vH2e_!!371421979.jpg,201_669274531222.jpg,0.00 0.00%,0 0.00%,0,0.00,WEIMLU 超级88 一维梦露一 黄麻3E棕可选 拒绝塌陷 可双面睡可面拆 免费试睡101天 下单立减 京东顺丰送到家 TIME:9/620:00-9/1323:59 12 % 可叠加优惠满300减60 （详情咨询客服即可） 免费送货到家 先用后付 180天免费仓储 保超长保价30天
202,669738617140,天然S型精细环保黄麻儿童偏硬护脊榻榻米乳胶记忆棉床垫可拆洗,CEFALU旗舰店,未透出,护脊偏硬支撑 | 天然乳胶 | 环保椰棕/黄麻 | 零压记忆棉 | 双面双睡感/可拆洗 | 亲肤透气面料,平台/政府大额补贴 | 免费试睡保障 | 买赠高价值赠品,促销大字报冲击型,https://detail.tmall.com/item.htm?b_s_f=sycm&b_spm=a21ag.29085015&id=669738617140,https://detail.tmall.com/item.htm?b_s_f=sycm&b_spm=a21ag.29085015&id=669738617140,https://img.alicdn.com/bao/uploaded/i4/1692273605/O1CN01PArzoXtHKCD2vH2e_!!4611686018427382725-0-item_pic.jpg,202_669738617140.jpg,0.00 0.00%,0 0.00%,0,0.00,® 超级立减 甄选 CEFALU 尖货 真材实料无惧对比 200天免费试睡 更细更纯 S型环保黄麻 15 再省% 可叠加店内任何优惠活动 政府补贴 Antibacterial 快递包邮 免费试睡200天 享政府补贴 预计下单直降 25% 优惠直降10%叠加使用 （环保透气软硬可选拒绝甲醛送货上门） 详情咨询客服
203,673206164922,天然S型环保黄麻儿童专用床垫护脊乳胶垫偏硬椰棕榻榻米垫,CEFALU旗舰店,未透出,护脊偏硬支撑 | 天然乳胶 | 环保椰棕/黄麻 | 亲肤透气面料,平台/政府大额补贴 | 免费试睡保障 | 买赠高价值赠品,促销大字报冲击型,https://detail.tmall.com/item.htm?b_s_f=sycm&b_spm=a21ag.29085015&id=673206164922,https://detail.tmall.com/item.htm?b_s_f=sycm&b_spm=a21ag.29085015&id=673206164922,https://img.alicdn.com/bao/uploaded/i1/1692273605/O1CN01EPBEc5iv78D2vH2e_!!4611686018427382725-0-item_pic.jpg,203_673206164922.jpg,0.00 0.00%,0 0.00%,0,0.00,® 超级立减 甄选 CEFALU 尖货 儿童护脊黄麻床垫 200天免费试睡 15 再省% 可叠加店内任何优惠活动 政府补贴 快递包邮 免费试睡200天 享政府补贴 预计下单直降 25% 优惠直降10%叠加使用 （环保透气软硬可选拒绝甲醛送货上门） 详情咨询客服
204,673377643253,ROZO五星酒店独立弹簧床垫进口乳胶席梦思家用软垫1.8m床垫子儿童,rozo家具旗舰店,未透出,天然乳胶,平台/政府大额补贴 | 官方正品权威背书,促销大字报冲击型,https://detail.tmall.com/item.htm?b_s_f=sycm&b_spm=a21ag.29085015&id=673377643253,https://detail.tmall.com/item.htm?b_s_f=sycm&b_spm=a21ag.29085015&id=673377643253,https://img.alicdn.com/bao/uploaded/i1/2939975400/O1CN01TnVS2UwhX7C2vH2e_!!4611686018427385576-2-item_pic.png,204_673377643253.jpg,0.00 0.00%,0 0.00%,0,0.00,ROZO° 秋季家装节 零胶水 星级睡感舒适升级 软硬适中 睡得轻松 实付满1500立减 150 夫 88VIP消费券 RONO 实付满480立减 60 夫 88VIP消费券 政府补贴 12% 至高立减约 官方 下单立减 15% 45 活动 5% 叠加使用优惠券 咨询客服
205,674874411395,月光之家儿童床垫家用黄麻护脊硬全棉面料上下铺1.5米1.2m可定制,moonlightfamily旗舰店,未透出,护脊偏硬支撑 | 环保椰棕/黄麻 | 双面双睡感/可拆洗,平台/政府大额补贴 | 免费试睡保障 | 花呗免息分期 | 官方正品权威背书,促销大字报冲击型,https://detail.tmall.com/item.htm?b_s_f=sycm&b_spm=a21ag.29085015&id=674874411395,https://detail.tmall.com/item.htm?b_s_f=sycm&b_spm=a21ag.29085015&id=674874411395,https://img.alicdn.com/bao/uploaded/i2/919851856/O1CN015MQca8qv6tE32pKq_!!4611686018427384656-0-item_pic.jpg,205_674874411395.jpg,0.00 0.00%,0 0.00%,0,0.00,Moonlight family MOONLICHT 月光之家 家装节 FAMILY 儿童专用黄麻床垫 软硬双面厚度6-12CM EVALOC 优惠可叠加 政府补贴官方立减惊喜红包 88VIP 200天免费试睡 15% 12% 150 20年超长质保 3期免息 价保100天 免费取旧 顺丰 SF 0胶+5A双重认证 到家
206,674964478669,睡眠骑士S型精细黄麻床垫乳胶 榻榻米家用椰棕儿童垫护脊加硬棕榈,睡眠骑士床垫企业店,未透出,护脊偏硬支撑 | 天然乳胶 | 环保椰棕/黄麻,平台/政府大额补贴 | 免费试睡保障 | 买赠高价值赠品 | 花呗免息分期 | 官方正品权威背书,促销大字报冲击型,https://detail.tmall.com/item.htm?b_s_f=sycm&b_spm=a21ag.29085015&id=674964478669,https://detail.tmall.com/item.htm?b_s_f=sycm&b_spm=a21ag.29085015&id=674964478669,https://img.alicdn.com/bao/uploaded/i3/720743073/O1CN01Kndn7A1YZUEbv5bAb_!!720743073.jpg,206_674964478669.jpg,0.00 0.00%,0 0.00%,0,0.00,SLEEP 睡眠骑士 官方优选 KNIGHT 型护脊 200天免费试睡 可全拆设计|S型精细黄麻 88VIP 可叠加88VIP券 现货速发送到家 部分尺寸及地区详情咨询客服 5-12 总厚 政府补贴叠加省 35 省 CM % 天然黄麻 数量优先先到先得详情咨询客服 200天免费试睡 花呗分期免息 365天免费仓储 免费送货到家
207,676129767435,派乐熊独立袋弹簧床垫乳胶记忆棉席梦思软垫黄麻偏硬护脊双人家用,派乐熊儿童床垫品牌店,未透出,护脊偏硬支撑 | 天然乳胶 | 独立袋装弹簧 | 环保椰棕/黄麻 | 零压记忆棉,买赠高价值赠品,标准电商综合展示型,https://detail.tmall.com/item.htm?b_s_f=sycm&b_spm=a21ag.29085015&id=676129767435,https://detail.tmall.com/item.htm?b_s_f=sycm&b_spm=a21ag.29085015&id=676129767435,https://img.alicdn.com/bao/uploaded/i4/371424161/O1CN015h81DH1gbnB7a19LG_!!371424161.jpg,207_676129767435.jpg,0.00 0.00%,0 0.00%,0,0.00,派乐熊 2160颗加密独立袋弹簧 拒绝 赠送大件运费险 静音护脊弹簧床垫 甲醛
209,676927407863,铂马仕盒子床垫卷包乳胶弹簧软垫家用记忆棉1.8米酒店席梦思压缩,铂马仕旗舰店,￥500,天然乳胶 | 零压记忆棉,平台/政府大额补贴 | 免费试睡保障 | 买赠高价值赠品 | 官方正品权威背书,促销大字报冲击型,https://detail.tmall.com/item.htm?b_s_f=sycm&b_spm=a21ag.29085015&id=676927407863,https://detail.tmall.com/item.htm?b_s_f=sycm&b_spm=a21ag.29085015&id=676927407863,https://img.alicdn.com/bao/uploaded/i1/2165873208/O1CN01OxX9H3z5IrL1chua_!!4611686018427386424-0-item_pic.jpg,209_676927407863.jpg,0.00 0.00%,0 0.00%,0,0.00,"铂马仕 家装节 POMOSER 200天免费试睡 360度全拆 拒绝甲醛 Matt res, 双重补贴拍下立减！ 惊喜红包限时抢！ 政府补贴 官方补贴 惊喜红包 88折消费券 立减15% 立减12% 不止9折至高减500元 详见支付页面 可叠加店铺券 88VIP可用 送 现货速发顺丰到家 限部分 咨询客服抢舒睡枕X2 单品直降约 尺寸地区 37% 下单入会享好礼 20 门槛"
210,679854060047,可全拆独立弹簧床垫记忆棉含乳胶黄麻家用偏软硬卧室席梦思22cm厚,布莱轩尼旗舰店,未透出,天然乳胶 | 环保椰棕/黄麻 | 零压记忆棉,平台/政府大额补贴 | 官方正品权威背书,促销大字报冲击型,https://detail.tmall.com/item.htm?b_s_f=sycm&b_spm=a21ag.29085015&id=679854060047,https://detail.tmall.com/item.htm?b_s_f=sycm&b_spm=a21ag.29085015&id=679854060047,https://img.alicdn.com/bao/uploaded/i2/1104379506/O1CN01Ugm2rdQkRMG1chua_!!4611686018427387506-0-item_pic.jpg,210_679854060047.jpg,0.00 0.00%,0 0.00%,0,0.00,布莱轩尼 天猫家装节 22-24cm无胶床垫 全拆睡感可调 家装节立减12% 政府补贴 布莱轩尼 立减15% 详情咨询客服 TMALL天猫 买贵退差价·售后无忧 家装节 官方立减12% 官方立减12%+政府补贴15%
211,680161231199,moonlightfamily月光之家床垫 七夕礼遇季 0.01元抢10大特权定金,moonlightfamily旗舰店,未透出,基础常规款,官方正品权威背书,促销大字报冲击型,https://detail.tmall.com/item.htm?b_s_f=sycm&b_spm=a21ag.29085015&id=680161231199,https://detail.tmall.com/item.htm?b_s_f=sycm&b_spm=a21ag.29085015&id=680161231199,https://img.alicdn.com/bao/uploaded/i4/919851856/O1CN01SpKMnCThEFH1chua_!!4611686018427384656-0-item_pic.jpg,211_680161231199.jpg,0.00 0.00%,0 0.00%,0,0.00,×七夕礼遇季 0.01 元 抢10大特权 预定》即日起限量5000份抢完即止使用》具体以官方活动时间开启为准 限时预约抢完为止
212,680541369411,睡眠骑士15cm薄床垫双面20cm厚乳胶席梦思椰棕五星家用软垫记忆棉,睡眠骑士床垫企业店,未透出,天然乳胶 | 环保椰棕/黄麻 | 零压记忆棉 | 双面双睡感/可拆洗,免费试睡保障 | 买赠高价值赠品 | 花呗免息分期 | 官方正品权威背书,标准电商综合展示型,https://detail.tmall.com/item.htm?b_s_f=sycm&b_spm=a21ag.29085015&id=680541369411,https://detail.tmall.com/item.htm?b_s_f=sycm&b_spm=a21ag.29085015&id=680541369411,https://img.alicdn.com/bao/uploaded/i3/720743073/O1CN01fqQgYU1YZUETEv3FV_!!720743073.jpg,212_680541369411.jpg,0.00 0.00%,0 0.00%,0,0.00,SLEEP° 睡眠骑士 官方优选 KNIGHT 五星级酒店床垫 厚度:20/22/24cm 15-24cm 200天免费试睡 |20年超长质保 酒店睡感 现货速发 顺丰送到家 部分尺寸 及地区 花呗分期免息 365天免费仓储 免费送货到家
213,681329795203,睡眠骑士透气压缩盒子床垫记忆棉酒店独立弹簧席梦思家用空气纤维,睡眠骑士床垫企业店,未透出,零压记忆棉 | 亲肤透气面料,免费试睡保障 | 买赠高价值赠品 | 花呗免息分期 | 官方正品权威背书,标准电商综合展示型,https://detail.tmall.com/item.htm?b_s_f=sycm&b_spm=a21ag.29085015&id=681329795203,https://detail.tmall.com/item.htm?b_s_f=sycm&b_spm=a21ag.29085015&id=681329795203,https://img.alicdn.com/bao/uploaded/i4/720743073/O1CN01SZRe4c1YZUESIGCVM_!!720743073.jpg,213_681329795203.jpg,0.00 0.00%,0 0.00%,0,0.00,SLEEP 睡眠骑士 官方优选 KNIGHT 清爽透气超舒适 天然环保可全拆 全拆 设计 23CM 200天免费试睡 20年超长质保 盒子透气 现货速发 顺丰送到家 部分尺寸 及地区 花呗分期免息 365天免费仓储 免费送货到家
214,682210995554,ROZO盒子20cm厚床垫席梦思硬垫弹簧1.5m记忆棉软垫家用15厘米酒店,rozo家具旗舰店,未透出,护脊偏硬支撑 | 零压记忆棉,平台/政府大额补贴 | 官方正品权威背书,促销大字报冲击型,https://detail.tmall.com/item.htm?b_s_f=sycm&b_spm=a21ag.29085015&id=682210995554,https://detail.tmall.com/item.htm?b_s_f=sycm&b_spm=a21ag.29085015&id=682210995554,https://img.alicdn.com/bao/uploaded/i3/2939975400/O1CN017sHfe5UMfzB2vH2e_!!4611686018427385576-2-item_pic.png,214_682210995554.jpg,0.00 0.00%,0 0.00%,0,0.00,ROZO°X J 秋季家装节 零胶水 软硬适中达人推荐 不满意 |退全款 实付满1500立减 150 夫 88VIP消费券 实付满480立减 60 ￥ 88VIP消费券 政府补贴 12% 至高立减约 官方 下单立减 15% 45% 活动 叠加使用优惠券 咨询客服
215,684037969223,软床垫加硬神器薄床垫老年人专用护脊椎天然黄麻硬椰棕榈垫榻榻米,派乐熊儿童床垫品牌店,未透出,护脊偏硬支撑 | 环保椰棕/黄麻,常规销售,标准电商综合展示型,https://detail.tmall.com/item.htm?b_s_f=sycm&b_spm=a21ag.29085015&id=684037969223,https://detail.tmall.com/item.htm?b_s_f=sycm&b_spm=a21ag.29085015&id=684037969223,https://img.alicdn.com/bao/uploaded/i1/371424161/O1CN01dDkhj81gbnB7LbcrK_!!371424161.jpg,215_684037969223.jpg,0.00 0.00%,0 0.00%,0,0.00,派乐熊×专注儿童健康睡眠 软床垫加硬专用 儿童 软床垫加硬神器 专用 拯救家里软床垫
217,684904425331,睡眠骑士记忆棉软垫席梦思床垫独立弹簧五星级酒店30cm厚软硬双面,睡眠骑士床垫企业店,未透出,零压记忆棉 | 双面双睡感/可拆洗,免费试睡保障 | 买赠高价值赠品 | 花呗免息分期 | 官方正品权威背书,标准电商综合展示型,https://detail.tmall.com/item.htm?b_s_f=sycm&b_spm=a21ag.29085015&id=684904425331,https://detail.tmall.com/item.htm?b_s_f=sycm&b_spm=a21ag.29085015&id=684904425331,https://img.alicdn.com/bao/uploaded/i4/720743073/O1CN01pJ70fb1YZUET5PdoF_!!720743073.jpg,217_684904425331.jpg,0.00 0.00%,0 0.00%,0,0.00,"SLEEP"""" 睡眠骑士 官方优选 KNIGHT FIVE-STAR HOTEL MATTRESS 记忆棉酒店床垫 舒适睡眠5CM记忆棉 30CM 现货速发顺丰送到家 SF 加硬贴合 部分尺寸及地区详情咨询客服 200天免费试睡 花呗分期免息 365天免费仓储 免费送货到家"
218,686259984650,睡眠骑士天然乳胶床垫席梦思家用软垫学生宿舍单人橡胶薄床垫超软,睡眠骑士床垫企业店,未透出,天然乳胶 | 亲肤透气面料,免费试睡保障 | 买赠高价值赠品 | 花呗免息分期 | 官方正品权威背书,标准电商综合展示型,https://detail.tmall.com/item.htm?b_s_f=sycm&b_spm=a21ag.29085015&id=686259984650,https://detail.tmall.com/item.htm?b_s_f=sycm&b_spm=a21ag.29085015&id=686259984650,https://img.alicdn.com/bao/uploaded/i4/720743073/O1CN012B5kgp1YZUGUn2Gv2_!!720743073.jpg,218_686259984650.jpg,0.00 0.00%,0 0.00%,0,0.00,SLEEP 睡眠骑士 官方优选 KNIGHT 93%乳胶薄款床垫 专为学生设计床垫 3-10CM 现货速发顺丰送到家 (SF 透气薄垫 部分尺寸及地区详情咨询客服 200天免费试睡 花呗分期免息 365天免费仓储 免费送货到家
219,691235260414,可全拆洗天然精细S型黄麻床垫含乳胶椰棕偏硬护脊儿童老人榻榻米,布莱轩尼旗舰店,未透出,护脊偏硬支撑 | 天然乳胶 | 环保椰棕/黄麻,平台/政府大额补贴 | 官方正品权威背书,促销大字报冲击型,https://detail.tmall.com/item.htm?b_s_f=sycm&b_spm=a21ag.29085015&id=691235260414,https://detail.tmall.com/item.htm?b_s_f=sycm&b_spm=a21ag.29085015&id=691235260414,https://img.alicdn.com/bao/uploaded/i2/1104379506/O1CN01WN6KXiJqZrC1chua_!!4611686018427387506-0-item_pic.jpg,219_691235260414.jpg,0.00 0.00%,0 0.00%,0,0.00,布莱轩尼 天猫家装节 10-15cm 全拆棉麻 S形黄麻偏硬护脊 家装节立减12% 政府补贴 立减15% 详情咨询客服 TMALL天猫 买贵退差价·售后无忧 家装节 官方立减12% 官方立减12%+政府补贴15%
220,694006012657,铂马仕慢回弹记忆棉薄床垫榻榻米软垫家用学生宿舍褥子海绵垫,铂马仕旗舰店,￥500,零压记忆棉,平台/政府大额补贴 | 免费试睡保障 | 买赠高价值赠品 | 官方正品权威背书,促销大字报冲击型,https://detail.tmall.com/item.htm?b_s_f=sycm&b_spm=a21ag.29085015&id=694006012657,https://detail.tmall.com/item.htm?b_s_f=sycm&b_spm=a21ag.29085015&id=694006012657,https://img.alicdn.com/bao/uploaded/i2/2165873208/O1CN013F17xnFoWlD1chua_!!4611686018427386424-0-item_pic.jpg,220_694006012657.jpg,0.00 0.00%,0 0.00%,0,0.00,铂马仕 家装节 POMOSER 双重补贴拍下立减！ 惊喜红包限时抢！ 政府补贴 官方补贴 惊喜红包 88折消费券 立减15% 立减12% 不止9折至高减500元 详见支付页面 可叠加店铺券 88VIP可用 送 现货速发顺丰到家 限部分 咨询客服抢舒睡枕X2 单品直降约 尺寸地区 37% 100天真正免费试睡
221,694338165397,睡眠骑士盒子床垫压缩席梦思独立袋弹簧酒店软垫天然乳胶1.8m家用,sleepknight旗舰店,未透出,天然乳胶 | 独立袋装弹簧 | 智能调节深睡,免费试睡保障 | 买赠高价值赠品 | 花呗免息分期 | 官方正品权威背书,标准电商综合展示型,https://detail.tmall.com/item.htm?b_s_f=sycm&b_spm=a21ag.29085015&id=694338165397,https://detail.tmall.com/item.htm?b_s_f=sycm&b_spm=a21ag.29085015&id=694338165397,https://img.alicdn.com/bao/uploaded/i3/2215132506139/O1CN01i8kf2W1vDib43aq0w_!!4611686018427381787-0-item_pic.jpg,221_694338165397.jpg,0.00 0.00%,0 0.00%,0,0.00,SLEEP. 睡眠骑士 官方优选 KNIGHT 智能床专用床垫 装进盒子里面的床垫 Sleep Knight 睡眠骑士星级品质 15/23CM 200天免费试睡 |20年超长质保 盒子床垫 现货速发顺丰送到家 部分尺寸 及地区 花呗分期免息 365天免费仓储 免费送货到家
222,694595450814,睡眠骑士全拆全黄麻床垫S精细黄麻乳胶榻榻米偏硬上下铺椰棕儿童,sleepknight旗舰店,未透出,护脊偏硬支撑 | 天然乳胶 | 环保椰棕/黄麻,免费试睡保障 | 买赠高价值赠品 | 花呗免息分期 | 官方正品权威背书,标准电商综合展示型,https://detail.tmall.com/item.htm?b_s_f=sycm&b_spm=a21ag.29085015&id=694595450814,https://detail.tmall.com/item.htm?b_s_f=sycm&b_spm=a21ag.29085015&id=694595450814,https://img.alicdn.com/bao/uploaded/i3/2215132506139/O1CN01XUllxp1vDiY2T6J8x_!!4611686018427381787-0-item_pic.jpg,222_694595450814.jpg,0.00 0.00%,0 0.00%,0,0.00,SLEEP 睡眠骑士 KNIGHT 天然环保可全拆 [200天免费试睡 S型精细黄麻 5-15cm 200天免费试睡|20年超长质保 天然黄麻 现货速发顺丰送到家 部分尺寸 及地区 花呗分期免息 365天免费仓储 免费送货到家
223,696309973219,布莱轩尼1.8m五星酒店超软床垫28cm厚席梦思家用独立袋弹簧含乳胶,布莱轩尼旗舰店,未透出,天然乳胶 | 独立袋装弹簧,平台/政府大额补贴 | 官方正品权威背书,促销大字报冲击型,https://detail.tmall.com/item.htm?b_s_f=sycm&b_spm=a21ag.29085015&id=696309973219,https://detail.tmall.com/item.htm?b_s_f=sycm&b_spm=a21ag.29085015&id=696309973219,https://img.alicdn.com/bao/uploaded/i2/1104379506/O1CN01t9vf5tzqZUB1chua_!!4611686018427387506-0-item_pic.jpg,223_696309973219.jpg,0.00 0.00%,0 0.00%,0,0.00,布莱轩尼 天猫家装节 22-24cm 弹簧床垫 3cm-5cm超软乳胶 家装节立减12% 政府补贴 布莱轩尼 立减15% 详情咨询客服 TMALL天猫 买贵退差价·售后无忧 家装节 官方立减12% 官方立减12%+政府补贴15%
224,697000978646,睡眠骑士天然乳胶弹簧床垫席梦思五星酒店家用软硬双面床垫子超软,sleepknight旗舰店,未透出,天然乳胶 | 双面双睡感/可拆洗,免费试睡保障 | 买赠高价值赠品 | 花呗免息分期 | 官方正品权威背书,标准电商综合展示型,https://detail.tmall.com/item.htm?b_s_f=sycm&b_spm=a21ag.29085015&id=697000978646,https://detail.tmall.com/item.htm?b_s_f=sycm&b_spm=a21ag.29085015&id=697000978646,https://img.alicdn.com/bao/uploaded/i4/2215132506139/O1CN01WcqHCl1vDiav5xafW_!!4611686018427381787-0-item_pic.jpg,224_697000978646.jpg,0.00 0.00%,0 0.00%,0,0.00,"SLEEP"""" 睡眠骑士 官方优选 KNIGHT 五星级酒店床垫 加厚乳胶|奢享睡感 30CM 200天免费试睡|20年超长质保 加厚超软 48小时顺丰速发 部分尺寸 及地区 花呗分期免息 365天免费仓储 免费送货到家"
225,698887922921,泰国乳胶黄麻椰棕床垫榻榻米儿童护脊薄垫硬垫家用可定制,梦织葆家居品牌店,未透出,护脊偏硬支撑 | 天然乳胶 | 环保椰棕/黄麻 | 抗菌防螨健康 | 双面双睡感/可拆洗 | 亲肤透气面料,平台/政府大额补贴 | 免费试睡保障 | 买赠高价值赠品 | 官方正品权威背书,促销大字报冲击型,https://detail.tmall.com/item.htm?b_s_f=sycm&b_spm=a21ag.29085015&id=698887922921,https://detail.tmall.com/item.htm?b_s_f=sycm&b_spm=a21ag.29085015&id=698887922921,https://img.alicdn.com/bao/uploaded/i2/2265426359/O1CN01L8ecuJ1wqTi7ZWYu9_!!2265426359.jpg,225_698887922921.jpg,0.00 0.00%,0 0.00%,0,0.00,weave 梦织葆 超级88 eep 限时活动优惠抢不停 免费试睡100天 偏硬支撑实力护脊 抑菌防螨亲肤面料 拒绝甲醛胶水无异味 官方活动 叠加优惠满300减60 12% 立减 180天免费仓储 送货入户 保价30天
226,698968633493,乳胶记忆棉卷包盒子高箱床薄款床垫软垫家用席梦思独立袋弹簧12cm,梦织葆家居品牌店,未透出,天然乳胶 | 独立袋装弹簧 | 零压记忆棉 | 抗菌防螨健康 | 亲肤透气面料,平台/政府大额补贴 | 免费试睡保障 | 买赠高价值赠品 | 官方正品权威背书,促销大字报冲击型,https://detail.tmall.com/item.htm?b_s_f=sycm&b_spm=a21ag.29085015&id=698968633493,https://detail.tmall.com/item.htm?b_s_f=sycm&b_spm=a21ag.29085015&id=698968633493,https://img.alicdn.com/bao/uploaded/i3/2265426359/O1CN016WSDSp1wqTi7EVBVM_!!2265426359.jpg,226_698968633493.jpg,0.00 0.00%,0 0.00%,0,0.00,weavei 梦织葆 超级88 eep 限时活动优惠抢不停 免费试睡100天 12/14cm弹簧床垫 抑菌防螨亲肤面料 拒绝甲醛胶水无异味 官方活动 叠加优惠满300减60 12% 立减 180天免费仓储 送货入户 保价30天
227,702227514587,铂马仕五星级酒店进口乳胶独立弹簧床垫记忆棉软席梦思薄款16cm厚,铂马仕旗舰店,￥500,天然乳胶 | 零压记忆棉,平台/政府大额补贴 | 买赠高价值赠品 | 官方正品权威背书,促销大字报冲击型,https://detail.tmall.com/item.htm?b_s_f=sycm&b_spm=a21ag.29085015&id=702227514587,https://detail.tmall.com/item.htm?b_s_f=sycm&b_spm=a21ag.29085015&id=702227514587,https://img.alicdn.com/bao/uploaded/i2/2165873208/O1CN01rAsiU48fHpB2vH2e_!!4611686018427386424-0-item_pic.jpg,227_702227514587.jpg,0.00 0.00%,0 0.00%,0,0.00,铂马仕 家装节 POMOSER 超软星级酒店睡感 16CM薄款乳胶弹簧床垫 POMOSER POMOSFR 双重补贴拍下立减！ 惊喜红包限时抢！ 政府补贴 官方补贴 88折消费券 惊喜红包 立减15% 立减12% 不止9折至高减500元 详见支付页面 可叠加店铺券 88VIP可用 送 现货速发顺丰到家 单品直降约 限部分 咨询客服抢舒睡枕X2 尺寸地区 37% 下单入会享好礼 ￥20 会员专享券 门槛 POMOSER
228,705820084843,ROZO全拆弹簧床垫华夫格无胶水记忆棉席梦思压缩卷包加固软垫家用,rozo家具旗舰店,未透出,零压记忆棉,平台/政府大额补贴 | 官方正品权威背书,促销大字报冲击型,https://detail.tmall.com/item.htm?b_s_f=sycm&b_spm=a21ag.29085015&id=705820084843,https://detail.tmall.com/item.htm?b_s_f=sycm&b_spm=a21ag.29085015&id=705820084843,https://img.alicdn.com/bao/uploaded/i3/2939975400/O1CN01WxkKflzHM7F2vH2e_!!4611686018427385576-2-item_pic.png,228_705820084843.jpg,0.00 0.00%,0 0.00%,0,0.00,ROZO°× 升 秋季家装节 零胶水 0胶水可全拆 3016枚弹簧丨全“芯”升级 实付满1500立减 150 88VIP消费券 实付满480立减 60 夫 88VIP消费券 政府补贴 12% 至高立减约 官方 下单立减 15% 45% 活动 限时优惠券120 咨询客服
229,707278460550,ROZO棕垫原生黄麻儿童椰棕榈家用乳胶薄床垫10cm可拆卸叠可全拆,rozo家具旗舰店,未透出,护脊偏硬支撑 | 天然乳胶 | 环保椰棕/黄麻,平台/政府大额补贴 | 官方正品权威背书,促销大字报冲击型,https://detail.tmall.com/item.htm?b_s_f=sycm&b_spm=a21ag.29085015&id=707278460550,https://detail.tmall.com/item.htm?b_s_f=sycm&b_spm=a21ag.29085015&id=707278460550,https://img.alicdn.com/bao/uploaded/i2/2939975400/O1CN01HzXr9O9QbGG2vH2e_!!4611686018427385576-2-item_pic.png,229_707278460550.jpg,0.00 0.00%,0 0.00%,0,0.00,ROZO°×j 秋季家装节 零胶水 6-12cm 偏硬护脊 原生态黄麻床垫 实付满1500立减 150 夫 88VIP消费券 实付满480立减 60 ￥ 88VIP消费券 政府补贴 12% 至高立减约 官方 下单立减 15% 45% 活动 叠加使用优惠券 咨询客服
230,707324074164,婴儿拼接床垫0.5米天然黄麻0.8m幼儿园乳胶新生宝宝儿童椰棕床垫,派乐熊儿童床垫品牌店,未透出,天然乳胶 | 环保椰棕/黄麻,常规销售,标准电商综合展示型,https://detail.tmall.com/item.htm?b_s_f=sycm&b_spm=a21ag.29085015&id=707324074164,https://detail.tmall.com/item.htm?b_s_f=sycm&b_spm=a21ag.29085015&id=707324074164,https://img.alicdn.com/bao/uploaded/i2/371424161/O1CN01K9ORUF1gbn8S1MDLi_!!371424161.png,230_707324074164.jpg,0.00 0.00%,0 0.00%,0,0.00,派乐熊×专注儿童健康睡眠 byia 儿童 美国出口品质CPC/GCC双认证 专用 婴儿拼接床黄麻床垫
231,708537138570,月光之家全拆式床垫家用软硬可调节独立弹簧席梦思乳胶记忆棉1.8m,moonlightfamily旗舰店,未透出,天然乳胶 | 零压记忆棉,平台/政府大额补贴 | 免费试睡保障 | 花呗免息分期 | 官方正品权威背书,促销大字报冲击型,https://detail.tmall.com/item.htm?b_s_f=sycm&b_spm=a21ag.29085015&id=708537138570,https://detail.tmall.com/item.htm?b_s_f=sycm&b_spm=a21ag.29085015&id=708537138570,https://img.alicdn.com/bao/uploaded/i4/919851856/O1CN01kZasiXQeptI32pKq_!!4611686018427384656-0-item_pic.jpg,231_708537138570.jpg,0.00 0.00%,0 0.00%,0,0.00,Moonlight family MOONLICHT 月光之家 家装节 FAMILY 全拆可洗弹簧床垫 软硬可调厚度22CM 优惠可叠加 政府补贴官方立减惊喜红包 88VIP 200天免费试睡 15% 12% 150 20年超长质保 3期免息 价保100天 免费取旧 顺丰 SF 0胶+5A双重认证 到家
232,709045966380,月光之家压缩卷包床垫家用记忆棉盒子独立弹簧席梦思可全拆1.8米,moonlightfamily旗舰店,未透出,零压记忆棉,平台/政府大额补贴 | 免费试睡保障 | 花呗免息分期 | 官方正品权威背书,促销大字报冲击型,https://detail.tmall.com/item.htm?b_s_f=sycm&b_spm=a21ag.29085015&id=709045966380,https://detail.tmall.com/item.htm?b_s_f=sycm&b_spm=a21ag.29085015&id=709045966380,https://img.alicdn.com/bao/uploaded/i2/919851856/O1CN01G1WzUVuKe6K32pKq_!!4611686018427384656-0-item_pic.jpg,232_709045966380.jpg,0.00 0.00%,0 0.00%,0,0.00,Moonlight family MOONLICHT 月光之家 家装节 FAMILY 压缩卷包面料可拆 微硬适中厚度18-22CM Moonlight Family 月光之家 优惠可叠加 政府补贴官方立减惊喜红包 88VIP 200天免费试睡 15% 12% 150 20年超长质保 3期免息 价保100天 免费取旧 顺丰 SF 0胶+5A双重认证 到家
233,709103747750,派乐熊儿童床垫薄款弹簧硬护脊青少年10cm席梦思高箱床家用12厘米,派乐熊儿童床垫品牌店,未透出,护脊偏硬支撑,平台/政府大额补贴,促销大字报冲击型,https://detail.tmall.com/item.htm?b_s_f=sycm&b_spm=a21ag.29085015&id=709103747750,https://detail.tmall.com/item.htm?b_s_f=sycm&b_spm=a21ag.29085015&id=709103747750,https://img.alicdn.com/bao/uploaded/i1/371424161/O1CN017gMN5QLKtYD1chua_!!371424161.jpg,233_709103747750.jpg,0.00 0.00%,0 0.00%,0,0.00,派乐熊×专注儿童健康睡眠 儿童薄款弹簧床垫 15% 政府补贴， 因地区差异，补贴(优惠)信息详见支付页面 家装节 88VIP消费券 立减12% 88VIP专享 儿童 儿童护脊双线弹簧 10-12CM薄款弹簧床垫 专用
234,711174770742,儿童床垫偏硬护脊无甲醛天然乳胶椰棕黄麻硬垫1.5米1.2可定制折叠,佛山享睡床垫品牌店,未透出,护脊偏硬支撑 | 天然乳胶 | 环保椰棕/黄麻 | 双面双睡感/可拆洗,平台/政府大额补贴 | 免费试睡保障 | 买赠高价值赠品 | 官方正品权威背书,促销大字报冲击型,https://detail.tmall.com/item.htm?b_s_f=sycm&b_spm=a21ag.29085015&id=711174770742,https://detail.tmall.com/item.htm?b_s_f=sycm&b_spm=a21ag.29085015&id=711174770742,https://img.alicdn.com/bao/uploaded/i1/371421979/O1CN01admImLemReC2vH2e_!!371421979.jpg,234_711174770742.jpg,0.00 0.00%,0 0.00%,0,0.00,WEIMLU 超级88 一维梦露一 无胶3E椰棕 偏硬护脊 可调睡感可面拆 免费试睡101天 下单立减 京东顺丰送到家 TIME:9/620:00-9/1323:59 12% 可叠加优惠满300减60 （详情咨询客服即可） 免费送货到家 先用后付 180天免费仓储 超长保价30天
235,712961344401,环保乳胶床垫薄款独立弹簧10cm厚席梦思软垫家用15厘米高箱床定制,棕葆王国品牌店,未透出,天然乳胶 | 双面双睡感/可拆洗,平台/政府大额补贴 | 免费试睡保障 | 买赠高价值赠品 | 花呗免息分期,促销大字报冲击型,https://detail.tmall.com/item.htm?b_s_f=sycm&b_spm=a21ag.29085015&id=712961344401,https://detail.tmall.com/item.htm?b_s_f=sycm&b_spm=a21ag.29085015&id=712961344401,https://img.alicdn.com/bao/uploaded/i3/251231227/O1CN01SFq3LsJUeZJ2vH2e_!!251231227.jpg,235_712961344401.jpg,0.00 0.00%,0 0.00%,0,0.00,棕葆王国 超级立减 超薄弹簧乳胶床垫 可选厚度10/12/15cm AG 五段式感应弹簧有胶水退全款 立减 活动优惠 软硬两用 体验双重睡感 10% 免费试睡 保 20年不塌陷 花呗3期免息 顺丰送货入户
236,716238252589,派乐熊全拆儿童床垫可拆卸0胶水工艺调节软硬护脊独立弹簧席梦思,派乐熊儿童床垫品牌店,未透出,护脊偏硬支撑,常规销售,产品材质分层结构拆解型,https://detail.tmall.com/item.htm?b_s_f=sycm&b_spm=a21ag.29085015&id=716238252589,https://detail.tmall.com/item.htm?b_s_f=sycm&b_spm=a21ag.29085015&id=716238252589,https://img.alicdn.com/bao/uploaded/i4/371424161/O1CN01CnM4GD1gbnB7uAu1v_!!371424161.jpg,236_716238252589.jpg,0.00 0.00%,0 0.00%,0,0.00,派乐熊×专注儿童健康睡眠 全拆双层护脊弹簧床垫 派乐熊 Pareler Bear A类 全拆软硬睡感可调节 纯棉 四叶形0胶工艺酷布袋弹簧
237,719360837709,床垫工厂压缩卷包盒子记忆棉席梦思家用弹簧床垫五星级酒店,ZB五星优选床垫,未透出,零压记忆棉,平台/政府大额补贴 | 免费试睡保障 | 买赠高价值赠品 | 官方正品权威背书,促销大字报冲击型,https://detail.tmall.com/item.htm?b_s_f=sycm&b_spm=a21ag.29085015&id=719360837709,https://detail.tmall.com/item.htm?b_s_f=sycm&b_spm=a21ag.29085015&id=719360837709,https://img.alicdn.com/bao/uploaded/i4/163953639/O1CN01wgx0671ckiPc34mS4_!!163953639.jpg,237_719360837709.jpg,0.00 0.00%,0 0.00%,0,0.00,7B1 正品保障 超级立减 免费试睡100天 30cm酒店加厚床垫 现货速发送到家 180天免费仓储1超长保价30天 可叠加店内优惠券 10% 下单立减 300-60 更多优惠咨询客服
238,719581195885,记忆棉独立弹簧压缩床垫家用静音席梦思五星酒店20厚卷包盒子定制,ZB五星优选床垫,未透出,零压记忆棉,平台/政府大额补贴 | 免费试睡保障 | 买赠高价值赠品 | 官方正品权威背书,促销大字报冲击型,https://detail.tmall.com/item.htm?b_s_f=sycm&b_spm=a21ag.29085015&id=719581195885,https://detail.tmall.com/item.htm?b_s_f=sycm&b_spm=a21ag.29085015&id=719581195885,https://img.alicdn.com/bao/uploaded/i4/163953639/O1CN01WLfALE1ckiPXW9d4n_!!163953639.jpg,238_719581195885.jpg,0.00 0.00%,0 0.00%,0,0.00,超级立减 ZBI 正品保障 免费试睡100天 干净住房轻松换垫 现货速发送到家 180天免费仓储1超长保价30天 可叠加店内优惠券 10% 下单立减 300-60 更多优惠咨询客服
242,722680648073,睡眠骑士儿童专用床垫天然黄麻偏硬护脊20cm厚独立袋弹簧乳胶双面,sleepknight旗舰店,未透出,护脊偏硬支撑 | 天然乳胶 | 独立袋装弹簧 | 环保椰棕/黄麻 | 双面双睡感/可拆洗 | 亲肤透气面料,免费试睡保障 | 买赠高价值赠品 | 花呗免息分期 | 官方正品权威背书,标准电商综合展示型,https://detail.tmall.com/item.htm?b_s_f=sycm&b_spm=a21ag.29085015&id=722680648073,https://detail.tmall.com/item.htm?b_s_f=sycm&b_spm=a21ag.29085015&id=722680648073,https://img.alicdn.com/bao/uploaded/i3/2215132506139/O1CN01xvvUNq1vDiba0Wawh_!!4611686018427381787-0-item_pic.jpg,242_722680648073.jpg,0.00 0.00%,0 0.00%,0,0.00,SLEEP 官方优选 睡眠骑士 KNIGHT 呼呼款 TOHELLWITH i9ooz 透气支撑·儿童床垫 空气纤维一天然黄麻 10-24CM 现货速发顺丰送到家 SF 加硬护脊 部分尺寸及地区详情咨询客服 200天免费试睡 花呗分期免息 365天免费仓储 免费送货到家
243,723097783772,睡眠骑士 儿童床垫S黄麻全黄麻榻榻米硬垫天然乳胶家用上下铺床垫,sleepknight旗舰店,未透出,护脊偏硬支撑 | 天然乳胶 | 环保椰棕/黄麻,免费试睡保障 | 买赠高价值赠品 | 花呗免息分期 | 官方正品权威背书,标准电商综合展示型,https://detail.tmall.com/item.htm?b_s_f=sycm&b_spm=a21ag.29085015&id=723097783772,https://detail.tmall.com/item.htm?b_s_f=sycm&b_spm=a21ag.29085015&id=723097783772,https://img.alicdn.com/bao/uploaded/i4/2215132506139/O1CN01eVKtP41vDiY1e02aO_!!4611686018427381787-0-item_pic.jpg,243_723097783772.jpg,0.00 0.00%,0 0.00%,0,0.00,SLEEP 睡眠骑士 KNIGHT 儿童专用床垫 天然环保可全拆 全拆 设计 5-15cm 100天免费试睡 10年超长质保 天然黄麻 现货速发 顺丰送到家 部分尺寸 及地区 花呗分期免息 365天免费仓储 免费送货到家
244,723858525734,压缩卷包独立袋18cm矮弹簧凝胶记忆棉席梦思盒子乳胶软薄床垫家用,CEFALU旗舰店,未透出,天然乳胶 | 独立袋装弹簧 | 零压记忆棉 | 亲肤透气面料,平台/政府大额补贴 | 免费试睡保障 | 买赠高价值赠品,促销大字报冲击型,https://detail.tmall.com/item.htm?b_s_f=sycm&b_spm=a21ag.29085015&id=723858525734,https://detail.tmall.com/item.htm?b_s_f=sycm&b_spm=a21ag.29085015&id=723858525734,https://img.alicdn.com/bao/uploaded/i4/1692273605/O1CN01fh02A0Zw3VB2vH2e_!!4611686018427382725-0-item_pic.jpg,244_723858525734.jpg,0.00 0.00%,0 0.00%,0,0.00,® 超级立减 甄选 CEFALU 尖货 12-22cm薄款弹簧床垫 200天免费试睡 面料全拆洗 设计 15 再省% 可叠加店内任何优惠活动 政府补贴 快递包邮 免费试睡200天 享政府补贴 预计下单直降 25% 优惠直降10%叠加使用 （环保透气软硬可选拒绝甲醛送货上门） 详情咨询客服
245,724185808946,铂马仕乳胶床垫超软席梦思独立弹簧家用2米加厚30cm星级酒店软垫,铂马仕旗舰店,￥500,护脊偏硬支撑 | 天然乳胶,平台/政府大额补贴 | 买赠高价值赠品 | 官方正品权威背书,促销大字报冲击型,https://detail.tmall.com/item.htm?b_s_f=sycm&b_spm=a21ag.29085015&id=724185808946,https://detail.tmall.com/item.htm?b_s_f=sycm&b_spm=a21ag.29085015&id=724185808946,https://img.alicdn.com/bao/uploaded/i4/2165873208/O1CN01ilvXXoD9ZZI2vH2e_!!4611686018427386424-0-item_pic.jpg,245_724185808946.jpg,0.00 0.00%,0 0.00%,0,0.00,铂马仕 家装节 POMOSER ★★★★★ 五星级酒店护脊 超舒睡强支撑 ARCHITECTUR POMOSER' 舶马仕FromGemny 双重补贴拍下立减！ 惊喜红包限时抢！ 政府补贴 官方补贴 惊喜红包 88折消费券 立减15% 立减12% 不止9折至高减500元 详见支付页面 可叠加店铺券 88VIP可用 送 单品直降约 现货速发顺丰到家 限部分 咨询客服抢舒睡枕X2 尺寸地区 37% 下单入会享好礼 ￥20 会员专享券 门槛 POMOSER
247,727360576564,派乐熊全拆记忆棉酷布袋儿童弹簧床垫软硬可调护脊黄麻席梦思20cm,派乐熊儿童床垫品牌店,未透出,护脊偏硬支撑 | 环保椰棕/黄麻 | 零压记忆棉,常规销售,标准电商综合展示型,https://detail.tmall.com/item.htm?b_s_f=sycm&b_spm=a21ag.29085015&id=727360576564,https://detail.tmall.com/item.htm?b_s_f=sycm&b_spm=a21ag.29085015&id=727360576564,https://img.alicdn.com/bao/uploaded/i3/371424161/O1CN01V2TpXh1gbn8Sg6OBk_!!371424161.png,247_727360576564.jpg,0.00 0.00%,0 0.00%,0,0.00,派乐熊×专注儿童健康睡眠 儿童 美国出口品质CPC/GCC双认证 专用 全拆内材可见软硬可调
248,730283356915,ROZO卷包记忆棉盒子高箱床垫席梦思家用压缩薄款弹簧软硬12/15CM,rozo家具旗舰店,未透出,零压记忆棉,平台/政府大额补贴 | 官方正品权威背书,促销大字报冲击型,https://detail.tmall.com/item.htm?b_s_f=sycm&b_spm=a21ag.29085015&id=730283356915,https://detail.tmall.com/item.htm?b_s_f=sycm&b_spm=a21ag.29085015&id=730283356915,https://img.alicdn.com/bao/uploaded/i1/2939975400/O1CN01HBVIvYdDU1B2vH2e_!!4611686018427385576-2-item_pic.png,248_730283356915.jpg,0.00 0.00%,0 0.00%,0,0.00,ROZO? 秋季家装节 X 零胶水 超薄独立弹簧床垫 可选厚度10/12/15厘米 一张更懂你的 matt 实付满1500立减 150 88VIP消费券 实付满480立减 60 88VIP消费券 政府补贴 12% 至高立减约 官方 下单立减 15% 45 活动 % 叠加使用优惠券 咨询客服
250,737035834771,甜蜜睡眠酣梦马尾毛手工拉扣床垫羊毛顶垫无胶水双层弹簧家用适中,甜蜜睡眠旗舰店,￥3551,亲肤透气面料,平台/政府大额补贴 | 买赠高价值赠品 | 花呗免息分期 | 官方正品权威背书,促销大字报冲击型,https://detail.tmall.com/item.htm?b_s_f=sycm&b_spm=a21ag.29085015&id=737035834771,https://detail.tmall.com/item.htm?b_s_f=sycm&b_spm=a21ag.29085015&id=737035834771,https://img.alicdn.com/bao/uploaded/i1/2215897735682/O1CN016jofh7RHbbC2R3rs_!!4611686018427380226-0-item_pic.jpg,250_737035834771.jpg,0.00 0.00%,0 0.00%,0,0.00,甜蜜睡眠酣梦系列 家装节 Tianmishuimian 轻奢马尾毛床垫 政府补贴！ （纯手工星级酒店睡感） 立减 15% 9折券 无门槛消费券（至高减150） 88VIP专享 甜蜜睡眠 sweet sleepmattress 2件再享折上折，买越多省越多！ 综合补贴到手价： 政府 官方 店铺 至高省 3551 36% ? + + 补贴 立减 优惠 起 全国送货入户 赠大件运费险 花呗分期免息 365天免费囤货
251,739585234559,儿童专用偏硬护脊椎独立袋弹簧席梦思床垫环保椰棕黄麻硬薄床垫,CEFALU旗舰店,未透出,护脊偏硬支撑 | 独立袋装弹簧 | 环保椰棕/黄麻 | 亲肤透气面料,平台/政府大额补贴 | 免费试睡保障 | 买赠高价值赠品,促销大字报冲击型,https://detail.tmall.com/item.htm?b_s_f=sycm&b_spm=a21ag.29085015&id=739585234559,https://detail.tmall.com/item.htm?b_s_f=sycm&b_spm=a21ag.29085015&id=739585234559,https://img.alicdn.com/bao/uploaded/i2/1692273605/O1CN01WFPyOFwJICH2vH2e_!!4611686018427382725-0-item_pic.jpg,251_739585234559.jpg,0.00 0.00%,0 0.00%,0,0.00,® 超级立减 甄选 CEFALU 尖货 儿童专用一护脊床垫 200天免费试睡 15 再省% 可叠加店内任何优惠活动 政府补贴 快递包邮 免费试睡200天 享政府补贴 预计下单直降 25% 优惠直降10%叠加使用 （环保透气软硬可选拒绝甲醛送货上门） 详情咨询客服
252,740691021617,记忆棉盒子压缩弹簧床垫席梦思卷包乳胶软垫家用五星酒店,梦织葆家居品牌店,未透出,天然乳胶 | 独立袋装弹簧 | 零压记忆棉 | 抗菌防螨健康 | 亲肤透气面料,平台/政府大额补贴 | 免费试睡保障 | 买赠高价值赠品 | 官方正品权威背书,促销大字报冲击型,https://detail.tmall.com/item.htm?b_s_f=sycm&b_spm=a21ag.29085015&id=740691021617,https://detail.tmall.com/item.htm?b_s_f=sycm&b_spm=a21ag.29085015&id=740691021617,https://img.alicdn.com/bao/uploaded/i2/2265426359/O1CN01qz8MlmGKMHJ2vH2e_!!2265426359.jpg,252_740691021617.jpg,0.00 0.00%,0 0.00%,0,0.00,"""""weavei 梦织葆 超级88 Leep 限时活动 优惠抢不停 免费试睡100天 升级加密独袋弹簧腰臀加固 厚款20-24CM 薄款12-14CM MATTRESS 两种弹簧 可选 抑菌防螨亲肤面料 拒绝甲醛胶水无异味 官方活动 叠加优惠满300减60 12% 立减 180天免费仓储 送货入户 保价30天"
253,740817220931,睡眠骑士天然乳胶床垫五星级酒店薄款独立弹簧10cm席梦思15cm家用,sleepknight旗舰店,未透出,天然乳胶,免费试睡保障 | 买赠高价值赠品 | 花呗免息分期 | 官方正品权威背书,标准电商综合展示型,https://detail.tmall.com/item.htm?b_s_f=sycm&b_spm=a21ag.29085015&id=740817220931,https://detail.tmall.com/item.htm?b_s_f=sycm&b_spm=a21ag.29085015&id=740817220931,https://img.alicdn.com/bao/uploaded/i2/2215132506139/O1CN01kAKu4q1vDiaukREET_!!4611686018427381787-0-item_pic.jpg,253_740817220931.jpg,0.00 0.00%,0 0.00%,0,0.00,SLEEP° 睡眠骑士 官方优选 KNIGHT 超薄独立弹簧床垫 可选厚度10/12/15厘米 9-15cm 200天免费试睡 垂|20年超长质保 酒店睡感 现货速发顺丰送到家 部分尺寸 及地区 花呗分期免息 365天免费仓储 免费送货到家
254,741194175979,睡眠骑士乳胶床垫五星级酒店床垫席梦思记忆棉加厚30cm厚家用软垫,sleepknight旗舰店,未透出,天然乳胶 | 零压记忆棉,免费试睡保障 | 买赠高价值赠品 | 花呗免息分期 | 官方正品权威背书,标准电商综合展示型,https://detail.tmall.com/item.htm?b_s_f=sycm&b_spm=a21ag.29085015&id=741194175979,https://detail.tmall.com/item.htm?b_s_f=sycm&b_spm=a21ag.29085015&id=741194175979,https://img.alicdn.com/bao/uploaded/i4/2215132506139/O1CN01i4Bzm71vDiauxChbF_!!4611686018427381787-0-item_pic.jpg,254_741194175979.jpg,0.00 0.00%,0 0.00%,0,0.00,SLEEP° 睡眠骑士 官方优选 KNIGHT 五星级酒店专供 ☆☆☆☆☆ SleepKnigh 30CM 200天免费试睡|20年超长质保 加厚超软 48小时顺丰速发 部分尺寸 及地区 花呗分期免息 365天免费仓储 免费送货到家
255,743037999905,铂马仕天然乳胶床垫独立弹簧软垫压缩厚款席梦思椰棕硬垫家用双人,佛山享睡床垫品牌店,未透出,护脊偏硬支撑 | 天然乳胶 | 环保椰棕/黄麻,免费试睡保障 | 官方正品权威背书,标准电商综合展示型,https://detail.tmall.com/item.htm?b_s_f=sycm&b_spm=a21ag.29085015&id=743037999905,https://detail.tmall.com/item.htm?b_s_f=sycm&b_spm=a21ag.29085015&id=743037999905,https://img.alicdn.com/bao/uploaded/i4/371421979/O1CN01Acd3MC1QUQk2yksHA_!!371421979.jpg,255_743037999905.jpg,0.00 0.00%,0 0.00%,0,0.00,德国品质 无一人差评 三重加固迷你感应小弹簧 POMOSER 100天免试睡 数据来源：取自评价管理2022.10.5-10.10 ?发货时效 官方 限部分尺寸及地区 48小时顺丰速发 抽检认证
256,749758198968,睡眠骑士30cm厚席梦思床垫天然乳胶独立弹簧五星级酒店记忆棉软垫,sleepknight旗舰店,未透出,天然乳胶 | 零压记忆棉,免费试睡保障 | 买赠高价值赠品 | 花呗免息分期 | 官方正品权威背书,标准电商综合展示型,https://detail.tmall.com/item.htm?b_s_f=sycm&b_spm=a21ag.29085015&id=749758198968,https://detail.tmall.com/item.htm?b_s_f=sycm&b_spm=a21ag.29085015&id=749758198968,https://img.alicdn.com/bao/uploaded/i4/2215132506139/O1CN01Wm2hny1vDib1bqKgC_!!4611686018427381787-0-item_pic.jpg,256_749758198968.jpg,0.00 0.00%,0 0.00%,0,0.00,"SLEEP"""" 睡眠骑士 官方优选 KNIGHT FIVE-STAR HOTEL MATTRESS 记忆棉酒店床垫 舒适睡眠5CM记忆棉 30CM 现货速发顺丰送到家 SF 加硬贴合 部分尺寸及地区详情咨询客服 200天免费试睡 花呗分期免息 365天免费仓储 免费送货到家"
257,749783467915,睡眠骑士30cm厚席梦思床垫天然乳胶独立弹簧五星级酒店记忆棉软垫,sleepknight旗舰店,未透出,天然乳胶 | 零压记忆棉,免费试睡保障 | 买赠高价值赠品 | 花呗免息分期 | 官方正品权威背书,标准电商综合展示型,https://detail.tmall.com/item.htm?b_s_f=sycm&b_spm=a21ag.29085015&id=749783467915,https://detail.tmall.com/item.htm?b_s_f=sycm&b_spm=a21ag.29085015&id=749783467915,https://img.alicdn.com/bao/uploaded/i4/2215132506139/O1CN01JLZ6uL1vDiaz1QjEY_!!4611686018427381787-0-item_pic.jpg,257_749783467915.jpg,0.00 0.00%,0 0.00%,0,0.00,SLEEP° 睡眠骑士 官方优选 KNIGHT 记忆棉酒店床垫 舒适睡感5CM记忆棉 uydogs 30CM 200天免费试睡 20年超长质保 加厚贴合 现货速发 顺丰送到家 部分尺寸 及地区 花呗分期免息 365天免费仓储 免费送货到家
258,753999986705,悠梦思儿童床垫乳胶独立弹簧1.5米护脊偏硬椰棕1.2席梦思家用20cm,yarges悠梦思旗舰店,未透出,护脊偏硬支撑 | 天然乳胶 | 环保椰棕/黄麻,平台/政府大额补贴 | 买赠高价值赠品 | 花呗免息分期 | 官方正品权威背书,促销大字报冲击型,https://detail.tmall.com/item.htm?b_s_f=sycm&b_spm=a21ag.29085015&id=753999986705,https://detail.tmall.com/item.htm?b_s_f=sycm&b_spm=a21ag.29085015&id=753999986705,https://img.alicdn.com/bao/uploaded/i2/2215907225135/O1CN01aqlO5i1nnsrg2IEYy_!!4611686018427383343-0-item_pic.jpg,258_753999986705.jpg,0.00 0.00%,0 0.00%,0,0.00,YARGES悠梦思 专利三重防塌陷弹簧 “抢”现货速发 政府补贴 全国多地可用 下单入会“抢 舒睡枕x2 现货下单顺丰速发 质保20年 限部分 尺寸地区 免费送货到家 分期免息 自365天免费仓储
259,760423874552,派乐熊儿童专用床垫加密独立袋弹簧青少年偏硬护脊席梦思学生家用,派乐熊旗舰店,未透出,护脊偏硬支撑 | 独立袋装弹簧 | 亲肤透气面料,常规销售,标准电商综合展示型,https://detail.tmall.com/item.htm?b_s_f=sycm&b_spm=a21ag.29085015&id=760423874552,https://detail.tmall.com/item.htm?b_s_f=sycm&b_spm=a21ag.29085015&id=760423874552,https://img.alicdn.com/bao/uploaded/i1/2215984907648/O1CN01e2HGxi26MqGBeNkfV_!!4611686018427381120-0-item_pic.jpg,259_760423874552.jpg,0.00 0.00%,0 0.00%,0,0.00,派乐熊×专注儿童健康睡眠 2160颗专利儿童小弹簧 派东照 儿童 A类母婴级亲肤棉面料 专用 静音抗干扰护脊独立袋弹簧
260,761822889107,优群席梦思五星级酒店床垫超软30cm独立弹簧乳胶软垫硬垫家用专用,优群家居正品商城,未透出,护脊偏硬支撑 | 天然乳胶,平台/政府大额补贴 | 官方正品权威背书,促销大字报冲击型,https://detail.tmall.com/item.htm?b_s_f=sycm&b_spm=a21ag.29085015&id=761822889107,https://detail.tmall.com/item.htm?b_s_f=sycm&b_spm=a21ag.29085015&id=761822889107,https://img.alicdn.com/bao/uploaded/i3/3346353128/O1CN01bUpab1lDLKC2vH2e_!!3346353128.jpg,260_761822889107.jpg,0.00 0.00%,0 0.00%,0,0.00,极有家 超级立减 JIYOUJIA.COM 五星级酒店甄选 超软加厚30cm厚度 塌陷包赔 五年质保支持定制 拒绝甲醛胶水无异味 10 顺丰速发 % 官方优惠 下单立减 （详情咨询客服）
261,761889583290,石墨烯五星级酒店床垫软垫硬垫30cm厚乳胶超软独立弹簧席梦思床垫,优群家居正品商城,未透出,护脊偏硬支撑 | 天然乳胶 | 亲肤透气面料,平台/政府大额补贴 | 官方正品权威背书,促销大字报冲击型,https://detail.tmall.com/item.htm?b_s_f=sycm&b_spm=a21ag.29085015&id=761889583290,https://detail.tmall.com/item.htm?b_s_f=sycm&b_spm=a21ag.29085015&id=761889583290,https://img.alicdn.com/bao/uploaded/i2/3346353128/O1CN01SOnkgobQ2aF2vH2e_!!3346353128.jpg,261_761889583290.jpg,0.00 0.00%,0 0.00%,0,0.00,超级立减 极有家 JIYOUJIA.COM 国际品牌源头代工 超软加厚30cm厚度 塌陷包赔 五年质保支持定制 拒绝甲醛胶水无异味 10 顺丰速发 % 官方优惠 下单立减 （详情咨询客服）
262,764051471559,派乐熊儿童床垫弹簧偏硬席梦思1.2m无椰棕护脊青少年1.5甲醛合格,派乐熊旗舰店,未透出,护脊偏硬支撑 | 环保椰棕/黄麻,常规销售,产品材质分层结构拆解型,https://detail.tmall.com/item.htm?b_s_f=sycm&b_spm=a21ag.29085015&id=764051471559,https://detail.tmall.com/item.htm?b_s_f=sycm&b_spm=a21ag.29085015&id=764051471559,https://img.alicdn.com/bao/uploaded/i2/2215984907648/O1CN01dZstMU26MqGLWwgMb_!!4611686018427381120-0-item_pic.jpg,262_764051471559.jpg,0.00 0.00%,0 0.00%,0,0.00,派乐熊×专注儿童健康睡眠 面料层全拆可清洗 0胶水工艺甲醛0超标 儿童 双线加固独立弹簧 专用
264,766296627170,派乐熊儿童专用S形护脊黄麻床垫榻榻米上下铺学生宿舍可定制折叠,派乐熊旗舰店,未透出,护脊偏硬支撑 | 环保椰棕/黄麻 | 双面双睡感/可拆洗,平台/政府大额补贴,促销大字报冲击型,https://detail.tmall.com/item.htm?b_s_f=sycm&b_spm=a21ag.29085015&id=766296627170,https://detail.tmall.com/item.htm?b_s_f=sycm&b_spm=a21ag.29085015&id=766296627170,https://img.alicdn.com/bao/uploaded/i1/2215984907648/O1CN01ckQDx9Y9mRJ1chua_!!4611686018427381120-0-item_pic.jpg,264_766296627170.jpg,0.00 0.00%,0 0.00%,0,0.00,派乐熊×专注儿童健康睡眠 儿童折叠S形黄麻床垫 15% 政府补贴 因地区差异，补贴(优惠)信息详见支付页面 家装节 88VIP消费券 立减12% 88VIP专享 儿童 美国出口品质CPC/GCC双认证 专用 儿童榻榻米折叠床垫
265,776238833685,乳胶弹簧床垫100天免费试睡卷包压缩席梦思优群记忆棉盒子装床垫,优群家居正品商城,未透出,天然乳胶 | 零压记忆棉,平台/政府大额补贴 | 免费试睡保障 | 官方正品权威背书,促销大字报冲击型,https://detail.tmall.com/item.htm?b_s_f=sycm&b_spm=a21ag.29085015&id=776238833685,https://detail.tmall.com/item.htm?b_s_f=sycm&b_spm=a21ag.29085015&id=776238833685,https://img.alicdn.com/bao/uploaded/i3/3346353128/O1CN01u5DmY3ij1tJ2vH2e_!!3346353128.jpg,265_776238833685.jpg,0.00 0.00%,0 0.00%,0,0.00,超级立减 极有家 JIYOUJIA.COM 100天免费试睡 不满意退全款 塌陷包赔 五年质保支持定制 拒绝甲醛胶水无异味 10 顺丰速发 % 官方优惠 下单立减 （详情咨询客服）
266,779911497809,铂马仕儿童黄麻床垫护脊专用硬垫青少年薄棕垫榻榻米乳胶折叠,铂马仕旗舰店,￥500,护脊偏硬支撑 | 天然乳胶 | 环保椰棕/黄麻,平台/政府大额补贴 | 免费试睡保障 | 买赠高价值赠品 | 官方正品权威背书,促销大字报冲击型,https://detail.tmall.com/item.htm?b_s_f=sycm&b_spm=a21ag.29085015&id=779911497809,https://detail.tmall.com/item.htm?b_s_f=sycm&b_spm=a21ag.29085015&id=779911497809,https://img.alicdn.com/bao/uploaded/i1/2165873208/O1CN01bPOVVY67P2H1chua_!!4611686018427386424-0-item_pic.jpg,266_779911497809.jpg,0.00 0.00%,0 0.00%,0,0.00,铂马仕 家装节 POMOSER 儿童护脊床垫 拒绝甲醛 天然黄麻 全拆无胶工艺 全拆设计 双重补贴拍下立减！ 惊喜红包限时抢！ 政府补贴 官方补贴 惊喜红包 88折消费券 立减15% 立减12% 不止9折至高减500元 详见支付页面 可叠加店铺券 88VIP可用 送 现货速发顺丰到家 单品直降约 尺寸地区 限部分 咨询客服抢舒睡枕X2 37% 100天真正免费试睡
267,781590325086,悠梦思黄麻床垫儿童护脊乳胶偏硬无异味椰棕垫榻榻米定制折叠家用,yarges悠梦思旗舰店,未透出,护脊偏硬支撑 | 天然乳胶 | 环保椰棕/黄麻,平台/政府大额补贴 | 免费试睡保障 | 买赠高价值赠品 | 花呗免息分期 | 官方正品权威背书,促销大字报冲击型,https://detail.tmall.com/item.htm?b_s_f=sycm&b_spm=a21ag.29085015&id=781590325086,https://detail.tmall.com/item.htm?b_s_f=sycm&b_spm=a21ag.29085015&id=781590325086,https://img.alicdn.com/bao/uploaded/i3/2215907225135/O1CN01D7u3XA0ZnfK2vH2e_!!4611686018427383343-0-item_pic.jpg,267_781590325086.jpg,0.00 0.00%,0 0.00%,0,0.00,YARGES悠梦思 原生“精细”黄麻床垫 101天真正免费试睡 88 活动下单即享 折 88消费券 （立即抢购无需凑单） 限时立享至高减150元 88VIP可用 数量有限-详情咨询客服 天猫家装节 抢 政府补贴15% 因地区差异，补贴信息详情请见支付页面！ 官方立减12% 下单入会“抢 舒睡枕x2 现货下单顺丰速发 无胶工艺 限部分 尺寸地区 免费送货到家 分期免息 1365天免费仓储
268,788154508017,双人20cm厚乳胶记忆棉黄麻软硬席梦思家用1.8m卧室独立弹簧床垫,麻师傅家具旗舰店,未透出,护脊偏硬支撑 | 天然乳胶 | 环保椰棕/黄麻 | 零压记忆棉,平台/政府大额补贴,促销大字报冲击型,https://detail.tmall.com/item.htm?b_s_f=sycm&b_spm=a21ag.29085015&id=788154508017,https://detail.tmall.com/item.htm?b_s_f=sycm&b_spm=a21ag.29085015&id=788154508017,https://img.alicdn.com/bao/uploaded/i3/2217706005293/O1CN01hBA3IO1oyFVR6xDYV_!!4611686018427380525-0-item_pic.jpg,268_788154508017.jpg,0.00 0.00%,0 0.00%,0,0.00,麻师傅 ? 6-20cm黄麻床垫 偏硬护脊腰轻松 政府补贴 15% 家装节 12% 全拆款 G-20CM 软硬适中 A类华夫格面料 2cm记忆棉 15cmS形黄麻
271,794523050026,麻师傅天然S形黄麻床垫加硬薄10cm家用老人儿童护腰脊含乳胶椰棕,麻师傅家具旗舰店,未透出,护脊偏硬支撑 | 天然乳胶 | 环保椰棕/黄麻,平台/政府大额补贴,促销大字报冲击型,https://detail.tmall.com/item.htm?b_s_f=sycm&b_spm=a21ag.29085015&id=794523050026,https://detail.tmall.com/item.htm?b_s_f=sycm&b_spm=a21ag.29085015&id=794523050026,https://img.alicdn.com/bao/uploaded/i2/2217706005293/O1CN01Ofg8hbaQicH1chua_!!4611686018427380525-0-item_pic.jpg,271_794523050026.jpg,0.00 0.00%,0 0.00%,0,0.00,麻师傅 ? 6-20cm黄麻床垫 偏硬护脊腰轻松 政府补贴 15% + 家装节 12% MAu庭师博 72 小时 成年/老人/孕婴 顺丰发货
274,805465471179,月光之家儿童青少年专用独立弹簧床垫乳胶记忆棉可全拆1.8米20cm,moonlightfamily旗舰店,未透出,天然乳胶 | 零压记忆棉,平台/政府大额补贴 | 免费试睡保障 | 花呗免息分期 | 官方正品权威背书,促销大字报冲击型,https://detail.tmall.com/item.htm?b_s_f=sycm&b_spm=a21ag.29085015&id=805465471179,https://detail.tmall.com/item.htm?b_s_f=sycm&b_spm=a21ag.29085015&id=805465471179,https://img.alicdn.com/bao/uploaded/i2/919851856/O1CN016DRb1pKfzgJ32pKq_!!4611686018427384656-0-item_pic.jpg,274_805465471179.jpg,0.00 0.00%,0 0.00%,0,0.00,Moonlight family MOONLICHT 月光之家 家装节 FAMILY 青少年床垫全拆可洗 软硬可调厚度15-20CM 优惠可叠加 政府补贴官方立减惊喜红包 88VIP 200天免费试睡 15% 12% 150 20年超长质保 3期免息 价保100天 免费取旧 顺丰 SF 0胶+5A双重认证 到家
275,812593117720,月光之家超软5cm记忆棉独立袋弹簧床垫家用席梦思双人五星级加厚,moonlightfamily旗舰店,未透出,独立袋装弹簧 | 零压记忆棉,平台/政府大额补贴 | 免费试睡保障 | 花呗免息分期 | 官方正品权威背书,促销大字报冲击型,https://detail.tmall.com/item.htm?b_s_f=sycm&b_spm=a21ag.29085015&id=812593117720,https://detail.tmall.com/item.htm?b_s_f=sycm&b_spm=a21ag.29085015&id=812593117720,https://img.alicdn.com/bao/uploaded/i4/919851856/O1CN01QNMEIYzN3FK32pKq_!!4611686018427384656-0-item_pic.jpg,275_812593117720.jpg,0.00 0.00%,0 0.00%,0,0.00,Moonlight family MOONLICHT 月光之家 家装节 FAMILY 凝胶记忆棉弹簧床垫 偏软超软厚度22-30CM Monlight fomily 优惠可叠加 政府补贴官方立减惊喜红包 88VIP 200天免费试睡 15% 12% 150 20年超长质保 3期免息 价保100天 免费取旧 顺丰 SF 0胶+5A双重认证 到家
276,813319090283,派乐熊儿童榻榻米黄麻床垫偏硬护脊青少年学生上下铺定制折叠,派乐熊儿童床垫品牌店,未透出,护脊偏硬支撑 | 环保椰棕/黄麻,平台/政府大额补贴,促销大字报冲击型,https://detail.tmall.com/item.htm?b_s_f=sycm&b_spm=a21ag.29085015&id=813319090283,https://detail.tmall.com/item.htm?b_s_f=sycm&b_spm=a21ag.29085015&id=813319090283,https://img.alicdn.com/bao/uploaded/i3/371424161/O1CN01mSxUTNImqIK1chua_!!371424161.jpg,276_813319090283.jpg,0.00 0.00%,0 0.00%,0,0.00,派乐熊×专注儿童健康睡眠 儿童折叠S形黄麻床垫 家装节 立减 12% 本店支持使用 88VIP消费券 儿童 美国出口品质CPC/GCC双认证 专用 儿童榻榻米折叠床垫
277,819349063041,定制床垫,睡眠骑士床垫企业店,未透出,双面双睡感/可拆洗,常规销售,极简素雅质感型,https://detail.tmall.com/item.htm?b_s_f=sycm&b_spm=a21ag.29085015&id=819349063041,https://detail.tmall.com/item.htm?b_s_f=sycm&b_spm=a21ag.29085015&id=819349063041,https://img.alicdn.com/bao/uploaded/i2/720743073/O1CN01fJ2sAZ1YZU5NBXSgG_!!720743073.jpg,277_819349063041.jpg,0.00 0.00%,0 0.00%,0,0.00,定制尺寸 Free Size 可定制尺寸详情请咨询客服
278,822289612077,优群席梦思床垫15cm超薄款乳胶弹簧高箱床垫10公分家用卧室可定制,优群家居正品商城,未透出,天然乳胶 | 双面双睡感/可拆洗,平台/政府大额补贴 | 免费试睡保障 | 官方正品权威背书,促销大字报冲击型,https://detail.tmall.com/item.htm?b_s_f=sycm&b_spm=a21ag.29085015&id=822289612077,https://detail.tmall.com/item.htm?b_s_f=sycm&b_spm=a21ag.29085015&id=822289612077,https://img.alicdn.com/bao/uploaded/i1/3346353128/O1CN01P7G4Ehwn95I2vH2e_!!3346353128.jpg,278_822289612077.jpg,0.00 0.00%,0 0.00%,0,0.00,超级立减 极有家 JIYOUJIA.COM 8cm 薄款床垫 100天免费试睡 塌陷包赔 五年质保支持定制 拒绝甲醛胶水无异味 10 顺丰速发 % 官方优惠 下单立减 （详情咨询客服）
279,830205989496,ROZO可拆卸黄麻弹簧床垫乳胶记忆棉席梦思厚床垫护腰护脊可洗家用,rozo家具旗舰店,未透出,护脊偏硬支撑 | 天然乳胶 | 环保椰棕/黄麻 | 零压记忆棉 | 抗菌防螨健康,平台/政府大额补贴 | 官方正品权威背书,促销大字报冲击型,https://detail.tmall.com/item.htm?b_s_f=sycm&b_spm=a21ag.29085015&id=830205989496,https://detail.tmall.com/item.htm?b_s_f=sycm&b_spm=a21ag.29085015&id=830205989496,https://img.alicdn.com/bao/uploaded/i2/2939975400/O1CN01VYgi6gGbw8E2vH2e_!!4611686018427385576-2-item_pic.png,279_830205989496.jpg,0.00 0.00%,0 0.00%,0,0.00,ROZO’X 秋季家装节 零胶水 可拆卸护脊床垫 注释① 黄麻加硬|抑菌防螨 实付满1500立减 150 夫 88VIP消费券 实付满480立减 60 88VIP消费券 政府补贴 12% 至高立减约 官方 下单立减 15% 45% 活动 叠加使用优惠券 咨询客服
280,842112947336,睡眠骑士自在可调节全拆床垫独立袋弹簧席梦思家用卧室厚酒店软垫,sleepknight旗舰店,未透出,护脊偏硬支撑 | 独立袋装弹簧,免费试睡保障 | 买赠高价值赠品 | 花呗免息分期 | 官方正品权威背书,标准电商综合展示型,https://detail.tmall.com/item.htm?b_s_f=sycm&b_spm=a21ag.29085015&id=842112947336,https://detail.tmall.com/item.htm?b_s_f=sycm&b_spm=a21ag.29085015&id=842112947336,https://img.alicdn.com/bao/uploaded/i4/2215132506139/O1CN014mszNc1vDiY1YcrV1_!!4611686018427381787-0-item_pic.jpg,280_842112947336.jpg,0.00 0.00%,0 0.00%,0,0.00,SLEEP 睡眠骑士 KNIGHT 高支撑3016个弹簧 0胶床垫可拆卸设计 SLEEPKNIGHT LUXURY MATTRESS ? 花呗分期免息盒365天免费仓储免费送货到家 22-28CM 全拆床垫 100天免费试睡 10年超长质保 *不满意全额退 *详情咨询客服
281,842139941148,凯菲露可全拆洗S黄麻乳胶床垫国家补贴独立袋弹簧硬垫子家用卧室,凯菲露家具旗舰店,未透出,护脊偏硬支撑 | 天然乳胶 | 独立袋装弹簧 | 环保椰棕/黄麻 | 智能调节深睡,平台/政府大额补贴 | 免费试睡保障 | 免费送装一体 | 买赠高价值赠品,促销大字报冲击型,https://detail.tmall.com/item.htm?b_s_f=sycm&b_spm=a21ag.29085015&id=842139941148,https://detail.tmall.com/item.htm?b_s_f=sycm&b_spm=a21ag.29085015&id=842139941148,https://img.alicdn.com/bao/uploaded/i3/2218234661637/O1CN01ArnNv29INKI1chua_!!4611686018427382533-0-item_pic.jpg,281_842139941148.jpg,0.00 0.00%,0 0.00%,0,0.00,PKAIFEL 秋季家装节 360°全拆 健康看的见 科学护脊1田野系列 店铺红包 限时抢 全拆设计 限时下单 送 X2 单咨询客服了解详情参与！ 下单到手 评价有礼返20红包 （顺丰速发送货上楼（限部分地区/尺寸） 至高立减 政府补贴 9折消费券 全店立减 48% 立减15% 12% 下拉详情领取 88VIP可用 优惠可叠加 10G 免费 专利分段式云感应独立袋弹簧 试睡
282,844432295355,甜蜜睡眠向云端床垫马尾毛顶奢高端纯手工麻布袋弹簧无胶羊毛蚕丝,甜蜜睡眠旗舰店,未透出,亲肤透气面料 | 智能调节深睡,常规销售,标准电商综合展示型,https://detail.tmall.com/item.htm?b_s_f=sycm&b_spm=a21ag.29085015&id=844432295355,https://detail.tmall.com/item.htm?b_s_f=sycm&b_spm=a21ag.29085015&id=844432295355,https://img.alicdn.com/bao/uploaded/i3/2215897735682/O1CN01sNs2pi1rqPYEKThmR_!!4611686018427380226-0-item_pic.jpg,282_844432295355.jpg,0.00 0.00%,0 0.00%,0,0.00,云感深睡 甜蜜睡眠向云端系列 Tianmishuimian 手工床垫 Comfortable natural Sweet sleep 追溯顶奢原材
285,849248993123,凯菲露简白记忆棉卷包床垫家用软垫学生宿舍榻榻米改善睡感可拆洗,凯菲露家具旗舰店,未透出,零压记忆棉 | 双面双睡感/可拆洗 | 智能调节深睡,平台/政府大额补贴 | 免费试睡保障 | 免费送装一体 | 买赠高价值赠品,促销大字报冲击型,https://detail.tmall.com/item.htm?b_s_f=sycm&b_spm=a21ag.29085015&id=849248993123,https://detail.tmall.com/item.htm?b_s_f=sycm&b_spm=a21ag.29085015&id=849248993123,https://img.alicdn.com/bao/uploaded/i1/2218234661637/O1CN01FR0NxcILNgE1chua_!!4611686018427382533-0-item_pic.jpg,285_849248993123.jpg,0.00 0.00%,0 0.00%,0,0.00,RKAIFEL 秋季家装节 可以拆卸的小薄垫 一垫多用1简白系列 店铺红包 限时抢 限时下单 送 X2 单咨询客服了解详情参与！ 下单到手 评价有礼返20红包 顺丰速发送货上楼 （限部分地区/尺寸） 至高立减 政府补贴 9折消费券 全店立减 48% 立减15% 12% 88VIP可用 下拉详情领取 优惠可叠加 10G 免费 改善睡眠 榻榻米/租房等多场景适用 试睡
286,850767088181,乳胶黄麻棕席梦思独立弹簧护脊床垫家用卧室软硬双面偏硬护脊1.8m,佛山享睡床垫品牌店,未透出,护脊偏硬支撑 | 天然乳胶 | 环保椰棕/黄麻 | 双面双睡感/可拆洗,平台/政府大额补贴 | 免费试睡保障 | 买赠高价值赠品 | 官方正品权威背书,促销大字报冲击型,https://detail.tmall.com/item.htm?b_s_f=sycm&b_spm=a21ag.29085015&id=850767088181,https://detail.tmall.com/item.htm?b_s_f=sycm&b_spm=a21ag.29085015&id=850767088181,https://img.alicdn.com/bao/uploaded/i4/371421979/O1CN01L4pi8kg2jRB2vH2e_!!371421979.jpg,286_850767088181.jpg,0.00 0.00%,0 0.00%,0,0.00,WEIMLU 超级88 一维梦露一 护脊黄麻棕 加固弹簧 硬支撑更护腰 免费试睡101天 下单立减 京东顺丰送到家 TIME:9/620:00-9/1323:59 12% 可叠加优惠满300减60 （详情咨询客服即可） 免费送货到家 先用后付 180天免费仓储 超长保价30天
287,852031338309,麻师傅天然黄麻床垫椰棕榈加硬10cm厚家用老人儿童护腰脊记忆棉,麻师傅家具旗舰店,未透出,护脊偏硬支撑 | 环保椰棕/黄麻 | 零压记忆棉,平台/政府大额补贴,促销大字报冲击型 | 产品材质分层结构拆解型,https://detail.tmall.com/item.htm?b_s_f=sycm&b_spm=a21ag.29085015&id=852031338309,https://detail.tmall.com/item.htm?b_s_f=sycm&b_spm=a21ag.29085015&id=852031338309,https://img.alicdn.com/bao/uploaded/i3/2217706005293/O1CN0128TJRlu3U1G1chua_!!4611686018427380525-0-item_pic.jpg,287_852031338309.jpg,0.00 0.00%,0 0.00%,0,0.00,麻师傅 ? 10-22cm硬黄麻床垫 双舒适护脊层 政府补贴 15% + 家装节 12% 72 小时 中青年护脊族 顺丰发货
289,876370299242,睡眠骑士20cm厚记忆棉床垫席梦思软垫五星级酒店天然黄麻家用硬垫,睡眠骑士床垫企业店,未透出,护脊偏硬支撑 | 环保椰棕/黄麻 | 零压记忆棉,免费试睡保障 | 买赠高价值赠品 | 花呗免息分期 | 官方正品权威背书,标准电商综合展示型,https://detail.tmall.com/item.htm?b_s_f=sycm&b_spm=a21ag.29085015&id=876370299242,https://detail.tmall.com/item.htm?b_s_f=sycm&b_spm=a21ag.29085015&id=876370299242,https://img.alicdn.com/bao/uploaded/i4/720743073/O1CN01DOOudz1YZUESKVlqY_!!720743073.jpg,289_876370299242.jpg,0.00 0.00%,0 0.00%,0,0.00,SLEEP° 睡眠骑士 官方优选 KNIGHT 记忆棉酒店床垫 厚度:20/22/24cm 20-24cm 200天免费试睡|20年超长质保 酒店睡感 现货速发顺丰送到家 部分尺寸 及地区 花呗分期免息 365天免费仓储 免费送货到家
290,877237336717,睡眠骑士记忆棉床垫20cm厚 家用软垫五星级酒店双面独立弹簧硬垫,睡眠骑士床垫企业店,未透出,护脊偏硬支撑 | 零压记忆棉 | 双面双睡感/可拆洗,免费试睡保障 | 买赠高价值赠品 | 花呗免息分期 | 官方正品权威背书,标准电商综合展示型,https://detail.tmall.com/item.htm?b_s_f=sycm&b_spm=a21ag.29085015&id=877237336717,https://detail.tmall.com/item.htm?b_s_f=sycm&b_spm=a21ag.29085015&id=877237336717,https://img.alicdn.com/bao/uploaded/i3/720743073/O1CN01Hn2jnG1YZUERzKLjx_!!720743073.jpg,290_877237336717.jpg,0.00 0.00%,0 0.00%,0,0.00,"SLEEP"""" 睡眠骑士 官方优选 KNIGHT 记忆棉酒店床垫 厚度:20/22/24cm 3 20-24cm 200天免费试睡|20年超长质保 酒店睡感 现货速发顺丰送到家 部分尺寸 及地区 花呗分期免息 365天免费仓储 免费送货到家"
291,886386751536,月光之家乳胶床垫15cm超薄款独立弹簧席梦思家用记忆棉软垫20厘米,moonlightfamily旗舰店,未透出,天然乳胶 | 零压记忆棉 | 亲肤透气面料,平台/政府大额补贴 | 免费试睡保障 | 花呗免息分期 | 官方正品权威背书,促销大字报冲击型,https://detail.tmall.com/item.htm?b_s_f=sycm&b_spm=a21ag.29085015&id=886386751536,https://detail.tmall.com/item.htm?b_s_f=sycm&b_spm=a21ag.29085015&id=886386751536,https://img.alicdn.com/bao/uploaded/i1/919851856/O1CN01oGtfLLHbqCI32pKq_!!4611686018427384656-0-item_pic.jpg,291_886386751536.jpg,0.00 0.00%,0 0.00%,0,0.00,Moonlight family MOONLICHT 月光之家 家装节 FAMILY 超薄透气弹簧床垫 软硬齐全厚度12-20CM 优惠可叠加 政府补贴官方立减惊喜红包 88VIP 200天免费试睡 15% 12% 150 20年超长质保 3期免息 价保100天 免费取旧 顺丰 SF 0胶+5A双重认证 到家
292,892402534896,麻师傅S形黄麻床垫家用榻榻米折叠硬护腰脊老人含乳胶记忆棉椰棕,麻师傅家具旗舰店,未透出,护脊偏硬支撑 | 天然乳胶 | 环保椰棕/黄麻 | 零压记忆棉,平台/政府大额补贴,促销大字报冲击型,https://detail.tmall.com/item.htm?b_s_f=sycm&b_spm=a21ag.29085015&id=892402534896,https://detail.tmall.com/item.htm?b_s_f=sycm&b_spm=a21ag.29085015&id=892402534896,https://img.alicdn.com/bao/uploaded/i2/2217706005293/O1CN01fvFgRLVLLMK1chua_!!4611686018427380525-0-item_pic.jpg,292_892402534896.jpg,0.00 0.00%,0 0.00%,0,0.00,麻师傅 ? 6-15cm黄麻床垫 折叠款翻取方便 政府补贴 15% + 家装节 12% 72小时 榻榻米/储物床 顺丰发货
294,900646117990,悠梦思天然乳胶席梦思1.8米独立袋弹簧厚床垫1.5家用护脊椰棕硬垫,yarges悠梦思旗舰店,未透出,护脊偏硬支撑 | 天然乳胶 | 独立袋装弹簧 | 环保椰棕/黄麻,平台/政府大额补贴 | 免费试睡保障 | 买赠高价值赠品 | 花呗免息分期 | 官方正品权威背书,促销大字报冲击型,https://detail.tmall.com/item.htm?b_s_f=sycm&b_spm=a21ag.29085015&id=900646117990,https://detail.tmall.com/item.htm?b_s_f=sycm&b_spm=a21ag.29085015&id=900646117990,https://img.alicdn.com/bao/uploaded/i2/2215907225135/O1CN01cneegfQEO0E2vH2e_!!4611686018427383343-0-item_pic.jpg,294_900646117990.jpg,0.00 0.00%,0 0.00%,0,0.00,YARGES悠梦思 芯支撑 硬护脊 101天真正免费试睡 88 活动下单即享 折 88消费券 （立即抢购无需凑单） 限时立享至高减150元 88VIP可用 数量有限详情咨询客服 天猫家装节 抢 政府补贴15% 因地区差异，补贴信息详情请见支付页面！ 官方立减12% 下单入会“抢 舒睡枕x2 现货下单顺丰速发 质保20年 限部分 尺寸地区 免费送货到家 分期免息 1365天免费仓储
295,911921175837,派乐熊儿童床垫手工拉扣席梦思0胶酷布独立袋装护脊弹簧卧室家用,PARELER BEAR旗舰店,未透出,护脊偏硬支撑 | 独立袋装弹簧,常规销售,标准电商综合展示型,https://detail.tmall.com/item.htm?b_s_f=sycm&b_spm=a21ag.29085015&id=911921175837,https://detail.tmall.com/item.htm?b_s_f=sycm&b_spm=a21ag.29085015&id=911921175837,https://img.alicdn.com/bao/uploaded/i4/2219146481808/O1CN01lvCakr1PE7Ef6kcK1_!!4611686018427383952-0-item_pic.jpg,295_911921175837.jpg,0.00 0.00%,0 0.00%,0,0.00,派乐熊×专注儿童健康睡眠 儿童手工拉扣弹簧床垫 儿童专用手工床垫 0胶 四叶形0胶酷布袋弹簧 手工
296,922339368368,记忆棉盒子压缩席梦思弹簧乳胶床垫软垫家用卧室20cm,佛山享睡床垫品牌店,未透出,护脊偏硬支撑 | 天然乳胶 | 零压记忆棉 | 抗菌防螨健康,平台/政府大额补贴 | 免费试睡保障 | 买赠高价值赠品 | 官方正品权威背书,促销大字报冲击型,https://detail.tmall.com/item.htm?b_s_f=sycm&b_spm=a21ag.29085015&id=922339368368,https://detail.tmall.com/item.htm?b_s_f=sycm&b_spm=a21ag.29085015&id=922339368368,https://img.alicdn.com/bao/uploaded/i3/371421979/O1CN01cyGIcGtPwRJ2vH2e_!!371421979.jpg,296_922339368368.jpg,0.00 0.00%,0 0.00%,0,0.00,超级88 弹性支撑 护脊防塌陷 科学配比抑菌 免费试睡101天 下单立减 京东顺丰送到家 TIME:9/620:00-9/1323:59 12% 可叠加优惠满300减60 （详情咨询客服即可） 免费送货到家 先用后付 180天免费仓储 超长保价30天
297,943746277490,ROZO软床垫加硬神器天然黄麻护腰护脊薄款偏硬板棕榈床垫子家用,rozo家具旗舰店,未透出,护脊偏硬支撑 | 环保椰棕/黄麻,平台/政府大额补贴 | 官方正品权威背书,促销大字报冲击型,https://detail.tmall.com/item.htm?b_s_f=sycm&b_spm=a21ag.29085015&id=943746277490,https://detail.tmall.com/item.htm?b_s_f=sycm&b_spm=a21ag.29085015&id=943746277490,https://img.alicdn.com/bao/uploaded/i3/2939975400/O1CN01bHlhO3EeysE2vH2e_!!4611686018427385576-2-item_pic.png,297_943746277490.jpg,0.00 0.00%,0 0.00%,0,0.00,ROZO°× 秋季家装节 拯救软床加硬神器 S型黄麻丨一垫加硬 实付满1500立减 150 ￥ 88VIP消费券 实付满480立减 60 88VIP消费券 政府补贴 至高立减约 官方 12% 下单立减 15% 45% 活动 叠加使用优惠券 咨询客服
298,945609700826,【国家补贴】铂马仕甜睡全拆弹簧床垫席梦思酒店乳胶软垫两用30cm,铂马仕旗舰店,￥500,天然乳胶 | 双面双睡感/可拆洗,平台/政府大额补贴 | 免费试睡保障 | 买赠高价值赠品 | 官方正品权威背书,促销大字报冲击型,https://detail.tmall.com/item.htm?b_s_f=sycm&b_spm=a21ag.29085015&id=945609700826,https://detail.tmall.com/item.htm?b_s_f=sycm&b_spm=a21ag.29085015&id=945609700826,https://img.alicdn.com/bao/uploaded/i3/2165873208/O1CN01XZpM4wrMM8E1chua_!!4611686018427386424-0-item_pic.jpg,298_945609700826.jpg,0.00 0.00%,0 0.00%,0,0.00,铂马仕 家装节 POMOSER 全拆可调o胶水 全拆可调内材可见 双重补贴拍下立减！ 惊喜红包限时抢！ 政府补贴 官方补贴 惊喜红包 88折消费券 立减15% 立减12% 不止9折至高减500元 详见支付页面 可叠加店铺券 88VIP可用 送 现货速发顺丰到家 限部分 咨询客服抢舒睡枕X2 单品直降约 尺寸地区 37% 100天真正免费试睡
299,948414467221,麻师傅弹簧床垫20cm厚家用席梦思护腰脊黄麻儿童老人含乳胶记忆棉,麻师傅家具旗舰店,未透出,护脊偏硬支撑 | 天然乳胶 | 环保椰棕/黄麻 | 零压记忆棉,平台/政府大额补贴,促销大字报冲击型,https://detail.tmall.com/item.htm?b_s_f=sycm&b_spm=a21ag.29085015&id=948414467221,https://detail.tmall.com/item.htm?b_s_f=sycm&b_spm=a21ag.29085015&id=948414467221,https://img.alicdn.com/bao/uploaded/i3/2217706005293/O1CN01SHcULihcm3H1chua_!!4611686018427380525-0-item_pic.jpg,299_948414467221.jpg,0.00 0.00%,0 0.00%,0,0.00,麻师傅 ? 20-24cm弹簧床垫 3-5cm硬黄麻芯 政府补贴 15% + 家装节 12% MASHIFU麻师傅 72 小时 中老年人推荐 顺丰发货
300,950251295527,凯菲露桑野可拆洗护脊乳胶S型精细黄麻床垫榻榻米硬垫家用卧室8cm,凯菲露家具旗舰店,未透出,护脊偏硬支撑 | 天然乳胶 | 环保椰棕/黄麻 | 双面双睡感/可拆洗 | 智能调节深睡,平台/政府大额补贴 | 免费试睡保障 | 免费送装一体 | 买赠高价值赠品,促销大字报冲击型,https://detail.tmall.com/item.htm?b_s_f=sycm&b_spm=a21ag.29085015&id=950251295527,https://detail.tmall.com/item.htm?b_s_f=sycm&b_spm=a21ag.29085015&id=950251295527,https://img.alicdn.com/bao/uploaded/i4/2218234661637/O1CN01gOzev1kfPbE1chua_!!4611686018427382533-0-item_pic.jpg,300_950251295527.jpg,0.00 0.00%,0 0.00%,0,0.00,RKAIFEL 秋季家装节 全拆“S”型精细黄麻床垫 三重实力支撑|桑野系列 店铺红包 限时抢 全拆设计 限时下的 送育 X2 单咨询客服了解详情参与！ 下单到手 评价有礼返20红包 （顺丰速发送货上楼（限部分地区/尺寸） 至高立减 政府补贴 9折消费券 全店立减 48% 立减15% 12% 下拉详情领取 88VIP可用 优惠可叠加 10G 免费 无胶工艺·拒绝甲醛·无惧塌陷 试睡
301,955264781832,睡眠骑士榻榻米床垫天然黄麻定制尺寸乳胶椰棕硬垫护脊床垫子儿童,睡眠骑士床垫企业店,未透出,护脊偏硬支撑 | 天然乳胶 | 环保椰棕/黄麻,免费试睡保障 | 买赠高价值赠品 | 花呗免息分期 | 官方正品权威背书,标准电商综合展示型,https://detail.tmall.com/item.htm?b_s_f=sycm&b_spm=a21ag.29085015&id=955264781832,https://detail.tmall.com/item.htm?b_s_f=sycm&b_spm=a21ag.29085015&id=955264781832,https://img.alicdn.com/bao/uploaded/i2/720743073/O1CN01XEfbVX1YZUESbyGKC_!!720743073.jpg,301_955264781832.jpg,0.00 0.00%,0 0.00%,0,0.00,SLEEP° 睡眠骑士 官方优选 KNIGHT 无缝隙榻榻米垫 S型黄麻硬护脊不塌陷 4-10CM 200天免费试睡 20年超长质保 0胶全拆 现货速发 顺丰送到家 部分尺寸 及地区 花呗分期免息 365天免费仓储 免费送货到家
302,955686925505,睡眠骑士榻榻米床垫天然黄麻定制尺寸乳胶椰棕硬垫护脊床垫子儿童,sleepknight旗舰店,未透出,护脊偏硬支撑 | 天然乳胶 | 环保椰棕/黄麻 | 零压记忆棉,免费试睡保障 | 买赠高价值赠品 | 官方正品权威背书,标准电商综合展示型,https://detail.tmall.com/item.htm?b_s_f=sycm&b_spm=a21ag.29085015&id=955686925505,https://detail.tmall.com/item.htm?b_s_f=sycm&b_spm=a21ag.29085015&id=955686925505,https://img.alicdn.com/bao/uploaded/i1/2215132506139/O1CN015Dw0h41vDiY0OtioM_!!4611686018427381787-0-item_pic.jpg,302_955686925505.jpg,0.00 0.00%,0 0.00%,0,0.00,SLEEP 睡眠骑士 KNIGHT 榻榻米护脊床垫 S型黄麻硬护脊不塌陷 100天免费试睡 10年质保 全国包送货 4-10cm 关注赠记忆棉枕*2 0胶全拆 *注确认收货后联系客服发出
303,956022707743,睡眠骑士【定制专享床垫】天然乳胶席梦思弹簧软垫家用可调节黄麻,sleepknight旗舰店,未透出,天然乳胶 | 环保椰棕/黄麻,常规销售,极简素雅质感型,https://detail.tmall.com/item.htm?b_s_f=sycm&b_spm=a21ag.29085015&id=956022707743,https://detail.tmall.com/item.htm?b_s_f=sycm&b_spm=a21ag.29085015&id=956022707743,https://img.alicdn.com/bao/uploaded/i4/2215132506139/O1CN013j2CJ21vDiWY44Kfa_!!4611686018427381787-0-item_pic.jpg,303_956022707743.jpg,0.00 0.00%,0 0.00%,0,0.00,私人订制 全拆可调节自由搭配
304,959231501272,蓝色卷包压缩床垫23cm加硬款优群床垫直营卷包席梦思记忆棉弹簧,优群家居正品商城,未透出,零压记忆棉 | 双面双睡感/可拆洗,平台/政府大额补贴 | 免费试睡保障 | 官方正品权威背书,促销大字报冲击型,https://detail.tmall.com/item.htm?b_s_f=sycm&b_spm=a21ag.29085015&id=959231501272,https://detail.tmall.com/item.htm?b_s_f=sycm&b_spm=a21ag.29085015&id=959231501272,https://img.alicdn.com/bao/uploaded/i4/3346353128/O1CN01KyyLIWHqJbC2vH2e_!!3346353128.jpg,304_959231501272.jpg,0.00 0.00%,0 0.00%,0,0.00,极有家 超级立减 JIYOUJIA.COM 可拆洗盒子床垫 100天免费试睡 优烈床险 塌陷包赔 五年质保支持定制 拒绝甲醛胶水无异味 10 顺丰速发 % 官方优惠 下单立减 （详情咨询客服）
305,959747877681,悠梦思加厚乳胶1.8米独立袋弹簧床垫1.5m超软席梦思五星酒店软垫,yarges悠梦思旗舰店,未透出,天然乳胶 | 独立袋装弹簧,平台/政府大额补贴 | 免费试睡保障 | 买赠高价值赠品 | 花呗免息分期 | 官方正品权威背书,促销大字报冲击型,https://detail.tmall.com/item.htm?b_s_f=sycm&b_spm=a21ag.29085015&id=959747877681,https://detail.tmall.com/item.htm?b_s_f=sycm&b_spm=a21ag.29085015&id=959747877681,https://img.alicdn.com/bao/uploaded/i4/2215907225135/O1CN011zOvrAwNp6G2vH2e_!!4611686018427383343-0-item_pic.jpg,305_959747877681.jpg,0.00 0.00%,0 0.00%,0,0.00,YARGES悠梦思 酒店级睡感居家私享 101天真正免费试睡 88 YARGESI悠梦照 活动下单即享 折 88消费券 （立即抢购无需凑单） 限时立享至高减150元 88VIP可用 数量有限详情咨询客服 天猫家装节 抢 政府补贴15% 因地区差异，补贴信息详情请见支付页面！ 官方立减12% 下单入会“抢 舒睡枕x2 现货下单顺丰速发 质保20年 限部分 尺寸地区 免费送货到家 分期免息 盒365天免费仓储
306,960629771293,派乐熊儿童榻榻米黄麻床垫偏硬护脊青少年学生上下铺定制折叠,PARELER BEAR旗舰店,未透出,护脊偏硬支撑 | 环保椰棕/黄麻,平台/政府大额补贴,促销大字报冲击型,https://detail.tmall.com/item.htm?b_s_f=sycm&b_spm=a21ag.29085015&id=960629771293,https://detail.tmall.com/item.htm?b_s_f=sycm&b_spm=a21ag.29085015&id=960629771293,https://img.alicdn.com/bao/uploaded/i1/2219146481808/O1CN01GCzcRnf5UHG1chua_!!4611686018427383952-0-item_pic.jpg,306_960629771293.jpg,0.00 0.00%,0 0.00%,0,0.00,派乐熊×专注儿童健康睡眠 儿童折叠S形黄麻床垫 家装节 立减 12% 本店支持使用 88VIP消费券 儿童 美国出口品质CPC/GCC双认证 专用 儿童榻榻米折叠床垫
307,962542794106,铂马仕梦里5cm厚乳胶席梦思弹簧床垫酒店软垫1.8m家用软硬两用1.5,铂马仕旗舰店,￥500,天然乳胶 | 双面双睡感/可拆洗,平台/政府大额补贴 | 免费试睡保障 | 买赠高价值赠品 | 官方正品权威背书,促销大字报冲击型 | 产品材质分层结构拆解型,https://detail.tmall.com/item.htm?b_s_f=sycm&b_spm=a21ag.29085015&id=962542794106,https://detail.tmall.com/item.htm?b_s_f=sycm&b_spm=a21ag.29085015&id=962542794106,https://img.alicdn.com/bao/uploaded/i3/2165873208/O1CN01h2dpzIgn8tL1chua_!!4611686018427386424-0-item_pic.jpg,307_962542794106.jpg,0.00 0.00%,0 0.00%,0,0.00,铂马仕 家装节 POMOSER 3000颗弹簧柔软舒适 双层弹簧五星级酒店睡感 双重补贴拍下立减！ 惊喜红包限时抢！ 政府补贴 官方补贴 惊喜红包 88折消费券 立减15% 立减12% 不止9折至高减500元 详见支付页面 可叠加店铺券 88VIP可用 送 现货速发顺丰到家 限部分 咨询客服抢舒睡枕X2 单品直降约 尺寸地区 37% 100天真正免费试睡
308,963292818413,睡眠骑士榻榻米床垫天然黄麻定制尺寸乳胶椰棕硬垫护脊床垫子儿童,sleepknight旗舰店,未透出,护脊偏硬支撑 | 天然乳胶 | 环保椰棕/黄麻,免费试睡保障 | 买赠高价值赠品 | 花呗免息分期 | 官方正品权威背书,标准电商综合展示型,https://detail.tmall.com/item.htm?b_s_f=sycm&b_spm=a21ag.29085015&id=963292818413,https://detail.tmall.com/item.htm?b_s_f=sycm&b_spm=a21ag.29085015&id=963292818413,https://img.alicdn.com/bao/uploaded/i3/2215132506139/O1CN01Kpq9ok1vDiY1DPdOz_!!4611686018427381787-0-item_pic.jpg,308_963292818413.jpg,0.00 0.00%,0 0.00%,0,0.00,SLEEP 睡眠骑士 KNIGHT 可折叠榻榻米床垫 S型黄麻硬护脊不塌陷 5-15cm 花呗分期免息盒365天免费仓储免费送货到家 定制尺寸 100天免费试睡 10年超长质保 *不满意全额退 *详情咨询客服
309,963648545830,铂马仕学生宿舍记忆棉床垫榻榻米软垫单人租房专用双面睡感薄垫子,铂马仕旗舰店,￥500,零压记忆棉 | 双面双睡感/可拆洗,平台/政府大额补贴 | 免费试睡保障 | 买赠高价值赠品 | 官方正品权威背书,促销大字报冲击型,https://detail.tmall.com/item.htm?b_s_f=sycm&b_spm=a21ag.29085015&id=963648545830,https://detail.tmall.com/item.htm?b_s_f=sycm&b_spm=a21ag.29085015&id=963648545830,https://img.alicdn.com/bao/uploaded/i4/2165873208/O1CN01lTxIoSvL33K1chua_!!4611686018427386424-0-item_pic.jpg,309_963648545830.jpg,0.00 0.00%,0 0.00%,0,0.00,铂马仕 家装节 POMOSER 专为学生/租房设计 改善硬板床久睡不塌陷 双重补贴拍下立减！ 惊喜红包限时抢！ 政府补贴 官方补贴 惊喜红包 88折消费券 立减15% 立减12% 不止9折至高减500元 详见支付页面 可叠加店铺券 88VIP可用 送 现货速发顺丰到家 限部分 咨询客服抢舒睡枕X2 单品直降约 尺寸地区 37% 100天真正免费试睡
310,964555917900,睡眠骑士软床加硬垫家用护脊护脊床垫加硬神器不塌陷天然黄麻乳胶,睡眠骑士床垫企业店,未透出,护脊偏硬支撑 | 天然乳胶 | 环保椰棕/黄麻,免费试睡保障 | 买赠高价值赠品 | 花呗免息分期 | 官方正品权威背书,标准电商综合展示型,https://detail.tmall.com/item.htm?b_s_f=sycm&b_spm=a21ag.29085015&id=964555917900,https://detail.tmall.com/item.htm?b_s_f=sycm&b_spm=a21ag.29085015&id=964555917900,https://img.alicdn.com/bao/uploaded/i2/720743073/O1CN01eJoCwH1YZUG0GjVjn_!!720743073.jpg,310_964555917900.jpg,0.00 0.00%,0 0.00%,0,0.00,SLEEP 睡眠骑士 官方优选 KNIGHT 拯救软床加硬神器 S型黄麻硬护脊不塌陷 可全拆设改 10-15CM 100天免费试睡 |10年超长质保 全拆薄款 现货速发 顺丰送到家 部分尺寸 及地区 花呗分期免息 365天免费仓储 免费送货到家
311,969168702425,悠梦思可调节全拆卸乳胶床垫独立弹簧席梦思护腰脊22cm厚家用软垫,yarges悠梦思旗舰店,未透出,护脊偏硬支撑 | 天然乳胶,平台/政府大额补贴 | 免费试睡保障 | 买赠高价值赠品 | 花呗免息分期 | 官方正品权威背书,促销大字报冲击型,https://detail.tmall.com/item.htm?b_s_f=sycm&b_spm=a21ag.29085015&id=969168702425,https://detail.tmall.com/item.htm?b_s_f=sycm&b_spm=a21ag.29085015&id=969168702425,https://img.alicdn.com/bao/uploaded/i1/2215907225135/O1CN01aBuhPSwyf6D2vH2e_!!4611686018427383343-0-item_pic.jpg,311_969168702425.jpg,0.00 0.00%,0 0.00%,0,0.00,YARGES悠梦思 内材软硬自由调 101天真正免费试睡 88 折 YARGES 活动下单即享 88消费券 （立即抢购无需凑单） 限时立享至高减150元 88VIP可用 数量有限详情咨询客服 天猫家装节 抢 政府补贴15% 因地区差异，补贴信息详情请见支付页面！ 官方立减12% 下单入会“抢 舒睡枕x2 现货下单顺丰速发 质保20年 限部分 尺寸地区 免费送货到家 分期免息 1365天免费仓储
312,969575098244,悠梦思软床加硬神器S型精细黄麻儿童床垫护腰脊棕垫薄榻榻米家用,yarges悠梦思旗舰店,未透出,护脊偏硬支撑 | 环保椰棕/黄麻,平台/政府大额补贴 | 买赠高价值赠品 | 花呗免息分期 | 官方正品权威背书,促销大字报冲击型,https://detail.tmall.com/item.htm?b_s_f=sycm&b_spm=a21ag.29085015&id=969575098244,https://detail.tmall.com/item.htm?b_s_f=sycm&b_spm=a21ag.29085015&id=969575098244,https://img.alicdn.com/bao/uploaded/i3/2215907225135/O1CN016ZDsBGe0x2D2vH2e_!!4611686018427383343-0-item_pic.jpg,312_969575098244.jpg,0.00 0.00%,0 0.00%,0,0.00,YARGES悠梦思 拯救软床 一垫加硬 S型黄麻硬支撑不塌陷 88 活动下单即享 折 88消费券 （立即抢购无需凑单） 限时立享至高减150元 88VIP可用 数量有限详情咨询客服 天猫家装节 抢 政府补贴15% 因地区差异，补贴信息详情请见支付页面！ 官方立减12% 下单入会“抢 舒睡枕x2 现货下单顺丰速发 全拆无胶 限部分 尺寸地区 免费送货到家 分期免息 盒365天免费仓储
313,970245193394,派乐熊儿童S形黄麻床垫叠加软床专用加硬神器护腰脊椰棕榻榻米,PARELER BEAR旗舰店,未透出,护脊偏硬支撑 | 环保椰棕/黄麻,常规销售,标准电商综合展示型,https://detail.tmall.com/item.htm?b_s_f=sycm&b_spm=a21ag.29085015&id=970245193394,https://detail.tmall.com/item.htm?b_s_f=sycm&b_spm=a21ag.29085015&id=970245193394,https://img.alicdn.com/bao/uploaded/i2/2219146481808/O1CN01PVA6Yh1PE7EfMzcQG_!!4611686018427383952-0-item_pic.jpg,313_970245193394.jpg,0.00 0.00%,0 0.00%,0,0.00,派乐熊×专注儿童健康睡眠 软床垫加硬专用 儿童 软床垫加硬神器 专用 拯救家里软床垫
314,971394519217,甜蜜睡眠云境床垫纯手工拉扣0胶水马尾毛弹簧席梦思高端酒店超软,甜蜜睡眠旗舰店,未透出,基础常规款,常规销售,标准电商综合展示型,https://detail.tmall.com/item.htm?b_s_f=sycm&b_spm=a21ag.29085015&id=971394519217,https://detail.tmall.com/item.htm?b_s_f=sycm&b_spm=a21ag.29085015&id=971394519217,https://img.alicdn.com/bao/uploaded/i3/2215897735682/O1CN018bVNjQ1rqPYFOoCLk_!!4611686018427380226-0-item_pic.jpg,314_971394519217.jpg,0.00 0.00%,0 0.00%,0,0.00,珍奢舒适 甜蜜睡眠丨云境系列 Tianmishuimian 手工床垫 Comfortable natural Sweet sleep 原生态睡眠体验
315,972099515684,派乐熊儿童S形黄麻床垫叠加软床专用加硬神器护腰脊椰棕榻榻米,派乐熊旗舰店,未透出,护脊偏硬支撑 | 环保椰棕/黄麻,常规销售,标准电商综合展示型,https://detail.tmall.com/item.htm?b_s_f=sycm&b_spm=a21ag.29085015&id=972099515684,https://detail.tmall.com/item.htm?b_s_f=sycm&b_spm=a21ag.29085015&id=972099515684,https://img.alicdn.com/bao/uploaded/i4/2215984907648/O1CN01QOg4yj26MqG9nXAJu_!!4611686018427381120-0-item_pic.jpg,315_972099515684.jpg,0.00 0.00%,0 0.00%,0,0.00,派乐熊×专注儿童健康睡眠 软床垫加硬专用 儿童 软床垫加硬神器 专用 拯救家里软床垫
317,979741050405,甜蜜睡眠床垫加硬神器黄麻硬垫子护脊天然乳胶软床变硬棕垫透气薄,甜蜜睡眠旗舰店,未透出,护脊偏硬支撑 | 天然乳胶 | 环保椰棕/黄麻 | 亲肤透气面料,常规销售,极简素雅质感型,https://detail.tmall.com/item.htm?b_s_f=sycm&b_spm=a21ag.29085015&id=979741050405,https://detail.tmall.com/item.htm?b_s_f=sycm&b_spm=a21ag.29085015&id=979741050405,https://img.alicdn.com/bao/uploaded/i1/2215897735682/O1CN01IFfHoI1rqPbPSkhHB_!!4611686018427380226-0-item_pic.jpg,317_979741050405.jpg,0.00 0.00%,0 0.00%,0,0.00,甜蜜睡眠「加硬神器 Tianmishuimian 拯救软床强支撑 0胶加硬护脊不塌陷
318,980679058484,睡眠骑士全拆薄床垫独立袋弹簧天然乳胶椰棕家用15cm高箱床10公分,睡眠骑士床垫企业店,未透出,护脊偏硬支撑 | 天然乳胶 | 独立袋装弹簧 | 环保椰棕/黄麻,免费试睡保障 | 买赠高价值赠品 | 花呗免息分期 | 官方正品权威背书,标准电商综合展示型,https://detail.tmall.com/item.htm?b_s_f=sycm&b_spm=a21ag.29085015&id=980679058484,https://detail.tmall.com/item.htm?b_s_f=sycm&b_spm=a21ag.29085015&id=980679058484,https://img.alicdn.com/bao/uploaded/i1/720743073/O1CN014LcXjP1YZUESexhxi_!!720743073.jpg,318_980679058484.jpg,0.00 0.00%,0 0.00%,0,0.00,"SLEEP"""" 睡眠骑士 官方优选 KNIGHT 轻薄设计刚刚好 5cm独立袋弹簧舒适支撑 10-15cm 200天免费试睡 20年超长质保 全拆薄垫 现货速发 顺丰送到家 部分尺寸 及地区 花呗分期免息 365天免费仓储 免费送货到家"
319,980772162436,铂马仕软床垫加硬神器天然黄麻护腰护脊薄矮偏硬板棕榈床垫子1.8m,铂马仕旗舰店,￥500,护脊偏硬支撑 | 环保椰棕/黄麻,平台/政府大额补贴 | 免费试睡保障 | 买赠高价值赠品 | 官方正品权威背书,促销大字报冲击型,https://detail.tmall.com/item.htm?b_s_f=sycm&b_spm=a21ag.29085015&id=980772162436,https://detail.tmall.com/item.htm?b_s_f=sycm&b_spm=a21ag.29085015&id=980772162436,https://img.alicdn.com/bao/uploaded/i2/2165873208/O1CN01eG1BLXkiTaL2vH2e_!!4611686018427386424-0-item_pic.jpg,319_980772162436.jpg,0.00 0.00%,0 0.00%,0,0.00,铂马仕 家装节 POMOSER 软床O胶加硬神器 加硬支撑拒绝塌陷 双重补贴拍下立减！ 惊喜红包限时抢！ 政府补贴 官方补贴 88折消费券 惊喜红包 立减15% 立减12% 不止9折至高减500元 详见支付页面 可叠加店铺券 88VIP可用 送 单品直降约 现货速发顺丰到家 限部分 咨询客服抢舒睡枕X2 尺寸地区 37% 100天真正免费试睡
320,984757513955,月光之家软床垫加硬专用神器黄麻护腰护脊硬薄棕垫家用可全拆1.8m,moonlightfamily旗舰店,未透出,护脊偏硬支撑 | 环保椰棕/黄麻,平台/政府大额补贴 | 免费试睡保障 | 花呗免息分期 | 官方正品权威背书,促销大字报冲击型,https://detail.tmall.com/item.htm?b_s_f=sycm&b_spm=a21ag.29085015&id=984757513955,https://detail.tmall.com/item.htm?b_s_f=sycm&b_spm=a21ag.29085015&id=984757513955,https://img.alicdn.com/bao/uploaded/i4/919851856/O1CN016DBoF9GWpFJ32pKq_!!4611686018427384656-0-item_pic.jpg,320_984757513955.jpg,0.00 0.00%,0 0.00%,0,0.00,Moonlight family MOONLICHT 月光之家 家装节 FAMILY 软床垫加硬专用薄垫 偏硬微硬厚度4-6CM 优惠可叠加 政府补贴官方立减惊喜红包 88VIP 200天免费试睡 15% 12% 150 20年超长质保 3期免息 价保100天 免费取旧 顺丰 SF 0胶+5A双重认证 到家
323,989000159102,家用席梦思床垫独立弹簧厚硬垫软垫1.8米天然乳胶黄麻十大名牌,ZB五星优选床垫,未透出,护脊偏硬支撑 | 天然乳胶 | 环保椰棕/黄麻,平台/政府大额补贴 | 免费试睡保障 | 买赠高价值赠品 | 官方正品权威背书,促销大字报冲击型,https://detail.tmall.com/item.htm?b_s_f=sycm&b_spm=a21ag.29085015&id=989000159102,https://detail.tmall.com/item.htm?b_s_f=sycm&b_spm=a21ag.29085015&id=989000159102,https://img.alicdn.com/bao/uploaded/i1/163953639/O1CN0128Xr281ckiR0bd2Zt_!!163953639.png,323_989000159102.jpg,0.00 0.00%,0 0.00%,0,0.00,ZBI 正品保障 超级立减 免费试睡100天 偏硬护脊有效承托 cashmere nmere cashmere 现货速发送到家 180天免费仓储1超长保价30天 可叠加店内优惠券 10% 下单立减 300-60 更多优惠咨询客服
324,992139449419,麻师傅天然S形黄麻床垫加硬神器椰棕软床变硬专用儿童老人护腰脊,麻师傅诺隆专卖店,未透出,护脊偏硬支撑 | 环保椰棕/黄麻,平台/政府大额补贴,促销大字报冲击型,https://detail.tmall.com/item.htm?b_s_f=sycm&b_spm=a21ag.29085015&id=992139449419,https://detail.tmall.com/item.htm?b_s_f=sycm&b_spm=a21ag.29085015&id=992139449419,https://img.alicdn.com/bao/uploaded/i1/2221163466073/O1CN01rvLQbrYZ37G1chua_!!4611686018427383129-0-item_pic.jpg,324_992139449419.jpg,0.00 0.00%,0 0.00%,0,0.00,麻师傅 ? 软垫加硬神器 3-5cm硬黄麻床垫 政府补贴 15% + 家装节 12% 48小时 青年/老人/孕婴童 顺丰发货
325,992553801388,麻师傅S型黄麻床垫折叠学生榻榻米10cm15椰棕乳胶老人加硬护腰脊,麻师傅诺隆专卖店,未透出,护脊偏硬支撑 | 天然乳胶 | 环保椰棕/黄麻 | 亲肤透气面料,平台/政府大额补贴,促销大字报冲击型,https://detail.tmall.com/item.htm?b_s_f=sycm&b_spm=a21ag.29085015&id=992553801388,https://detail.tmall.com/item.htm?b_s_f=sycm&b_spm=a21ag.29085015&id=992553801388,https://img.alicdn.com/bao/uploaded/i3/2221163466073/O1CN01kaDNouIWeiH1chua_!!4611686018427383129-0-item_pic.jpg,325_992553801388.jpg,0.00 0.00%,0 0.00%,0,0.00,麻师傅 ? 8-20cm加硬黄麻垫 3D透气系列+A类华夫格 政府补贴 15% 家装节 12% 72小 小时 孕妇婴童专用垫 顺丰发货
326,993421104219,家用卧室薄S形乳胶黄麻床垫席梦思加硬神器10cm老人护脊天然椰棕,麻师傅诺隆专卖店,未透出,护脊偏硬支撑 | 天然乳胶 | 环保椰棕/黄麻 | 亲肤透气面料,常规销售,标准电商综合展示型,https://detail.tmall.com/item.htm?b_s_f=sycm&b_spm=a21ag.29085015&id=993421104219,https://detail.tmall.com/item.htm?b_s_f=sycm&b_spm=a21ag.29085015&id=993421104219,https://img.alicdn.com/bao/uploaded/i2/2221163466073/O1CN01bpERpm1ujUR9yBJgI_!!4611686018427383129-0-item_pic.jpg,326_993421104219.jpg,0.00 0.00%,0 0.00%,0,0.00,麻师傅 3-9cm加硬黄麻垫 透气恒温棉麻面料 72小时 青年/中年专用垫 顺丰发货
328,997632685844,全拆双S形精细黄麻床垫软加硬神器老人儿童护腰脊椰棕乳胶榻榻米,麻师傅诺隆专卖店,未透出,护脊偏硬支撑 | 天然乳胶 | 环保椰棕/黄麻 | 零压记忆棉,常规销售,标准电商综合展示型,https://detail.tmall.com/item.htm?b_s_f=sycm&b_spm=a21ag.29085015&id=997632685844,https://detail.tmall.com/item.htm?b_s_f=sycm&b_spm=a21ag.29085015&id=997632685844,https://img.alicdn.com/bao/uploaded/i1/2221163466073/O1CN01TKKwGR1ujUSKQEIus_!!4611686018427383129-0-item_pic.jpg,328_997632685844.jpg,0.00 0.00%,0 0.00%,0,0.00,麻师傅 6-18cm加硬黄麻垫 2cm乳胶/记忆棉舒柔包裹 72小时 适配高箱排骨架床 顺丰发货
329,997975737989,麻师傅全拆薄S形黄麻床垫家用学生宿舍10cm儿童老人护脊加硬椰棕,麻师傅舒梦专卖店,未透出,护脊偏硬支撑 | 环保椰棕/黄麻,常规销售,标准电商综合展示型,https://detail.tmall.com/item.htm?b_s_f=sycm&b_spm=a21ag.29085015&id=997975737989,https://detail.tmall.com/item.htm?b_s_f=sycm&b_spm=a21ag.29085015&id=997975737989,https://img.alicdn.com/bao/uploaded/i4/2221247863396/O1CN01ZcNpDV1axQAUXjw2L_!!4611686018427386468-0-item_pic.jpg,329_997975737989.jpg,0.00 0.00%,0 0.00%,0,0.00,麻师傅 ? 6-20cm黄麻床垫 偏硬护脊腰轻松 72小时 中青年/老人/孕童 顺丰发货
330,998122588944,政府补贴悠梦思5CM乳胶独立弹簧床垫1.8米1.5m五星酒店席梦思黄麻,yarges悠梦思旗舰店,未透出,天然乳胶 | 环保椰棕/黄麻,平台/政府大额补贴 | 免费试睡保障 | 买赠高价值赠品 | 花呗免息分期 | 官方正品权威背书,促销大字报冲击型,https://detail.tmall.com/item.htm?b_s_f=sycm&b_spm=a21ag.29085015&id=998122588944,https://detail.tmall.com/item.htm?b_s_f=sycm&b_spm=a21ag.29085015&id=998122588944,https://img.alicdn.com/bao/uploaded/i2/2215907225135/O1CN01UwuFh5bnS3G2vH2e_!!4611686018427383343-0-item_pic.jpg,330_998122588944.jpg,0.00 0.00%,0 0.00%,0,0.00,YARGES悠梦思 不贵但真的好 101天真正免费试睡 88 活动下单即享 折 88消费券 （立即抢购无需凑单） YARGES悠梦思 限时立享至高减150元 88VIP可用 数量有限详情咨询客服 天猫家装节 抢 政府补贴15% 因地区差异，补贴信息详情请见支付页面！ 官方立减12% 下单入会“抢 舒睡枕x2 现货下单顺丰速发 质保20年 限部分 尺寸地区 。免费送货到家 分期免息 1365天免费仓储
331,998173089111,麻师傅软床加硬专用神器S形黄麻床垫椰棕青年儿童老人孕妇护腰脊,麻师傅舒梦专卖店,未透出,护脊偏硬支撑 | 环保椰棕/黄麻,常规销售,标准电商综合展示型,https://detail.tmall.com/item.htm?b_s_f=sycm&b_spm=a21ag.29085015&id=998173089111,https://detail.tmall.com/item.htm?b_s_f=sycm&b_spm=a21ag.29085015&id=998173089111,https://img.alicdn.com/bao/uploaded/i1/2221247863396/O1CN01hBXtL91axQAUvs7qz_!!4611686018427386468-0-item_pic.jpg,331_998173089111.jpg,0.00 0.00%,0 0.00%,0,0.00,麻师傅 ? 3-5cm硬黄麻床垫 叠加软床专用 腰脊 加硬护 72 小时 青年/老人/孕婴童 顺丰发货
332,998191509878,麻师傅S型黄麻床垫折叠学生榻榻米10cm15椰棕乳胶老人加硬护腰脊,麻师傅舒梦专卖店,未透出,护脊偏硬支撑 | 天然乳胶 | 环保椰棕/黄麻,常规销售,标准电商综合展示型,https://detail.tmall.com/item.htm?b_s_f=sycm&b_spm=a21ag.29085015&id=998191509878,https://detail.tmall.com/item.htm?b_s_f=sycm&b_spm=a21ag.29085015&id=998191509878,https://img.alicdn.com/bao/uploaded/i3/2221247863396/O1CN01zeXbQd1axQAUK2T5f_!!4611686018427386468-0-item_pic.jpg,332_998191509878.jpg,0.00 0.00%,0 0.00%,0,0.00,麻师傅 ? 6-15cm黄麻床垫 折叠款翻取方便 72小时 榻榻米/上下铺/储物床 顺丰发货
333,998868375193,麻师傅儿童护脊椎专用加硬黄麻床垫叠加软床乳胶3D上下床榻榻米,麻师傅诺隆专卖店,未透出,护脊偏硬支撑 | 天然乳胶 | 环保椰棕/黄麻 | 亲肤透气面料,常规销售,标准电商综合展示型,https://detail.tmall.com/item.htm?b_s_f=sycm&b_spm=a21ag.29085015&id=998868375193,https://detail.tmall.com/item.htm?b_s_f=sycm&b_spm=a21ag.29085015&id=998868375193,https://img.alicdn.com/bao/uploaded/i1/2221163466073/O1CN012Pji7y1ujUR9vxFF1_!!4611686018427383129-0-item_pic.jpg,333_998868375193.jpg,0.00 0.00%,0 0.00%,0,0.00,麻师傅 3-10cm加硬黄麻垫 2cm舒柔羊毛棉 72小 小时 儿童护脊专用垫 顺丰发货
334,1008100133649,派乐熊全拆儿童床垫可拆卸0胶水工艺调节软硬护脊独立弹簧席梦思,PARELER BEAR旗舰店,未透出,护脊偏硬支撑,常规销售,产品材质分层结构拆解型,https://detail.tmall.com/item.htm?b_s_f=sycm&b_spm=a21ag.29085015&id=1008100133649,https://detail.tmall.com/item.htm?b_s_f=sycm&b_spm=a21ag.29085015&id=1008100133649,https://img.alicdn.com/bao/uploaded/i2/2219146481808/O1CN01dEDJAz1PE7Ef6qj1e_!!4611686018427383952-0-item_pic.jpg,334_1008100133649.jpg,0.00 0.00%,0 0.00%,0,0.00,派乐熊×专注儿童健康睡眠 全拆双层护脊弹簧床垫 派乐熊 Pareler Bear A类 全拆软硬睡感可调节 纯棉 四叶形0胶工艺酷布袋弹簧
335,1008173923535,铂马仕云朵全拆弹簧床垫席梦思乳胶软垫酒店可调节软硬家用床垫硬,铂马仕旗舰店,￥500,护脊偏硬支撑 | 天然乳胶,平台/政府大额补贴 | 买赠高价值赠品 | 官方正品权威背书,促销大字报冲击型 | 产品材质分层结构拆解型,https://detail.tmall.com/item.htm?b_s_f=sycm&b_spm=a21ag.29085015&id=1008173923535,https://detail.tmall.com/item.htm?b_s_f=sycm&b_spm=a21ag.29085015&id=1008173923535,https://img.alicdn.com/bao/uploaded/i2/2165873208/O1CN01VCxZEIFkHBB2vH2e_!!4611686018427386424-0-item_pic.jpg,335_1008173923535.jpg,0.00 0.00%,0 0.00%,0,0.00,铂马仕 家装节 POMOSER 护脊撑腰O胶水可全拆 双层弹簧舒适护脊 惊喜红包 88折消费券 不止9折至高减500元 88VIP可用 POMOSER POMOSER 双重补贴拍下立减！ 政府补贴 官方补贴 立减15% 立减12% 详见支付页面 可叠加店铺券 送 单品直降约 现货速发顺丰到家 限部分 咨询客服抢舒睡枕X2 尺寸地区 37% 下单入会享好礼 ￥20 会员专享券 门槛 POMOSER
336,1009925710553,睡眠骑士sleepknight 凝胶记忆棉薄床垫慢回弹榻榻米软垫学生宿舍,sleepknight旗舰店,未透出,零压记忆棉 | 亲肤透气面料,免费试睡保障 | 买赠高价值赠品 | 花呗免息分期 | 官方正品权威背书,标准电商综合展示型,https://detail.tmall.com/item.htm?b_s_f=sycm&b_spm=a21ag.29085015&id=1009925710553,https://detail.tmall.com/item.htm?b_s_f=sycm&b_spm=a21ag.29085015&id=1009925710553,https://img.alicdn.com/bao/uploaded/i4/2215132506139/O1CN01MnfzuT1vDiZ1oXY8m_!!4611686018427381787-0-item_pic.jpg,336_1009925710553.jpg,0.00 0.00%,0 0.00%,0,0.00,SLEEP 睡眠骑士 KNIGHT 凝胶记忆棉薄款软垫 200天免费试睡 3-10cm 200天免费试睡 20年超长质保 透气薄垫 现货速发 顺丰送到家 部分尺寸 及地区 花呗分期免息 365天免费仓储 免费送货到家
337,1010734450057,记忆棉盒子压缩席梦思弹簧乳胶床垫软垫家用卧室硬垫官方十大名牌,ZB五星优选床垫,未透出,护脊偏硬支撑 | 天然乳胶 | 零压记忆棉,平台/政府大额补贴 | 免费试睡保障 | 买赠高价值赠品 | 官方正品权威背书,促销大字报冲击型,https://detail.tmall.com/item.htm?b_s_f=sycm&b_spm=a21ag.29085015&id=1010734450057,https://detail.tmall.com/item.htm?b_s_f=sycm&b_spm=a21ag.29085015&id=1010734450057,https://img.alicdn.com/bao/uploaded/i1/163953639/O1CN01Uc1hMe1ckiPdncw8N_!!163953639.jpg,337_1010734450057.jpg,0.00 0.00%,0 0.00%,0,0.00,7B1 超级立减 正品保障 免费试睡100天 压缩2.0独立弹簧为你撑腰 现货速发送到家 180天免费仓储超长保价30天 可叠加店内优惠券 10% 下单立减 300-60 更多优惠咨询客服
338,1011715941283,乳胶记忆棉卷包盒子榻榻米薄款床垫软垫家用席梦思独立袋弹簧12cm,ZB五星优选床垫,未透出,天然乳胶 | 独立袋装弹簧 | 零压记忆棉,平台/政府大额补贴 | 免费试睡保障 | 买赠高价值赠品 | 官方正品权威背书,促销大字报冲击型,https://detail.tmall.com/item.htm?b_s_f=sycm&b_spm=a21ag.29085015&id=1011715941283,https://detail.tmall.com/item.htm?b_s_f=sycm&b_spm=a21ag.29085015&id=1011715941283,https://img.alicdn.com/bao/uploaded/i4/163953639/O1CN01E8KloE1ckiPco1l5o_!!163953639.jpg,338_1011715941283.jpg,0.00 0.00%,0 0.00%,0,0.00,7B 超级立减 正品保障 免费试睡100天 12/14cm弹簧床垫 现货速发送到家 180天免费仓储1超长保价30天 可叠加店内优惠券 10% 下单立减 300-60 更多优惠咨询客服
339,1013117086041,加硬护脊天然黄麻椰棕环保榈垫10cm偏硬床垫子十大名牌官方可定制,ZB五星优选床垫,未透出,护脊偏硬支撑 | 环保椰棕/黄麻 | 抗菌防螨健康 | 双面双睡感/可拆洗,平台/政府大额补贴 | 免费试睡保障 | 买赠高价值赠品 | 官方正品权威背书,促销大字报冲击型,https://detail.tmall.com/item.htm?b_s_f=sycm&b_spm=a21ag.29085015&id=1013117086041,https://detail.tmall.com/item.htm?b_s_f=sycm&b_spm=a21ag.29085015&id=1013117086041,https://img.alicdn.com/bao/uploaded/i4/163953639/O1CN01h68rG11ckiPcacuq5_!!163953639.jpg,339_1013117086041.jpg,0.00 0.00%,0 0.00%,0,0.00,IB正品保障 超级立减 免费试睡100天 0胶水无甲醛无异味抗菌防螨 现货速发送到家 180天免费仓储超长保价30天 可叠加店内优惠券 10% 下单立减 300-60 更多优惠咨询客服
340,1013929919380,铂马仕云梦可全拆弹簧床垫席梦思软硬两用护脊黄麻加硬垫1.8米2m,铂马仕旗舰店,￥500,护脊偏硬支撑 | 环保椰棕/黄麻 | 双面双睡感/可拆洗,平台/政府大额补贴 | 买赠高价值赠品 | 官方正品权威背书,促销大字报冲击型,https://detail.tmall.com/item.htm?b_s_f=sycm&b_spm=a21ag.29085015&id=1013929919380,https://detail.tmall.com/item.htm?b_s_f=sycm&b_spm=a21ag.29085015&id=1013929919380,https://img.alicdn.com/bao/uploaded/i4/2165873208/O1CN01NQnPEpg9btD2vH2e_!!4611686018427386424-0-item_pic.jpg,340_1013929919380.jpg,0.00 0.00%,0 0.00%,0,0.00,铂马仕 家装节 POMOSER 0甲醛0胶水 全拆床垫 舒适护脊安全环保 惊喜红包 88折消费券 不止9折至高减500元 88VIP可用 POMOSER 叠加 政府补贴 官方补贴 立减15% 立减12% 优惠 详见支付页面 可叠加店铺券 送 单品直降约 现货速发顺丰到家 限部分 咨询客服抢舒睡枕X2 尺寸地区 37% 下单入会享好礼 ￥20 会员专享券 门槛 POMOSER
341,1014615270833,15公分薄独立袋弹簧床垫家用10cm12含乳胶黄麻儿童榻榻米席梦思,麻师傅家具旗舰店,未透出,天然乳胶 | 独立袋装弹簧 | 环保椰棕/黄麻,平台/政府大额补贴,促销大字报冲击型,https://detail.tmall.com/item.htm?b_s_f=sycm&b_spm=a21ag.29085015&id=1014615270833,https://detail.tmall.com/item.htm?b_s_f=sycm&b_spm=a21ag.29085015&id=1014615270833,https://img.alicdn.com/bao/uploaded/i4/2217706005293/O1CN01l8m6HwZ5ZdF1chua_!!4611686018427380525-0-item_pic.jpg,341_1014615270833.jpg,0.00 0.00%,0 0.00%,0,0.00,麻师傅 ? 10-15cm薄弹簧垫 软硬适中不腰 政府补贴 15% 家装节 12% 72小 小时 高箱/储物/榻榻米 顺丰发货
342,1016976114790,派乐熊儿童床垫手工拉扣席梦思0胶酷布独立袋装护脊弹簧卧室家用,派乐熊儿童床垫品牌店,未透出,护脊偏硬支撑 | 独立袋装弹簧,常规销售,标准电商综合展示型,https://detail.tmall.com/item.htm?b_s_f=sycm&b_spm=a21ag.29085015&id=1016976114790,https://detail.tmall.com/item.htm?b_s_f=sycm&b_spm=a21ag.29085015&id=1016976114790,https://img.alicdn.com/bao/uploaded/i4/371424161/O1CN015qccEJ1gbnB7RNCSb_!!371424161.jpg,342_1016976114790.jpg,0.00 0.00%,0 0.00%,0,0.00,派乐熊×专注儿童健康睡眠 儿童手工拉扣弹簧床垫 儿童专用手工床垫 0胶 四叶形0胶酷布袋弹簧 手工
343,1017309467858,席梦独立薄弹簧思床垫天然乳胶黄麻护脊硬软垫1.5米家用十大名牌,梦织葆家居品牌店,未透出,护脊偏硬支撑 | 天然乳胶 | 环保椰棕/黄麻 | 抗菌防螨健康 | 亲肤透气面料,平台/政府大额补贴 | 免费试睡保障 | 买赠高价值赠品 | 官方正品权威背书,促销大字报冲击型,https://detail.tmall.com/item.htm?b_s_f=sycm&b_spm=a21ag.29085015&id=1017309467858,https://detail.tmall.com/item.htm?b_s_f=sycm&b_spm=a21ag.29085015&id=1017309467858,https://img.alicdn.com/bao/uploaded/i4/2265426359/O1CN01gY6P1i1wqTi7OmdHG_!!2265426359.jpg,343_1017309467858.jpg,0.00 0.00%,0 0.00%,0,0.00,weave 梦织葆 超级88 eep 限时活动优惠抢不停 免费试睡100天 10-17cm双线加固护脊薄弹簧床垫 抑菌防螨亲肤面料 拒绝甲醛胶水无异味 官方活动 叠加优惠满300减60 12% 立减 180天免费仓储 送货入户 保价30天
344,1018624465000,派乐熊儿童床垫手工拉扣席梦思0胶酷布独立袋装护脊弹簧卧室家用,派乐熊旗舰店,未透出,护脊偏硬支撑 | 独立袋装弹簧,常规销售,标准电商综合展示型,https://detail.tmall.com/item.htm?b_s_f=sycm&b_spm=a21ag.29085015&id=1018624465000,https://detail.tmall.com/item.htm?b_s_f=sycm&b_spm=a21ag.29085015&id=1018624465000,https://img.alicdn.com/bao/uploaded/i3/2215984907648/O1CN01P5mz3626MqG9gnNMi_!!4611686018427381120-0-item_pic.jpg,344_1018624465000.jpg,0.00 0.00%,0 0.00%,0,0.00,派乐熊×专注儿童健康睡眠 儿童手工拉扣弹簧床垫 儿童专用手工床垫 0胶 四叶形0胶酷布袋弹簧 手工
345,1024132523169,moonlightfamily月光之家床垫定制专拍,moonlightfamily旗舰店,未透出,基础常规款,常规销售,极简素雅质感型,https://detail.tmall.com/item.htm?b_s_f=sycm&b_spm=a21ag.29085015&id=1024132523169,https://detail.tmall.com/item.htm?b_s_f=sycm&b_spm=a21ag.29085015&id=1024132523169,https://img.alicdn.com/bao/uploaded/i4/919851856/O1CN01NG1Isd1Pa6ElC9MPS_!!4611686018427384656-0-item_pic.jpg,345_1024132523169.jpg,0.00 0.00%,0 0.00%,0,0.00,MOONLIGHTFAMILY 专属定制 详情咨询客服
346,1030615680010,麻师傅全拆S型黄麻床垫护腰脊家用儿童老人可调含乳胶记忆棉椰棕,麻师傅家具旗舰店,未透出,护脊偏硬支撑 | 天然乳胶 | 环保椰棕/黄麻 | 零压记忆棉,平台/政府大额补贴,促销大字报冲击型,https://detail.tmall.com/item.htm?b_s_f=sycm&b_spm=a21ag.29085015&id=1030615680010,https://detail.tmall.com/item.htm?b_s_f=sycm&b_spm=a21ag.29085015&id=1030615680010,https://img.alicdn.com/bao/uploaded/i2/2217706005293/O1CN01URAcvMAieOK1chua_!!4611686018427380525-0-item_pic.jpg,346_1030615680010.jpg,0.00 0.00%,0 0.00%,0,0.00,麻师傅 ? 全拆护脊黄麻床垫 政府补贴 15% + 家装节 12% 睡感 3cm乳胶/记忆棉 可调
347,1032571313703,甜蜜睡眠儿童床垫护脊无甲醛母婴同睡青少年专用加硬黄麻可拆透气,甜蜜睡眠旗舰店,￥949,护脊偏硬支撑 | 环保椰棕/黄麻 | 双面双睡感/可拆洗 | 亲肤透气面料,平台/政府大额补贴 | 买赠高价值赠品 | 花呗免息分期 | 官方正品权威背书,促销大字报冲击型,https://detail.tmall.com/item.htm?b_s_f=sycm&b_spm=a21ag.29085015&id=1032571313703,https://detail.tmall.com/item.htm?b_s_f=sycm&b_spm=a21ag.29085015&id=1032571313703,https://img.alicdn.com/bao/uploaded/i1/2215897735682/O1CN01v0NBHJxVymC2R3rs_!!4611686018427380226-0-item_pic.jpg,347_1032571313703.jpg,0.00 0.00%,0 0.00%,0,0.00,甜蜜睡眠丨童谣系列 家装节 Tianmishuimian 8-12cm母婴专用床垫 透气护脊0胶可拆洗 政府补贴！ 立减 15% 9折券 无门槛消费券（至高减150） 88VIP专享 甜蜜睡眠 2件再享折上折，买越多省越多！ 综合补贴到手价： 政府 官方 店铺 至高省 949 45% + 补贴 立减 优惠 起 全国送货入户 赠大件运费险 花呗分期免息 365天免费囤货
348,1034081360030,凯菲露乳胶记忆棉黄麻护脊独立袋弹簧家用防塌五星酒店睡感1.8米,凯菲露家具旗舰店,未透出,护脊偏硬支撑 | 天然乳胶 | 独立袋装弹簧 | 环保椰棕/黄麻 | 零压记忆棉 | 智能调节深睡,平台/政府大额补贴 | 免费试睡保障 | 免费送装一体 | 买赠高价值赠品,促销大字报冲击型,https://detail.tmall.com/item.htm?b_s_f=sycm&b_spm=a21ag.29085015&id=1034081360030,https://detail.tmall.com/item.htm?b_s_f=sycm&b_spm=a21ag.29085015&id=1034081360030,https://img.alicdn.com/bao/uploaded/i3/2218234661637/O1CN01CDvwTGE83yC1chua_!!4611686018427382533-0-item_pic.jpg,348_1034081360030.jpg,0.00 0.00%,0 0.00%,0,0.00,RKAIFEL 秋季家装节 云感包裹躺平就睡 零压支撑1久睡不塌陷 店铺红包 限时抢 限时下的 送 X2 单咨询客服了解详情参与！ 下单到手 评价有礼返20红包 （顺丰速发送货上楼（限部分地区/尺寸） 至高立减 政府补贴 9折消费券 全店立减 48% 立减15% 12% 88VIP可用 下拉详情领取 优惠可叠加 10G 免费 原生黄麻·拒绝甲醛·无惧塌陷 试睡
349,1034619964624,席梦护脊思弹簧记忆棉乳胶偏硬床垫1.5酒店1.8米椰棕20cm双人家用,ZB五星优选床垫,未透出,护脊偏硬支撑 | 天然乳胶 | 环保椰棕/黄麻 | 零压记忆棉,平台/政府大额补贴 | 免费试睡保障 | 买赠高价值赠品 | 官方正品权威背书,促销大字报冲击型,https://detail.tmall.com/item.htm?b_s_f=sycm&b_spm=a21ag.29085015&id=1034619964624,https://detail.tmall.com/item.htm?b_s_f=sycm&b_spm=a21ag.29085015&id=1034619964624,https://img.alicdn.com/bao/uploaded/i1/163953639/O1CN01hOIa6Y1ckiPcYTE5X_!!163953639.jpg,349_1034619964624.jpg,0.00 0.00%,0 0.00%,0,0.00,IB正品保障 超级立减 免费试睡100天 全垫无胶护腰护脊 JILSANDER JILSANDER 现货速发送到家 180天免费仓储超长保价30天 可叠加店内优惠券 10% 下单立减 300-60 更多优惠咨询客服
350,1035175654314,【政府补贴】悠梦思弹簧乳胶床垫席梦思天然黄麻护脊家用可拆洗垫,yarges悠梦思旗舰店,未透出,护脊偏硬支撑 | 天然乳胶 | 环保椰棕/黄麻 | 双面双睡感/可拆洗,平台/政府大额补贴 | 免费试睡保障 | 买赠高价值赠品 | 花呗免息分期 | 官方正品权威背书,促销大字报冲击型,https://detail.tmall.com/item.htm?b_s_f=sycm&b_spm=a21ag.29085015&id=1035175654314,https://detail.tmall.com/item.htm?b_s_f=sycm&b_spm=a21ag.29085015&id=1035175654314,https://img.alicdn.com/bao/uploaded/i1/2215907225135/O1CN01lD8EW1ixyyH2vH2e_!!4611686018427383343-0-item_pic.jpg,350_1035175654314.jpg,0.00 0.00%,0 0.00%,0,0.00,YARGES悠梦思/全拆星系列 全拆可调节 0胶可拆洗 101天真正免费试睡 下单入会 88 抢舒睡枕*2 88消费券 活动下单即享 折(立即抢购无需凌单） 送 限时立享至高减150元 政府 15% 惊喜红包 官方 12% 补贴 + 立减 88VIP可用 + 补贴随时结束不补差价 官方补贴限时优惠不补差价 （下单立享优惠） *详情咨询客服* 天猫家装节 现货下单 顺丰速发 咨询客服享惊喜 （限部分尺寸地区） 拒绝甲醛 免费送货到家1C分期免息1盒365天免费仓储
351,1035464187763,悠梦思高端拉扣床垫手工马尾毛独立袋弹簧席梦思家用卧室超软硬垫,yarges悠梦思旗舰店,未透出,护脊偏硬支撑 | 独立袋装弹簧,平台/政府大额补贴 | 买赠高价值赠品 | 花呗免息分期 | 官方正品权威背书,促销大字报冲击型,https://detail.tmall.com/item.htm?b_s_f=sycm&b_spm=a21ag.29085015&id=1035464187763,https://detail.tmall.com/item.htm?b_s_f=sycm&b_spm=a21ag.29085015&id=1035464187763,https://img.alicdn.com/bao/uploaded/i3/2215907225135/O1CN01ceUhSfTq8VB2vH2e_!!4611686018427383343-0-item_pic.jpg,351_1035464187763.jpg,0.00 0.00%,0 0.00%,0,0.00,YARGES悠梦思 手工云梦系列 天然马尾毛床垫 传统技艺手工拉扣 YARGES 悠梦思 下单入会 88 抢舒睡枕*2 88消费券 活动下单即享 折(立即抢购无需凑单) 送 限时立享至高减150元 政府 15% 惊喜红包 官方 12% 补贴 + 立减 88VIP可用 + 补贴随时结束不补差价 官方补贴限时优惠不补差价 （下单立享优惠） *详情咨询客服* 天猫家装节 现货下单顺丰速发 咨询客服享惊喜 （限部分尺寸地区） 拒绝甲醛 免费送货到家1C分期免息1盒365天免费仓储
352,1040541742510,甜蜜睡眠星野床垫手工马尾毛天然环保羊毛顶垫弹簧席梦思家用,甜蜜睡眠旗舰店,未透出,亲肤透气面料,常规销售,标准电商综合展示型,https://detail.tmall.com/item.htm?b_s_f=sycm&b_spm=a21ag.29085015&id=1040541742510,https://detail.tmall.com/item.htm?b_s_f=sycm&b_spm=a21ag.29085015&id=1040541742510,https://img.alicdn.com/bao/uploaded/i1/2215897735682/O1CN014eEghp1rqPa0MLw1g_!!4611686018427380226-0-item_pic.jpg,352_1040541742510.jpg,0.00 0.00%,0 0.00%,0,0.00,甜蜜睡眠「星野系列 舒适自然甜蜜睡眠 Tianmishuimian 与自然共眠 Comfortable 重塑云端睡感 natural Sweet sleep 舒适承托手工床垫
354,1042356724048,甜蜜睡眠静屿床垫天然马尾毛纯手工无胶水弹簧席梦思偏软羊毛家用,甜蜜睡眠旗舰店,未透出,亲肤透气面料 | 智能调节深睡,常规销售,标准电商综合展示型,https://detail.tmall.com/item.htm?b_s_f=sycm&b_spm=a21ag.29085015&id=1042356724048,https://detail.tmall.com/item.htm?b_s_f=sycm&b_spm=a21ag.29085015&id=1042356724048,https://img.alicdn.com/bao/uploaded/i1/2215897735682/O1CN01tbVy3w1rqPZzuoe3L_!!4611686018427380226-0-item_pic.jpg,354_1042356724048.jpg,0.00 0.00%,0 0.00%,0,0.00,甜蜜睡眠丫静屿系列 舒适自然甜蜜睡眠 Tianmishuimian 寻迹自然 Comfortable natural Sweet sleep 纯粹深睡体验 自然深睡手工床垫
355,1045216668254,悠梦思可调节全拆独立弹簧床垫16cm薄款偏软家用可水洗榻榻米卧室,yarges悠梦思旗舰店,未透出,基础常规款,平台/政府大额补贴 | 免费试睡保障 | 买赠高价值赠品 | 花呗免息分期 | 官方正品权威背书,促销大字报冲击型,https://detail.tmall.com/item.htm?b_s_f=sycm&b_spm=a21ag.29085015&id=1045216668254,https://detail.tmall.com/item.htm?b_s_f=sycm&b_spm=a21ag.29085015&id=1045216668254,https://img.alicdn.com/bao/uploaded/i4/2215907225135/O1CN01CA6kHggGooG2vH2e_!!4611686018427383343-0-item_pic.jpg,355_1045216668254.jpg,0.00 0.00%,0 0.00%,0,0.00,YARGES悠梦思/全拆星系列 全拆16cm薄弹簧床垫 101天真正免费试睡 下单入会 88 抢舒睡枕*2 88消费券 活动下单即享 折(立即抢购无需凑单) 送 限时立享至高减150元 政府 15% 惊喜红包 官方 12% 补贴 + 立减 88VIP可用 + 补贴随时结束不补差价 官方补贴限时优惠不补差价 （下单立享优惠） *详情咨询客服* 天猫家装节 现货下单 顺丰速发 咨询客服享惊喜 （限部分尺寸地区） 拒绝甲醛 免费送货到家10分期免息1盒365天免费仓储
356,1045236379302,铂马仕馨眠乳胶床垫弹簧席梦思软垫酒店睡感1.8m家用软硬两用床垫,铂马仕旗舰店,￥500,天然乳胶 | 独立袋装弹簧 | 双面双睡感/可拆洗,平台/政府大额补贴 | 买赠高价值赠品 | 官方正品权威背书,促销大字报冲击型 | 产品材质分层结构拆解型,https://detail.tmall.com/item.htm?b_s_f=sycm&b_spm=a21ag.29085015&id=1045236379302,https://detail.tmall.com/item.htm?b_s_f=sycm&b_spm=a21ag.29085015&id=1045236379302,https://img.alicdn.com/bao/uploaded/i1/2165873208/O1CN01nevRsd6gHkL2vH2e_!!4611686018427386424-0-item_pic.jpg,356_1045236379302.jpg,0.00 0.00%,0 0.00%,0,0.00,铂马仕 家装节 POMOSER 双层弹簧酒店床垫 酷布独立袋专利防塌弹簧 惊喜红包 88折消费券 不止9折至高减500元 88VIP可用 POMOSER 叠加 政府补贴 官方补贴 立减15% 立减12% 优惠 详见支付页面 可叠加店铺券 送 单品直降约 现货速发顺丰到家 限部分 咨询客服抢舒睡枕X2 尺寸地区 37% 下单入会享好礼 ￥20 会员专享券 门槛 POMOSER
357,1045378094167,甜蜜睡眠黄麻床垫天然环保护脊加硬榻榻米高箱床卧室家用薄款折叠,甜蜜睡眠旗舰店,￥710,护脊偏硬支撑 | 环保椰棕/黄麻,平台/政府大额补贴 | 买赠高价值赠品 | 花呗免息分期 | 官方正品权威背书,促销大字报冲击型,https://detail.tmall.com/item.htm?b_s_f=sycm&b_spm=a21ag.29085015&id=1045378094167,https://detail.tmall.com/item.htm?b_s_f=sycm&b_spm=a21ag.29085015&id=1045378094167,https://img.alicdn.com/bao/uploaded/i4/2215897735682/O1CN01ySc1aEFvB9K2R3rs_!!4611686018427380226-0-item_pic.jpg,357_1045378094167.jpg,0.00 0.00%,0 0.00%,0,0.00,甜蜜睡眠1悠眠系列 家装节 Tianmishuimian 黄麻护脊薄床垫 政府补贴！！ （高箱床/榻榻米专用） 立减 15% 9折券 无门槛消费券（至高减150） 88VIP专享 2件再享折上折，买越多省越多！ 综合补贴到手价： 政府 官方 店铺 至高省 710 43% ? + + 补贴 立减 优惠 起 全国送货入户 赠大件运费险 花呗分期免息 365天免费囤货
358,1045656474293,月光之家S型黄麻床垫薄棕垫硬护脊家用卧室无胶豆麻全拆软硬可调,moonlightfamily旗舰店,未透出,护脊偏硬支撑 | 环保椰棕/黄麻 | 双面双睡感/可拆洗,平台/政府大额补贴 | 免费试睡保障 | 花呗免息分期 | 官方正品权威背书,促销大字报冲击型,https://detail.tmall.com/item.htm?b_s_f=sycm&b_spm=a21ag.29085015&id=1045656474293,https://detail.tmall.com/item.htm?b_s_f=sycm&b_spm=a21ag.29085015&id=1045656474293,https://img.alicdn.com/bao/uploaded/i1/919851856/O1CN01PtHGuhLXiWF32pKq_!!4611686018427384656-0-item_pic.jpg,358_1045656474293.jpg,0.00 0.00%,0 0.00%,0,0.00,Moonlight family MOONLICHT 月光之家 家装节 FAMILY 全拆无胶豆麻床垫 软硬双面厚度6-12CM CPFan 优惠可叠加 政府补贴官方立减惊喜红包 88VIP 200天免费试睡 15% 12% 150 20年超长质保 3期免息 价保100天 免费取旧 顺丰 SF 0胶+5A双重认证 到家
359,1046332093454,甜蜜睡眠床垫独立小弹簧手工席梦思乳胶护脊高箱床卧室家用12cm薄,甜蜜睡眠旗舰店,未透出,护脊偏硬支撑 | 天然乳胶,平台/政府大额补贴 | 买赠高价值赠品 | 花呗免息分期 | 官方正品权威背书,促销大字报冲击型,https://detail.tmall.com/item.htm?b_s_f=sycm&b_spm=a21ag.29085015&id=1046332093454,https://detail.tmall.com/item.htm?b_s_f=sycm&b_spm=a21ag.29085015&id=1046332093454,https://img.alicdn.com/bao/uploaded/i4/2215897735682/O1CN01RYqIgyf99fG2R3rs_!!4611686018427380226-0-item_pic.jpg,359_1046332093454.jpg,0.00 0.00%,0 0.00%,0,0.00,甜蜜睡眠丨暮云舒薄 家装节 Tianmishuimian 12-16cm 厚 手工0胶舒适环保 弹簧床垫 政府补贴！ 立减 15% 9折券 无门槛消费券（至高减150） 88VIP专享 甜蜜睡眠 2z2 weet see matress 2件再享折上折，买越多省越多！ 综合补贴到手价： 政府 官方 店铺 至高省 39% 1905 ? + + 补贴 立减 优惠 起 全国送货入户 赠大件运费险 花呗分期免息 365天免费囤货
360,1046598681778,月光之家全拆乳胶床垫家用独立弹簧席梦思软硬可调加厚记忆棉1.8m,moonlightfamily旗舰店,未透出,天然乳胶 | 零压记忆棉,平台/政府大额补贴 | 免费试睡保障 | 花呗免息分期 | 官方正品权威背书,促销大字报冲击型 | 产品材质分层结构拆解型,https://detail.tmall.com/item.htm?b_s_f=sycm&b_spm=a21ag.29085015&id=1046598681778,https://detail.tmall.com/item.htm?b_s_f=sycm&b_spm=a21ag.29085015&id=1046598681778,https://img.alicdn.com/bao/uploaded/i1/919851856/O1CN01zy2wSTzuF2F32pKq_!!4611686018427384656-0-item_pic.jpg,360_1046598681778.jpg,0.00 0.00%,0 0.00%,0,0.00,Moonlight family MOONLICHT 月光之家 家装节 FAMILY 四层内材全拆可调 软硬可调厚度30CM 优惠可叠加 政府补贴官方立减惊喜红包 88VIP 200天免费试睡 15% 12% 150 20年超长质保 3期免息 价保100天 免费取旧 顺丰 SF 0胶+5A双重认证 到家
361,1046602401400,月光之家S型天然黄麻床垫薄乳胶榻榻米棕垫硬儿童全拆软硬度可调,moonlightfamily旗舰店,未透出,护脊偏硬支撑 | 天然乳胶 | 环保椰棕/黄麻,平台/政府大额补贴 | 免费试睡保障 | 花呗免息分期 | 官方正品权威背书,促销大字报冲击型,https://detail.tmall.com/item.htm?b_s_f=sycm&b_spm=a21ag.29085015&id=1046602401400,https://detail.tmall.com/item.htm?b_s_f=sycm&b_spm=a21ag.29085015&id=1046602401400,https://img.alicdn.com/bao/uploaded/i1/919851856/O1CN01Iz4lsRaFd6J32pKq_!!4611686018427384656-0-item_pic.jpg,361_1046602401400.jpg,0.00 0.00%,0 0.00%,0,0.00,Moonlight family MOONLICHT 月光之家 家装节 FAMILY 全拆S型黄麻护脊垫 偏硬适中厚度6-15CM Moon 优惠可叠加 政府补贴官方立减惊喜红包 88VIP 200天免费试睡 15% 12% 150 20年超长质保 3期免息 价保100天 免费取旧 顺丰 SF 0胶+5A双重认证 到家
362,1046624245844,月光之家乳胶床垫家用独立弹簧黄麻记忆棉席梦思卧室全拆软硬可调,moonlightfamily旗舰店,未透出,天然乳胶 | 环保椰棕/黄麻 | 零压记忆棉,平台/政府大额补贴 | 免费试睡保障 | 花呗免息分期 | 官方正品权威背书,促销大字报冲击型,https://detail.tmall.com/item.htm?b_s_f=sycm&b_spm=a21ag.29085015&id=1046624245844,https://detail.tmall.com/item.htm?b_s_f=sycm&b_spm=a21ag.29085015&id=1046624245844,https://img.alicdn.com/bao/uploaded/i2/919851856/O1CN01M9tuvUMogCB32pKq_!!4611686018427384656-0-item_pic.jpg,362_1046624245844.jpg,0.00 0.00%,0 0.00%,0,0.00,Moonlight family MOONLICHT 月光之家 家装节 FAMILY 全拆加粗大口径弹簧 软硬可调厚度21-25CM 优惠可叠加 政府补贴官方立减惊喜红包 88VIP 200天免费试睡 15% 12% 150 20年超长质保 3期免息 价保100天 免费取旧 顺丰 SF 0胶+5A双重认证 到家
363,1047216536492,甜蜜睡眠弹簧床垫黄麻偏硬护脊儿童乳胶薄垫榻榻米高箱床家用10cm,甜蜜睡眠旗舰店,未透出,护脊偏硬支撑 | 天然乳胶 | 环保椰棕/黄麻 | 双面双睡感/可拆洗,平台/政府大额补贴 | 买赠高价值赠品 | 花呗免息分期 | 官方正品权威背书,促销大字报冲击型,https://detail.tmall.com/item.htm?b_s_f=sycm&b_spm=a21ag.29085015&id=1047216536492,https://detail.tmall.com/item.htm?b_s_f=sycm&b_spm=a21ag.29085015&id=1047216536492,https://img.alicdn.com/bao/uploaded/i3/2215897735682/O1CN01bqTTUexNwjC2R3rs_!!4611686018427380226-0-item_pic.jpg,363_1047216536492.jpg,0.00 0.00%,0 0.00%,0,0.00,甜蜜睡眠一朗月舒薄 家装节 Tianmishuimian 厚弹簧床垫 10-14cm （护脊可拆洗软硬可调） 政府补贴！ 立减 15% 9折券 无门槛消费券（至高减150） 88VIP专享 甜蜜睡眠 Zzz sweetsleepmattress 2件再享折上折，买越多省越多！ 综合补贴到手价： 政府 官方 店铺 至高省 44% 1110 + + 补贴 立减 优惠 起 全国送货入户 赠大件运费险 花呗分期免息 365天免费囤货
364,1047224258045,铂马仕悦眠弹簧床垫乳胶席梦思软垫家用护脊硬垫适中记忆棉透气垫,铂马仕旗舰店,￥500,护脊偏硬支撑 | 天然乳胶 | 独立袋装弹簧 | 零压记忆棉 | 亲肤透气面料,平台/政府大额补贴 | 买赠高价值赠品 | 官方正品权威背书,促销大字报冲击型 | 产品材质分层结构拆解型,https://detail.tmall.com/item.htm?b_s_f=sycm&b_spm=a21ag.29085015&id=1047224258045,https://detail.tmall.com/item.htm?b_s_f=sycm&b_spm=a21ag.29085015&id=1047224258045,https://img.alicdn.com/bao/uploaded/i3/2165873208/O1CN01GNwCajUxU7F2vH2e_!!4611686018427386424-0-item_pic.jpg,364_1047224258045.jpg,0.00 0.00%,0 0.00%,0,0.00,铂马仕 家装节 POMOSER 双层弹簧酒店床垫 酷布独立袋专利防塌弹簧 惊喜红包 88折消费券 不止9折至高减500元 88VIP可用 POMOSER 叠加 政府补贴 官方补贴 立减15% 立减12% 优惠 详见支付页面 可叠加店铺券 送 单品直降约 现货速发顺丰到家 限部分 咨询客服抢舒睡枕X2 尺寸地区 37% 下单入会享好礼 ￥20 会员专享券 门槛 POMOSER
365,1048206181331,加硬护脊天然黄麻椰棕环保榈垫10cm偏硬床垫子十大名牌官方可定制,ZB五星优选床垫,未透出,护脊偏硬支撑 | 环保椰棕/黄麻 | 抗菌防螨健康 | 双面双睡感/可拆洗,平台/政府大额补贴 | 免费试睡保障 | 买赠高价值赠品 | 官方正品权威背书,促销大字报冲击型,https://detail.tmall.com/item.htm?b_s_f=sycm&b_spm=a21ag.29085015&id=1048206181331,https://detail.tmall.com/item.htm?b_s_f=sycm&b_spm=a21ag.29085015&id=1048206181331,https://img.alicdn.com/bao/uploaded/i4/163953639/O1CN01h68rG11ckiPcacuq5_!!163953639.jpg,365_1048206181331.jpg,0.00 0.00%,0 0.00%,0,0.00,IB正品保障 超级立减 免费试睡100天 0胶水无甲醛无异味抗菌防螨 现货速发送到家 180天免费仓储超长保价30天 可叠加店内优惠券 10% 下单立减 300-60 更多优惠咨询客服
366,1048647731038,悠梦思儿童可拆卸弹簧床垫1.5偏硬席梦思1.2米护脊黄麻家用卧室,yarges悠梦思旗舰店,未透出,护脊偏硬支撑 | 环保椰棕/黄麻 | 抗菌防螨健康,平台/政府大额补贴 | 买赠高价值赠品 | 花呗免息分期 | 官方正品权威背书,促销大字报冲击型,https://detail.tmall.com/item.htm?b_s_f=sycm&b_spm=a21ag.29085015&id=1048647731038,https://detail.tmall.com/item.htm?b_s_f=sycm&b_spm=a21ag.29085015&id=1048647731038,https://img.alicdn.com/bao/uploaded/i2/2215907225135/O1CN01LFt3Dvmgr4E2vH2e_!!4611686018427383343-0-item_pic.jpg,366_1048647731038.jpg,0.00 0.00%,0 0.00%,0,0.00,YARGES悠梦思/童心系列 儿童专用护脊床垫 真护脊?强防螨·可拆卸 YARGES悠梦思 下单入会 88 抢舒睡枕*2 88消费券 活动下单即享 折(立即抢购无需凑单) 送 限时立享至高减150元 政府 15% 惊喜红包 官方 12% 补贴 + 立减 88VIP可用 + 补贴随时结束不补差价 官方补贴限时优惠不补差价 （下单立享优惠） *详情咨询客服* 天猫家装节 现货下单顺丰速发 咨询客服享惊喜 （限部分尺寸地区） 拒绝甲醛 免费送货到家1C分期免息1盒365天免费仓储
367,1053013359312,麻师傅独立袋弹簧乳胶席梦思床垫12-18CM薄款软硬两用护脊家用,麻师傅舒梦专卖店,未透出,护脊偏硬支撑 | 天然乳胶 | 独立袋装弹簧 | 双面双睡感/可拆洗,平台/政府大额补贴 | 买赠高价值赠品,促销大字报冲击型,https://detail.tmall.com/item.htm?b_s_f=sycm&b_spm=a21ag.29085015&id=1053013359312,https://detail.tmall.com/item.htm?b_s_f=sycm&b_spm=a21ag.29085015&id=1053013359312,https://img.alicdn.com/bao/uploaded/i4/2221247863396/O1CN0132d4yQdvV6F1chua_!!4611686018427386468-0-item_pic.jpg,367_1053013359312.jpg,0.00 0.00%,0 0.00%,0,0.00,麻师傅 ? 10-18CM薄款弹簧床垫 政府补贴 15% 家装节 12% 超软 下单赠送大件运费险 睡感 1221颗加密独立簧
368,1053035436795,悠梦思学生宿舍寝室记忆棉床垫榻榻米薄垫单人专用租房加软褥子,yarges悠梦思旗舰店,未透出,零压记忆棉,平台/政府大额补贴 | 买赠高价值赠品 | 花呗免息分期 | 官方正品权威背书,促销大字报冲击型 | 产品材质分层结构拆解型,https://detail.tmall.com/item.htm?b_s_f=sycm&b_spm=a21ag.29085015&id=1053035436795,https://detail.tmall.com/item.htm?b_s_f=sycm&b_spm=a21ag.29085015&id=1053035436795,https://img.alicdn.com/bao/uploaded/i3/2215907225135/O1CN01RWT4eRoX24G2vH2e_!!4611686018427383343-0-item_pic.jpg,368_1053035436795.jpg,0.00 0.00%,0 0.00%,0,0.00,YARGES悠梦思/筑梦 专为宿舍/租房设计 加一层更好睡 KINFOLK KINFOL KINFOLT KINFOLK BrnEbIN2BnIrDINC2 下单入会 88 抢舒睡枕*2 88消费券 活动下单即享 折(立即抢购无需凌单) 送 限时立享至高减150元 政府 15% 惊喜红包 官方 12% 补贴 立减 88VIP可用 + + 补贴随时结束不补差价 官方补贴限时优惠不补差价 （下单立享优惠） *详情咨询客服* 天猫家装节 现货下单 顺丰速发 咨询客服享惊喜 （限部分尺寸地区） 拒绝甲醛 免费送货到家1C分期免息1盒90天免费仓储
369,1053349230511,悠梦思5cm乳胶席梦思五星酒店独立袋双层弹簧床垫30cm加厚超软垫,yarges悠梦思旗舰店,未透出,天然乳胶 | 独立袋装弹簧,平台/政府大额补贴 | 买赠高价值赠品 | 花呗免息分期 | 官方正品权威背书,促销大字报冲击型,https://detail.tmall.com/item.htm?b_s_f=sycm&b_spm=a21ag.29085015&id=1053349230511,https://detail.tmall.com/item.htm?b_s_f=sycm&b_spm=a21ag.29085015&id=1053349230511,https://img.alicdn.com/bao/uploaded/i4/2215907225135/O1CN01K0NZFge6GdL2vH2e_!!4611686018427383343-0-item_pic.jpg,369_1053349230511.jpg,0.00 0.00%,0 0.00%,0,0.00,YARGES悠梦思/星玥 云端酒店软床垫 1800颗防塌陷酷布弹簧 下单入会 88 抢舒睡枕*2 88消费券 活动下单即享 折(立即抢购无需凑单) 送 限时立享至高减150元 政府 15% 惊喜红包 官方 12% 补贴 + 立减 88VIP可用 + 补贴随时结束不补差价 官方补贴限时优惠不补差价 （下单立享优惠） *详情咨询客服* 天猫家装节 现货下单顺丰速发 咨询客服享惊喜 （限部分尺寸地区） 拒绝甲醛 免费送货到家10分期免息1盒365天免费仓储
370,1053376411024,【政府补贴】悠梦思星宸独立袋弹簧床垫可全拆26cm厚五星酒店家用,yarges悠梦思旗舰店,未透出,独立袋装弹簧 | 双面双睡感/可拆洗,平台/政府大额补贴 | 免费试睡保障 | 买赠高价值赠品 | 花呗免息分期 | 官方正品权威背书,促销大字报冲击型,https://detail.tmall.com/item.htm?b_s_f=sycm&b_spm=a21ag.29085015&id=1053376411024,https://detail.tmall.com/item.htm?b_s_f=sycm&b_spm=a21ag.29085015&id=1053376411024,https://img.alicdn.com/bao/uploaded/i4/2215907225135/O1CN01SnBfXzjJ1VG2vH2e_!!4611686018427383343-0-item_pic.jpg,370_1053376411024.jpg,0.00 0.00%,0 0.00%,0,0.00,YARGES悠梦思/全拆星系列 软硬可调整 0胶可拆洗 101天真正免费试睡 下单入会 88 抢舒睡枕*2 88消费券 活动下单即享 折(立即抢购无需凑单) 送 限时立享至高减150元 政府 15% 惊喜红包 官方 12% 补贴 + 立减 88VIP可用 + 补贴随时结束不补差价 官方补贴限时优惠不补差价 （下单立享优惠） *详情咨询客服* 天猫家装节 现货下单 顺丰速发 咨询客服享惊喜 （限部分尺寸地区） 拒绝甲醛 免费送货到家1C分期免息1盒365天免费仓储
371,1056684107951,铂马仕蓝鲸灵全拆洗儿童弹簧床垫0胶水乳胶家用1.5米1.8m护脊硬垫,铂马仕旗舰店,￥500,护脊偏硬支撑 | 天然乳胶,平台/政府大额补贴 | 买赠高价值赠品 | 官方正品权威背书,促销大字报冲击型,https://detail.tmall.com/item.htm?b_s_f=sycm&b_spm=a21ag.29085015&id=1056684107951,https://detail.tmall.com/item.htm?b_s_f=sycm&b_spm=a21ag.29085015&id=1056684107951,https://img.alicdn.com/bao/uploaded/i1/2165873208/O1CN01SE30WbYJ7TJ2vH2e_!!4611686018427386424-0-item_pic.jpg,371_1056684107951.jpg,0.00 0.00%,0 0.00%,0,0.00,铂马仕 家装节 POMOSER 全垫0胶水弹簧床垫 面料360°可拆睡感可调 QPOMOSER 双重补贴拍下立减！ 惊喜红包限时抢！ 政府补贴 官方补贴 惊喜红包 88折消费券 立减15% 立减12% 不止9折至高减500元 详见支付页面 可叠加店铺券 88VIP可用 送 单品直降约 现货速发顺丰到家 限部分 咨询客服抢舒睡枕X2 尺寸地区 37% 下单入会享好礼 ￥20 会员专享券 门槛 POMOSER
372,1057826432269,铂马仕儿童天然乳胶S型精细黄麻床垫1.5米棕榈偏硬垫护脊椎床垫薄,铂马仕旗舰店,￥500,护脊偏硬支撑 | 天然乳胶 | 环保椰棕/黄麻,平台/政府大额补贴 | 买赠高价值赠品 | 官方正品权威背书,促销大字报冲击型,https://detail.tmall.com/item.htm?b_s_f=sycm&b_spm=a21ag.29085015&id=1057826432269,https://detail.tmall.com/item.htm?b_s_f=sycm&b_spm=a21ag.29085015&id=1057826432269,https://img.alicdn.com/bao/uploaded/i3/2165873208/O1CN01BrfKmHL2iWH2vH2e_!!4611686018427386424-0-item_pic.jpg,372_1057826432269.jpg,0.00 0.00%,0 0.00%,0,0.00,铂马仕 家装节 POMOSER 儿童专用O胶水床垫 AAAAA认证优品 健康护脊 POMOSER 双重补贴拍下立减！ 惊喜红包限时抢！ 政府补贴 官方补贴 惊喜红包 88折消费券 立减15% 立减12% 不止9折至高减500元 详见支付页面 可叠加店铺券 88VIP可用 送 单品直降约 现货速发顺丰到家 限部分 咨询客服抢舒睡枕X2 尺寸地区 37% 下单入会享好礼 ￥20 会员专享券 门槛 POMOSER
373,1057846630673,品味布帆椰棕儿童华夫格面料学生垫乳胶加硬神器榻榻米薄床垫箱床,品味布帆家居旗舰店,未透出,护脊偏硬支撑 | 天然乳胶 | 环保椰棕/黄麻,平台/政府大额补贴 | 免费试睡保障 | 买赠高价值赠品 | 花呗免息分期 | 官方正品权威背书,促销大字报冲击型,https://detail.tmall.com/item.htm?b_s_f=sycm&b_spm=a21ag.29085015&id=1057846630673,https://detail.tmall.com/item.htm?b_s_f=sycm&b_spm=a21ag.29085015&id=1057846630673,https://img.alicdn.com/bao/uploaded/i3/2222488681261/O1CN01ziQ5qIU1kdJ21stE_!!4611686018427386669-0-item_pic.jpg,373_1057846630673.jpg,0.00 0.00%,0 0.00%,0,0.00,品味布帆 ? 家装节 专注护脊棕垫 6cm-12cm厚可选 双重补贴下单立减 政府补贴 官方补贴 立减15% + 立减12% 详情咨询客服 详情咨询客服 到手价 120天免费试睡 88VIP专享消费券 387 20年超长质保 拒绝甲醛 塌陷包赔 100天保价 夫 3期花呗免息 免费仓储 送货入户无需安装 1.8×2米舒脊A款
374,1057974723640,睡眠骑士手工马尾毛床垫国家补贴席梦思五星酒店弹簧软垫家用床垫,sleepknight旗舰店,未透出,基础常规款,平台/政府大额补贴 | 免费试睡保障 | 买赠高价值赠品 | 花呗免息分期 | 官方正品权威背书,标准电商综合展示型,https://detail.tmall.com/item.htm?b_s_f=sycm&b_spm=a21ag.29085015&id=1057974723640,https://detail.tmall.com/item.htm?b_s_f=sycm&b_spm=a21ag.29085015&id=1057974723640,https://img.alicdn.com/bao/uploaded/i3/2215132506139/O1CN01MjNZ6D1vDiay0O9lU_!!4611686018427381787-0-item_pic.jpg,374_1057974723640.jpg,0.00 0.00%,0 0.00%,0,0.00,SLEEP. 睡眠骑士 官方优选 KNIGHT 马尾毛手工床垫 从环保和手工出发／回归床垫本源 25-30CM 现货速发顺丰送到家 SF 手工拉扣 部分尺寸及地区详情咨询客服 200天免费试睡 花呗分期免息 365天免费仓储 免费送货到家
375,1057993972135,家用席梦思床垫独立弹簧厚硬垫软垫1.8米1.5天然乳胶黄麻十大名牌,佛山享睡床垫品牌店,未透出,护脊偏硬支撑 | 天然乳胶 | 独立袋装弹簧 | 环保椰棕/黄麻,平台/政府大额补贴 | 免费试睡保障 | 买赠高价值赠品 | 官方正品权威背书,促销大字报冲击型,https://detail.tmall.com/item.htm?b_s_f=sycm&b_spm=a21ag.29085015&id=1057993972135,https://detail.tmall.com/item.htm?b_s_f=sycm&b_spm=a21ag.29085015&id=1057993972135,https://img.alicdn.com/bao/uploaded/i1/371421979/O1CN01vzpn9tZTHqC2vH2e_!!371421979.jpg,375_1057993972135.jpg,0.00 0.00%,0 0.00%,0,0.00,超级88 防塌静音 独立袋弹簧 偏硬护脊承托 casimere 免费试睡101天 下单立减 京东顺丰送到家 TIME:9/620:00-9/1323:59 12% 可叠加优惠满300减60 （详情咨询客服即可） 免费送货到家 先用后付 180天免费仓储 超长保价30天
376,1058159201845,睡眠骑士手工马尾毛床垫国家补贴席梦思五星酒店弹簧软垫家用床垫,睡眠骑士床垫企业店,未透出,基础常规款,平台/政府大额补贴 | 免费试睡保障 | 买赠高价值赠品 | 花呗免息分期 | 官方正品权威背书,标准电商综合展示型,https://detail.tmall.com/item.htm?b_s_f=sycm&b_spm=a21ag.29085015&id=1058159201845,https://detail.tmall.com/item.htm?b_s_f=sycm&b_spm=a21ag.29085015&id=1058159201845,https://img.alicdn.com/bao/uploaded/i3/720743073/O1CN01kEkUaW1YZUFs5Ky8T_!!720743073.jpg,376_1058159201845.jpg,0.00 0.00%,0 0.00%,0,0.00,SLEEP. 睡眠骑士 官方优选 KNIGHT 马尾毛手工床垫 从环保和手工出发／回归床垫本源 25-30CM 现货速发顺丰送到家 SF 手工拉扣 部分尺寸及地区详情咨询客服 200天免费试睡 花呗分期免息 365天免费仓储 免费送货到家
377,1058869918719,月光之家手工拉扣床垫0胶水席梦思超软1.8m马尾毛独立袋弹簧1.5米,moonlightfamily旗舰店,未透出,独立袋装弹簧,平台/政府大额补贴 | 免费试睡保障 | 花呗免息分期 | 官方正品权威背书,促销大字报冲击型,https://detail.tmall.com/item.htm?b_s_f=sycm&b_spm=a21ag.29085015&id=1058869918719,https://detail.tmall.com/item.htm?b_s_f=sycm&b_spm=a21ag.29085015&id=1058869918719,https://img.alicdn.com/bao/uploaded/i1/919851856/O1CN01cqWwueMPggL32pKq_!!4611686018427384656-0-item_pic.jpg,377_1058869918719.jpg,0.00 0.00%,0 0.00%,0,0.00,Moonlight family MOONLICHT 月光之家 家装节 FAMILY 马尾毛手工拉扣床垫 软硬齐全厚度22-28CM 优惠可叠加 政府补贴官方立减惊喜红包 88VIP 200天免费试睡 15% 12% 150 20年超长质保 3期免息 价保100天 免费取旧 顺丰 SF 0胶+5A双重认证 到家
378,1059106851085,品味布帆护脊床垫双人硬垫子乳胶弹簧记忆棉席梦思厚卧室家用1.8m,品味布帆家居旗舰店,未透出,护脊偏硬支撑 | 天然乳胶 | 零压记忆棉,平台/政府大额补贴 | 免费试睡保障 | 买赠高价值赠品 | 花呗免息分期 | 官方正品权威背书,促销大字报冲击型 | 产品材质分层结构拆解型,https://detail.tmall.com/item.htm?b_s_f=sycm&b_spm=a21ag.29085015&id=1059106851085,https://detail.tmall.com/item.htm?b_s_f=sycm&b_spm=a21ag.29085015&id=1059106851085,https://img.alicdn.com/bao/uploaded/i4/2222488681261/O1CN01O1HoZHB8Q0H21stE_!!4611686018427386669-0-item_pic.jpg,378_1059106851085.jpg,0.00 0.00%,0 0.00%,0,0.00,品味布帆 ? 家装节 偏硬承托护脊 加厚3cm护脊层 品味布帆 双重补贴-下单立减 政府补贴 官方补贴 立减15% 立减12% 详情咨询客服 详情咨询客服 到手价 120天免费试睡 88VIP专享消费券 787 20年超长质保 拒绝甲醛 塌陷包赔 100天保价 夫 3期花呗免息 免费仓储 送货入户无需安装 1.8×2米护脊A款
379,1059415523270,睡眠骑士20cm厚记忆棉床垫席梦思软垫五星级酒店天然黄麻家用硬垫,sleepknight旗舰店,未透出,护脊偏硬支撑 | 环保椰棕/黄麻 | 零压记忆棉,免费试睡保障 | 买赠高价值赠品 | 花呗免息分期 | 官方正品权威背书,标准电商综合展示型,https://detail.tmall.com/item.htm?b_s_f=sycm&b_spm=a21ag.29085015&id=1059415523270,https://detail.tmall.com/item.htm?b_s_f=sycm&b_spm=a21ag.29085015&id=1059415523270,https://img.alicdn.com/bao/uploaded/i3/2215132506139/O1CN01tr7mqY1vDib2m0ytV_!!4611686018427381787-0-item_pic.jpg,379_1059415523270.jpg,0.00 0.00%,0 0.00%,0,0.00,SLEEP° 睡眠骑士 官方优选 KNIGHT 记忆棉酒店床垫 厚度:20/22/24cm 20-24cm 200天免费试睡|20年超长质保 酒店睡感 现货速发顺丰送到家 部分尺寸 及地区 花呗分期免息 365天免费仓储 免费送货到家
380,1059558997316,睡眠骑士名匠全拆可调节床垫席梦思无胶家用20cm硬垫天然乳胶黄麻,sleepknight旗舰店,未透出,护脊偏硬支撑 | 天然乳胶 | 环保椰棕/黄麻,免费试睡保障 | 买赠高价值赠品 | 花呗免息分期 | 官方正品权威背书,标准电商综合展示型,https://detail.tmall.com/item.htm?b_s_f=sycm&b_spm=a21ag.29085015&id=1059558997316,https://detail.tmall.com/item.htm?b_s_f=sycm&b_spm=a21ag.29085015&id=1059558997316,https://img.alicdn.com/bao/uploaded/i3/2215132506139/O1CN01eiXmbr1vDiaxIBnEX_!!4611686018427381787-0-item_pic.jpg,380_1059558997316.jpg,0.00 0.00%,0 0.00%,0,0.00,SLEEP. 睡眠骑士 官方优选 KNIGHT 30s O胶水 轻松拆卸 可全拆设计 你需要的不是新床垫， 这款全拆床垫 20-25CM 现货速发顺丰送到家 SF 0胶全拆 部分尺寸及地区详情咨询客服 200天免费试睡 花呗分期免息 365天免费仓储 免费送货到家
381,1059589545708,睡眠骑士S1 全拆床垫0胶水家用席梦思天然黄麻护脊酷布四叶草弹簧,sleepknight旗舰店,未透出,护脊偏硬支撑 | 环保椰棕/黄麻,免费试睡保障 | 买赠高价值赠品 | 花呗免息分期 | 官方正品权威背书,标准电商综合展示型,https://detail.tmall.com/item.htm?b_s_f=sycm&b_spm=a21ag.29085015&id=1059589545708,https://detail.tmall.com/item.htm?b_s_f=sycm&b_spm=a21ag.29085015&id=1059589545708,https://img.alicdn.com/bao/uploaded/i2/2215132506139/O1CN01MrDgxJILLsD2vH2e_!!4611686018427381787-0-item_pic.jpg,381_1059589545708.jpg,0.00 0.00%,0 0.00%,0,0.00,SLEEP 官方优选 睡眠骑士 KNIGHT 整张床垫O胶水 S1全拆|材料可见 林 睡眠骑士 23-25CM 现货速发顺丰送到家 SF 0胶全拆 部分尺寸及地区详情咨询客服 200天免费试睡 花呗分期免息 365天免费仓储 免费送货到家
382,1059822213793,睡眠骑士五星级酒店床垫双面20cm厚乳胶席梦思硬垫加硬家用记忆棉,sleepknight旗舰店,未透出,护脊偏硬支撑 | 天然乳胶 | 零压记忆棉 | 双面双睡感/可拆洗,免费试睡保障 | 买赠高价值赠品 | 花呗免息分期 | 官方正品权威背书,标准电商综合展示型,https://detail.tmall.com/item.htm?b_s_f=sycm&b_spm=a21ag.29085015&id=1059822213793,https://detail.tmall.com/item.htm?b_s_f=sycm&b_spm=a21ag.29085015&id=1059822213793,https://img.alicdn.com/bao/uploaded/i3/2215132506139/O1CN01OfIDe41vDiayDc4w8_!!4611686018427381787-0-item_pic.jpg,382_1059822213793.jpg,0.00 0.00%,0 0.00%,0,0.00,"SLEEP"""" 睡眠骑士 官方优选 KNIGHT FIVE-STAR HOTEL MATTRESS 五星护脊弹簧床垫 厚度：20/22/24CM 15-24CM 现货速发顺丰送到家 SF 加硬护脊 部分尺寸及地区详情咨询客服 200天免费试睡 花呗分期免息 365天免费仓储 免费送货到家"
383,1060921052152,睡眠骑士薄款独立袋弹簧床垫席梦思10cm厚硬垫子乳胶加硬天然黄麻,sleepknight旗舰店,未透出,护脊偏硬支撑 | 天然乳胶 | 独立袋装弹簧 | 环保椰棕/黄麻,免费试睡保障 | 买赠高价值赠品 | 花呗免息分期 | 官方正品权威背书,标准电商综合展示型,https://detail.tmall.com/item.htm?b_s_f=sycm&b_spm=a21ag.29085015&id=1060921052152,https://detail.tmall.com/item.htm?b_s_f=sycm&b_spm=a21ag.29085015&id=1060921052152,https://img.alicdn.com/bao/uploaded/i3/2215132506139/O1CN01kQ1U8m1vDiayUOvPt_!!4611686018427381787-0-item_pic.jpg,383_1060921052152.jpg,0.00 0.00%,0 0.00%,0,0.00,SLEEP° 睡眠骑士 官方优选 KNIGHT 超薄护脊弹簧床垫 可选厚度10/12/15厘米 9-15cm 200天免费试睡|20年超长质保 加硬护脊 现货速发顺丰送到家 部分尺寸 及地区 花呗分期免息 365天免费仓储 免费送货到家
384,1060996016765,月光之家全拆家用床垫0胶水独立弹簧席梦思1.8米1.5m无乳胶记忆棉,moonlightfamily旗舰店,未透出,天然乳胶 | 零压记忆棉,平台/政府大额补贴 | 免费试睡保障 | 花呗免息分期 | 官方正品权威背书,促销大字报冲击型,https://detail.tmall.com/item.htm?b_s_f=sycm&b_spm=a21ag.29085015&id=1060996016765,https://detail.tmall.com/item.htm?b_s_f=sycm&b_spm=a21ag.29085015&id=1060996016765,https://img.alicdn.com/bao/uploaded/i4/919851856/O1CN01fMcTVotP37L32pKq_!!4611686018427384656-0-item_pic.jpg,384_1060996016765.jpg,0.00 0.00%,0 0.00%,0,0.00,Moonlight family MOONLICHT 月光之家 家装节 FAMILY 孕妇易过敏人群专用 软硬可调厚度22-24CM 优惠可叠加 政府补贴官方立减惊喜红包 88VIP 200天免费试睡 15% 12% 150 20年超长质保 3期免息 价保100天 免费取旧 顺丰 SF 0胶+5A双重认证 到家
385,1061185889774,睡眠骑士弹簧床垫1.5米1.8酒店乳胶椰棕软硬双面席梦思硬垫经济型,sleepknight旗舰店,未透出,护脊偏硬支撑 | 天然乳胶 | 环保椰棕/黄麻 | 双面双睡感/可拆洗,免费试睡保障 | 买赠高价值赠品 | 花呗免息分期 | 官方正品权威背书,标准电商综合展示型,https://detail.tmall.com/item.htm?b_s_f=sycm&b_spm=a21ag.29085015&id=1061185889774,https://detail.tmall.com/item.htm?b_s_f=sycm&b_spm=a21ag.29085015&id=1061185889774,https://img.alicdn.com/bao/uploaded/i1/2215132506139/O1CN01bljXlA1vDib2bn4TY_!!4611686018427381787-0-item_pic.jpg,385_1061185889774.jpg,0.00 0.00%,0 0.00%,0,0.00,SLEEP° 睡眠骑士 官方优选 KNIGHT 20年不塌陷 独立弹簧款22cm/24cm厚 22CM 200天免费试睡|20年超长质保 经济适用 现货速发顺丰送到家 部分尺寸 及地区 花呗分期免息 365天免费仓储 免费送货到家
386,1063344707150,派乐熊学生宿舍专用床垫90cmx200cm上下铺单人记忆棉软85cmx190cm,PARELER BEAR旗舰店,未透出,零压记忆棉,平台/政府大额补贴 | 免费试睡保障 | 官方正品权威背书,促销大字报冲击型,https://detail.tmall.com/item.htm?b_s_f=sycm&b_spm=a21ag.29085015&id=1063344707150,https://detail.tmall.com/item.htm?b_s_f=sycm&b_spm=a21ag.29085015&id=1063344707150,https://img.alicdn.com/bao/uploaded/i1/2219146481808/O1CN01VspgWqx3cTE1chua_!!4611686018427383952-0-item_pic.jpg,386_1063344707150.jpg,0.00 0.00%,0 0.00%,0,0.00,PARELER BEAR 专为宿舍睡眠 新做的记忆棉床垫 超级立减！ 12% 政府补贴！ 15% 新升级学生宿舍记忆棉床垫 30天免费试睡 4年质保 90天仓储 免费仓储
387,1063818254663,天然S型精细环保黄麻椰棕床垫儿童偏硬护脊记忆棉薄垫子棕垫,CEFALU旗舰店,未透出,护脊偏硬支撑 | 环保椰棕/黄麻 | 零压记忆棉 | 亲肤透气面料,平台/政府大额补贴 | 免费试睡保障 | 买赠高价值赠品,促销大字报冲击型,https://detail.tmall.com/item.htm?b_s_f=sycm&b_spm=a21ag.29085015&id=1063818254663,https://detail.tmall.com/item.htm?b_s_f=sycm&b_spm=a21ag.29085015&id=1063818254663,https://img.alicdn.com/bao/uploaded/i2/1692273605/O1CN01doelUOyLxHL2vH2e_!!4611686018427382725-0-item_pic.jpg,387_1063818254663.jpg,0.00 0.00%,0 0.00%,0,0.00,® 超级立减 甄选 CEFALU 尖货 进口S型精细黄麻 韧性支撑科学护脊 15 再省% 可叠加店内任何优惠活动 政府补贴 ANIV 快递包邮 免费试睡200天 享政府补贴 预计下单直降 25% 优惠直降10%叠加使用 （环保透气软硬可选拒绝甲醛送货上门） 详情咨询客服
388,1064171568968,月光之家黄麻床垫家用硬护腰护脊独立弹簧双人乳胶席梦思厚1.8米,moonlightfamily旗舰店,未透出,护脊偏硬支撑 | 天然乳胶 | 环保椰棕/黄麻,平台/政府大额补贴 | 免费试睡保障 | 花呗免息分期 | 官方正品权威背书,促销大字报冲击型,https://detail.tmall.com/item.htm?b_s_f=sycm&b_spm=a21ag.29085015&id=1064171568968,https://detail.tmall.com/item.htm?b_s_f=sycm&b_spm=a21ag.29085015&id=1064171568968,https://img.alicdn.com/bao/uploaded/i2/919851856/O1CN01jUBhSomWFiE32pKq_!!4611686018427384656-0-item_pic.jpg,388_1064171568968.jpg,0.00 0.00%,0 0.00%,0,0.00,Moonlight family MOONLICHT 月光之家 家装节 FAMILY 科学护腰专用床垫 微硬适中厚度24-26CM Moeonbgha foniy 优惠可叠加 政府补贴官方立减惊喜红包 88VIP 200天免费试睡 15% 12% 150 20年超长质保 3期免息 价保100天 免费取旧 顺丰 SF 0胶+5A双重认证 到家
389,1064343456709,品味布帆护脊床垫双人偏硬垫乳胶独立弹簧席梦思加厚3E棕家用1.8m,品味布帆家居旗舰店,未透出,护脊偏硬支撑 | 天然乳胶 | 环保椰棕/黄麻,平台/政府大额补贴 | 免费试睡保障 | 买赠高价值赠品 | 花呗免息分期 | 官方正品权威背书,促销大字报冲击型,https://detail.tmall.com/item.htm?b_s_f=sycm&b_spm=a21ag.29085015&id=1064343456709,https://detail.tmall.com/item.htm?b_s_f=sycm&b_spm=a21ag.29085015&id=1064343456709,https://img.alicdn.com/bao/uploaded/i4/2222488681261/O1CN01fgjpwhMtKsC21stE_!!4611686018427386669-0-item_pic.jpg,389_1064343456709.jpg,0.00 0.00%,0 0.00%,0,0.00,品味布帆 ? 家装节 偏硬护脊加厚承托 加厚5cm3E棕 双重补贴-下单立减 品味布识 政府补贴 官方补贴 立减15% 立减12% 详情咨询客服 详情咨询客服 到手价 120天免费试睡 88VIP专享消费券 888 20年超长质保 拒绝甲醛 塌陷包赔 100天保价 ￥ 3期花呗免息 免费仓储 送货入户无需安装 1.8×2米加厚A款
390,1064370034221,月光之家乳胶床垫子家用席梦思软1.8米加厚记忆棉独立袋弹簧护腰,moonlightfamily旗舰店,未透出,护脊偏硬支撑 | 天然乳胶 | 独立袋装弹簧 | 零压记忆棉,平台/政府大额补贴 | 免费试睡保障 | 花呗免息分期 | 官方正品权威背书,促销大字报冲击型,https://detail.tmall.com/item.htm?b_s_f=sycm&b_spm=a21ag.29085015&id=1064370034221,https://detail.tmall.com/item.htm?b_s_f=sycm&b_spm=a21ag.29085015&id=1064370034221,https://img.alicdn.com/bao/uploaded/i1/919851856/O1CN01S6Y8WLRUzRE32pKq_!!4611686018427384656-0-item_pic.jpg,390_1064370034221.jpg,0.00 0.00%,0 0.00%,0,0.00,Moonlight family MOONLICHT 月光之家 家装节 FAMILY 超软睡感兼顾护腰 软硬齐全厚度24-26CM 优惠可叠加 政府补贴官方立减惊喜红包 88VIP 200天免费试睡 15% 12% 150 20年超长质保 3期免息 价保100天 免费取旧 顺丰 SF 0胶+5A双重认证 到家
391,1064707997942,麻师傅天然S形黄麻床垫加硬神器软床变硬专用儿童老人护腰脊椰棕,麻师傅家具旗舰店,未透出,护脊偏硬支撑 | 环保椰棕/黄麻,平台/政府大额补贴,促销大字报冲击型,https://detail.tmall.com/item.htm?b_s_f=sycm&b_spm=a21ag.29085015&id=1064707997942,https://detail.tmall.com/item.htm?b_s_f=sycm&b_spm=a21ag.29085015&id=1064707997942,https://img.alicdn.com/bao/uploaded/i3/2217706005293/O1CN01Fexn2PtepwB1chua_!!4611686018427380525-0-item_pic.jpg,391_1064707997942.jpg,0.00 0.00%,0 0.00%,0,0.00,麻师傅 ? 3-5cm硬黄麻床垫 叠加软床专用 面料 政府补贴 15% + 家装节 12% 48 小时 青年/老人/孕婴童 顺丰发货
392,1065374373070,麻师傅天然黄麻床垫子学生宿舍专用折叠榻榻米护腰脊硬椰棕含乳胶,麻师傅家具旗舰店,未透出,护脊偏硬支撑 | 天然乳胶 | 环保椰棕/黄麻,平台/政府大额补贴,促销大字报冲击型,https://detail.tmall.com/item.htm?b_s_f=sycm&b_spm=a21ag.29085015&id=1065374373070,https://detail.tmall.com/item.htm?b_s_f=sycm&b_spm=a21ag.29085015&id=1065374373070,https://img.alicdn.com/bao/uploaded/i2/2217706005293/O1CN01F8DYZZ3v2GD1chua_!!4611686018427380525-0-item_pic.jpg,392_1065374373070.jpg,0.00 0.00%,0 0.00%,0,0.00,麻师傅 ? 学生宿舍折叠床垫 偏硬护脊黄麻 政府补贴 15% 家装节 12% 72小 小时 上下铺/榻榻米/箱体床 顺丰发货
393,1065708999216,悠梦思5cm乳胶五星级酒店1.8米独立袋弹簧床垫超软席梦思家用加厚,yarges悠梦思旗舰店,未透出,天然乳胶 | 独立袋装弹簧,平台/政府大额补贴 | 买赠高价值赠品 | 花呗免息分期 | 官方正品权威背书,促销大字报冲击型,https://detail.tmall.com/item.htm?b_s_f=sycm&b_spm=a21ag.29085015&id=1065708999216,https://detail.tmall.com/item.htm?b_s_f=sycm&b_spm=a21ag.29085015&id=1065708999216,https://img.alicdn.com/bao/uploaded/i1/2215907225135/O1CN014J7WcSrvj3G2vH2e_!!4611686018427383343-0-item_pic.jpg,393_1065708999216.jpg,0.00 0.00%,0 0.00%,0,0.00,YARGES悠梦思/宛玥 3000+弹簧柔软舒适 五星级酒店床垫 下单入会 88 抢舒睡枕*2 88消费券 活动下单即享 折(立即抢购无需凑单) 送 限时立享至高减150元 政府 15% 惊喜红包 官方 12% 补贴 + 立减 88VIP可用 + 补贴随时结束不补差价 官方补贴限时优惠不补差价 （下单立享优惠） *详情咨询客服* 天猫家装节 现货下单顺丰速发 咨询客服享惊喜 （限部分尺寸地区） 拒绝甲醛 免费送货到家1C分期免息1盒365天免费仓储
394,1066100804255,派乐熊学生宿舍专用床垫90cmx200cm上下铺单人记忆棉软85cmx190cm,派乐熊旗舰店,未透出,零压记忆棉,平台/政府大额补贴 | 免费试睡保障 | 官方正品权威背书,促销大字报冲击型,https://detail.tmall.com/item.htm?b_s_f=sycm&b_spm=a21ag.29085015&id=1066100804255,https://detail.tmall.com/item.htm?b_s_f=sycm&b_spm=a21ag.29085015&id=1066100804255,https://img.alicdn.com/bao/uploaded/i4/2215984907648/O1CN01UMSGz5G5e7J1chua_!!4611686018427381120-0-item_pic.jpg,394_1066100804255.jpg,0.00 0.00%,0 0.00%,0,0.00,PARELER BEAR 专为宿舍睡眠 新做的记忆棉床垫 15% 政府补贴 因地区差异，补贴（优惠）信息详见支付页面 家装节 88VIP消费券 立减12% 88VIP专享 新升级学生宿舍记忆棉床垫 30天免费试睡 4年质保 90天仓储 免费仓储
395,1066394444216,麻师傅天然黄麻床垫中老年父母长辈专用护腰脊硬垫子榻榻米椰棕榈,麻师傅诺隆专卖店,未透出,护脊偏硬支撑 | 环保椰棕/黄麻,平台/政府大额补贴,促销大字报冲击型,https://detail.tmall.com/item.htm?b_s_f=sycm&b_spm=a21ag.29085015&id=1066394444216,https://detail.tmall.com/item.htm?b_s_f=sycm&b_spm=a21ag.29085015&id=1066394444216,https://img.alicdn.com/bao/uploaded/i2/2221163466073/O1CN010rVKcIVSONC21stE_!!4611686018427383129-0-item_pic.jpg,395_1066394444216.jpg,0.00 0.00%,0 0.00%,0,0.00,麻师傅 R 中老年专用 护脊硬床垫 政府补贴 15% + 家装节 12% 72 小时 护脊黄麻 加倍承托 顺丰发货
397,1071225565523,铂马仕学生宿舍小蓝垫薄垫0.9m米记忆棉软垫上下铺单人床垫可拆洗,铂马仕旗舰店,￥500,零压记忆棉 | 双面双睡感/可拆洗,平台/政府大额补贴 | 买赠高价值赠品 | 官方正品权威背书,促销大字报冲击型,https://detail.tmall.com/item.htm?b_s_f=sycm&b_spm=a21ag.29085015&id=1071225565523,https://detail.tmall.com/item.htm?b_s_f=sycm&b_spm=a21ag.29085015&id=1071225565523,https://img.alicdn.com/bao/uploaded/i2/2165873208/O1CN014Fro8n3MsQB2vH2e_!!4611686018427386424-0-item_pic.jpg,397_1071225565523.jpg,0.00 0.00%,0 0.00%,0,0.00,铂马仕 家装节 POMOSER 专为学生 租房设计 改善硬板床久睡不塌陷 双重补贴拍下立减！ 惊喜红包限时抢！ 政府补贴 官方补贴 惊喜红包 88折消费券 立减15% 立减12% 不止9折至高减500元 详见支付页面 可叠加店铺券 88VIP可用 送 单品直降约 现货速发顺丰到家 限部分 咨询客服抢舒睡枕X2 尺寸地区 37% 下单入会享好礼 ￥20 会员专享券 门槛 POMOSER
398,1072162186480,甜蜜睡眠智能床垫手工马尾毛电动升降哄睡神器语音按摩席梦思米家,甜蜜睡眠旗舰店,未透出,智能调节深睡,常规销售,标准电商综合展示型,https://detail.tmall.com/item.htm?b_s_f=sycm&b_spm=a21ag.29085015&id=1072162186480,https://detail.tmall.com/item.htm?b_s_f=sycm&b_spm=a21ag.29085015&id=1072162186480,https://img.alicdn.com/bao/uploaded/i2/2215897735682/O1CN01E5tla26MsMD2vH2e_!!4611686018427380226-0-item_pic.jpg,398_1072162186480.jpg,0.00 0.00%,0 0.00%,0,0.00,甜蜜睡眠|灵栖系列 Tianmishuimian 解锁全新睡眠体验 （随心调整智能电动床垫） ZZ甜蜜睡眠
399,1074239252851,派乐熊记忆棉床垫学生宿舍折叠榻榻米单人租房可拆洗5/8cm薄软垫,PARELER BEAR旗舰店,未透出,零压记忆棉 | 双面双睡感/可拆洗,常规销售,标准电商综合展示型,https://detail.tmall.com/item.htm?b_s_f=sycm&b_spm=a21ag.29085015&id=1074239252851,https://detail.tmall.com/item.htm?b_s_f=sycm&b_spm=a21ag.29085015&id=1074239252851,https://img.alicdn.com/bao/uploaded/i3/2219146481808/O1CN01lU2krhGV9hB1chua_!!4611686018427383952-0-item_pic.jpg,399_1074239252851.jpg,0.00 0.00%,0 0.00%,0,0.00,派乐熊×美国出口品质 宿舍/租房/榻榻米 一垫多用改善睡感 支持 卷包便携方便收纳 定制 可拆洗记忆棉床垫
400,1074941335192,派乐熊拼接床儿童窄床垫定制尺寸婴儿加宽床边家用乳胶护脊S黄麻,PARELER BEAR旗舰店,未透出,护脊偏硬支撑 | 天然乳胶 | 环保椰棕/黄麻,常规销售,标准电商综合展示型,https://detail.tmall.com/item.htm?b_s_f=sycm&b_spm=a21ag.29085015&id=1074941335192,https://detail.tmall.com/item.htm?b_s_f=sycm&b_spm=a21ag.29085015&id=1074941335192,https://img.alicdn.com/bao/uploaded/i2/2219146481808/O1CN01mxzokqEuZAD1chua_!!4611686018427383952-0-item_pic.jpg,400_1074941335192.jpg,0.00 0.00%,0 0.00%,0,0.00,派乐熊×专注儿童健康睡眠 全拆0胶水工艺 支持 拼接床专用床垫 定制
401,1079287506171,派乐熊记忆棉床垫学生宿舍折叠榻榻米单人租房可拆洗5/8cm薄软垫,派乐熊儿童床垫品牌店,未透出,零压记忆棉 | 双面双睡感/可拆洗,常规销售,标准电商综合展示型,https://detail.tmall.com/item.htm?b_s_f=sycm&b_spm=a21ag.29085015&id=1079287506171,https://detail.tmall.com/item.htm?b_s_f=sycm&b_spm=a21ag.29085015&id=1079287506171,https://img.alicdn.com/bao/uploaded/i4/371424161/O1CN01i7oabx4YyfE1chua_!!371424161.jpg,401_1079287506171.jpg,0.00 0.00%,0 0.00%,0,0.00,派乐熊×美国出口品质 宿舍/租房/榻榻米 一垫多用改善睡感 支持 卷包便携方便收纳 定制 可拆洗记忆棉床垫
402,1079327005060,悠梦思学生宿舍寝室记忆棉床垫榻榻米薄垫单人专用租房加软褥子,yarges悠梦思旗舰店,未透出,零压记忆棉,平台/政府大额补贴 | 买赠高价值赠品 | 花呗免息分期 | 官方正品权威背书,促销大字报冲击型 | 产品材质分层结构拆解型,https://detail.tmall.com/item.htm?b_s_f=sycm&b_spm=a21ag.29085015&id=1079327005060,https://detail.tmall.com/item.htm?b_s_f=sycm&b_spm=a21ag.29085015&id=1079327005060,https://img.alicdn.com/bao/uploaded/i4/2215907225135/O1CN01B5b0Gia0QKF2vH2e_!!4611686018427383343-0-item_pic.jpg,402_1079327005060.jpg,0.00 0.00%,0 0.00%,0,0.00,YARGES悠梦思/筑梦pro 专为宿舍/租房设计 加一层更好睡 KINFOLK KINFOLK BrnEbBIMLaBnIrDINC2 下单入会 88 抢舒睡枕*2 88消费券 活动下单即享 折(立即抢购无需凌单) 送 限时立享至高减150元 政府 15% 惊喜红包 官方 12% 补贴 立减 88VIP可用 + + 补贴随时结束不补差价 官方补贴限时优惠不补差价 （下单立享优惠） *详情咨询客服* 天猫家装节 现货下单 顺丰速发 咨询客服享惊喜 （限部分尺寸地区） 拒绝甲醛 免费送货到家1C分期免息1盒90天免费仓储
403,1081347162521,睡眠骑士床垫薄款15cm儿童榻榻米高箱床席梦思独立袋弹簧厚加硬垫,睡眠骑士床垫企业店,未透出,护脊偏硬支撑 | 独立袋装弹簧 | 环保椰棕/黄麻,免费试睡保障 | 买赠高价值赠品 | 花呗免息分期 | 官方正品权威背书,标准电商综合展示型,https://detail.tmall.com/item.htm?b_s_f=sycm&b_spm=a21ag.29085015&id=1081347162521,https://detail.tmall.com/item.htm?b_s_f=sycm&b_spm=a21ag.29085015&id=1081347162521,https://img.alicdn.com/bao/uploaded/i1/720743073/O1CN01h3FsFu5C9OF2vH2e_!!720743073.jpg,403_1081347162521.jpg,0.00 0.00%,0 0.00%,0,0.00,SLEEP 官方优选 睡眠骑士 KNIGHT 加硬超薄弹簧床垫 0胶水黄麻|五星专利弹簧 10-15CM 200天免费试睡 20年超长质保 加硬护脊 现货速发顺丰送到家 SF 部分尺寸 及地区 花呗分期免息 365天免费仓储 免费送货到家
404,1081745692831,麻师傅汉尼斯专用黄麻床垫两用折叠儿童老人护腰脊榻榻米椰棕乳胶,麻师傅家具旗舰店,未透出,护脊偏硬支撑 | 天然乳胶 | 环保椰棕/黄麻 | 双面双睡感/可拆洗,平台/政府大额补贴,促销大字报冲击型,https://detail.tmall.com/item.htm?b_s_f=sycm&b_spm=a21ag.29085015&id=1081745692831,https://detail.tmall.com/item.htm?b_s_f=sycm&b_spm=a21ag.29085015&id=1081745692831,https://img.alicdn.com/bao/uploaded/i3/2217706005293/O1CN01UXe9XmPiy8C1chua_!!4611686018427380525-0-item_pic.jpg,404_1081745692831.jpg,0.00 0.00%,0 0.00%,0,0.00,麻师傅 ? 汉尼斯专用床垫 坐卧两用折叠方便 政府补贴 15% + 家装节 12% 72. 小时 S形黄麻芯护腰脊 顺丰发货
405,1083800613564,全拆家用精细黄麻天然S型椰棕床垫硬宿舍儿童老人护脊榻榻米定制m,梦织葆家居品牌店,未透出,护脊偏硬支撑 | 环保椰棕/黄麻 | 抗菌防螨健康 | 亲肤透气面料,平台/政府大额补贴 | 免费试睡保障 | 买赠高价值赠品 | 官方正品权威背书,促销大字报冲击型,https://detail.tmall.com/item.htm?b_s_f=sycm&b_spm=a21ag.29085015&id=1083800613564,https://detail.tmall.com/item.htm?b_s_f=sycm&b_spm=a21ag.29085015&id=1083800613564,https://img.alicdn.com/bao/uploaded/i3/2265426359/O1CN01qjk6i3H1fmG2vH2e_!!2265426359.jpg,405_1083800613564.jpg,0.00 0.00%,0 0.00%,0,0.00,weave 梦织葆 极有家 eep 超级立减钜惠来袭 JIYOUJA.COM 免费试睡100天 全拆设计S型护脊黄麻 抑菌防螨亲肤面料 拒绝甲醛胶水无异味 店铺活动 叠加优惠满300减60 10% 立减 180天免费仓储 送货入户 保价30天 品
406,1085202040599,麻师傅全拆薄黄麻床垫1.8米家用10cm厚儿童老人护脊加硬椰棕乳胶,麻师傅本诺专卖店,未透出,护脊偏硬支撑 | 天然乳胶 | 环保椰棕/黄麻,常规销售,标准电商综合展示型,https://detail.tmall.com/item.htm?b_s_f=sycm&b_spm=a21ag.29085015&id=1085202040599,https://detail.tmall.com/item.htm?b_s_f=sycm&b_spm=a21ag.29085015&id=1085202040599,https://img.alicdn.com/bao/uploaded/i3/2222950308233/O1CN01CliRvWTV00B21stE_!!4611686018427386249-0-item_pic.jpg,406_1085202040599.jpg,0.00 0.00%,0 0.00%,0,0.00,MOMENTS 麻師傅 6-12cm护脊黄麻床垫 升级 海浪之芯黄麻 麻師傅 MASHIFU麻師傅 A类 棉麻 青年/老人/孕婴童
407,1086081924531,麻师傅全拆S形黄麻床垫1.8米家用10cm厚加硬儿童老人护脊椰棕乳胶,麻师傅本诺专卖店,未透出,护脊偏硬支撑 | 天然乳胶 | 环保椰棕/黄麻,常规销售,标准电商综合展示型,https://detail.tmall.com/item.htm?b_s_f=sycm&b_spm=a21ag.29085015&id=1086081924531,https://detail.tmall.com/item.htm?b_s_f=sycm&b_spm=a21ag.29085015&id=1086081924531,https://img.alicdn.com/bao/uploaded/i3/2222950308233/O1CN01eEOpgVVLnBD21stE_!!4611686018427386249-0-item_pic.jpg,407_1086081924531.jpg,0.00 0.00%,0 0.00%,0,0.00,麻師傅 6-12cm护脊黄麻床垫 升级 海浪之芯黄麻 A类 棉麻 青年/老人/孕婴童
